match_id,match_date,league_id,league_name,home_team_id,home_team,away_team_id,away_team,team_id,team,is_home,player_id,sub_in,sub_out,in_status,out_status,match_minutes_played,off_xg_coef,def_xg_coef,fatigue,rhythm,career_minutes_snapshot
13620,2022-12-30 21:30:00,6,La Liga,364,Equipo histórico 364,31,Real Madrid,31,Real Madrid,0,Andriy Lunin_13_RM,,,,,0,0.00135314,0.00113184,0.0,0.0,4637
13620,2022-12-30 21:30:00,6,La Liga,364,Equipo histórico 364,31,Real Madrid,31,Real Madrid,0,Antonio Rüdiger_22_RM,,,,,97,0.00101494,0.000618977,0.0,0.0,10666
13620,2022-12-30 21:30:00,6,La Liga,364,Equipo histórico 364,31,Real Madrid,31,Real Madrid,0,Aurélien Tchouaméni_14_RM,87.0,,leading,,10,-0.000603586,0.00091019,0.264,0.565,8572
13620,2022-12-30 21:30:00,6,La Liga,364,Equipo histórico 364,31,Real Madrid,31,Real Madrid,0,Dani Carvajal_2_RM,,60.0,,level,60,0.000618357,0.000728238,0.196,0.42,6003
13620,2022-12-30 21:30:00,6,La Liga,364,Equipo histórico 364,31,Real Madrid,31,Real Madrid,0,Dani Ceballos_19_RM,,69.0,,level,69,0.0010414,0.00086943,0.0,0.0,4606
13620,2022-12-30 21:30:00,6,La Liga,364,Equipo histórico 364,31,Real Madrid,31,Real Madrid,0,David Alaba_4_RM,,,,,97,0.000547684,0.000271426,0.0,0.0,3366
13620,2022-12-30 21:30:00,6,La Liga,364,Equipo histórico 364,31,Real Madrid,31,Real Madrid,0,Eden Hazard_7_RM,,,,,0,0.000435517,5.95349e-05,0.0,0.0,168
13620,2022-12-30 21:30:00,6,La Liga,364,Equipo histórico 364,31,Real Madrid,31,Real Madrid,0,Eduardo Camavinga_6_RM,69.0,,level,,28,0.000527662,0.000882211,0.0,0.0,7525
13620,2022-12-30 21:30:00,6,La Liga,364,Equipo histórico 364,31,Real Madrid,31,Real Madrid,0,Federico Valverde_8_RM,,87.0,,leading,87,0.00109636,0.00134977,0.264,0.565,11707
13620,2022-12-30 21:30:00,6,La Liga,364,Equipo histórico 364,31,Real Madrid,31,Real Madrid,0,Ferland Mendy_23_RM,,,,,97,-0.00165897,0.000241543,0.0,0.0,5435
13620,2022-12-30 21:30:00,6,La Liga,364,Equipo histórico 364,31,Real Madrid,31,Real Madrid,0,Jesús Vallejo_18_RM,,,,,0,-0.000301268,0.000142833,0.0,0.0,215
13620,2022-12-30 21:30:00,6,La Liga,364,Equipo histórico 364,31,Real Madrid,31,Real Madrid,0,Karim Benzema_9_RM,,,,,97,0.000363719,6.02898e-05,0.0,0.0,2479
13620,2022-12-30 21:30:00,6,La Liga,364,Equipo histórico 364,31,Real Madrid,31,Real Madrid,0,Lucas Vázquez_17_RM,60.0,,level,,37,0.00132007,-0.000853061,0.0,0.0,6072
13620,2022-12-30 21:30:00,6,La Liga,364,Equipo histórico 364,31,Real Madrid,31,Real Madrid,0,Luka Modrić_10_RM,88.0,,leading,,9,0.00146142,0.000547068,0.0,0.0,6907
13620,2022-12-30 21:30:00,6,La Liga,364,Equipo histórico 364,31,Real Madrid,31,Real Madrid,0,Marco Asensio_11_RM,,60.0,,level,60,0.000649671,-0.000350713,0.0,0.0,1583
13620,2022-12-30 21:30:00,6,La Liga,364,Equipo histórico 364,31,Real Madrid,31,Real Madrid,0,Nacho_6_RM,,,,,0,0.00147031,0.000367155,0.0,0.0,5214
13620,2022-12-30 21:30:00,6,La Liga,364,Equipo histórico 364,31,Real Madrid,31,Real Madrid,0,Rodrygo_11_RM,60.0,,level,,37,0.000204649,0.000315861,0.182,0.389,9181
13620,2022-12-30 21:30:00,6,La Liga,364,Equipo histórico 364,31,Real Madrid,31,Real Madrid,0,Thibaut Courtois_1_RM,,,,,97,0.000111719,-0.000758962,0.264,0.565,7657
13620,2022-12-30 21:30:00,6,La Liga,364,Equipo histórico 364,31,Real Madrid,31,Real Madrid,0,Toni Kroos_8_RM,,,,,97,0.000529318,0.000493378,0.0,0.0,5337
13620,2022-12-30 21:30:00,6,La Liga,364,Equipo histórico 364,31,Real Madrid,31,Real Madrid,0,Vinicius Júnior_7_RM,,88.0,,leading,88,-0.00186706,0.000820191,0.082,0.176,9694
13620,2022-12-30 21:30:00,6,La Liga,364,Equipo histórico 364,31,Real Madrid,31,Real Madrid,0,Álvaro Odriozola_16_RM,,,,,0,0.000433314,0.000172552,0.0,0.0,100
13621,2022-12-31 14:00:00,6,La Liga,30,Barcelona,200,Equipo histórico 200,30,Barcelona,1,Alejandro Balde_3_B,82.0,,level,,18,0.00209699,0.000618303,0.0,0.0,7371
13621,2022-12-31 14:00:00,6,La Liga,30,Barcelona,200,Equipo histórico 200,30,Barcelona,1,Andreas Christensen_15_B,,,,,100,-0.000657376,0.000304607,0.172,0.304,4789
13621,2022-12-31 14:00:00,6,La Liga,30,Barcelona,200,Equipo histórico 200,30,Barcelona,1,Ansu Fati_10_B,,62.0,,leading,62,-0.000152001,0.000578713,0.0,0.0,1536
13621,2022-12-31 14:00:00,6,La Liga,30,Barcelona,200,Equipo histórico 200,30,Barcelona,1,Eric García_24_B,,,,,0,0.00269696,0.00108346,0.082,0.145,3325
13621,2022-12-31 14:00:00,6,La Liga,30,Barcelona,200,Equipo histórico 200,30,Barcelona,1,Ferrán Torres_7_B,62.0,,leading,,38,0.000824349,-0.000703702,0.18,0.318,5186
13621,2022-12-31 14:00:00,6,La Liga,30,Barcelona,200,Equipo histórico 200,30,Barcelona,1,Franck Kessié_19_B,,,,,0,-0.00061221,0.000181105,0.0,0.0,1357
13621,2022-12-31 14:00:00,6,La Liga,30,Barcelona,200,Equipo histórico 200,30,Barcelona,1,Frenkie de Jong_21_B,,82.0,,level,82,0.00304554,-0.000291865,0.736,1.0,7300
13621,2022-12-31 14:00:00,6,La Liga,30,Barcelona,200,Equipo histórico 200,30,Barcelona,1,Gavi_6_B,,52.0,,leading,52,0.00196965,0.00152903,0.0,0.0,5150
13621,2022-12-31 14:00:00,6,La Liga,30,Barcelona,200,Equipo histórico 200,30,Barcelona,1,Jordi Alba_18_B,,,,,100,-0.00033338,4.05815e-05,0.0,0.0,1068
13621,2022-12-31 14:00:00,6,La Liga,30,Barcelona,200,Equipo histórico 200,30,Barcelona,1,Jules Koundé_23_B,82.0,,level,,18,0.00223783,0.00075356,0.736,1.0,11254
13621,2022-12-31 14:00:00,6,La Liga,30,Barcelona,200,Equipo histórico 200,30,Barcelona,1,Marc-André ter Stegen_1_B,,,,,100,-0.000183835,0.000794651,0.0,0.0,6921
13621,2022-12-31 14:00:00,6,La Liga,30,Barcelona,200,Equipo histórico 200,30,Barcelona,1,Marcos Alonso_17_B,,,,,100,-9.54486e-05,8.02717e-05,0.0,0.0,1526
13621,2022-12-31 14:00:00,6,La Liga,30,Barcelona,200,Equipo histórico 200,30,Barcelona,1,Ousmane Dembélé_7_B,62.0,,leading,,38,-0.000419814,-0.000576532,0.0,0.0,767
13621,2022-12-31 14:00:00,6,La Liga,30,Barcelona,200,Equipo histórico 200,30,Barcelona,1,Pedri_8_B,,,,,100,-0.000452767,-0.000759786,0.736,1.0,7907
13621,2022-12-31 14:00:00,6,La Liga,30,Barcelona,200,Equipo histórico 200,30,Barcelona,1,Raphinha_11_B,,62.0,,leading,62,0.00131215,0.000402672,0.736,1.0,8931
13621,2022-12-31 14:00:00,6,La Liga,30,Barcelona,200,Equipo histórico 200,30,Barcelona,1,Robert Lewandowski_9_B,,,,,100,-0.00130583,0.000914094,0.564,0.999,10145
13621,2022-12-31 14:00:00,6,La Liga,30,Barcelona,200,Equipo histórico 200,30,Barcelona,1,Ronald Araújo_4_B,,,,,0,0.00016609,0.000959492,0.736,1.0,6661
13621,2022-12-31 14:00:00,6,La Liga,30,Barcelona,200,Equipo histórico 200,30,Barcelona,1,Sergi Roberto_20_B,,82.0,,level,82,0.000651913,-0.000120976,0.0,0.0,2493
13621,2022-12-31 14:00:00,6,La Liga,30,Barcelona,200,Equipo histórico 200,30,Barcelona,1,Sergio Busquets_5_B,52.0,,leading,,48,-5.03842e-06,0.00010408,0.0,0.0,2008
19371,2023-01-03 21:00:00,17,Copa del Rey,1,Unknown Team X,31,Real Madrid,31,Real Madrid,0,Andriy Lunin_13_RM,,,,,90,0.00135314,0.00113184,0.0,0.0,4637
19371,2023-01-03 21:00:00,17,Copa del Rey,1,Unknown Team X,31,Real Madrid,31,Real Madrid,0,Antonio Rüdiger_22_RM,,,,,45,0.00101494,0.000618977,0.0,0.0,10666
19371,2023-01-03 21:00:00,17,Copa del Rey,1,Unknown Team X,31,Real Madrid,31,Real Madrid,0,Aurélien Tchouaméni_14_RM,,,,,45,-0.000603586,0.00091019,0.264,0.565,8572
19371,2023-01-03 21:00:00,17,Copa del Rey,1,Unknown Team X,31,Real Madrid,31,Real Madrid,0,Dani Ceballos_19_RM,,,,,90,0.0010414,0.00086943,0.0,0.0,4606
19371,2023-01-03 21:00:00,17,Copa del Rey,1,Unknown Team X,31,Real Madrid,31,Real Madrid,0,Eden Hazard_7_RM,,,,,67,0.000435517,5.95349e-05,0.0,0.0,168
19371,2023-01-03 21:00:00,17,Copa del Rey,1,Unknown Team X,31,Real Madrid,31,Real Madrid,0,Eduardo Camavinga_6_RM,,,,,90,0.000527662,0.000882211,0.0,0.0,7525
19371,2023-01-03 21:00:00,17,Copa del Rey,1,Unknown Team X,31,Real Madrid,31,Real Madrid,0,Federico Valverde_8_RM,,,,,45,0.00109636,0.00134977,0.264,0.565,11707
19371,2023-01-03 21:00:00,17,Copa del Rey,1,Unknown Team X,31,Real Madrid,31,Real Madrid,0,Jesús Vallejo_18_RM,,,,,40,-0.000301268,0.000142833,0.0,0.0,215
19371,2023-01-03 21:00:00,17,Copa del Rey,1,Unknown Team X,31,Real Madrid,31,Real Madrid,0,Lucas Vázquez_17_RM,,,,,90,0.00132007,-0.000853061,0.0,0.0,6072
19371,2023-01-03 21:00:00,17,Copa del Rey,1,Unknown Team X,31,Real Madrid,31,Real Madrid,0,Marco Asensio_11_RM,,,,,80,0.000649671,-0.000350713,0.0,0.0,1583
19371,2023-01-03 21:00:00,17,Copa del Rey,1,Unknown Team X,31,Real Madrid,31,Real Madrid,0,Nacho_6_RM,,,,,90,0.00147031,0.000367155,0.0,0.0,5214
19371,2023-01-03 21:00:00,17,Copa del Rey,1,Unknown Team X,31,Real Madrid,31,Real Madrid,0,Rodrygo_11_RM,,,,,90,0.000204649,0.000315861,0.182,0.389,9181
19371,2023-01-03 21:00:00,17,Copa del Rey,1,Unknown Team X,31,Real Madrid,31,Real Madrid,0,Sergio Arribas_33_RM,,,,,10,0.000472005,-3.60824e-05,0.0,0.0,31
19371,2023-01-03 21:00:00,17,Copa del Rey,1,Unknown Team X,31,Real Madrid,31,Real Madrid,0,Álvaro Odriozola_16_RM,,,,,50,0.000433314,0.000172552,0.0,0.0,100
19371,2023-01-03 21:00:00,17,Copa del Rey,1,Unknown Team X,31,Real Madrid,31,Real Madrid,0,Álvaro Rodríguez_29_RM,,,,,23,-0.000543337,0.00019577,0.0,0.0,139
19371,2023-01-03 21:00:00,17,Copa del Rey,1,Unknown Team X,31,Real Madrid,31,Real Madrid,0,Éder Militão_3_RM,,,,,45,0.000207186,0.000444794,0.264,0.565,4777
19377,2023-01-04 21:00:00,17,Copa del Rey,1,Unknown Team X,30,Barcelona,30,Barcelona,0,Alejandro Balde_3_B,,,,,16,0.00209699,0.000618303,0.0,0.0,7371
19377,2023-01-04 21:00:00,17,Copa del Rey,1,Unknown Team X,30,Barcelona,30,Barcelona,0,Andreas Christensen_15_B,,,,,0,-0.000657376,0.000304607,0.172,0.304,4789
19377,2023-01-04 21:00:00,17,Copa del Rey,1,Unknown Team X,30,Barcelona,30,Barcelona,0,Ansu Fati_10_B,,,,,47,-0.000152001,0.000578713,0.0,0.0,1536
19377,2023-01-04 21:00:00,17,Copa del Rey,1,Unknown Team X,30,Barcelona,30,Barcelona,0,Eric García_24_B,,,,,61,0.00269696,0.00108346,0.082,0.145,3325
19377,2023-01-04 21:00:00,17,Copa del Rey,1,Unknown Team X,30,Barcelona,30,Barcelona,0,Ferrán Torres_7_B,,,,,60,0.000824349,-0.000703702,0.18,0.318,5186
19377,2023-01-04 21:00:00,17,Copa del Rey,1,Unknown Team X,30,Barcelona,30,Barcelona,0,Franck Kessié_19_B,,,,,120,-0.00061221,0.000181105,0.0,0.0,1357
19377,2023-01-04 21:00:00,17,Copa del Rey,1,Unknown Team X,30,Barcelona,30,Barcelona,0,Frenkie de Jong_21_B,,,,,0,0.00304554,-0.000291865,0.736,1.0,7300
19377,2023-01-04 21:00:00,17,Copa del Rey,1,Unknown Team X,30,Barcelona,30,Barcelona,0,Gavi_6_B,,,,,61,0.00196965,0.00152903,0.0,0.0,5150
19377,2023-01-04 21:00:00,17,Copa del Rey,1,Unknown Team X,30,Barcelona,30,Barcelona,0,Iñaki Peña_13_B,,,,,120,0.001789,-0.000771425,0.0,0.0,3754
19377,2023-01-04 21:00:00,17,Copa del Rey,1,Unknown Team X,30,Barcelona,30,Barcelona,0,Jordi Alba_18_B,,,,,120,-0.00033338,4.05815e-05,0.0,0.0,1068
19377,2023-01-04 21:00:00,17,Copa del Rey,1,Unknown Team X,30,Barcelona,30,Barcelona,0,Jules Koundé_23_B,,,,,120,0.00223783,0.00075356,0.736,1.0,11254
19377,2023-01-04 21:00:00,17,Copa del Rey,1,Unknown Team X,30,Barcelona,30,Barcelona,0,Marc-André ter Stegen_1_B,,,,,0,-0.000183835,0.000794651,0.0,0.0,6921
19377,2023-01-04 21:00:00,17,Copa del Rey,1,Unknown Team X,30,Barcelona,30,Barcelona,0,Marcos Alonso_17_B,,,,,38,-9.54486e-05,8.02717e-05,0.0,0.0,1526
19377,2023-01-04 21:00:00,17,Copa del Rey,1,Unknown Team X,30,Barcelona,30,Barcelona,0,Ousmane Dembélé_7_B,,,,,104,-0.000419814,-0.000576532,0.0,0.0,767
19377,2023-01-04 21:00:00,17,Copa del Rey,1,Unknown Team X,30,Barcelona,30,Barcelona,0,Pablo Torre_14_B,,,,,59,0.000269459,-0.000418288,0.0,0.0,690
19377,2023-01-04 21:00:00,17,Copa del Rey,1,Unknown Team X,30,Barcelona,30,Barcelona,0,Raphinha_11_B,,,,,60,0.00131215,0.000402672,0.736,1.0,8931
19377,2023-01-04 21:00:00,17,Copa del Rey,1,Unknown Team X,30,Barcelona,30,Barcelona,0,Ronald Araújo_4_B,,,,,59,0.00016609,0.000959492,0.736,1.0,6661
19377,2023-01-04 21:00:00,17,Copa del Rey,1,Unknown Team X,30,Barcelona,30,Barcelona,0,Sergi Roberto_20_B,,,,,0,0.000651913,-0.000120976,0.0,0.0,2493
19377,2023-01-04 21:00:00,17,Copa del Rey,1,Unknown Team X,30,Barcelona,30,Barcelona,0,Sergio Busquets_5_B,,,,,120,-5.03842e-06,0.00010408,0.0,0.0,2008
13626,2023-01-07 16:15:00,6,La Liga,23,Villarreal,31,Real Madrid,31,Real Madrid,0,Andriy Lunin_13_RM,,,,,0,0.00135314,0.00113184,0.0,0.0,4637
13626,2023-01-07 16:15:00,6,La Liga,23,Villarreal,31,Real Madrid,31,Real Madrid,0,Antonio Rüdiger_22_RM,,,,,98,0.00101494,0.000618977,0.0,0.0,10666
13626,2023-01-07 16:15:00,6,La Liga,23,Villarreal,31,Real Madrid,31,Real Madrid,0,Aurélien Tchouaméni_14_RM,,64.0,,trailing,64,-0.000603586,0.00091019,0.264,0.565,8572
13626,2023-01-07 16:15:00,6,La Liga,23,Villarreal,31,Real Madrid,31,Real Madrid,0,Dani Ceballos_19_RM,,,,,0,0.0010414,0.00086943,0.0,0.0,4606
13626,2023-01-07 16:15:00,6,La Liga,23,Villarreal,31,Real Madrid,31,Real Madrid,0,David Alaba_4_RM,,,,,98,0.000547684,0.000271426,0.0,0.0,3366
13626,2023-01-07 16:15:00,6,La Liga,23,Villarreal,31,Real Madrid,31,Real Madrid,0,Eden Hazard_7_RM,,,,,0,0.000435517,5.95349e-05,0.0,0.0,168
13626,2023-01-07 16:15:00,6,La Liga,23,Villarreal,31,Real Madrid,31,Real Madrid,0,Eduardo Camavinga_6_RM,70.0,,trailing,,28,0.000527662,0.000882211,0.0,0.0,7525
13626,2023-01-07 16:15:00,6,La Liga,23,Villarreal,31,Real Madrid,31,Real Madrid,0,Federico Valverde_8_RM,,82.0,,trailing,82,0.00109636,0.00134977,0.264,0.565,11707
13626,2023-01-07 16:15:00,6,La Liga,23,Villarreal,31,Real Madrid,31,Real Madrid,0,Ferland Mendy_23_RM,,64.0,,trailing,64,-0.00165897,0.000241543,0.0,0.0,5435
13626,2023-01-07 16:15:00,6,La Liga,23,Villarreal,31,Real Madrid,31,Real Madrid,0,Jesús Vallejo_18_RM,,,,,0,-0.000301268,0.000142833,0.0,0.0,215
13626,2023-01-07 16:15:00,6,La Liga,23,Villarreal,31,Real Madrid,31,Real Madrid,0,Karim Benzema_9_RM,,,,,98,0.000363719,6.02898e-05,0.0,0.0,2479
13626,2023-01-07 16:15:00,6,La Liga,23,Villarreal,31,Real Madrid,31,Real Madrid,0,Lucas Vázquez_17_RM,64.0,,trailing,,34,0.00132007,-0.000853061,0.0,0.0,6072
13626,2023-01-07 16:15:00,6,La Liga,23,Villarreal,31,Real Madrid,31,Real Madrid,0,Luka Modrić_10_RM,,70.0,,trailing,70,0.00146142,0.000547068,0.0,0.0,6907
13626,2023-01-07 16:15:00,6,La Liga,23,Villarreal,31,Real Madrid,31,Real Madrid,0,Marco Asensio_11_RM,82.0,,trailing,,16,0.000649671,-0.000350713,0.0,0.0,1583
13626,2023-01-07 16:15:00,6,La Liga,23,Villarreal,31,Real Madrid,31,Real Madrid,0,Nacho_6_RM,,,,,0,0.00147031,0.000367155,0.0,0.0,5214
13626,2023-01-07 16:15:00,6,La Liga,23,Villarreal,31,Real Madrid,31,Real Madrid,0,Rodrygo_11_RM,64.0,,trailing,,34,0.000204649,0.000315861,0.182,0.389,9181
13626,2023-01-07 16:15:00,6,La Liga,23,Villarreal,31,Real Madrid,31,Real Madrid,0,Thibaut Courtois_1_RM,,,,,98,0.000111719,-0.000758962,0.264,0.565,7657
13626,2023-01-07 16:15:00,6,La Liga,23,Villarreal,31,Real Madrid,31,Real Madrid,0,Toni Kroos_8_RM,,,,,98,0.000529318,0.000493378,0.0,0.0,5337
13626,2023-01-07 16:15:00,6,La Liga,23,Villarreal,31,Real Madrid,31,Real Madrid,0,Vinicius Júnior_7_RM,,,,,98,-0.00186706,0.000820191,0.082,0.176,9694
13626,2023-01-07 16:15:00,6,La Liga,23,Villarreal,31,Real Madrid,31,Real Madrid,0,Éder Militão_3_RM,,,,,98,0.000207186,0.000444794,0.264,0.565,4777
13632,2023-01-08 21:00:00,6,La Liga,39,Atlético Madrid,30,Barcelona,30,Barcelona,0,Alejandro Balde_3_B,,82.0,,leading,82,0.00209699,0.000618303,0.0,0.0,7371
13632,2023-01-08 21:00:00,6,La Liga,39,Atlético Madrid,30,Barcelona,30,Barcelona,0,Andreas Christensen_15_B,,,,,98,-0.000657376,0.000304607,0.172,0.304,4789
13632,2023-01-08 21:00:00,6,La Liga,39,Atlético Madrid,30,Barcelona,30,Barcelona,0,Ansu Fati_10_B,,58.0,,leading,58,-0.000152001,0.000578713,0.0,0.0,1536
13632,2023-01-08 21:00:00,6,La Liga,39,Atlético Madrid,30,Barcelona,30,Barcelona,0,Eric García_24_B,,,,,0,0.00269696,0.00108346,0.082,0.145,3325
13632,2023-01-08 21:00:00,6,La Liga,39,Atlético Madrid,30,Barcelona,30,Barcelona,0,Ferrán Torres_7_B,58.0,,leading,,40,0.000824349,-0.000703702,0.18,0.318,5186
13632,2023-01-08 21:00:00,6,La Liga,39,Atlético Madrid,30,Barcelona,30,Barcelona,0,Franck Kessié_19_B,59.0,,leading,,39,-0.00061221,0.000181105,0.0,0.0,1357
13632,2023-01-08 21:00:00,6,La Liga,39,Atlético Madrid,30,Barcelona,30,Barcelona,0,Frenkie de Jong_21_B,,59.0,,leading,59,0.00304554,-0.000291865,0.736,1.0,7300
13632,2023-01-08 21:00:00,6,La Liga,39,Atlético Madrid,30,Barcelona,30,Barcelona,0,Gavi_6_B,,74.0,,leading,74,0.00196965,0.00152903,0.0,0.0,5150
13632,2023-01-08 21:00:00,6,La Liga,39,Atlético Madrid,30,Barcelona,30,Barcelona,0,Iñaki Peña_13_B,,,,,0,0.001789,-0.000771425,0.0,0.0,3754
13632,2023-01-08 21:00:00,6,La Liga,39,Atlético Madrid,30,Barcelona,30,Barcelona,0,Jules Koundé_23_B,,,,,98,0.00223783,0.00075356,0.736,1.0,11254
13632,2023-01-08 21:00:00,6,La Liga,39,Atlético Madrid,30,Barcelona,30,Barcelona,0,Marc-André ter Stegen_1_B,,,,,98,-0.000183835,0.000794651,0.0,0.0,6921
13632,2023-01-08 21:00:00,6,La Liga,39,Atlético Madrid,30,Barcelona,30,Barcelona,0,Marcos Alonso_17_B,82.0,,leading,,16,-9.54486e-05,8.02717e-05,0.0,0.0,1526
13632,2023-01-08 21:00:00,6,La Liga,39,Atlético Madrid,30,Barcelona,30,Barcelona,0,Ousmane Dembélé_7_B,,,,,98,-0.000419814,-0.000576532,0.0,0.0,767
13632,2023-01-08 21:00:00,6,La Liga,39,Atlético Madrid,30,Barcelona,30,Barcelona,0,Pablo Torre_14_B,,,,,0,0.000269459,-0.000418288,0.0,0.0,690
13632,2023-01-08 21:00:00,6,La Liga,39,Atlético Madrid,30,Barcelona,30,Barcelona,0,Pedri_8_B,,,,,98,-0.000452767,-0.000759786,0.736,1.0,7907
13632,2023-01-08 21:00:00,6,La Liga,39,Atlético Madrid,30,Barcelona,30,Barcelona,0,Raphinha_11_B,74.0,,leading,,24,0.00131215,0.000402672,0.736,1.0,8931
13632,2023-01-08 21:00:00,6,La Liga,39,Atlético Madrid,30,Barcelona,30,Barcelona,0,Ronald Araújo_4_B,,,,,98,0.00016609,0.000959492,0.736,1.0,6661
13632,2023-01-08 21:00:00,6,La Liga,39,Atlético Madrid,30,Barcelona,30,Barcelona,0,Sergi Roberto_20_B,82.0,,leading,,16,0.000651913,-0.000120976,0.0,0.0,2493
13632,2023-01-08 21:00:00,6,La Liga,39,Atlético Madrid,30,Barcelona,30,Barcelona,0,Sergio Busquets_5_B,,82.0,,leading,82,-5.03842e-06,0.00010408,0.0,0.0,2008
19387,2023-01-19 20:00:00,17,Copa del Rey,1,Unknown Team X,30,Barcelona,30,Barcelona,0,Alejandro Balde_3_B,,,,,0,0.00209699,0.000618303,0.0,0.0,7371
19387,2023-01-19 20:00:00,17,Copa del Rey,1,Unknown Team X,30,Barcelona,30,Barcelona,0,Andreas Christensen_15_B,,,,,18,-0.000657376,0.000304607,0.172,0.304,4789
19387,2023-01-19 20:00:00,17,Copa del Rey,1,Unknown Team X,30,Barcelona,30,Barcelona,0,Ansu Fati_10_B,,,,,31,-0.000152001,0.000578713,0.0,0.0,1536
19387,2023-01-19 20:00:00,17,Copa del Rey,1,Unknown Team X,30,Barcelona,30,Barcelona,0,Eric García_24_B,,,,,90,0.00269696,0.00108346,0.082,0.145,3325
19387,2023-01-19 20:00:00,17,Copa del Rey,1,Unknown Team X,30,Barcelona,30,Barcelona,0,Ferrán Torres_7_B,,,,,59,0.000824349,-0.000703702,0.18,0.318,5186
19387,2023-01-19 20:00:00,17,Copa del Rey,1,Unknown Team X,30,Barcelona,30,Barcelona,0,Franck Kessié_19_B,,,,,90,-0.00061221,0.000181105,0.0,0.0,1357
19387,2023-01-19 20:00:00,17,Copa del Rey,1,Unknown Team X,30,Barcelona,30,Barcelona,0,Gavi_6_B,,,,,45,0.00196965,0.00152903,0.0,0.0,5150
19387,2023-01-19 20:00:00,17,Copa del Rey,1,Unknown Team X,30,Barcelona,30,Barcelona,0,Iñaki Peña_13_B,,,,,90,0.001789,-0.000771425,0.0,0.0,3754
19387,2023-01-19 20:00:00,17,Copa del Rey,1,Unknown Team X,30,Barcelona,30,Barcelona,0,Jordi Alba_18_B,,,,,90,-0.00033338,4.05815e-05,0.0,0.0,1068
19387,2023-01-19 20:00:00,17,Copa del Rey,1,Unknown Team X,30,Barcelona,30,Barcelona,0,Jules Koundé_23_B,,,,,0,0.00223783,0.00075356,0.736,1.0,11254
19387,2023-01-19 20:00:00,17,Copa del Rey,1,Unknown Team X,30,Barcelona,30,Barcelona,0,Marc-André ter Stegen_1_B,,,,,0,-0.000183835,0.000794651,0.0,0.0,6921
19387,2023-01-19 20:00:00,17,Copa del Rey,1,Unknown Team X,30,Barcelona,30,Barcelona,0,Marcos Alonso_17_B,,,,,72,-9.54486e-05,8.02717e-05,0.0,0.0,1526
19387,2023-01-19 20:00:00,17,Copa del Rey,1,Unknown Team X,30,Barcelona,30,Barcelona,0,Ousmane Dembélé_7_B,,,,,0,-0.000419814,-0.000576532,0.0,0.0,767
19387,2023-01-19 20:00:00,17,Copa del Rey,1,Unknown Team X,30,Barcelona,30,Barcelona,0,Pablo Torre_14_B,,,,,45,0.000269459,-0.000418288,0.0,0.0,690
19387,2023-01-19 20:00:00,17,Copa del Rey,1,Unknown Team X,30,Barcelona,30,Barcelona,0,Pedri_8_B,,,,,0,-0.000452767,-0.000759786,0.736,1.0,7907
19387,2023-01-19 20:00:00,17,Copa del Rey,1,Unknown Team X,30,Barcelona,30,Barcelona,0,Raphinha_11_B,,,,,79,0.00131215,0.000402672,0.736,1.0,8931
19387,2023-01-19 20:00:00,17,Copa del Rey,1,Unknown Team X,30,Barcelona,30,Barcelona,0,Robert Lewandowski_9_B,,,,,90,-0.00130583,0.000914094,0.564,0.999,10145
19387,2023-01-19 20:00:00,17,Copa del Rey,1,Unknown Team X,30,Barcelona,30,Barcelona,0,Sergi Roberto_20_B,,,,,72,0.000651913,-0.000120976,0.0,0.0,2493
19387,2023-01-19 20:00:00,17,Copa del Rey,1,Unknown Team X,30,Barcelona,30,Barcelona,0,Sergio Busquets_5_B,,,,,18,-5.03842e-06,0.00010408,0.0,0.0,2008
19387,2023-01-19 20:00:00,17,Copa del Rey,1,Unknown Team X,30,Barcelona,30,Barcelona,0,Ángel Alarcón_38_B,,,,,11,-0.000108164,-3.65868e-06,0.0,0.0,44
19388,2023-01-19 21:00:00,17,Copa del Rey,23,Villarreal,31,Real Madrid,31,Real Madrid,0,Andriy Lunin_13_RM,,,,,0,0.00135314,0.00113184,0.0,0.0,4637
19388,2023-01-19 21:00:00,17,Copa del Rey,23,Villarreal,31,Real Madrid,31,Real Madrid,0,Antonio Rüdiger_22_RM,,,,,90,0.00101494,0.000618977,0.0,0.0,10666
19388,2023-01-19 21:00:00,17,Copa del Rey,23,Villarreal,31,Real Madrid,31,Real Madrid,0,Dani Ceballos_19_RM,,,,,35,0.0010414,0.00086943,0.0,0.0,4606
19388,2023-01-19 21:00:00,17,Copa del Rey,23,Villarreal,31,Real Madrid,31,Real Madrid,0,Eden Hazard_7_RM,,,,,0,0.000435517,5.95349e-05,0.0,0.0,168
19388,2023-01-19 21:00:00,17,Copa del Rey,23,Villarreal,31,Real Madrid,31,Real Madrid,0,Eduardo Camavinga_6_RM,,,,,90,0.000527662,0.000882211,0.0,0.0,7525
19388,2023-01-19 21:00:00,17,Copa del Rey,23,Villarreal,31,Real Madrid,31,Real Madrid,0,Federico Valverde_8_RM,,,,,90,0.00109636,0.00134977,0.264,0.565,11707
19388,2023-01-19 21:00:00,17,Copa del Rey,23,Villarreal,31,Real Madrid,31,Real Madrid,0,Ferland Mendy_23_RM,,,,,90,-0.00165897,0.000241543,0.0,0.0,5435
19388,2023-01-19 21:00:00,17,Copa del Rey,23,Villarreal,31,Real Madrid,31,Real Madrid,0,Jesús Vallejo_18_RM,,,,,0,-0.000301268,0.000142833,0.0,0.0,215
19388,2023-01-19 21:00:00,17,Copa del Rey,23,Villarreal,31,Real Madrid,31,Real Madrid,0,Karim Benzema_9_RM,,,,,90,0.000363719,6.02898e-05,0.0,0.0,2479
19388,2023-01-19 21:00:00,17,Copa del Rey,23,Villarreal,31,Real Madrid,31,Real Madrid,0,Marco Asensio_11_RM,,,,,35,0.000649671,-0.000350713,0.0,0.0,1583
19388,2023-01-19 21:00:00,17,Copa del Rey,23,Villarreal,31,Real Madrid,31,Real Madrid,0,Mariano_24_RM,,,,,0,0.000401409,0.000227644,0.0,0.0,147
19388,2023-01-19 21:00:00,17,Copa del Rey,23,Villarreal,31,Real Madrid,31,Real Madrid,0,Nacho_6_RM,,,,,90,0.00147031,0.000367155,0.0,0.0,5214
19388,2023-01-19 21:00:00,17,Copa del Rey,23,Villarreal,31,Real Madrid,31,Real Madrid,0,Rodrygo_11_RM,,,,,55,0.000204649,0.000315861,0.182,0.389,9181
19388,2023-01-19 21:00:00,17,Copa del Rey,23,Villarreal,31,Real Madrid,31,Real Madrid,0,Thibaut Courtois_1_RM,,,,,90,0.000111719,-0.000758962,0.264,0.565,7657
19388,2023-01-19 21:00:00,17,Copa del Rey,23,Villarreal,31,Real Madrid,31,Real Madrid,0,Toni Kroos_8_RM,,,,,55,0.000529318,0.000493378,0.0,0.0,5337
19388,2023-01-19 21:00:00,17,Copa del Rey,23,Villarreal,31,Real Madrid,31,Real Madrid,0,Vinicius Júnior_7_RM,,,,,90,-0.00186706,0.000820191,0.082,0.176,9694
19388,2023-01-19 21:00:00,17,Copa del Rey,23,Villarreal,31,Real Madrid,31,Real Madrid,0,Álvaro Odriozola_16_RM,,,,,0,0.000433314,0.000172552,0.0,0.0,100
19388,2023-01-19 21:00:00,17,Copa del Rey,23,Villarreal,31,Real Madrid,31,Real Madrid,0,Éder Militão_3_RM,,,,,90,0.000207186,0.000444794,0.264,0.565,4777
13649,2023-01-22 18:30:00,6,La Liga,30,Barcelona,24,Getafe,30,Barcelona,1,Alejandro Balde_3_B,,46.0,,leading,46,0.00209699,0.000618303,0.0,0.0,7371
13649,2023-01-22 18:30:00,6,La Liga,30,Barcelona,24,Getafe,30,Barcelona,1,Andreas Christensen_15_B,,46.0,,leading,46,-0.000657376,0.000304607,0.172,0.304,4789
13649,2023-01-22 18:30:00,6,La Liga,30,Barcelona,24,Getafe,30,Barcelona,1,Ansu Fati_10_B,,,,,93,-0.000152001,0.000578713,0.0,0.0,1536
13649,2023-01-22 18:30:00,6,La Liga,30,Barcelona,24,Getafe,30,Barcelona,1,Eric García_24_B,46.0,,leading,,47,0.00269696,0.00108346,0.082,0.145,3325
13649,2023-01-22 18:30:00,6,La Liga,30,Barcelona,24,Getafe,30,Barcelona,1,Franck Kessié_19_B,62.0,,leading,,31,-0.00061221,0.000181105,0.0,0.0,1357
13649,2023-01-22 18:30:00,6,La Liga,30,Barcelona,24,Getafe,30,Barcelona,1,Frenkie de Jong_21_B,,,,,0,0.00304554,-0.000291865,0.736,1.0,7300
13649,2023-01-22 18:30:00,6,La Liga,30,Barcelona,24,Getafe,30,Barcelona,1,Gavi_6_B,,,,,93,0.00196965,0.00152903,0.0,0.0,5150
13649,2023-01-22 18:30:00,6,La Liga,30,Barcelona,24,Getafe,30,Barcelona,1,Iñaki Peña_13_B,,,,,0,0.001789,-0.000771425,0.0,0.0,3754
13649,2023-01-22 18:30:00,6,La Liga,30,Barcelona,24,Getafe,30,Barcelona,1,Jordi Alba_18_B,46.0,,leading,,47,-0.00033338,4.05815e-05,0.0,0.0,1068
13649,2023-01-22 18:30:00,6,La Liga,30,Barcelona,24,Getafe,30,Barcelona,1,Jules Koundé_23_B,,,,,93,0.00223783,0.00075356,0.736,1.0,11254
13649,2023-01-22 18:30:00,6,La Liga,30,Barcelona,24,Getafe,30,Barcelona,1,Marc-André ter Stegen_1_B,,,,,93,-0.000183835,0.000794651,0.0,0.0,6921
13649,2023-01-22 18:30:00,6,La Liga,30,Barcelona,24,Getafe,30,Barcelona,1,Marcos Alonso_17_B,77.0,,leading,,16,-9.54486e-05,8.02717e-05,0.0,0.0,1526
13649,2023-01-22 18:30:00,6,La Liga,30,Barcelona,24,Getafe,30,Barcelona,1,Ousmane Dembélé_7_B,,,,,93,-0.000419814,-0.000576532,0.0,0.0,767
13649,2023-01-22 18:30:00,6,La Liga,30,Barcelona,24,Getafe,30,Barcelona,1,Pablo Torre_14_B,,,,,0,0.000269459,-0.000418288,0.0,0.0,690
13649,2023-01-22 18:30:00,6,La Liga,30,Barcelona,24,Getafe,30,Barcelona,1,Pedri_8_B,,,,,93,-0.000452767,-0.000759786,0.736,1.0,7907
13649,2023-01-22 18:30:00,6,La Liga,30,Barcelona,24,Getafe,30,Barcelona,1,Raphinha_11_B,,62.0,,leading,62,0.00131215,0.000402672,0.736,1.0,8931
13649,2023-01-22 18:30:00,6,La Liga,30,Barcelona,24,Getafe,30,Barcelona,1,Ronald Araújo_4_B,,,,,0,0.00016609,0.000959492,0.736,1.0,6661
13649,2023-01-22 18:30:00,6,La Liga,30,Barcelona,24,Getafe,30,Barcelona,1,Sergi Roberto_20_B,,77.0,,leading,77,0.000651913,-0.000120976,0.0,0.0,2493
13649,2023-01-22 18:30:00,6,La Liga,30,Barcelona,24,Getafe,30,Barcelona,1,Sergio Busquets_5_B,,,,,93,-5.03842e-06,0.00010408,0.0,0.0,2008
13649,2023-01-22 18:30:00,6,La Liga,30,Barcelona,24,Getafe,30,Barcelona,1,Ángel Alarcón_38_B,,,,,0,-0.000108164,-3.65868e-06,0.0,0.0,44
13650,2023-01-22 21:00:00,6,La Liga,33,Athletic Club,31,Real Madrid,31,Real Madrid,0,Andriy Lunin_13_RM,,,,,0,0.00135314,0.00113184,0.0,0.0,4637
13650,2023-01-22 21:00:00,6,La Liga,33,Athletic Club,31,Real Madrid,31,Real Madrid,0,Antonio Rüdiger_22_RM,,,,,92,0.00101494,0.000618977,0.0,0.0,10666
13650,2023-01-22 21:00:00,6,La Liga,33,Athletic Club,31,Real Madrid,31,Real Madrid,0,Dani Ceballos_19_RM,,85.0,,leading,85,0.0010414,0.00086943,0.0,0.0,4606
13650,2023-01-22 21:00:00,6,La Liga,33,Athletic Club,31,Real Madrid,31,Real Madrid,0,Eduardo Camavinga_6_RM,,,,,92,0.000527662,0.000882211,0.0,0.0,7525
13650,2023-01-22 21:00:00,6,La Liga,33,Athletic Club,31,Real Madrid,31,Real Madrid,0,Federico Valverde_8_RM,,,,,92,0.00109636,0.00134977,0.264,0.565,11707
13650,2023-01-22 21:00:00,6,La Liga,33,Athletic Club,31,Real Madrid,31,Real Madrid,0,Ferland Mendy_23_RM,,,,,92,-0.00165897,0.000241543,0.0,0.0,5435
13650,2023-01-22 21:00:00,6,La Liga,33,Athletic Club,31,Real Madrid,31,Real Madrid,0,Jesús Vallejo_18_RM,,,,,0,-0.000301268,0.000142833,0.0,0.0,215
13650,2023-01-22 21:00:00,6,La Liga,33,Athletic Club,31,Real Madrid,31,Real Madrid,0,Karim Benzema_9_RM,,,,,92,0.000363719,6.02898e-05,0.0,0.0,2479
13650,2023-01-22 21:00:00,6,La Liga,33,Athletic Club,31,Real Madrid,31,Real Madrid,0,Luka Modrić_10_RM,73.0,,leading,,19,0.00146142,0.000547068,0.0,0.0,6907
13650,2023-01-22 21:00:00,6,La Liga,33,Athletic Club,31,Real Madrid,31,Real Madrid,0,Marco Asensio_11_RM,,73.0,,leading,73,0.000649671,-0.000350713,0.0,0.0,1583
13650,2023-01-22 21:00:00,6,La Liga,33,Athletic Club,31,Real Madrid,31,Real Madrid,0,Mariano_24_RM,,,,,0,0.000401409,0.000227644,0.0,0.0,147
13650,2023-01-22 21:00:00,6,La Liga,33,Athletic Club,31,Real Madrid,31,Real Madrid,0,Nacho_6_RM,,,,,92,0.00147031,0.000367155,0.0,0.0,5214
13650,2023-01-22 21:00:00,6,La Liga,33,Athletic Club,31,Real Madrid,31,Real Madrid,0,Rodrygo_11_RM,83.0,,leading,,9,0.000204649,0.000315861,0.182,0.389,9181
13650,2023-01-22 21:00:00,6,La Liga,33,Athletic Club,31,Real Madrid,31,Real Madrid,0,Thibaut Courtois_1_RM,,,,,92,0.000111719,-0.000758962,0.264,0.565,7657
13650,2023-01-22 21:00:00,6,La Liga,33,Athletic Club,31,Real Madrid,31,Real Madrid,0,Toni Kroos_8_RM,85.0,,leading,,7,0.000529318,0.000493378,0.0,0.0,5337
13650,2023-01-22 21:00:00,6,La Liga,33,Athletic Club,31,Real Madrid,31,Real Madrid,0,Vinicius Júnior_7_RM,,83.0,,leading,83,-0.00186706,0.000820191,0.082,0.176,9694
13650,2023-01-22 21:00:00,6,La Liga,33,Athletic Club,31,Real Madrid,31,Real Madrid,0,Álvaro Odriozola_16_RM,,,,,0,0.000433314,0.000172552,0.0,0.0,100
13650,2023-01-22 21:00:00,6,La Liga,33,Athletic Club,31,Real Madrid,31,Real Madrid,0,Éder Militão_3_RM,,,,,92,0.000207186,0.000444794,0.264,0.565,4777
19389,2023-01-25 21:00:00,17,Copa del Rey,30,Barcelona,38,Real Sociedad,30,Barcelona,1,Alejandro Balde_3_B,,,,,77,0.00209699,0.000618303,0.0,0.0,7371
19389,2023-01-25 21:00:00,17,Copa del Rey,30,Barcelona,38,Real Sociedad,30,Barcelona,1,Andreas Christensen_15_B,,,,,89,-0.000657376,0.000304607,0.172,0.304,4789
19389,2023-01-25 21:00:00,17,Copa del Rey,30,Barcelona,38,Real Sociedad,30,Barcelona,1,Ansu Fati_10_B,,,,,7,-0.000152001,0.000578713,0.0,0.0,1536
19389,2023-01-25 21:00:00,17,Copa del Rey,30,Barcelona,38,Real Sociedad,30,Barcelona,1,Eric García_24_B,,,,,0,0.00269696,0.00108346,0.082,0.145,3325
19389,2023-01-25 21:00:00,17,Copa del Rey,30,Barcelona,38,Real Sociedad,30,Barcelona,1,Ferrán Torres_7_B,,,,,0,0.000824349,-0.000703702,0.18,0.318,5186
19389,2023-01-25 21:00:00,17,Copa del Rey,30,Barcelona,38,Real Sociedad,30,Barcelona,1,Franck Kessié_19_B,,,,,14,-0.00061221,0.000181105,0.0,0.0,1357
19389,2023-01-25 21:00:00,17,Copa del Rey,30,Barcelona,38,Real Sociedad,30,Barcelona,1,Frenkie de Jong_21_B,,,,,90,0.00304554,-0.000291865,0.736,1.0,7300
19389,2023-01-25 21:00:00,17,Copa del Rey,30,Barcelona,38,Real Sociedad,30,Barcelona,1,Gavi_6_B,,,,,90,0.00196965,0.00152903,0.0,0.0,5150
19389,2023-01-25 21:00:00,17,Copa del Rey,30,Barcelona,38,Real Sociedad,30,Barcelona,1,Iñaki Peña_13_B,,,,,0,0.001789,-0.000771425,0.0,0.0,3754
19389,2023-01-25 21:00:00,17,Copa del Rey,30,Barcelona,38,Real Sociedad,30,Barcelona,1,Jordi Alba_18_B,,,,,0,-0.00033338,4.05815e-05,0.0,0.0,1068
19389,2023-01-25 21:00:00,17,Copa del Rey,30,Barcelona,38,Real Sociedad,30,Barcelona,1,Jules Koundé_23_B,,,,,90,0.00223783,0.00075356,0.736,1.0,11254
19389,2023-01-25 21:00:00,17,Copa del Rey,30,Barcelona,38,Real Sociedad,30,Barcelona,1,Marc-André ter Stegen_1_B,,,,,90,-0.000183835,0.000794651,0.0,0.0,6921
19389,2023-01-25 21:00:00,17,Copa del Rey,30,Barcelona,38,Real Sociedad,30,Barcelona,1,Marcos Alonso_17_B,,,,,1,-9.54486e-05,8.02717e-05,0.0,0.0,1526
19389,2023-01-25 21:00:00,17,Copa del Rey,30,Barcelona,38,Real Sociedad,30,Barcelona,1,Ousmane Dembélé_7_B,,,,,83,-0.000419814,-0.000576532,0.0,0.0,767
19389,2023-01-25 21:00:00,17,Copa del Rey,30,Barcelona,38,Real Sociedad,30,Barcelona,1,Pedri_8_B,,,,,76,-0.000452767,-0.000759786,0.736,1.0,7907
19389,2023-01-25 21:00:00,17,Copa del Rey,30,Barcelona,38,Real Sociedad,30,Barcelona,1,Raphinha_11_B,,,,,13,0.00131215,0.000402672,0.736,1.0,8931
19389,2023-01-25 21:00:00,17,Copa del Rey,30,Barcelona,38,Real Sociedad,30,Barcelona,1,Robert Lewandowski_9_B,,,,,90,-0.00130583,0.000914094,0.564,0.999,10145
19389,2023-01-25 21:00:00,17,Copa del Rey,30,Barcelona,38,Real Sociedad,30,Barcelona,1,Ronald Araújo_4_B,,,,,90,0.00016609,0.000959492,0.736,1.0,6661
19389,2023-01-25 21:00:00,17,Copa del Rey,30,Barcelona,38,Real Sociedad,30,Barcelona,1,Sergi Roberto_20_B,,,,,0,0.000651913,-0.000120976,0.0,0.0,2493
19389,2023-01-25 21:00:00,17,Copa del Rey,30,Barcelona,38,Real Sociedad,30,Barcelona,1,Sergio Busquets_5_B,,,,,90,-5.03842e-06,0.00010408,0.0,0.0,2008
19392,2023-01-26 21:00:00,17,Copa del Rey,31,Real Madrid,39,Atlético Madrid,31,Real Madrid,1,Andriy Lunin_13_RM,,,,,0,0.00135314,0.00113184,0.0,0.0,4637
19392,2023-01-26 21:00:00,17,Copa del Rey,31,Real Madrid,39,Atlético Madrid,31,Real Madrid,1,Antonio Rüdiger_22_RM,,,,,120,0.00101494,0.000618977,0.0,0.0,10666
19392,2023-01-26 21:00:00,17,Copa del Rey,31,Real Madrid,39,Atlético Madrid,31,Real Madrid,1,Dani Ceballos_19_RM,,,,,77,0.0010414,0.00086943,0.0,0.0,4606
19392,2023-01-26 21:00:00,17,Copa del Rey,31,Real Madrid,39,Atlético Madrid,31,Real Madrid,1,Eduardo Camavinga_6_RM,,,,,120,0.000527662,0.000882211,0.0,0.0,7525
19392,2023-01-26 21:00:00,17,Copa del Rey,31,Real Madrid,39,Atlético Madrid,31,Real Madrid,1,Federico Valverde_8_RM,,,,,68,0.00109636,0.00134977,0.264,0.565,11707
19392,2023-01-26 21:00:00,17,Copa del Rey,31,Real Madrid,39,Atlético Madrid,31,Real Madrid,1,Ferland Mendy_23_RM,,,,,43,-0.00165897,0.000241543,0.0,0.0,5435
19392,2023-01-26 21:00:00,17,Copa del Rey,31,Real Madrid,39,Atlético Madrid,31,Real Madrid,1,Jesús Vallejo_18_RM,,,,,0,-0.000301268,0.000142833,0.0,0.0,215
19392,2023-01-26 21:00:00,17,Copa del Rey,31,Real Madrid,39,Atlético Madrid,31,Real Madrid,1,Karim Benzema_9_RM,,,,,120,0.000363719,6.02898e-05,0.0,0.0,2479
19392,2023-01-26 21:00:00,17,Copa del Rey,31,Real Madrid,39,Atlético Madrid,31,Real Madrid,1,Luka Modrić_10_RM,,,,,120,0.00146142,0.000547068,0.0,0.0,6907
19392,2023-01-26 21:00:00,17,Copa del Rey,31,Real Madrid,39,Atlético Madrid,31,Real Madrid,1,Marco Asensio_11_RM,,,,,47,0.000649671,-0.000350713,0.0,0.0,1583
19392,2023-01-26 21:00:00,17,Copa del Rey,31,Real Madrid,39,Atlético Madrid,31,Real Madrid,1,Mariano_24_RM,,,,,0,0.000401409,0.000227644,0.0,0.0,147
19392,2023-01-26 21:00:00,17,Copa del Rey,31,Real Madrid,39,Atlético Madrid,31,Real Madrid,1,Nacho_6_RM,,,,,114,0.00147031,0.000367155,0.0,0.0,5214
19392,2023-01-26 21:00:00,17,Copa del Rey,31,Real Madrid,39,Atlético Madrid,31,Real Madrid,1,Rodrygo_11_RM,,,,,46,0.000204649,0.000315861,0.182,0.389,9181
19392,2023-01-26 21:00:00,17,Copa del Rey,31,Real Madrid,39,Atlético Madrid,31,Real Madrid,1,Sergio Arribas_33_RM,,,,,0,0.000472005,-3.60824e-05,0.0,0.0,31
19392,2023-01-26 21:00:00,17,Copa del Rey,31,Real Madrid,39,Atlético Madrid,31,Real Madrid,1,Thibaut Courtois_1_RM,,,,,120,0.000111719,-0.000758962,0.264,0.565,7657
19392,2023-01-26 21:00:00,17,Copa del Rey,31,Real Madrid,39,Atlético Madrid,31,Real Madrid,1,Toni Kroos_8_RM,,,,,73,0.000529318,0.000493378,0.0,0.0,5337
19392,2023-01-26 21:00:00,17,Copa del Rey,31,Real Madrid,39,Atlético Madrid,31,Real Madrid,1,Vinicius Júnior_7_RM,,,,,120,-0.00186706,0.000820191,0.082,0.176,9694
19392,2023-01-26 21:00:00,17,Copa del Rey,31,Real Madrid,39,Atlético Madrid,31,Real Madrid,1,Álvaro Odriozola_16_RM,,,,,6,0.000433314,0.000172552,0.0,0.0,100
19392,2023-01-26 21:00:00,17,Copa del Rey,31,Real Madrid,39,Atlético Madrid,31,Real Madrid,1,Éder Militão_3_RM,,,,,120,0.000207186,0.000444794,0.264,0.565,4777
13654,2023-01-28 16:15:00,6,La Liga,363,Girona,30,Barcelona,30,Barcelona,0,Alejandro Balde_3_B,84.0,,leading,,15,0.00209699,0.000618303,0.0,0.0,7371
13654,2023-01-28 16:15:00,6,La Liga,363,Girona,30,Barcelona,30,Barcelona,0,Andreas Christensen_15_B,,,,,0,-0.000657376,0.000304607,0.172,0.304,4789
13654,2023-01-28 16:15:00,6,La Liga,363,Girona,30,Barcelona,30,Barcelona,0,Ansu Fati_10_B,,84.0,,leading,84,-0.000152001,0.000578713,0.0,0.0,1536
13654,2023-01-28 16:15:00,6,La Liga,363,Girona,30,Barcelona,30,Barcelona,0,Eric García_24_B,,,,,99,0.00269696,0.00108346,0.082,0.145,3325
13654,2023-01-28 16:15:00,6,La Liga,363,Girona,30,Barcelona,30,Barcelona,0,Franck Kessié_19_B,91.0,,leading,,8,-0.00061221,0.000181105,0.0,0.0,1357
13654,2023-01-28 16:15:00,6,La Liga,363,Girona,30,Barcelona,30,Barcelona,0,Frenkie de Jong_21_B,,,,,99,0.00304554,-0.000291865,0.736,1.0,7300
13654,2023-01-28 16:15:00,6,La Liga,363,Girona,30,Barcelona,30,Barcelona,0,Gavi_6_B,,,,,99,0.00196965,0.00152903,0.0,0.0,5150
13654,2023-01-28 16:15:00,6,La Liga,363,Girona,30,Barcelona,30,Barcelona,0,Iñaki Peña_13_B,,,,,0,0.001789,-0.000771425,0.0,0.0,3754
13654,2023-01-28 16:15:00,6,La Liga,363,Girona,30,Barcelona,30,Barcelona,0,Jordi Alba_18_B,49.0,,level,,50,-0.00033338,4.05815e-05,0.0,0.0,1068
13654,2023-01-28 16:15:00,6,La Liga,363,Girona,30,Barcelona,30,Barcelona,0,Jules Koundé_23_B,,,,,99,0.00223783,0.00075356,0.736,1.0,11254
13654,2023-01-28 16:15:00,6,La Liga,363,Girona,30,Barcelona,30,Barcelona,0,Marc-André ter Stegen_1_B,,,,,99,-0.000183835,0.000794651,0.0,0.0,6921
13654,2023-01-28 16:15:00,6,La Liga,363,Girona,30,Barcelona,30,Barcelona,0,Marcos Alonso_17_B,,49.0,,level,49,-9.54486e-05,8.02717e-05,0.0,0.0,1526
13654,2023-01-28 16:15:00,6,La Liga,363,Girona,30,Barcelona,30,Barcelona,0,Ousmane Dembélé_7_B,,26.0,,level,26,-0.000419814,-0.000576532,0.0,0.0,767
13654,2023-01-28 16:15:00,6,La Liga,363,Girona,30,Barcelona,30,Barcelona,0,Pablo Torre_14_B,,,,,0,0.000269459,-0.000418288,0.0,0.0,690
13654,2023-01-28 16:15:00,6,La Liga,363,Girona,30,Barcelona,30,Barcelona,0,Pedri_8_B,26.0,,level,,73,-0.000452767,-0.000759786,0.736,1.0,7907
13654,2023-01-28 16:15:00,6,La Liga,363,Girona,30,Barcelona,30,Barcelona,0,Raphinha_11_B,,91.0,,leading,91,0.00131215,0.000402672,0.736,1.0,8931
13654,2023-01-28 16:15:00,6,La Liga,363,Girona,30,Barcelona,30,Barcelona,0,Ronald Araújo_4_B,,,,,99,0.00016609,0.000959492,0.736,1.0,6661
13654,2023-01-28 16:15:00,6,La Liga,363,Girona,30,Barcelona,30,Barcelona,0,Sergi Roberto_20_B,,,,,0,0.000651913,-0.000120976,0.0,0.0,2493
13654,2023-01-28 16:15:00,6,La Liga,363,Girona,30,Barcelona,30,Barcelona,0,Sergio Busquets_5_B,,,,,99,-5.03842e-06,0.00010408,0.0,0.0,2008
13654,2023-01-28 16:15:00,6,La Liga,363,Girona,30,Barcelona,30,Barcelona,0,Ángel Alarcón_38_B,,,,,0,-0.000108164,-3.65868e-06,0.0,0.0,44
13660,2023-01-29 21:00:00,6,La Liga,31,Real Madrid,38,Real Sociedad,31,Real Madrid,1,Andriy Lunin_13_RM,,,,,0,0.00135314,0.00113184,0.0,0.0,4637
13660,2023-01-29 21:00:00,6,La Liga,31,Real Madrid,38,Real Sociedad,31,Real Madrid,1,Antonio Rüdiger_22_RM,,,,,96,0.00101494,0.000618977,0.0,0.0,10666
13660,2023-01-29 21:00:00,6,La Liga,31,Real Madrid,38,Real Sociedad,31,Real Madrid,1,Dani Ceballos_19_RM,,78.0,,level,78,0.0010414,0.00086943,0.0,0.0,4606
13660,2023-01-29 21:00:00,6,La Liga,31,Real Madrid,38,Real Sociedad,31,Real Madrid,1,Eden Hazard_7_RM,,,,,0,0.000435517,5.95349e-05,0.0,0.0,168
13660,2023-01-29 21:00:00,6,La Liga,31,Real Madrid,38,Real Sociedad,31,Real Madrid,1,Eduardo Camavinga_6_RM,,,,,96,0.000527662,0.000882211,0.0,0.0,7525
13660,2023-01-29 21:00:00,6,La Liga,31,Real Madrid,38,Real Sociedad,31,Real Madrid,1,Federico Valverde_8_RM,,78.0,,level,78,0.00109636,0.00134977,0.264,0.565,11707
13660,2023-01-29 21:00:00,6,La Liga,31,Real Madrid,38,Real Sociedad,31,Real Madrid,1,Jesús Vallejo_18_RM,,,,,0,-0.000301268,0.000142833,0.0,0.0,215
13660,2023-01-29 21:00:00,6,La Liga,31,Real Madrid,38,Real Sociedad,31,Real Madrid,1,Karim Benzema_9_RM,,,,,96,0.000363719,6.02898e-05,0.0,0.0,2479
13660,2023-01-29 21:00:00,6,La Liga,31,Real Madrid,38,Real Sociedad,31,Real Madrid,1,Luka Modrić_10_RM,78.0,,level,,18,0.00146142,0.000547068,0.0,0.0,6907
13660,2023-01-29 21:00:00,6,La Liga,31,Real Madrid,38,Real Sociedad,31,Real Madrid,1,Marco Asensio_11_RM,78.0,,level,,18,0.000649671,-0.000350713,0.0,0.0,1583
13660,2023-01-29 21:00:00,6,La Liga,31,Real Madrid,38,Real Sociedad,31,Real Madrid,1,Mariano_24_RM,,,,,0,0.000401409,0.000227644,0.0,0.0,147
13660,2023-01-29 21:00:00,6,La Liga,31,Real Madrid,38,Real Sociedad,31,Real Madrid,1,Nacho_6_RM,,,,,96,0.00147031,0.000367155,0.0,0.0,5214
13660,2023-01-29 21:00:00,6,La Liga,31,Real Madrid,38,Real Sociedad,31,Real Madrid,1,Rodrygo_11_RM,,,,,96,0.000204649,0.000315861,0.182,0.389,9181
13660,2023-01-29 21:00:00,6,La Liga,31,Real Madrid,38,Real Sociedad,31,Real Madrid,1,Thibaut Courtois_1_RM,,,,,96,0.000111719,-0.000758962,0.264,0.565,7657
13660,2023-01-29 21:00:00,6,La Liga,31,Real Madrid,38,Real Sociedad,31,Real Madrid,1,Toni Kroos_8_RM,,,,,96,0.000529318,0.000493378,0.0,0.0,5337
13660,2023-01-29 21:00:00,6,La Liga,31,Real Madrid,38,Real Sociedad,31,Real Madrid,1,Vinicius Júnior_7_RM,,,,,96,-0.00186706,0.000820191,0.082,0.176,9694
13660,2023-01-29 21:00:00,6,La Liga,31,Real Madrid,38,Real Sociedad,31,Real Madrid,1,Álvaro Odriozola_16_RM,,,,,0,0.000433314,0.000172552,0.0,0.0,100
13660,2023-01-29 21:00:00,6,La Liga,31,Real Madrid,38,Real Sociedad,31,Real Madrid,1,Éder Militão_3_RM,,,,,96,0.000207186,0.000444794,0.264,0.565,4777
13662,2023-02-01 21:00:00,6,La Liga,27,Equipo histórico 27,30,Barcelona,30,Barcelona,0,Alejandro Balde_3_B,,,,,95,0.00209699,0.000618303,0.0,0.0,7371
13662,2023-02-01 21:00:00,6,La Liga,27,Equipo histórico 27,30,Barcelona,30,Barcelona,0,Andreas Christensen_15_B,,,,,95,-0.000657376,0.000304607,0.172,0.304,4789
13662,2023-02-01 21:00:00,6,La Liga,27,Equipo histórico 27,30,Barcelona,30,Barcelona,0,Ansu Fati_10_B,80.0,,leading,,15,-0.000152001,0.000578713,0.0,0.0,1536
13662,2023-02-01 21:00:00,6,La Liga,27,Equipo histórico 27,30,Barcelona,30,Barcelona,0,Eric García_24_B,,,,,0,0.00269696,0.00108346,0.082,0.145,3325
13662,2023-02-01 21:00:00,6,La Liga,27,Equipo histórico 27,30,Barcelona,30,Barcelona,0,Ferrán Torres_7_B,84.0,,leading,,11,0.000824349,-0.000703702,0.18,0.318,5186
13662,2023-02-01 21:00:00,6,La Liga,27,Equipo histórico 27,30,Barcelona,30,Barcelona,0,Franck Kessié_19_B,90.0,,leading,,5,-0.00061221,0.000181105,0.0,0.0,1357
13662,2023-02-01 21:00:00,6,La Liga,27,Equipo histórico 27,30,Barcelona,30,Barcelona,0,Frenkie de Jong_21_B,,,,,95,0.00304554,-0.000291865,0.736,1.0,7300
13662,2023-02-01 21:00:00,6,La Liga,27,Equipo histórico 27,30,Barcelona,30,Barcelona,0,Gavi_6_B,,84.0,,leading,84,0.00196965,0.00152903,0.0,0.0,5150
13662,2023-02-01 21:00:00,6,La Liga,27,Equipo histórico 27,30,Barcelona,30,Barcelona,0,Iñaki Peña_13_B,,,,,0,0.001789,-0.000771425,0.0,0.0,3754
13662,2023-02-01 21:00:00,6,La Liga,27,Equipo histórico 27,30,Barcelona,30,Barcelona,0,Jordi Alba_18_B,,,,,0,-0.00033338,4.05815e-05,0.0,0.0,1068
13662,2023-02-01 21:00:00,6,La Liga,27,Equipo histórico 27,30,Barcelona,30,Barcelona,0,Jules Koundé_23_B,,,,,95,0.00223783,0.00075356,0.736,1.0,11254
13662,2023-02-01 21:00:00,6,La Liga,27,Equipo histórico 27,30,Barcelona,30,Barcelona,0,Marc-André ter Stegen_1_B,,,,,95,-0.000183835,0.000794651,0.0,0.0,6921
13662,2023-02-01 21:00:00,6,La Liga,27,Equipo histórico 27,30,Barcelona,30,Barcelona,0,Marcos Alonso_17_B,,,,,0,-9.54486e-05,8.02717e-05,0.0,0.0,1526
13662,2023-02-01 21:00:00,6,La Liga,27,Equipo histórico 27,30,Barcelona,30,Barcelona,0,Pablo Torre_14_B,,,,,0,0.000269459,-0.000418288,0.0,0.0,690
13662,2023-02-01 21:00:00,6,La Liga,27,Equipo histórico 27,30,Barcelona,30,Barcelona,0,Pedri_8_B,,90.0,,leading,90,-0.000452767,-0.000759786,0.736,1.0,7907
13662,2023-02-01 21:00:00,6,La Liga,27,Equipo histórico 27,30,Barcelona,30,Barcelona,0,Raphinha_11_B,,80.0,,leading,80,0.00131215,0.000402672,0.736,1.0,8931
13662,2023-02-01 21:00:00,6,La Liga,27,Equipo histórico 27,30,Barcelona,30,Barcelona,0,Robert Lewandowski_9_B,,,,,95,-0.00130583,0.000914094,0.564,0.999,10145
13662,2023-02-01 21:00:00,6,La Liga,27,Equipo histórico 27,30,Barcelona,30,Barcelona,0,Ronald Araújo_4_B,,,,,95,0.00016609,0.000959492,0.736,1.0,6661
13662,2023-02-01 21:00:00,6,La Liga,27,Equipo histórico 27,30,Barcelona,30,Barcelona,0,Sergi Roberto_20_B,,,,,0,0.000651913,-0.000120976,0.0,0.0,2493
13662,2023-02-01 21:00:00,6,La Liga,27,Equipo histórico 27,30,Barcelona,30,Barcelona,0,Sergio Busquets_5_B,,,,,95,-5.03842e-06,0.00010408,0.0,0.0,2008
13662,2023-02-01 21:00:00,6,La Liga,27,Equipo histórico 27,30,Barcelona,30,Barcelona,0,Ángel Alarcón_38_B,,,,,0,-0.000108164,-3.65868e-06,0.0,0.0,44
13663,2023-02-02 21:00:00,6,La Liga,31,Real Madrid,37,Valencia,31,Real Madrid,1,Andriy Lunin_13_RM,,,,,0,0.00135314,0.00113184,0.0,0.0,4637
13663,2023-02-02 21:00:00,6,La Liga,31,Real Madrid,37,Valencia,31,Real Madrid,1,Antonio Rüdiger_22_RM,,,,,98,0.00101494,0.000618977,0.0,0.0,10666
13663,2023-02-02 21:00:00,6,La Liga,31,Real Madrid,37,Valencia,31,Real Madrid,1,Aurélien Tchouaméni_14_RM,71.0,,leading,,27,-0.000603586,0.00091019,0.264,0.565,8572
13663,2023-02-02 21:00:00,6,La Liga,31,Real Madrid,37,Valencia,31,Real Madrid,1,Dani Carvajal_2_RM,36.0,,level,,62,0.000618357,0.000728238,0.196,0.42,6003
13663,2023-02-02 21:00:00,6,La Liga,31,Real Madrid,37,Valencia,31,Real Madrid,1,Dani Ceballos_19_RM,,,,,98,0.0010414,0.00086943,0.0,0.0,4606
13663,2023-02-02 21:00:00,6,La Liga,31,Real Madrid,37,Valencia,31,Real Madrid,1,Eden Hazard_7_RM,,,,,0,0.000435517,5.95349e-05,0.0,0.0,168
13663,2023-02-02 21:00:00,6,La Liga,31,Real Madrid,37,Valencia,31,Real Madrid,1,Eduardo Camavinga_6_RM,,,,,98,0.000527662,0.000882211,0.0,0.0,7525
13663,2023-02-02 21:00:00,6,La Liga,31,Real Madrid,37,Valencia,31,Real Madrid,1,Federico Valverde_8_RM,71.0,,leading,,27,0.00109636,0.00134977,0.264,0.565,11707
13663,2023-02-02 21:00:00,6,La Liga,31,Real Madrid,37,Valencia,31,Real Madrid,1,Jesús Vallejo_18_RM,,,,,0,-0.000301268,0.000142833,0.0,0.0,215
13663,2023-02-02 21:00:00,6,La Liga,31,Real Madrid,37,Valencia,31,Real Madrid,1,Karim Benzema_9_RM,,65.0,,leading,65,0.000363719,6.02898e-05,0.0,0.0,2479
13663,2023-02-02 21:00:00,6,La Liga,31,Real Madrid,37,Valencia,31,Real Madrid,1,Luka Modrić_10_RM,,71.0,,leading,71,0.00146142,0.000547068,0.0,0.0,6907
13663,2023-02-02 21:00:00,6,La Liga,31,Real Madrid,37,Valencia,31,Real Madrid,1,Marco Asensio_11_RM,,,,,98,0.000649671,-0.000350713,0.0,0.0,1583
13663,2023-02-02 21:00:00,6,La Liga,31,Real Madrid,37,Valencia,31,Real Madrid,1,Mariano_24_RM,,,,,0,0.000401409,0.000227644,0.0,0.0,147
13663,2023-02-02 21:00:00,6,La Liga,31,Real Madrid,37,Valencia,31,Real Madrid,1,Nacho_6_RM,,,,,98,0.00147031,0.000367155,0.0,0.0,5214
13663,2023-02-02 21:00:00,6,La Liga,31,Real Madrid,37,Valencia,31,Real Madrid,1,Rodrygo_11_RM,65.0,,leading,,33,0.000204649,0.000315861,0.182,0.389,9181
13663,2023-02-02 21:00:00,6,La Liga,31,Real Madrid,37,Valencia,31,Real Madrid,1,Thibaut Courtois_1_RM,,,,,98,0.000111719,-0.000758962,0.264,0.565,7657
13663,2023-02-02 21:00:00,6,La Liga,31,Real Madrid,37,Valencia,31,Real Madrid,1,Toni Kroos_8_RM,,71.0,,leading,71,0.000529318,0.000493378,0.0,0.0,5337
13663,2023-02-02 21:00:00,6,La Liga,31,Real Madrid,37,Valencia,31,Real Madrid,1,Vinicius Júnior_7_RM,,,,,98,-0.00186706,0.000820191,0.082,0.176,9694
13663,2023-02-02 21:00:00,6,La Liga,31,Real Madrid,37,Valencia,31,Real Madrid,1,Álvaro Odriozola_16_RM,,,,,0,0.000433314,0.000172552,0.0,0.0,100
13663,2023-02-02 21:00:00,6,La Liga,31,Real Madrid,37,Valencia,31,Real Madrid,1,Éder Militão_3_RM,,36.0,,level,36,0.000207186,0.000444794,0.264,0.565,4777
13669,2023-02-05 14:00:00,6,La Liga,201,Mallorca,31,Real Madrid,31,Real Madrid,0,Andriy Lunin_13_RM,,,,,100,0.00135314,0.00113184,0.0,0.0,4637
13669,2023-02-05 14:00:00,6,La Liga,201,Mallorca,31,Real Madrid,31,Real Madrid,0,Antonio Rüdiger_22_RM,,,,,100,0.00101494,0.000618977,0.0,0.0,10666
13669,2023-02-05 14:00:00,6,La Liga,201,Mallorca,31,Real Madrid,31,Real Madrid,0,Aurélien Tchouaméni_14_RM,,73.0,,trailing,73,-0.000603586,0.00091019,0.264,0.565,8572
13669,2023-02-05 14:00:00,6,La Liga,201,Mallorca,31,Real Madrid,31,Real Madrid,0,Dani Carvajal_2_RM,,,,,100,0.000618357,0.000728238,0.196,0.42,6003
13669,2023-02-05 14:00:00,6,La Liga,201,Mallorca,31,Real Madrid,31,Real Madrid,0,Dani Ceballos_19_RM,,73.0,,trailing,73,0.0010414,0.00086943,0.0,0.0,4606
13669,2023-02-05 14:00:00,6,La Liga,201,Mallorca,31,Real Madrid,31,Real Madrid,0,David Alaba_4_RM,73.0,,trailing,,27,0.000547684,0.000271426,0.0,0.0,3366
13669,2023-02-05 14:00:00,6,La Liga,201,Mallorca,31,Real Madrid,31,Real Madrid,0,Eduardo Camavinga_6_RM,,,,,100,0.000527662,0.000882211,0.0,0.0,7525
13669,2023-02-05 14:00:00,6,La Liga,201,Mallorca,31,Real Madrid,31,Real Madrid,0,Federico Valverde_8_RM,,66.0,,trailing,66,0.00109636,0.00134977,0.264,0.565,11707
13669,2023-02-05 14:00:00,6,La Liga,201,Mallorca,31,Real Madrid,31,Real Madrid,0,Jesús Vallejo_18_RM,,,,,0,-0.000301268,0.000142833,0.0,0.0,215
13669,2023-02-05 14:00:00,6,La Liga,201,Mallorca,31,Real Madrid,31,Real Madrid,0,Luka Modrić_10_RM,66.0,,trailing,,34,0.00146142,0.000547068,0.0,0.0,6907
13669,2023-02-05 14:00:00,6,La Liga,201,Mallorca,31,Real Madrid,31,Real Madrid,0,Marco Asensio_11_RM,,73.0,,trailing,73,0.000649671,-0.000350713,0.0,0.0,1583
13669,2023-02-05 14:00:00,6,La Liga,201,Mallorca,31,Real Madrid,31,Real Madrid,0,Mariano_24_RM,73.0,,trailing,,27,0.000401409,0.000227644,0.0,0.0,147
13669,2023-02-05 14:00:00,6,La Liga,201,Mallorca,31,Real Madrid,31,Real Madrid,0,Nacho_6_RM,,,,,100,0.00147031,0.000367155,0.0,0.0,5214
13669,2023-02-05 14:00:00,6,La Liga,201,Mallorca,31,Real Madrid,31,Real Madrid,0,Rodrygo_11_RM,,,,,100,0.000204649,0.000315861,0.182,0.389,9181
13669,2023-02-05 14:00:00,6,La Liga,201,Mallorca,31,Real Madrid,31,Real Madrid,0,Thibaut Courtois_1_RM,,,,,0,0.000111719,-0.000758962,0.264,0.565,7657
13669,2023-02-05 14:00:00,6,La Liga,201,Mallorca,31,Real Madrid,31,Real Madrid,0,Toni Kroos_8_RM,73.0,,trailing,,27,0.000529318,0.000493378,0.0,0.0,5337
13669,2023-02-05 14:00:00,6,La Liga,201,Mallorca,31,Real Madrid,31,Real Madrid,0,Vinicius Júnior_7_RM,,,,,100,-0.00186706,0.000820191,0.082,0.176,9694
13669,2023-02-05 14:00:00,6,La Liga,201,Mallorca,31,Real Madrid,31,Real Madrid,0,Álvaro Odriozola_16_RM,,,,,0,0.000433314,0.000172552,0.0,0.0,100
13672,2023-02-05 21:00:00,6,La Liga,30,Barcelona,32,Sevilla,30,Barcelona,1,Alejandro Balde_3_B,84.0,,leading,,9,0.00209699,0.000618303,0.0,0.0,7371
13672,2023-02-05 21:00:00,6,La Liga,30,Barcelona,32,Sevilla,30,Barcelona,1,Andreas Christensen_15_B,,,,,93,-0.000657376,0.000304607,0.172,0.304,4789
13672,2023-02-05 21:00:00,6,La Liga,30,Barcelona,32,Sevilla,30,Barcelona,1,Ansu Fati_10_B,81.0,,leading,,12,-0.000152001,0.000578713,0.0,0.0,1536
13672,2023-02-05 21:00:00,6,La Liga,30,Barcelona,32,Sevilla,30,Barcelona,1,Eric García_24_B,,,,,0,0.00269696,0.00108346,0.082,0.145,3325
13672,2023-02-05 21:00:00,6,La Liga,30,Barcelona,32,Sevilla,30,Barcelona,1,Ferrán Torres_7_B,85.0,,leading,,8,0.000824349,-0.000703702,0.18,0.318,5186
13672,2023-02-05 21:00:00,6,La Liga,30,Barcelona,32,Sevilla,30,Barcelona,1,Franck Kessié_19_B,8.0,,level,,85,-0.00061221,0.000181105,0.0,0.0,1357
13672,2023-02-05 21:00:00,6,La Liga,30,Barcelona,32,Sevilla,30,Barcelona,1,Frenkie de Jong_21_B,,,,,93,0.00304554,-0.000291865,0.736,1.0,7300
13672,2023-02-05 21:00:00,6,La Liga,30,Barcelona,32,Sevilla,30,Barcelona,1,Gavi_6_B,,81.0,,leading,81,0.00196965,0.00152903,0.0,0.0,5150
13672,2023-02-05 21:00:00,6,La Liga,30,Barcelona,32,Sevilla,30,Barcelona,1,Iñaki Peña_13_B,,,,,0,0.001789,-0.000771425,0.0,0.0,3754
13672,2023-02-05 21:00:00,6,La Liga,30,Barcelona,32,Sevilla,30,Barcelona,1,Jordi Alba_18_B,,84.0,,leading,84,-0.00033338,4.05815e-05,0.0,0.0,1068
13672,2023-02-05 21:00:00,6,La Liga,30,Barcelona,32,Sevilla,30,Barcelona,1,Jules Koundé_23_B,,,,,93,0.00223783,0.00075356,0.736,1.0,11254
13672,2023-02-05 21:00:00,6,La Liga,30,Barcelona,32,Sevilla,30,Barcelona,1,Marc-André ter Stegen_1_B,,,,,93,-0.000183835,0.000794651,0.0,0.0,6921
13672,2023-02-05 21:00:00,6,La Liga,30,Barcelona,32,Sevilla,30,Barcelona,1,Marcos Alonso_17_B,81.0,,leading,,12,-9.54486e-05,8.02717e-05,0.0,0.0,1526
13672,2023-02-05 21:00:00,6,La Liga,30,Barcelona,32,Sevilla,30,Barcelona,1,Pedri_8_B,,,,,93,-0.000452767,-0.000759786,0.736,1.0,7907
13672,2023-02-05 21:00:00,6,La Liga,30,Barcelona,32,Sevilla,30,Barcelona,1,Raphinha_11_B,,85.0,,leading,85,0.00131215,0.000402672,0.736,1.0,8931
13672,2023-02-05 21:00:00,6,La Liga,30,Barcelona,32,Sevilla,30,Barcelona,1,Robert Lewandowski_9_B,,,,,93,-0.00130583,0.000914094,0.564,0.999,10145
13672,2023-02-05 21:00:00,6,La Liga,30,Barcelona,32,Sevilla,30,Barcelona,1,Ronald Araújo_4_B,,81.0,,leading,81,0.00016609,0.000959492,0.736,1.0,6661
13672,2023-02-05 21:00:00,6,La Liga,30,Barcelona,32,Sevilla,30,Barcelona,1,Sergi Roberto_20_B,,,,,0,0.000651913,-0.000120976,0.0,0.0,2493
13672,2023-02-05 21:00:00,6,La Liga,30,Barcelona,32,Sevilla,30,Barcelona,1,Sergio Busquets_5_B,,8.0,,level,8,-5.03842e-06,0.00010408,0.0,0.0,2008
13672,2023-02-05 21:00:00,6,La Liga,30,Barcelona,32,Sevilla,30,Barcelona,1,Ángel Alarcón_38_B,,,,,0,-0.000108164,-3.65868e-06,0.0,0.0,44
13681,2023-02-12 21:00:00,6,La Liga,23,Villarreal,30,Barcelona,30,Barcelona,0,Alejandro Balde_3_B,,,,,94,0.00209699,0.000618303,0.0,0.0,7371
13681,2023-02-12 21:00:00,6,La Liga,23,Villarreal,30,Barcelona,30,Barcelona,0,Andreas Christensen_15_B,,,,,94,-0.000657376,0.000304607,0.172,0.304,4789
13681,2023-02-12 21:00:00,6,La Liga,23,Villarreal,30,Barcelona,30,Barcelona,0,Ansu Fati_10_B,,,,,0,-0.000152001,0.000578713,0.0,0.0,1536
13681,2023-02-12 21:00:00,6,La Liga,23,Villarreal,30,Barcelona,30,Barcelona,0,Eric García_24_B,,,,,0,0.00269696,0.00108346,0.082,0.145,3325
13681,2023-02-12 21:00:00,6,La Liga,23,Villarreal,30,Barcelona,30,Barcelona,0,Ferrán Torres_7_B,82.0,,leading,,12,0.000824349,-0.000703702,0.18,0.318,5186
13681,2023-02-12 21:00:00,6,La Liga,23,Villarreal,30,Barcelona,30,Barcelona,0,Franck Kessié_19_B,,90.0,,leading,90,-0.00061221,0.000181105,0.0,0.0,1357
13681,2023-02-12 21:00:00,6,La Liga,23,Villarreal,30,Barcelona,30,Barcelona,0,Frenkie de Jong_21_B,,,,,94,0.00304554,-0.000291865,0.736,1.0,7300
13681,2023-02-12 21:00:00,6,La Liga,23,Villarreal,30,Barcelona,30,Barcelona,0,Gavi_6_B,,,,,94,0.00196965,0.00152903,0.0,0.0,5150
13681,2023-02-12 21:00:00,6,La Liga,23,Villarreal,30,Barcelona,30,Barcelona,0,Iñaki Peña_13_B,,,,,0,0.001789,-0.000771425,0.0,0.0,3754
13681,2023-02-12 21:00:00,6,La Liga,23,Villarreal,30,Barcelona,30,Barcelona,0,Jordi Alba_18_B,90.0,,leading,,4,-0.00033338,4.05815e-05,0.0,0.0,1068
13681,2023-02-12 21:00:00,6,La Liga,23,Villarreal,30,Barcelona,30,Barcelona,0,Jules Koundé_23_B,,,,,94,0.00223783,0.00075356,0.736,1.0,11254
13681,2023-02-12 21:00:00,6,La Liga,23,Villarreal,30,Barcelona,30,Barcelona,0,Marc-André ter Stegen_1_B,,,,,94,-0.000183835,0.000794651,0.0,0.0,6921
13681,2023-02-12 21:00:00,6,La Liga,23,Villarreal,30,Barcelona,30,Barcelona,0,Marcos Alonso_17_B,,,,,0,-9.54486e-05,8.02717e-05,0.0,0.0,1526
13681,2023-02-12 21:00:00,6,La Liga,23,Villarreal,30,Barcelona,30,Barcelona,0,Pablo Torre_14_B,,,,,0,0.000269459,-0.000418288,0.0,0.0,690
13681,2023-02-12 21:00:00,6,La Liga,23,Villarreal,30,Barcelona,30,Barcelona,0,Pedri_8_B,,,,,94,-0.000452767,-0.000759786,0.736,1.0,7907
13681,2023-02-12 21:00:00,6,La Liga,23,Villarreal,30,Barcelona,30,Barcelona,0,Raphinha_11_B,,82.0,,leading,82,0.00131215,0.000402672,0.736,1.0,8931
13681,2023-02-12 21:00:00,6,La Liga,23,Villarreal,30,Barcelona,30,Barcelona,0,Robert Lewandowski_9_B,,,,,94,-0.00130583,0.000914094,0.564,0.999,10145
13681,2023-02-12 21:00:00,6,La Liga,23,Villarreal,30,Barcelona,30,Barcelona,0,Ronald Araújo_4_B,,,,,94,0.00016609,0.000959492,0.736,1.0,6661
13681,2023-02-12 21:00:00,6,La Liga,23,Villarreal,30,Barcelona,30,Barcelona,0,Sergi Roberto_20_B,,,,,0,0.000651913,-0.000120976,0.0,0.0,2493
13681,2023-02-12 21:00:00,6,La Liga,23,Villarreal,30,Barcelona,30,Barcelona,0,Ángel Alarcón_38_B,,,,,0,-0.000108164,-3.65868e-06,0.0,0.0,44
13683,2023-02-15 21:00:00,6,La Liga,31,Real Madrid,28,Equipo histórico 28,31,Real Madrid,1,Andriy Lunin_13_RM,,,,,93,0.00135314,0.00113184,0.0,0.0,4637
13683,2023-02-15 21:00:00,6,La Liga,31,Real Madrid,28,Equipo histórico 28,31,Real Madrid,1,Antonio Rüdiger_22_RM,,,,,0,0.00101494,0.000618977,0.0,0.0,10666
13683,2023-02-15 21:00:00,6,La Liga,31,Real Madrid,28,Equipo histórico 28,31,Real Madrid,1,Aurélien Tchouaméni_14_RM,69.0,,leading,,24,-0.000603586,0.00091019,0.264,0.565,8572
13683,2023-02-15 21:00:00,6,La Liga,31,Real Madrid,28,Equipo histórico 28,31,Real Madrid,1,Dani Carvajal_2_RM,,69.0,,leading,69,0.000618357,0.000728238,0.196,0.42,6003
13683,2023-02-15 21:00:00,6,La Liga,31,Real Madrid,28,Equipo histórico 28,31,Real Madrid,1,Dani Ceballos_19_RM,,69.0,,leading,69,0.0010414,0.00086943,0.0,0.0,4606
13683,2023-02-15 21:00:00,6,La Liga,31,Real Madrid,28,Equipo histórico 28,31,Real Madrid,1,David Alaba_4_RM,,,,,93,0.000547684,0.000271426,0.0,0.0,3366
13683,2023-02-15 21:00:00,6,La Liga,31,Real Madrid,28,Equipo histórico 28,31,Real Madrid,1,Eduardo Camavinga_6_RM,,,,,93,0.000527662,0.000882211,0.0,0.0,7525
13683,2023-02-15 21:00:00,6,La Liga,31,Real Madrid,28,Equipo histórico 28,31,Real Madrid,1,Federico Valverde_8_RM,,69.0,,leading,69,0.00109636,0.00134977,0.264,0.565,11707
13683,2023-02-15 21:00:00,6,La Liga,31,Real Madrid,28,Equipo histórico 28,31,Real Madrid,1,Jesús Vallejo_18_RM,,,,,0,-0.000301268,0.000142833,0.0,0.0,215
13683,2023-02-15 21:00:00,6,La Liga,31,Real Madrid,28,Equipo histórico 28,31,Real Madrid,1,Karim Benzema_9_RM,,79.0,,leading,79,0.000363719,6.02898e-05,0.0,0.0,2479
13683,2023-02-15 21:00:00,6,La Liga,31,Real Madrid,28,Equipo histórico 28,31,Real Madrid,1,Lucas Vázquez_17_RM,,,,,0,0.00132007,-0.000853061,0.0,0.0,6072
13683,2023-02-15 21:00:00,6,La Liga,31,Real Madrid,28,Equipo histórico 28,31,Real Madrid,1,Luka Modrić_10_RM,69.0,,leading,,24,0.00146142,0.000547068,0.0,0.0,6907
13683,2023-02-15 21:00:00,6,La Liga,31,Real Madrid,28,Equipo histórico 28,31,Real Madrid,1,Marco Asensio_11_RM,,82.0,,leading,82,0.000649671,-0.000350713,0.0,0.0,1583
13683,2023-02-15 21:00:00,6,La Liga,31,Real Madrid,28,Equipo histórico 28,31,Real Madrid,1,Mariano_24_RM,79.0,,leading,,14,0.000401409,0.000227644,0.0,0.0,147
13683,2023-02-15 21:00:00,6,La Liga,31,Real Madrid,28,Equipo histórico 28,31,Real Madrid,1,Nacho_6_RM,,,,,93,0.00147031,0.000367155,0.0,0.0,5214
13683,2023-02-15 21:00:00,6,La Liga,31,Real Madrid,28,Equipo histórico 28,31,Real Madrid,1,Rodrygo_11_RM,,,,,93,0.000204649,0.000315861,0.182,0.389,9181
13683,2023-02-15 21:00:00,6,La Liga,31,Real Madrid,28,Equipo histórico 28,31,Real Madrid,1,Sergio Arribas_33_RM,82.0,,leading,,11,0.000472005,-3.60824e-05,0.0,0.0,31
13683,2023-02-15 21:00:00,6,La Liga,31,Real Madrid,28,Equipo histórico 28,31,Real Madrid,1,Álvaro Odriozola_16_RM,69.0,,leading,,24,0.000433314,0.000172552,0.0,0.0,100
13683,2023-02-15 21:00:00,6,La Liga,31,Real Madrid,28,Equipo histórico 28,31,Real Madrid,1,Éder Militão_3_RM,,,,,93,0.000207186,0.000444794,0.264,0.565,4777
17970,2023-02-16 18:45:00,14,Europa League,30,Barcelona,10,Manchester Utd,30,Barcelona,1,Alejandro Balde_3_B,,,,,24,0.00209699,0.000618303,0.0,0.0,7371
17970,2023-02-16 18:45:00,14,Europa League,30,Barcelona,10,Manchester Utd,30,Barcelona,1,Andreas Christensen_15_B,,,,,24,-0.000657376,0.000304607,0.172,0.304,4789
17970,2023-02-16 18:45:00,14,Europa League,30,Barcelona,10,Manchester Utd,30,Barcelona,1,Ansu Fati_10_B,,,,,24,-0.000152001,0.000578713,0.0,0.0,1536
17970,2023-02-16 18:45:00,14,Europa League,30,Barcelona,10,Manchester Utd,30,Barcelona,1,Eric García_24_B,,,,,0,0.00269696,0.00108346,0.082,0.145,3325
17970,2023-02-16 18:45:00,14,Europa League,30,Barcelona,10,Manchester Utd,30,Barcelona,1,Ferrán Torres_7_B,,,,,8,0.000824349,-0.000703702,0.18,0.318,5186
17970,2023-02-16 18:45:00,14,Europa League,30,Barcelona,10,Manchester Utd,30,Barcelona,1,Franck Kessié_19_B,,,,,66,-0.00061221,0.000181105,0.0,0.0,1357
17970,2023-02-16 18:45:00,14,Europa League,30,Barcelona,10,Manchester Utd,30,Barcelona,1,Frenkie de Jong_21_B,,,,,90,0.00304554,-0.000291865,0.736,1.0,7300
17970,2023-02-16 18:45:00,14,Europa League,30,Barcelona,10,Manchester Utd,30,Barcelona,1,Gavi_6_B,,,,,90,0.00196965,0.00152903,0.0,0.0,5150
17970,2023-02-16 18:45:00,14,Europa League,30,Barcelona,10,Manchester Utd,30,Barcelona,1,Jordi Alba_18_B,,,,,66,-0.00033338,4.05815e-05,0.0,0.0,1068
17970,2023-02-16 18:45:00,14,Europa League,30,Barcelona,10,Manchester Utd,30,Barcelona,1,Jules Koundé_23_B,,,,,90,0.00223783,0.00075356,0.736,1.0,11254
17970,2023-02-16 18:45:00,14,Europa League,30,Barcelona,10,Manchester Utd,30,Barcelona,1,Marc-André ter Stegen_1_B,,,,,90,-0.000183835,0.000794651,0.0,0.0,6921
17970,2023-02-16 18:45:00,14,Europa League,30,Barcelona,10,Manchester Utd,30,Barcelona,1,Marcos Alonso_17_B,,,,,66,-9.54486e-05,8.02717e-05,0.0,0.0,1526
17970,2023-02-16 18:45:00,14,Europa League,30,Barcelona,10,Manchester Utd,30,Barcelona,1,Pablo Torre_14_B,,,,,0,0.000269459,-0.000418288,0.0,0.0,690
17970,2023-02-16 18:45:00,14,Europa League,30,Barcelona,10,Manchester Utd,30,Barcelona,1,Pedri_8_B,,,,,40,-0.000452767,-0.000759786,0.736,1.0,7907
17970,2023-02-16 18:45:00,14,Europa League,30,Barcelona,10,Manchester Utd,30,Barcelona,1,Raphinha_11_B,,,,,82,0.00131215,0.000402672,0.736,1.0,8931
17970,2023-02-16 18:45:00,14,Europa League,30,Barcelona,10,Manchester Utd,30,Barcelona,1,Robert Lewandowski_9_B,,,,,90,-0.00130583,0.000914094,0.564,0.999,10145
17970,2023-02-16 18:45:00,14,Europa League,30,Barcelona,10,Manchester Utd,30,Barcelona,1,Ronald Araújo_4_B,,,,,90,0.00016609,0.000959492,0.736,1.0,6661
17970,2023-02-16 18:45:00,14,Europa League,30,Barcelona,10,Manchester Utd,30,Barcelona,1,Sergi Roberto_20_B,,,,,50,0.000651913,-0.000120976,0.0,0.0,2493
17970,2023-02-16 18:45:00,14,Europa League,30,Barcelona,10,Manchester Utd,30,Barcelona,1,Ángel Alarcón_38_B,,,,,0,-0.000108164,-3.65868e-06,0.0,0.0,44
13688,2023-02-18 21:00:00,6,La Liga,29,Osasuna,31,Real Madrid,31,Real Madrid,0,Andriy Lunin_13_RM,,,,,0,0.00135314,0.00113184,0.0,0.0,4637
13688,2023-02-18 21:00:00,6,La Liga,29,Osasuna,31,Real Madrid,31,Real Madrid,0,Antonio Rüdiger_22_RM,,,,,95,0.00101494,0.000618977,0.0,0.0,10666
13688,2023-02-18 21:00:00,6,La Liga,29,Osasuna,31,Real Madrid,31,Real Madrid,0,Dani Carvajal_2_RM,79.0,,leading,,16,0.000618357,0.000728238,0.196,0.42,6003
13688,2023-02-18 21:00:00,6,La Liga,29,Osasuna,31,Real Madrid,31,Real Madrid,0,Dani Ceballos_19_RM,,69.0,,level,69,0.0010414,0.00086943,0.0,0.0,4606
13688,2023-02-18 21:00:00,6,La Liga,29,Osasuna,31,Real Madrid,31,Real Madrid,0,David Alaba_4_RM,,,,,95,0.000547684,0.000271426,0.0,0.0,3366
13688,2023-02-18 21:00:00,6,La Liga,29,Osasuna,31,Real Madrid,31,Real Madrid,0,Eden Hazard_7_RM,,,,,0,0.000435517,5.95349e-05,0.0,0.0,168
13688,2023-02-18 21:00:00,6,La Liga,29,Osasuna,31,Real Madrid,31,Real Madrid,0,Eduardo Camavinga_6_RM,,,,,95,0.000527662,0.000882211,0.0,0.0,7525
13688,2023-02-18 21:00:00,6,La Liga,29,Osasuna,31,Real Madrid,31,Real Madrid,0,Federico Valverde_8_RM,,,,,95,0.00109636,0.00134977,0.264,0.565,11707
13688,2023-02-18 21:00:00,6,La Liga,29,Osasuna,31,Real Madrid,31,Real Madrid,0,Jesús Vallejo_18_RM,,,,,0,-0.000301268,0.000142833,0.0,0.0,215
13688,2023-02-18 21:00:00,6,La Liga,29,Osasuna,31,Real Madrid,31,Real Madrid,0,Lucas Vázquez_17_RM,,,,,0,0.00132007,-0.000853061,0.0,0.0,6072
13688,2023-02-18 21:00:00,6,La Liga,29,Osasuna,31,Real Madrid,31,Real Madrid,0,Luka Modrić_10_RM,,,,,95,0.00146142,0.000547068,0.0,0.0,6907
13688,2023-02-18 21:00:00,6,La Liga,29,Osasuna,31,Real Madrid,31,Real Madrid,0,Marco Asensio_11_RM,69.0,,level,,26,0.000649671,-0.000350713,0.0,0.0,1583
13688,2023-02-18 21:00:00,6,La Liga,29,Osasuna,31,Real Madrid,31,Real Madrid,0,Nacho_6_RM,,79.0,,leading,79,0.00147031,0.000367155,0.0,0.0,5214
13688,2023-02-18 21:00:00,6,La Liga,29,Osasuna,31,Real Madrid,31,Real Madrid,0,Rodrygo_11_RM,,91.0,,leading,91,0.000204649,0.000315861,0.182,0.389,9181
13688,2023-02-18 21:00:00,6,La Liga,29,Osasuna,31,Real Madrid,31,Real Madrid,0,Thibaut Courtois_1_RM,,,,,95,0.000111719,-0.000758962,0.264,0.565,7657
13688,2023-02-18 21:00:00,6,La Liga,29,Osasuna,31,Real Madrid,31,Real Madrid,0,Vinicius Júnior_7_RM,,,,,95,-0.00186706,0.000820191,0.082,0.176,9694
13688,2023-02-18 21:00:00,6,La Liga,29,Osasuna,31,Real Madrid,31,Real Madrid,0,Álvaro Odriozola_16_RM,,,,,0,0.000433314,0.000172552,0.0,0.0,100
13688,2023-02-18 21:00:00,6,La Liga,29,Osasuna,31,Real Madrid,31,Real Madrid,0,Álvaro Rodríguez_29_RM,91.0,,leading,,4,-0.000543337,0.00019577,0.0,0.0,139
13688,2023-02-18 21:00:00,6,La Liga,29,Osasuna,31,Real Madrid,31,Real Madrid,0,Éder Militão_3_RM,,,,,95,0.000207186,0.000444794,0.264,0.565,4777
13692,2023-02-19 21:00:00,6,La Liga,30,Barcelona,21,Equipo histórico 21,30,Barcelona,1,Alejandro Balde_3_B,,,,,91,0.00209699,0.000618303,0.0,0.0,7371
13692,2023-02-19 21:00:00,6,La Liga,30,Barcelona,21,Equipo histórico 21,30,Barcelona,1,Andreas Christensen_15_B,,,,,91,-0.000657376,0.000304607,0.172,0.304,4789
13692,2023-02-19 21:00:00,6,La Liga,30,Barcelona,21,Equipo histórico 21,30,Barcelona,1,Ansu Fati_10_B,,87.0,,leading,87,-0.000152001,0.000578713,0.0,0.0,1536
13692,2023-02-19 21:00:00,6,La Liga,30,Barcelona,21,Equipo histórico 21,30,Barcelona,1,Eric García_24_B,,,,,91,0.00269696,0.00108346,0.082,0.145,3325
13692,2023-02-19 21:00:00,6,La Liga,30,Barcelona,21,Equipo histórico 21,30,Barcelona,1,Ferrán Torres_7_B,,,,,91,0.000824349,-0.000703702,0.18,0.318,5186
13692,2023-02-19 21:00:00,6,La Liga,30,Barcelona,21,Equipo histórico 21,30,Barcelona,1,Franck Kessié_19_B,70.0,,leading,,21,-0.00061221,0.000181105,0.0,0.0,1357
13692,2023-02-19 21:00:00,6,La Liga,30,Barcelona,21,Equipo histórico 21,30,Barcelona,1,Frenkie de Jong_21_B,,70.0,,leading,70,0.00304554,-0.000291865,0.736,1.0,7300
13692,2023-02-19 21:00:00,6,La Liga,30,Barcelona,21,Equipo histórico 21,30,Barcelona,1,Gavi_6_B,,,,,91,0.00196965,0.00152903,0.0,0.0,5150
13692,2023-02-19 21:00:00,6,La Liga,30,Barcelona,21,Equipo histórico 21,30,Barcelona,1,Iñaki Peña_13_B,,,,,0,0.001789,-0.000771425,0.0,0.0,3754
13692,2023-02-19 21:00:00,6,La Liga,30,Barcelona,21,Equipo histórico 21,30,Barcelona,1,Jordi Alba_18_B,,,,,0,-0.00033338,4.05815e-05,0.0,0.0,1068
13692,2023-02-19 21:00:00,6,La Liga,30,Barcelona,21,Equipo histórico 21,30,Barcelona,1,Jules Koundé_23_B,,,,,91,0.00223783,0.00075356,0.736,1.0,11254
13692,2023-02-19 21:00:00,6,La Liga,30,Barcelona,21,Equipo histórico 21,30,Barcelona,1,Marc-André ter Stegen_1_B,,,,,91,-0.000183835,0.000794651,0.0,0.0,6921
13692,2023-02-19 21:00:00,6,La Liga,30,Barcelona,21,Equipo histórico 21,30,Barcelona,1,Marcos Alonso_17_B,,,,,0,-9.54486e-05,8.02717e-05,0.0,0.0,1526
13692,2023-02-19 21:00:00,6,La Liga,30,Barcelona,21,Equipo histórico 21,30,Barcelona,1,Pablo Torre_14_B,,,,,0,0.000269459,-0.000418288,0.0,0.0,690
13692,2023-02-19 21:00:00,6,La Liga,30,Barcelona,21,Equipo histórico 21,30,Barcelona,1,Raphinha_11_B,75.0,,leading,,16,0.00131215,0.000402672,0.736,1.0,8931
13692,2023-02-19 21:00:00,6,La Liga,30,Barcelona,21,Equipo histórico 21,30,Barcelona,1,Robert Lewandowski_9_B,,75.0,,leading,75,-0.00130583,0.000914094,0.564,0.999,10145
13692,2023-02-19 21:00:00,6,La Liga,30,Barcelona,21,Equipo histórico 21,30,Barcelona,1,Sergi Roberto_20_B,,,,,91,0.000651913,-0.000120976,0.0,0.0,2493
13692,2023-02-19 21:00:00,6,La Liga,30,Barcelona,21,Equipo histórico 21,30,Barcelona,1,Sergio Busquets_5_B,,,,,0,-5.03842e-06,0.00010408,0.0,0.0,2008
13692,2023-02-19 21:00:00,6,La Liga,30,Barcelona,21,Equipo histórico 21,30,Barcelona,1,Ángel Alarcón_38_B,87.0,,leading,,4,-0.000108164,-3.65868e-06,0.0,0.0,44
17636,2023-02-21 20:00:00,13,Champions League,3,Liverpool,31,Real Madrid,31,Real Madrid,0,Andriy Lunin_13_RM,,,,,0,0.00135314,0.00113184,0.0,0.0,4637
17636,2023-02-21 20:00:00,13,Champions League,3,Liverpool,31,Real Madrid,31,Real Madrid,0,Antonio Rüdiger_22_RM,,,,,90,0.00101494,0.000618977,0.0,0.0,10666
17636,2023-02-21 20:00:00,13,Champions League,3,Liverpool,31,Real Madrid,31,Real Madrid,0,Dani Carvajal_2_RM,,,,,90,0.000618357,0.000728238,0.196,0.42,6003
17636,2023-02-21 20:00:00,13,Champions League,3,Liverpool,31,Real Madrid,31,Real Madrid,0,Dani Ceballos_19_RM,,,,,10,0.0010414,0.00086943,0.0,0.0,4606
17636,2023-02-21 20:00:00,13,Champions League,3,Liverpool,31,Real Madrid,31,Real Madrid,0,David Alaba_4_RM,,,,,26,0.000547684,0.000271426,0.0,0.0,3366
17636,2023-02-21 20:00:00,13,Champions League,3,Liverpool,31,Real Madrid,31,Real Madrid,0,Eden Hazard_7_RM,,,,,0,0.000435517,5.95349e-05,0.0,0.0,168
17636,2023-02-21 20:00:00,13,Champions League,3,Liverpool,31,Real Madrid,31,Real Madrid,0,Eduardo Camavinga_6_RM,,,,,90,0.000527662,0.000882211,0.0,0.0,7525
17636,2023-02-21 20:00:00,13,Champions League,3,Liverpool,31,Real Madrid,31,Real Madrid,0,Federico Valverde_8_RM,,,,,90,0.00109636,0.00134977,0.264,0.565,11707
17636,2023-02-21 20:00:00,13,Champions League,3,Liverpool,31,Real Madrid,31,Real Madrid,0,Jesús Vallejo_18_RM,,,,,0,-0.000301268,0.000142833,0.0,0.0,215
17636,2023-02-21 20:00:00,13,Champions League,3,Liverpool,31,Real Madrid,31,Real Madrid,0,Karim Benzema_9_RM,,,,,86,0.000363719,6.02898e-05,0.0,0.0,2479
17636,2023-02-21 20:00:00,13,Champions League,3,Liverpool,31,Real Madrid,31,Real Madrid,0,Lucas Vázquez_17_RM,,,,,0,0.00132007,-0.000853061,0.0,0.0,6072
17636,2023-02-21 20:00:00,13,Champions League,3,Liverpool,31,Real Madrid,31,Real Madrid,0,Luka Modrić_10_RM,,,,,86,0.00146142,0.000547068,0.0,0.0,6907
17636,2023-02-21 20:00:00,13,Champions League,3,Liverpool,31,Real Madrid,31,Real Madrid,0,Marco Asensio_11_RM,,,,,4,0.000649671,-0.000350713,0.0,0.0,1583
17636,2023-02-21 20:00:00,13,Champions League,3,Liverpool,31,Real Madrid,31,Real Madrid,0,Nacho_6_RM,,,,,64,0.00147031,0.000367155,0.0,0.0,5214
17636,2023-02-21 20:00:00,13,Champions League,3,Liverpool,31,Real Madrid,31,Real Madrid,0,Rodrygo_11_RM,,,,,80,0.000204649,0.000315861,0.182,0.389,9181
17636,2023-02-21 20:00:00,13,Champions League,3,Liverpool,31,Real Madrid,31,Real Madrid,0,Sergio Arribas_33_RM,,,,,0,0.000472005,-3.60824e-05,0.0,0.0,31
17636,2023-02-21 20:00:00,13,Champions League,3,Liverpool,31,Real Madrid,31,Real Madrid,0,Thibaut Courtois_1_RM,,,,,90,0.000111719,-0.000758962,0.264,0.565,7657
17636,2023-02-21 20:00:00,13,Champions League,3,Liverpool,31,Real Madrid,31,Real Madrid,0,Toni Kroos_8_RM,,,,,4,0.000529318,0.000493378,0.0,0.0,5337
17636,2023-02-21 20:00:00,13,Champions League,3,Liverpool,31,Real Madrid,31,Real Madrid,0,Vinicius Júnior_7_RM,,,,,90,-0.00186706,0.000820191,0.082,0.176,9694
17636,2023-02-21 20:00:00,13,Champions League,3,Liverpool,31,Real Madrid,31,Real Madrid,0,Álvaro Odriozola_16_RM,,,,,0,0.000433314,0.000172552,0.0,0.0,100
17636,2023-02-21 20:00:00,13,Champions League,3,Liverpool,31,Real Madrid,31,Real Madrid,0,Álvaro Rodríguez_29_RM,,,,,0,-0.000543337,0.00019577,0.0,0.0,139
17636,2023-02-21 20:00:00,13,Champions League,3,Liverpool,31,Real Madrid,31,Real Madrid,0,Éder Militão_3_RM,,,,,90,0.000207186,0.000444794,0.264,0.565,4777
17980,2023-02-23 20:00:00,14,Europa League,10,Manchester Utd,30,Barcelona,30,Barcelona,0,Alejandro Balde_3_B,,,,,90,0.00209699,0.000618303,0.0,0.0,7371
17980,2023-02-23 20:00:00,14,Europa League,10,Manchester Utd,30,Barcelona,30,Barcelona,0,Andreas Christensen_15_B,,,,,90,-0.000657376,0.000304607,0.172,0.304,4789
17980,2023-02-23 20:00:00,14,Europa League,10,Manchester Utd,30,Barcelona,30,Barcelona,0,Ansu Fati_10_B,,,,,16,-0.000152001,0.000578713,0.0,0.0,1536
17980,2023-02-23 20:00:00,14,Europa League,10,Manchester Utd,30,Barcelona,30,Barcelona,0,Eric García_24_B,,,,,0,0.00269696,0.00108346,0.082,0.145,3325
17980,2023-02-23 20:00:00,14,Europa League,10,Manchester Utd,30,Barcelona,30,Barcelona,0,Ferrán Torres_7_B,,,,,21,0.000824349,-0.000703702,0.18,0.318,5186
17980,2023-02-23 20:00:00,14,Europa League,10,Manchester Utd,30,Barcelona,30,Barcelona,0,Franck Kessié_19_B,,,,,90,-0.00061221,0.000181105,0.0,0.0,1357
17980,2023-02-23 20:00:00,14,Europa League,10,Manchester Utd,30,Barcelona,30,Barcelona,0,Frenkie de Jong_21_B,,,,,90,0.00304554,-0.000291865,0.736,1.0,7300
17980,2023-02-23 20:00:00,14,Europa League,10,Manchester Utd,30,Barcelona,30,Barcelona,0,Jordi Alba_18_B,,,,,0,-0.00033338,4.05815e-05,0.0,0.0,1068
17980,2023-02-23 20:00:00,14,Europa League,10,Manchester Utd,30,Barcelona,30,Barcelona,0,Jules Koundé_23_B,,,,,90,0.00223783,0.00075356,0.736,1.0,11254
17980,2023-02-23 20:00:00,14,Europa League,10,Manchester Utd,30,Barcelona,30,Barcelona,0,Marc-André ter Stegen_1_B,,,,,90,-0.000183835,0.000794651,0.0,0.0,6921
17980,2023-02-23 20:00:00,14,Europa League,10,Manchester Utd,30,Barcelona,30,Barcelona,0,Marcos Alonso_17_B,,,,,9,-9.54486e-05,8.02717e-05,0.0,0.0,1526
17980,2023-02-23 20:00:00,14,Europa League,10,Manchester Utd,30,Barcelona,30,Barcelona,0,Pablo Torre_14_B,,,,,0,0.000269459,-0.000418288,0.0,0.0,690
17980,2023-02-23 20:00:00,14,Europa League,10,Manchester Utd,30,Barcelona,30,Barcelona,0,Raphinha_11_B,,,,,74,0.00131215,0.000402672,0.736,1.0,8931
17980,2023-02-23 20:00:00,14,Europa League,10,Manchester Utd,30,Barcelona,30,Barcelona,0,Robert Lewandowski_9_B,,,,,90,-0.00130583,0.000914094,0.564,0.999,10145
17980,2023-02-23 20:00:00,14,Europa League,10,Manchester Utd,30,Barcelona,30,Barcelona,0,Ronald Araújo_4_B,,,,,81,0.00016609,0.000959492,0.736,1.0,6661
17980,2023-02-23 20:00:00,14,Europa League,10,Manchester Utd,30,Barcelona,30,Barcelona,0,Sergi Roberto_20_B,,,,,69,0.000651913,-0.000120976,0.0,0.0,2493
17980,2023-02-23 20:00:00,14,Europa League,10,Manchester Utd,30,Barcelona,30,Barcelona,0,Sergio Busquets_5_B,,,,,90,-5.03842e-06,0.00010408,0.0,0.0,2008
13697,2023-02-25 18:30:00,6,La Liga,31,Real Madrid,39,Atlético Madrid,31,Real Madrid,1,Andriy Lunin_13_RM,,,,,0,0.00135314,0.00113184,0.0,0.0,4637
13697,2023-02-25 18:30:00,6,La Liga,31,Real Madrid,39,Atlético Madrid,31,Real Madrid,1,Antonio Rüdiger_22_RM,,,,,90,0.00101494,0.000618977,0.0,0.0,10666
13697,2023-02-25 18:30:00,6,La Liga,31,Real Madrid,39,Atlético Madrid,31,Real Madrid,1,Aurélien Tchouaméni_14_RM,63.0,,level,,27,-0.000603586,0.00091019,0.264,0.565,8572
13697,2023-02-25 18:30:00,6,La Liga,31,Real Madrid,39,Atlético Madrid,31,Real Madrid,1,Dani Carvajal_2_RM,,83.0,,trailing,83,0.000618357,0.000728238,0.196,0.42,6003
13697,2023-02-25 18:30:00,6,La Liga,31,Real Madrid,39,Atlético Madrid,31,Real Madrid,1,Dani Ceballos_19_RM,,63.0,,level,63,0.0010414,0.00086943,0.0,0.0,4606
13697,2023-02-25 18:30:00,6,La Liga,31,Real Madrid,39,Atlético Madrid,31,Real Madrid,1,Eden Hazard_7_RM,,,,,0,0.000435517,5.95349e-05,0.0,0.0,168
13697,2023-02-25 18:30:00,6,La Liga,31,Real Madrid,39,Atlético Madrid,31,Real Madrid,1,Eduardo Camavinga_6_RM,63.0,,level,,27,0.000527662,0.000882211,0.0,0.0,7525
13697,2023-02-25 18:30:00,6,La Liga,31,Real Madrid,39,Atlético Madrid,31,Real Madrid,1,Federico Valverde_8_RM,,,,,90,0.00109636,0.00134977,0.264,0.565,11707
13697,2023-02-25 18:30:00,6,La Liga,31,Real Madrid,39,Atlético Madrid,31,Real Madrid,1,Jesús Vallejo_18_RM,,,,,0,-0.000301268,0.000142833,0.0,0.0,215
13697,2023-02-25 18:30:00,6,La Liga,31,Real Madrid,39,Atlético Madrid,31,Real Madrid,1,Karim Benzema_9_RM,,,,,90,0.000363719,6.02898e-05,0.0,0.0,2479
13697,2023-02-25 18:30:00,6,La Liga,31,Real Madrid,39,Atlético Madrid,31,Real Madrid,1,Lucas Vázquez_17_RM,83.0,,trailing,,7,0.00132007,-0.000853061,0.0,0.0,6072
13697,2023-02-25 18:30:00,6,La Liga,31,Real Madrid,39,Atlético Madrid,31,Real Madrid,1,Luka Modrić_10_RM,63.0,,level,,27,0.00146142,0.000547068,0.0,0.0,6907
13697,2023-02-25 18:30:00,6,La Liga,31,Real Madrid,39,Atlético Madrid,31,Real Madrid,1,Marco Asensio_11_RM,,63.0,,level,63,0.000649671,-0.000350713,0.0,0.0,1583
13697,2023-02-25 18:30:00,6,La Liga,31,Real Madrid,39,Atlético Madrid,31,Real Madrid,1,Mariano_24_RM,,,,,0,0.000401409,0.000227644,0.0,0.0,147
13697,2023-02-25 18:30:00,6,La Liga,31,Real Madrid,39,Atlético Madrid,31,Real Madrid,1,Nacho_6_RM,,77.0,,level,77,0.00147031,0.000367155,0.0,0.0,5214
13697,2023-02-25 18:30:00,6,La Liga,31,Real Madrid,39,Atlético Madrid,31,Real Madrid,1,Thibaut Courtois_1_RM,,,,,90,0.000111719,-0.000758962,0.264,0.565,7657
13697,2023-02-25 18:30:00,6,La Liga,31,Real Madrid,39,Atlético Madrid,31,Real Madrid,1,Toni Kroos_8_RM,,63.0,,level,63,0.000529318,0.000493378,0.0,0.0,5337
13697,2023-02-25 18:30:00,6,La Liga,31,Real Madrid,39,Atlético Madrid,31,Real Madrid,1,Vinicius Júnior_7_RM,,,,,90,-0.00186706,0.000820191,0.082,0.176,9694
13697,2023-02-25 18:30:00,6,La Liga,31,Real Madrid,39,Atlético Madrid,31,Real Madrid,1,Álvaro Odriozola_16_RM,,,,,0,0.000433314,0.000172552,0.0,0.0,100
13697,2023-02-25 18:30:00,6,La Liga,31,Real Madrid,39,Atlético Madrid,31,Real Madrid,1,Álvaro Rodríguez_29_RM,77.0,,level,,13,-0.000543337,0.00019577,0.0,0.0,139
13697,2023-02-25 18:30:00,6,La Liga,31,Real Madrid,39,Atlético Madrid,31,Real Madrid,1,Éder Militão_3_RM,,,,,90,0.000207186,0.000444794,0.264,0.565,4777
13701,2023-02-26 18:30:00,6,La Liga,362,Equipo histórico 362,30,Barcelona,30,Barcelona,0,Alejandro Balde_3_B,,,,,0,0.00209699,0.000618303,0.0,0.0,7371
13701,2023-02-26 18:30:00,6,La Liga,362,Equipo histórico 362,30,Barcelona,30,Barcelona,0,Andreas Christensen_15_B,,,,,95,-0.000657376,0.000304607,0.172,0.304,4789
13701,2023-02-26 18:30:00,6,La Liga,362,Equipo histórico 362,30,Barcelona,30,Barcelona,0,Eric García_24_B,,67.0,,trailing,67,0.00269696,0.00108346,0.082,0.145,3325
13701,2023-02-26 18:30:00,6,La Liga,362,Equipo histórico 362,30,Barcelona,30,Barcelona,0,Ferrán Torres_7_B,,,,,95,0.000824349,-0.000703702,0.18,0.318,5186
13701,2023-02-26 18:30:00,6,La Liga,362,Equipo histórico 362,30,Barcelona,30,Barcelona,0,Franck Kessié_19_B,,46.0,,trailing,46,-0.00061221,0.000181105,0.0,0.0,1357
13701,2023-02-26 18:30:00,6,La Liga,362,Equipo histórico 362,30,Barcelona,30,Barcelona,0,Frenkie de Jong_21_B,,,,,95,0.00304554,-0.000291865,0.736,1.0,7300
13701,2023-02-26 18:30:00,6,La Liga,362,Equipo histórico 362,30,Barcelona,30,Barcelona,0,Gavi_6_B,,,,,95,0.00196965,0.00152903,0.0,0.0,5150
13701,2023-02-26 18:30:00,6,La Liga,362,Equipo histórico 362,30,Barcelona,30,Barcelona,0,Iñaki Peña_13_B,,,,,0,0.001789,-0.000771425,0.0,0.0,3754
13701,2023-02-26 18:30:00,6,La Liga,362,Equipo histórico 362,30,Barcelona,30,Barcelona,0,Jordi Alba_18_B,,67.0,,trailing,67,-0.00033338,4.05815e-05,0.0,0.0,1068
13701,2023-02-26 18:30:00,6,La Liga,362,Equipo histórico 362,30,Barcelona,30,Barcelona,0,Jules Koundé_23_B,,,,,0,0.00223783,0.00075356,0.736,1.0,11254
13701,2023-02-26 18:30:00,6,La Liga,362,Equipo histórico 362,30,Barcelona,30,Barcelona,0,Marc-André ter Stegen_1_B,,,,,95,-0.000183835,0.000794651,0.0,0.0,6921
13701,2023-02-26 18:30:00,6,La Liga,362,Equipo histórico 362,30,Barcelona,30,Barcelona,0,Marcos Alonso_17_B,67.0,,trailing,,28,-9.54486e-05,8.02717e-05,0.0,0.0,1526
13701,2023-02-26 18:30:00,6,La Liga,362,Equipo histórico 362,30,Barcelona,30,Barcelona,0,Pablo Torre_14_B,76.0,,trailing,,19,0.000269459,-0.000418288,0.0,0.0,690
13701,2023-02-26 18:30:00,6,La Liga,362,Equipo histórico 362,30,Barcelona,30,Barcelona,0,Raphinha_11_B,46.0,,trailing,,49,0.00131215,0.000402672,0.736,1.0,8931
13701,2023-02-26 18:30:00,6,La Liga,362,Equipo histórico 362,30,Barcelona,30,Barcelona,0,Robert Lewandowski_9_B,,,,,95,-0.00130583,0.000914094,0.564,0.999,10145
13701,2023-02-26 18:30:00,6,La Liga,362,Equipo histórico 362,30,Barcelona,30,Barcelona,0,Ronald Araújo_4_B,67.0,,trailing,,28,0.00016609,0.000959492,0.736,1.0,6661
13701,2023-02-26 18:30:00,6,La Liga,362,Equipo histórico 362,30,Barcelona,30,Barcelona,0,Sergi Roberto_20_B,,76.0,,trailing,76,0.000651913,-0.000120976,0.0,0.0,2493
13701,2023-02-26 18:30:00,6,La Liga,362,Equipo histórico 362,30,Barcelona,30,Barcelona,0,Sergio Busquets_5_B,,76.0,,trailing,76,-5.03842e-06,0.00010408,0.0,0.0,2008
13701,2023-02-26 18:30:00,6,La Liga,362,Equipo histórico 362,30,Barcelona,30,Barcelona,0,Ángel Alarcón_38_B,76.0,,trailing,,19,-0.000108164,-3.65868e-06,0.0,0.0,44
19394,2023-03-02 21:00:00,17,Copa del Rey,31,Real Madrid,30,Barcelona,30,Barcelona,0,Alejandro Balde_3_B,,,,,90,0.00209699,0.000618303,0.0,0.0,7371
19394,2023-03-02 21:00:00,17,Copa del Rey,31,Real Madrid,30,Barcelona,30,Barcelona,0,Andreas Christensen_15_B,,,,,0,-0.000657376,0.000304607,0.172,0.304,4789
19394,2023-03-02 21:00:00,17,Copa del Rey,31,Real Madrid,30,Barcelona,30,Barcelona,0,Ansu Fati_10_B,,,,,22,-0.000152001,0.000578713,0.0,0.0,1536
19394,2023-03-02 21:00:00,17,Copa del Rey,31,Real Madrid,30,Barcelona,30,Barcelona,0,Eric García_24_B,,,,,0,0.00269696,0.00108346,0.082,0.145,3325
19394,2023-03-02 21:00:00,17,Copa del Rey,31,Real Madrid,30,Barcelona,30,Barcelona,0,Ferrán Torres_7_B,,,,,90,0.000824349,-0.000703702,0.18,0.318,5186
19394,2023-03-02 21:00:00,17,Copa del Rey,31,Real Madrid,30,Barcelona,30,Barcelona,0,Franck Kessié_19_B,,,,,85,-0.00061221,0.000181105,0.0,0.0,1357
19394,2023-03-02 21:00:00,17,Copa del Rey,31,Real Madrid,30,Barcelona,30,Barcelona,0,Frenkie de Jong_21_B,,,,,90,0.00304554,-0.000291865,0.736,1.0,7300
19394,2023-03-02 21:00:00,17,Copa del Rey,31,Real Madrid,30,Barcelona,30,Barcelona,0,Gavi_6_B,,,,,90,0.00196965,0.00152903,0.0,0.0,5150
19394,2023-03-02 21:00:00,17,Copa del Rey,31,Real Madrid,30,Barcelona,30,Barcelona,0,Iñaki Peña_13_B,,,,,0,0.001789,-0.000771425,0.0,0.0,3754
19394,2023-03-02 21:00:00,17,Copa del Rey,31,Real Madrid,30,Barcelona,30,Barcelona,0,Jordi Alba_18_B,,,,,0,-0.00033338,4.05815e-05,0.0,0.0,1068
19394,2023-03-02 21:00:00,17,Copa del Rey,31,Real Madrid,30,Barcelona,30,Barcelona,0,Jules Koundé_23_B,,,,,90,0.00223783,0.00075356,0.736,1.0,11254
19394,2023-03-02 21:00:00,17,Copa del Rey,31,Real Madrid,30,Barcelona,30,Barcelona,0,Marc-André ter Stegen_1_B,,,,,90,-0.000183835,0.000794651,0.0,0.0,6921
19394,2023-03-02 21:00:00,17,Copa del Rey,31,Real Madrid,30,Barcelona,30,Barcelona,0,Marcos Alonso_17_B,,,,,90,-9.54486e-05,8.02717e-05,0.0,0.0,1526
19394,2023-03-02 21:00:00,17,Copa del Rey,31,Real Madrid,30,Barcelona,30,Barcelona,0,Pablo Torre_14_B,,,,,0,0.000269459,-0.000418288,0.0,0.0,690
19394,2023-03-02 21:00:00,17,Copa del Rey,31,Real Madrid,30,Barcelona,30,Barcelona,0,Raphinha_11_B,,,,,68,0.00131215,0.000402672,0.736,1.0,8931
19394,2023-03-02 21:00:00,17,Copa del Rey,31,Real Madrid,30,Barcelona,30,Barcelona,0,Ronald Araújo_4_B,,,,,90,0.00016609,0.000959492,0.736,1.0,6661
19394,2023-03-02 21:00:00,17,Copa del Rey,31,Real Madrid,30,Barcelona,30,Barcelona,0,Sergi Roberto_20_B,,,,,5,0.000651913,-0.000120976,0.0,0.0,2493
19394,2023-03-02 21:00:00,17,Copa del Rey,31,Real Madrid,30,Barcelona,30,Barcelona,0,Sergio Busquets_5_B,,,,,90,-5.03842e-06,0.00010408,0.0,0.0,2008
19394,2023-03-02 21:00:00,17,Copa del Rey,31,Real Madrid,30,Barcelona,30,Barcelona,0,Ángel Alarcón_38_B,,,,,0,-0.000108164,-3.65868e-06,0.0,0.0,44
19394,2023-03-02 21:00:00,17,Copa del Rey,31,Real Madrid,30,Barcelona,31,Real Madrid,1,Antonio Rüdiger_22_RM,,,,,90,0.00101494,0.000618977,0.0,0.0,10666
19394,2023-03-02 21:00:00,17,Copa del Rey,31,Real Madrid,30,Barcelona,31,Real Madrid,1,Aurélien Tchouaméni_14_RM,,,,,17,-0.000603586,0.00091019,0.264,0.565,8572
19394,2023-03-02 21:00:00,17,Copa del Rey,31,Real Madrid,30,Barcelona,31,Real Madrid,1,Dani Carvajal_2_RM,,,,,90,0.000618357,0.000728238,0.196,0.42,6003
19394,2023-03-02 21:00:00,17,Copa del Rey,31,Real Madrid,30,Barcelona,31,Real Madrid,1,Dani Ceballos_19_RM,,,,,0,0.0010414,0.00086943,0.0,0.0,4606
19394,2023-03-02 21:00:00,17,Copa del Rey,31,Real Madrid,30,Barcelona,31,Real Madrid,1,Eden Hazard_7_RM,,,,,0,0.000435517,5.95349e-05,0.0,0.0,168
19394,2023-03-02 21:00:00,17,Copa del Rey,31,Real Madrid,30,Barcelona,31,Real Madrid,1,Eduardo Camavinga_6_RM,,,,,90,0.000527662,0.000882211,0.0,0.0,7525
19394,2023-03-02 21:00:00,17,Copa del Rey,31,Real Madrid,30,Barcelona,31,Real Madrid,1,Federico Valverde_8_RM,,,,,90,0.00109636,0.00134977,0.264,0.565,11707
19394,2023-03-02 21:00:00,17,Copa del Rey,31,Real Madrid,30,Barcelona,31,Real Madrid,1,Jesús Vallejo_18_RM,,,,,0,-0.000301268,0.000142833,0.0,0.0,215
19394,2023-03-02 21:00:00,17,Copa del Rey,31,Real Madrid,30,Barcelona,31,Real Madrid,1,Karim Benzema_9_RM,,,,,90,0.000363719,6.02898e-05,0.0,0.0,2479
19394,2023-03-02 21:00:00,17,Copa del Rey,31,Real Madrid,30,Barcelona,31,Real Madrid,1,Lucas Vázquez_17_RM,,,,,0,0.00132007,-0.000853061,0.0,0.0,6072
19394,2023-03-02 21:00:00,17,Copa del Rey,31,Real Madrid,30,Barcelona,31,Real Madrid,1,Luka Modrić_10_RM,,,,,83,0.00146142,0.000547068,0.0,0.0,6907
19394,2023-03-02 21:00:00,17,Copa del Rey,31,Real Madrid,30,Barcelona,31,Real Madrid,1,Marco Asensio_11_RM,,,,,0,0.000649671,-0.000350713,0.0,0.0,1583
19394,2023-03-02 21:00:00,17,Copa del Rey,31,Real Madrid,30,Barcelona,31,Real Madrid,1,Mariano_24_RM,,,,,0,0.000401409,0.000227644,0.0,0.0,147
19394,2023-03-02 21:00:00,17,Copa del Rey,31,Real Madrid,30,Barcelona,31,Real Madrid,1,Nacho_6_RM,,,,,66,0.00147031,0.000367155,0.0,0.0,5214
19394,2023-03-02 21:00:00,17,Copa del Rey,31,Real Madrid,30,Barcelona,31,Real Madrid,1,Rodrygo_11_RM,,,,,24,0.000204649,0.000315861,0.182,0.389,9181
19394,2023-03-02 21:00:00,17,Copa del Rey,31,Real Madrid,30,Barcelona,31,Real Madrid,1,Thibaut Courtois_1_RM,,,,,90,0.000111719,-0.000758962,0.264,0.565,7657
19394,2023-03-02 21:00:00,17,Copa del Rey,31,Real Madrid,30,Barcelona,31,Real Madrid,1,Toni Kroos_8_RM,,,,,73,0.000529318,0.000493378,0.0,0.0,5337
19394,2023-03-02 21:00:00,17,Copa del Rey,31,Real Madrid,30,Barcelona,31,Real Madrid,1,Vinicius Júnior_7_RM,,,,,90,-0.00186706,0.000820191,0.082,0.176,9694
19394,2023-03-02 21:00:00,17,Copa del Rey,31,Real Madrid,30,Barcelona,31,Real Madrid,1,Álvaro Odriozola_16_RM,,,,,0,0.000433314,0.000172552,0.0,0.0,100
19394,2023-03-02 21:00:00,17,Copa del Rey,31,Real Madrid,30,Barcelona,31,Real Madrid,1,Álvaro Rodríguez_29_RM,,,,,7,-0.000543337,0.00019577,0.0,0.0,139
19394,2023-03-02 21:00:00,17,Copa del Rey,31,Real Madrid,30,Barcelona,31,Real Madrid,1,Éder Militão_3_RM,,,,,90,0.000207186,0.000444794,0.264,0.565,4777
13710,2023-03-05 16:15:00,6,La Liga,30,Barcelona,37,Valencia,30,Barcelona,1,Alejandro Balde_3_B,,,,,97,0.00209699,0.000618303,0.0,0.0,7371
13710,2023-03-05 16:15:00,6,La Liga,30,Barcelona,37,Valencia,30,Barcelona,1,Andreas Christensen_15_B,,,,,97,-0.000657376,0.000304607,0.172,0.304,4789
13710,2023-03-05 16:15:00,6,La Liga,30,Barcelona,37,Valencia,30,Barcelona,1,Ansu Fati_10_B,,63.0,,leading,63,-0.000152001,0.000578713,0.0,0.0,1536
13710,2023-03-05 16:15:00,6,La Liga,30,Barcelona,37,Valencia,30,Barcelona,1,Eric García_24_B,83.0,,leading,,14,0.00269696,0.00108346,0.082,0.145,3325
13710,2023-03-05 16:15:00,6,La Liga,30,Barcelona,37,Valencia,30,Barcelona,1,Ferrán Torres_7_B,,,,,97,0.000824349,-0.000703702,0.18,0.318,5186
13710,2023-03-05 16:15:00,6,La Liga,30,Barcelona,37,Valencia,30,Barcelona,1,Franck Kessié_19_B,48.0,,leading,,49,-0.00061221,0.000181105,0.0,0.0,1357
13710,2023-03-05 16:15:00,6,La Liga,30,Barcelona,37,Valencia,30,Barcelona,1,Frenkie de Jong_21_B,,48.0,,leading,48,0.00304554,-0.000291865,0.736,1.0,7300
13710,2023-03-05 16:15:00,6,La Liga,30,Barcelona,37,Valencia,30,Barcelona,1,Iñaki Peña_13_B,,,,,0,0.001789,-0.000771425,0.0,0.0,3754
13710,2023-03-05 16:15:00,6,La Liga,30,Barcelona,37,Valencia,30,Barcelona,1,Jordi Alba_18_B,,,,,0,-0.00033338,4.05815e-05,0.0,0.0,1068
13710,2023-03-05 16:15:00,6,La Liga,30,Barcelona,37,Valencia,30,Barcelona,1,Jules Koundé_23_B,,,,,97,0.00223783,0.00075356,0.736,1.0,11254
13710,2023-03-05 16:15:00,6,La Liga,30,Barcelona,37,Valencia,30,Barcelona,1,Marc-André ter Stegen_1_B,,,,,97,-0.000183835,0.000794651,0.0,0.0,6921
13710,2023-03-05 16:15:00,6,La Liga,30,Barcelona,37,Valencia,30,Barcelona,1,Marcos Alonso_17_B,63.0,,leading,,34,-9.54486e-05,8.02717e-05,0.0,0.0,1526
13710,2023-03-05 16:15:00,6,La Liga,30,Barcelona,37,Valencia,30,Barcelona,1,Pablo Torre_14_B,,,,,0,0.000269459,-0.000418288,0.0,0.0,690
13710,2023-03-05 16:15:00,6,La Liga,30,Barcelona,37,Valencia,30,Barcelona,1,Raphinha_11_B,,89.0,,leading,89,0.00131215,0.000402672,0.736,1.0,8931
13710,2023-03-05 16:15:00,6,La Liga,30,Barcelona,37,Valencia,30,Barcelona,1,Ronald Araújo_4_B,,,,,97,0.00016609,0.000959492,0.736,1.0,6661
13710,2023-03-05 16:15:00,6,La Liga,30,Barcelona,37,Valencia,30,Barcelona,1,Sergi Roberto_20_B,,83.0,,leading,83,0.000651913,-0.000120976,0.0,0.0,2493
13710,2023-03-05 16:15:00,6,La Liga,30,Barcelona,37,Valencia,30,Barcelona,1,Sergio Busquets_5_B,,,,,97,-5.03842e-06,0.00010408,0.0,0.0,2008
13710,2023-03-05 16:15:00,6,La Liga,30,Barcelona,37,Valencia,30,Barcelona,1,Ángel Alarcón_38_B,89.0,,leading,,8,-0.000108164,-3.65868e-06,0.0,0.0,44
13712,2023-03-05 21:00:00,6,La Liga,27,Equipo histórico 27,31,Real Madrid,31,Real Madrid,0,Antonio Rüdiger_22_RM,,,,,96,0.00101494,0.000618977,0.0,0.0,10666
13712,2023-03-05 21:00:00,6,La Liga,27,Equipo histórico 27,31,Real Madrid,31,Real Madrid,0,Aurélien Tchouaméni_14_RM,,66.0,,level,66,-0.000603586,0.00091019,0.264,0.565,8572
13712,2023-03-05 21:00:00,6,La Liga,27,Equipo histórico 27,31,Real Madrid,31,Real Madrid,0,Dani Carvajal_2_RM,61.0,,level,,35,0.000618357,0.000728238,0.196,0.42,6003
13712,2023-03-05 21:00:00,6,La Liga,27,Equipo histórico 27,31,Real Madrid,31,Real Madrid,0,Dani Ceballos_19_RM,66.0,,level,,30,0.0010414,0.00086943,0.0,0.0,4606
13712,2023-03-05 21:00:00,6,La Liga,27,Equipo histórico 27,31,Real Madrid,31,Real Madrid,0,Eden Hazard_7_RM,,,,,0,0.000435517,5.95349e-05,0.0,0.0,168
13712,2023-03-05 21:00:00,6,La Liga,27,Equipo histórico 27,31,Real Madrid,31,Real Madrid,0,Eduardo Camavinga_6_RM,,65.0,,level,65,0.000527662,0.000882211,0.0,0.0,7525
13712,2023-03-05 21:00:00,6,La Liga,27,Equipo histórico 27,31,Real Madrid,31,Real Madrid,0,Federico Valverde_8_RM,,,,,96,0.00109636,0.00134977,0.264,0.565,11707
13712,2023-03-05 21:00:00,6,La Liga,27,Equipo histórico 27,31,Real Madrid,31,Real Madrid,0,Jesús Vallejo_18_RM,,,,,0,-0.000301268,0.000142833,0.0,0.0,215
13712,2023-03-05 21:00:00,6,La Liga,27,Equipo histórico 27,31,Real Madrid,31,Real Madrid,0,Karim Benzema_9_RM,,,,,96,0.000363719,6.02898e-05,0.0,0.0,2479
13712,2023-03-05 21:00:00,6,La Liga,27,Equipo histórico 27,31,Real Madrid,31,Real Madrid,0,Lucas Vázquez_17_RM,,61.0,,level,61,0.00132007,-0.000853061,0.0,0.0,6072
13712,2023-03-05 21:00:00,6,La Liga,27,Equipo histórico 27,31,Real Madrid,31,Real Madrid,0,Marco Asensio_11_RM,,,,,0,0.000649671,-0.000350713,0.0,0.0,1583
13712,2023-03-05 21:00:00,6,La Liga,27,Equipo histórico 27,31,Real Madrid,31,Real Madrid,0,Mariano_24_RM,,,,,0,0.000401409,0.000227644,0.0,0.0,147
13712,2023-03-05 21:00:00,6,La Liga,27,Equipo histórico 27,31,Real Madrid,31,Real Madrid,0,Nacho_6_RM,65.0,,level,,31,0.00147031,0.000367155,0.0,0.0,5214
13712,2023-03-05 21:00:00,6,La Liga,27,Equipo histórico 27,31,Real Madrid,31,Real Madrid,0,Rodrygo_11_RM,,,,,96,0.000204649,0.000315861,0.182,0.389,9181
13712,2023-03-05 21:00:00,6,La Liga,27,Equipo histórico 27,31,Real Madrid,31,Real Madrid,0,Thibaut Courtois_1_RM,,,,,96,0.000111719,-0.000758962,0.264,0.565,7657
13712,2023-03-05 21:00:00,6,La Liga,27,Equipo histórico 27,31,Real Madrid,31,Real Madrid,0,Toni Kroos_8_RM,,89.0,,level,89,0.000529318,0.000493378,0.0,0.0,5337
13712,2023-03-05 21:00:00,6,La Liga,27,Equipo histórico 27,31,Real Madrid,31,Real Madrid,0,Vinicius Júnior_7_RM,,,,,96,-0.00186706,0.000820191,0.082,0.176,9694
13712,2023-03-05 21:00:00,6,La Liga,27,Equipo histórico 27,31,Real Madrid,31,Real Madrid,0,Álvaro Rodríguez_29_RM,89.0,,level,,7,-0.000543337,0.00019577,0.0,0.0,139
13712,2023-03-05 21:00:00,6,La Liga,27,Equipo histórico 27,31,Real Madrid,31,Real Madrid,0,Éder Militão_3_RM,,,,,96,0.000207186,0.000444794,0.264,0.565,4777
13715,2023-03-11 14:00:00,6,La Liga,31,Real Madrid,200,Equipo histórico 200,31,Real Madrid,1,Andriy Lunin_13_RM,,,,,0,0.00135314,0.00113184,0.0,0.0,4637
13715,2023-03-11 14:00:00,6,La Liga,31,Real Madrid,200,Equipo histórico 200,31,Real Madrid,1,Antonio Rüdiger_22_RM,74.0,,leading,,20,0.00101494,0.000618977,0.0,0.0,10666
13715,2023-03-11 14:00:00,6,La Liga,31,Real Madrid,200,Equipo histórico 200,31,Real Madrid,1,Aurélien Tchouaméni_14_RM,,74.0,,leading,74,-0.000603586,0.00091019,0.264,0.565,8572
13715,2023-03-11 14:00:00,6,La Liga,31,Real Madrid,200,Equipo histórico 200,31,Real Madrid,1,Dani Carvajal_2_RM,,,,,94,0.000618357,0.000728238,0.196,0.42,6003
13715,2023-03-11 14:00:00,6,La Liga,31,Real Madrid,200,Equipo histórico 200,31,Real Madrid,1,Dani Ceballos_19_RM,74.0,,leading,,20,0.0010414,0.00086943,0.0,0.0,4606
13715,2023-03-11 14:00:00,6,La Liga,31,Real Madrid,200,Equipo histórico 200,31,Real Madrid,1,Eden Hazard_7_RM,,,,,0,0.000435517,5.95349e-05,0.0,0.0,168
13715,2023-03-11 14:00:00,6,La Liga,31,Real Madrid,200,Equipo histórico 200,31,Real Madrid,1,Eduardo Camavinga_6_RM,,,,,94,0.000527662,0.000882211,0.0,0.0,7525
13715,2023-03-11 14:00:00,6,La Liga,31,Real Madrid,200,Equipo histórico 200,31,Real Madrid,1,Federico Valverde_8_RM,,,,,94,0.00109636,0.00134977,0.264,0.565,11707
13715,2023-03-11 14:00:00,6,La Liga,31,Real Madrid,200,Equipo histórico 200,31,Real Madrid,1,Jesús Vallejo_18_RM,,,,,0,-0.000301268,0.000142833,0.0,0.0,215
13715,2023-03-11 14:00:00,6,La Liga,31,Real Madrid,200,Equipo histórico 200,31,Real Madrid,1,Lucas Vázquez_17_RM,,,,,0,0.00132007,-0.000853061,0.0,0.0,6072
13715,2023-03-11 14:00:00,6,La Liga,31,Real Madrid,200,Equipo histórico 200,31,Real Madrid,1,Luka Modrić_10_RM,,72.0,,leading,72,0.00146142,0.000547068,0.0,0.0,6907
13715,2023-03-11 14:00:00,6,La Liga,31,Real Madrid,200,Equipo histórico 200,31,Real Madrid,1,Marco Asensio_11_RM,72.0,,leading,,22,0.000649671,-0.000350713,0.0,0.0,1583
13715,2023-03-11 14:00:00,6,La Liga,31,Real Madrid,200,Equipo histórico 200,31,Real Madrid,1,Mariano_24_RM,,,,,0,0.000401409,0.000227644,0.0,0.0,147
13715,2023-03-11 14:00:00,6,La Liga,31,Real Madrid,200,Equipo histórico 200,31,Real Madrid,1,Nacho_6_RM,,,,,94,0.00147031,0.000367155,0.0,0.0,5214
13715,2023-03-11 14:00:00,6,La Liga,31,Real Madrid,200,Equipo histórico 200,31,Real Madrid,1,Rodrygo_11_RM,,,,,94,0.000204649,0.000315861,0.182,0.389,9181
13715,2023-03-11 14:00:00,6,La Liga,31,Real Madrid,200,Equipo histórico 200,31,Real Madrid,1,Thibaut Courtois_1_RM,,,,,94,0.000111719,-0.000758962,0.264,0.565,7657
13715,2023-03-11 14:00:00,6,La Liga,31,Real Madrid,200,Equipo histórico 200,31,Real Madrid,1,Toni Kroos_8_RM,,74.0,,leading,74,0.000529318,0.000493378,0.0,0.0,5337
13715,2023-03-11 14:00:00,6,La Liga,31,Real Madrid,200,Equipo histórico 200,31,Real Madrid,1,Vinicius Júnior_7_RM,,90.0,,leading,90,-0.00186706,0.000820191,0.082,0.176,9694
13715,2023-03-11 14:00:00,6,La Liga,31,Real Madrid,200,Equipo histórico 200,31,Real Madrid,1,Álvaro Odriozola_16_RM,,,,,0,0.000433314,0.000172552,0.0,0.0,100
13715,2023-03-11 14:00:00,6,La Liga,31,Real Madrid,200,Equipo histórico 200,31,Real Madrid,1,Álvaro Rodríguez_29_RM,90.0,,leading,,4,-0.000543337,0.00019577,0.0,0.0,139
13715,2023-03-11 14:00:00,6,La Liga,31,Real Madrid,200,Equipo histórico 200,31,Real Madrid,1,Éder Militão_3_RM,,,,,94,0.000207186,0.000444794,0.264,0.565,4777
13722,2023-03-12 21:00:00,6,La Liga,33,Athletic Club,30,Barcelona,30,Barcelona,0,Alejandro Balde_3_B,,,,,97,0.00209699,0.000618303,0.0,0.0,7371
13722,2023-03-12 21:00:00,6,La Liga,33,Athletic Club,30,Barcelona,30,Barcelona,0,Andreas Christensen_15_B,,,,,97,-0.000657376,0.000304607,0.172,0.304,4789
13722,2023-03-12 21:00:00,6,La Liga,33,Athletic Club,30,Barcelona,30,Barcelona,0,Ansu Fati_10_B,84.0,,leading,,13,-0.000152001,0.000578713,0.0,0.0,1536
13722,2023-03-12 21:00:00,6,La Liga,33,Athletic Club,30,Barcelona,30,Barcelona,0,Eric García_24_B,,,,,0,0.00269696,0.00108346,0.082,0.145,3325
13722,2023-03-12 21:00:00,6,La Liga,33,Athletic Club,30,Barcelona,30,Barcelona,0,Ferrán Torres_7_B,,69.0,,leading,69,0.000824349,-0.000703702,0.18,0.318,5186
13722,2023-03-12 21:00:00,6,La Liga,33,Athletic Club,30,Barcelona,30,Barcelona,0,Franck Kessié_19_B,69.0,,leading,,28,-0.00061221,0.000181105,0.0,0.0,1357
13722,2023-03-12 21:00:00,6,La Liga,33,Athletic Club,30,Barcelona,30,Barcelona,0,Frenkie de Jong_21_B,,,,,97,0.00304554,-0.000291865,0.736,1.0,7300
13722,2023-03-12 21:00:00,6,La Liga,33,Athletic Club,30,Barcelona,30,Barcelona,0,Gavi_6_B,,95.0,,leading,95,0.00196965,0.00152903,0.0,0.0,5150
13722,2023-03-12 21:00:00,6,La Liga,33,Athletic Club,30,Barcelona,30,Barcelona,0,Iñaki Peña_13_B,,,,,0,0.001789,-0.000771425,0.0,0.0,3754
13722,2023-03-12 21:00:00,6,La Liga,33,Athletic Club,30,Barcelona,30,Barcelona,0,Jordi Alba_18_B,,,,,0,-0.00033338,4.05815e-05,0.0,0.0,1068
13722,2023-03-12 21:00:00,6,La Liga,33,Athletic Club,30,Barcelona,30,Barcelona,0,Jules Koundé_23_B,,,,,97,0.00223783,0.00075356,0.736,1.0,11254
13722,2023-03-12 21:00:00,6,La Liga,33,Athletic Club,30,Barcelona,30,Barcelona,0,Marc-André ter Stegen_1_B,,,,,97,-0.000183835,0.000794651,0.0,0.0,6921
13722,2023-03-12 21:00:00,6,La Liga,33,Athletic Club,30,Barcelona,30,Barcelona,0,Marcos Alonso_17_B,84.0,,leading,,13,-9.54486e-05,8.02717e-05,0.0,0.0,1526
13722,2023-03-12 21:00:00,6,La Liga,33,Athletic Club,30,Barcelona,30,Barcelona,0,Pablo Torre_14_B,,,,,0,0.000269459,-0.000418288,0.0,0.0,690
13722,2023-03-12 21:00:00,6,La Liga,33,Athletic Club,30,Barcelona,30,Barcelona,0,Raphinha_11_B,,84.0,,leading,84,0.00131215,0.000402672,0.736,1.0,8931
13722,2023-03-12 21:00:00,6,La Liga,33,Athletic Club,30,Barcelona,30,Barcelona,0,Robert Lewandowski_9_B,,,,,97,-0.00130583,0.000914094,0.564,0.999,10145
13722,2023-03-12 21:00:00,6,La Liga,33,Athletic Club,30,Barcelona,30,Barcelona,0,Sergi Roberto_20_B,,84.0,,leading,84,0.000651913,-0.000120976,0.0,0.0,2493
13722,2023-03-12 21:00:00,6,La Liga,33,Athletic Club,30,Barcelona,30,Barcelona,0,Sergio Busquets_5_B,,,,,97,-5.03842e-06,0.00010408,0.0,0.0,2008
13722,2023-03-12 21:00:00,6,La Liga,33,Athletic Club,30,Barcelona,30,Barcelona,0,Ángel Alarcón_38_B,95.0,,leading,,2,-0.000108164,-3.65868e-06,0.0,0.0,44
17647,2023-03-15 21:00:00,13,Champions League,31,Real Madrid,3,Liverpool,31,Real Madrid,1,Andriy Lunin_13_RM,,,,,0,0.00135314,0.00113184,0.0,0.0,4637
17647,2023-03-15 21:00:00,13,Champions League,31,Real Madrid,3,Liverpool,31,Real Madrid,1,Antonio Rüdiger_22_RM,,,,,90,0.00101494,0.000618977,0.0,0.0,10666
17647,2023-03-15 21:00:00,13,Champions League,31,Real Madrid,3,Liverpool,31,Real Madrid,1,Aurélien Tchouaméni_14_RM,,,,,7,-0.000603586,0.00091019,0.264,0.565,8572
17647,2023-03-15 21:00:00,13,Champions League,31,Real Madrid,3,Liverpool,31,Real Madrid,1,Dani Carvajal_2_RM,,,,,85,0.000618357,0.000728238,0.196,0.42,6003
17647,2023-03-15 21:00:00,13,Champions League,31,Real Madrid,3,Liverpool,31,Real Madrid,1,Dani Ceballos_19_RM,,,,,9,0.0010414,0.00086943,0.0,0.0,4606
17647,2023-03-15 21:00:00,13,Champions League,31,Real Madrid,3,Liverpool,31,Real Madrid,1,Eden Hazard_7_RM,,,,,0,0.000435517,5.95349e-05,0.0,0.0,168
17647,2023-03-15 21:00:00,13,Champions League,31,Real Madrid,3,Liverpool,31,Real Madrid,1,Eduardo Camavinga_6_RM,,,,,90,0.000527662,0.000882211,0.0,0.0,7525
17647,2023-03-15 21:00:00,13,Champions League,31,Real Madrid,3,Liverpool,31,Real Madrid,1,Federico Valverde_8_RM,,,,,90,0.00109636,0.00134977,0.264,0.565,11707
17647,2023-03-15 21:00:00,13,Champions League,31,Real Madrid,3,Liverpool,31,Real Madrid,1,Ferland Mendy_23_RM,,,,,0,-0.00165897,0.000241543,0.0,0.0,5435
17647,2023-03-15 21:00:00,13,Champions League,31,Real Madrid,3,Liverpool,31,Real Madrid,1,Jesús Vallejo_18_RM,,,,,0,-0.000301268,0.000142833,0.0,0.0,215
17647,2023-03-15 21:00:00,13,Champions League,31,Real Madrid,3,Liverpool,31,Real Madrid,1,Karim Benzema_9_RM,,,,,81,0.000363719,6.02898e-05,0.0,0.0,2479
17647,2023-03-15 21:00:00,13,Champions League,31,Real Madrid,3,Liverpool,31,Real Madrid,1,Lucas Vázquez_17_RM,,,,,5,0.00132007,-0.000853061,0.0,0.0,6072
17647,2023-03-15 21:00:00,13,Champions League,31,Real Madrid,3,Liverpool,31,Real Madrid,1,Luka Modrić_10_RM,,,,,81,0.00146142,0.000547068,0.0,0.0,6907
17647,2023-03-15 21:00:00,13,Champions League,31,Real Madrid,3,Liverpool,31,Real Madrid,1,Marco Asensio_11_RM,,,,,7,0.000649671,-0.000350713,0.0,0.0,1583
17647,2023-03-15 21:00:00,13,Champions League,31,Real Madrid,3,Liverpool,31,Real Madrid,1,Mariano_24_RM,,,,,0,0.000401409,0.000227644,0.0,0.0,147
17647,2023-03-15 21:00:00,13,Champions League,31,Real Madrid,3,Liverpool,31,Real Madrid,1,Nacho_6_RM,,,,,90,0.00147031,0.000367155,0.0,0.0,5214
17647,2023-03-15 21:00:00,13,Champions League,31,Real Madrid,3,Liverpool,31,Real Madrid,1,Rodrygo_11_RM,,,,,9,0.000204649,0.000315861,0.182,0.389,9181
17647,2023-03-15 21:00:00,13,Champions League,31,Real Madrid,3,Liverpool,31,Real Madrid,1,Thibaut Courtois_1_RM,,,,,90,0.000111719,-0.000758962,0.264,0.565,7657
17647,2023-03-15 21:00:00,13,Champions League,31,Real Madrid,3,Liverpool,31,Real Madrid,1,Toni Kroos_8_RM,,,,,83,0.000529318,0.000493378,0.0,0.0,5337
17647,2023-03-15 21:00:00,13,Champions League,31,Real Madrid,3,Liverpool,31,Real Madrid,1,Vinicius Júnior_7_RM,,,,,83,-0.00186706,0.000820191,0.082,0.176,9694
17647,2023-03-15 21:00:00,13,Champions League,31,Real Madrid,3,Liverpool,31,Real Madrid,1,Álvaro Odriozola_16_RM,,,,,0,0.000433314,0.000172552,0.0,0.0,100
17647,2023-03-15 21:00:00,13,Champions League,31,Real Madrid,3,Liverpool,31,Real Madrid,1,Álvaro Rodríguez_29_RM,,,,,0,-0.000543337,0.00019577,0.0,0.0,139
17647,2023-03-15 21:00:00,13,Champions League,31,Real Madrid,3,Liverpool,31,Real Madrid,1,Éder Militão_3_RM,,,,,90,0.000207186,0.000444794,0.264,0.565,4777
13733,2023-03-19 21:00:00,6,La Liga,30,Barcelona,31,Real Madrid,30,Barcelona,1,Alejandro Balde_3_B,,,,,97,0.00209699,0.000618303,0.0,0.0,7371
13733,2023-03-19 21:00:00,6,La Liga,30,Barcelona,31,Real Madrid,30,Barcelona,1,Andreas Christensen_15_B,,,,,97,-0.000657376,0.000304607,0.172,0.304,4789
13733,2023-03-19 21:00:00,6,La Liga,30,Barcelona,31,Real Madrid,30,Barcelona,1,Ansu Fati_10_B,91.0,,level,,6,-0.000152001,0.000578713,0.0,0.0,1536
13733,2023-03-19 21:00:00,6,La Liga,30,Barcelona,31,Real Madrid,30,Barcelona,1,Eric García_24_B,,,,,0,0.00269696,0.00108346,0.082,0.145,3325
13733,2023-03-19 21:00:00,6,La Liga,30,Barcelona,31,Real Madrid,30,Barcelona,1,Ferrán Torres_7_B,83.0,,level,,14,0.000824349,-0.000703702,0.18,0.318,5186
13733,2023-03-19 21:00:00,6,La Liga,30,Barcelona,31,Real Madrid,30,Barcelona,1,Franck Kessié_19_B,77.0,,level,,20,-0.00061221,0.000181105,0.0,0.0,1357
13733,2023-03-19 21:00:00,6,La Liga,30,Barcelona,31,Real Madrid,30,Barcelona,1,Frenkie de Jong_21_B,,,,,97,0.00304554,-0.000291865,0.736,1.0,7300
13733,2023-03-19 21:00:00,6,La Liga,30,Barcelona,31,Real Madrid,30,Barcelona,1,Gavi_6_B,,91.0,,level,91,0.00196965,0.00152903,0.0,0.0,5150
13733,2023-03-19 21:00:00,6,La Liga,30,Barcelona,31,Real Madrid,30,Barcelona,1,Iñaki Peña_13_B,,,,,0,0.001789,-0.000771425,0.0,0.0,3754
13733,2023-03-19 21:00:00,6,La Liga,30,Barcelona,31,Real Madrid,30,Barcelona,1,Jordi Alba_18_B,,,,,0,-0.00033338,4.05815e-05,0.0,0.0,1068
13733,2023-03-19 21:00:00,6,La Liga,30,Barcelona,31,Real Madrid,30,Barcelona,1,Jules Koundé_23_B,,,,,97,0.00223783,0.00075356,0.736,1.0,11254
13733,2023-03-19 21:00:00,6,La Liga,30,Barcelona,31,Real Madrid,30,Barcelona,1,Marc-André ter Stegen_1_B,,,,,97,-0.000183835,0.000794651,0.0,0.0,6921
13733,2023-03-19 21:00:00,6,La Liga,30,Barcelona,31,Real Madrid,30,Barcelona,1,Marcos Alonso_17_B,,,,,0,-9.54486e-05,8.02717e-05,0.0,0.0,1526
13733,2023-03-19 21:00:00,6,La Liga,30,Barcelona,31,Real Madrid,30,Barcelona,1,Pablo Torre_14_B,,,,,0,0.000269459,-0.000418288,0.0,0.0,690
13733,2023-03-19 21:00:00,6,La Liga,30,Barcelona,31,Real Madrid,30,Barcelona,1,Raphinha_11_B,,83.0,,level,83,0.00131215,0.000402672,0.736,1.0,8931
13733,2023-03-19 21:00:00,6,La Liga,30,Barcelona,31,Real Madrid,30,Barcelona,1,Robert Lewandowski_9_B,,,,,97,-0.00130583,0.000914094,0.564,0.999,10145
13733,2023-03-19 21:00:00,6,La Liga,30,Barcelona,31,Real Madrid,30,Barcelona,1,Ronald Araújo_4_B,,,,,97,0.00016609,0.000959492,0.736,1.0,6661
13733,2023-03-19 21:00:00,6,La Liga,30,Barcelona,31,Real Madrid,30,Barcelona,1,Sergi Roberto_20_B,,77.0,,level,77,0.000651913,-0.000120976,0.0,0.0,2493
13733,2023-03-19 21:00:00,6,La Liga,30,Barcelona,31,Real Madrid,30,Barcelona,1,Sergio Busquets_5_B,,,,,97,-5.03842e-06,0.00010408,0.0,0.0,2008
13733,2023-03-19 21:00:00,6,La Liga,30,Barcelona,31,Real Madrid,30,Barcelona,1,Ángel Alarcón_38_B,,,,,0,-0.000108164,-3.65868e-06,0.0,0.0,44
13733,2023-03-19 21:00:00,6,La Liga,30,Barcelona,31,Real Madrid,31,Real Madrid,0,Andriy Lunin_13_RM,,,,,0,0.00135314,0.00113184,0.0,0.0,4637
13733,2023-03-19 21:00:00,6,La Liga,30,Barcelona,31,Real Madrid,31,Real Madrid,0,Antonio Rüdiger_22_RM,,,,,97,0.00101494,0.000618977,0.0,0.0,10666
13733,2023-03-19 21:00:00,6,La Liga,30,Barcelona,31,Real Madrid,31,Real Madrid,0,Aurélien Tchouaméni_14_RM,76.0,,level,,21,-0.000603586,0.00091019,0.264,0.565,8572
13733,2023-03-19 21:00:00,6,La Liga,30,Barcelona,31,Real Madrid,31,Real Madrid,0,Dani Carvajal_2_RM,,,,,97,0.000618357,0.000728238,0.196,0.42,6003
13733,2023-03-19 21:00:00,6,La Liga,30,Barcelona,31,Real Madrid,31,Real Madrid,0,Dani Ceballos_19_RM,76.0,,level,,21,0.0010414,0.00086943,0.0,0.0,4606
13733,2023-03-19 21:00:00,6,La Liga,30,Barcelona,31,Real Madrid,31,Real Madrid,0,Eden Hazard_7_RM,,,,,0,0.000435517,5.95349e-05,0.0,0.0,168
13733,2023-03-19 21:00:00,6,La Liga,30,Barcelona,31,Real Madrid,31,Real Madrid,0,Eduardo Camavinga_6_RM,,76.0,,level,76,0.000527662,0.000882211,0.0,0.0,7525
13733,2023-03-19 21:00:00,6,La Liga,30,Barcelona,31,Real Madrid,31,Real Madrid,0,Federico Valverde_8_RM,,76.0,,level,76,0.00109636,0.00134977,0.264,0.565,11707
13733,2023-03-19 21:00:00,6,La Liga,30,Barcelona,31,Real Madrid,31,Real Madrid,0,Ferland Mendy_23_RM,62.0,,level,,35,-0.00165897,0.000241543,0.0,0.0,5435
13733,2023-03-19 21:00:00,6,La Liga,30,Barcelona,31,Real Madrid,31,Real Madrid,0,Jesús Vallejo_18_RM,,,,,0,-0.000301268,0.000142833,0.0,0.0,215
13733,2023-03-19 21:00:00,6,La Liga,30,Barcelona,31,Real Madrid,31,Real Madrid,0,Karim Benzema_9_RM,,,,,97,0.000363719,6.02898e-05,0.0,0.0,2479
13733,2023-03-19 21:00:00,6,La Liga,30,Barcelona,31,Real Madrid,31,Real Madrid,0,Lucas Vázquez_17_RM,,,,,0,0.00132007,-0.000853061,0.0,0.0,6072
13733,2023-03-19 21:00:00,6,La Liga,30,Barcelona,31,Real Madrid,31,Real Madrid,0,Luka Modrić_10_RM,,76.0,,level,76,0.00146142,0.000547068,0.0,0.0,6907
13733,2023-03-19 21:00:00,6,La Liga,30,Barcelona,31,Real Madrid,31,Real Madrid,0,Marco Asensio_11_RM,76.0,,level,,21,0.000649671,-0.000350713,0.0,0.0,1583
13733,2023-03-19 21:00:00,6,La Liga,30,Barcelona,31,Real Madrid,31,Real Madrid,0,Mariano_24_RM,,,,,0,0.000401409,0.000227644,0.0,0.0,147
13733,2023-03-19 21:00:00,6,La Liga,30,Barcelona,31,Real Madrid,31,Real Madrid,0,Nacho_6_RM,,62.0,,level,62,0.00147031,0.000367155,0.0,0.0,5214
13733,2023-03-19 21:00:00,6,La Liga,30,Barcelona,31,Real Madrid,31,Real Madrid,0,Rodrygo_11_RM,62.0,,level,,35,0.000204649,0.000315861,0.182,0.389,9181
13733,2023-03-19 21:00:00,6,La Liga,30,Barcelona,31,Real Madrid,31,Real Madrid,0,Thibaut Courtois_1_RM,,,,,97,0.000111719,-0.000758962,0.264,0.565,7657
13733,2023-03-19 21:00:00,6,La Liga,30,Barcelona,31,Real Madrid,31,Real Madrid,0,Toni Kroos_8_RM,,62.0,,level,62,0.000529318,0.000493378,0.0,0.0,5337
13733,2023-03-19 21:00:00,6,La Liga,30,Barcelona,31,Real Madrid,31,Real Madrid,0,Vinicius Júnior_7_RM,,,,,97,-0.00186706,0.000820191,0.082,0.176,9694
13733,2023-03-19 21:00:00,6,La Liga,30,Barcelona,31,Real Madrid,31,Real Madrid,0,Álvaro Odriozola_16_RM,,,,,0,0.000433314,0.000172552,0.0,0.0,100
13733,2023-03-19 21:00:00,6,La Liga,30,Barcelona,31,Real Madrid,31,Real Madrid,0,Éder Militão_3_RM,,,,,97,0.000207186,0.000444794,0.264,0.565,4777
13738,2023-04-01 21:00:00,6,La Liga,28,Equipo histórico 28,30,Barcelona,30,Barcelona,0,Alejandro Balde_3_B,,,,,0,0.00209699,0.000618303,0.0,0.0,7371
13738,2023-04-01 21:00:00,6,La Liga,28,Equipo histórico 28,30,Barcelona,30,Barcelona,0,Ansu Fati_10_B,,84.0,,leading,84,-0.000152001,0.000578713,0.0,0.0,1536
13738,2023-04-01 21:00:00,6,La Liga,28,Equipo histórico 28,30,Barcelona,30,Barcelona,0,Eric García_24_B,,,,,93,0.00269696,0.00108346,0.082,0.145,3325
13738,2023-04-01 21:00:00,6,La Liga,28,Equipo histórico 28,30,Barcelona,30,Barcelona,0,Ferrán Torres_7_B,,,,,93,0.000824349,-0.000703702,0.18,0.318,5186
13738,2023-04-01 21:00:00,6,La Liga,28,Equipo histórico 28,30,Barcelona,30,Barcelona,0,Franck Kessié_19_B,68.0,,leading,,25,-0.00061221,0.000181105,0.0,0.0,1357
13738,2023-04-01 21:00:00,6,La Liga,28,Equipo histórico 28,30,Barcelona,30,Barcelona,0,Gavi_6_B,,68.0,,leading,68,0.00196965,0.00152903,0.0,0.0,5150
13738,2023-04-01 21:00:00,6,La Liga,28,Equipo histórico 28,30,Barcelona,30,Barcelona,0,Iñaki Peña_13_B,,,,,0,0.001789,-0.000771425,0.0,0.0,3754
13738,2023-04-01 21:00:00,6,La Liga,28,Equipo histórico 28,30,Barcelona,30,Barcelona,0,Jordi Alba_18_B,,,,,93,-0.00033338,4.05815e-05,0.0,0.0,1068
13738,2023-04-01 21:00:00,6,La Liga,28,Equipo histórico 28,30,Barcelona,30,Barcelona,0,Jules Koundé_23_B,,,,,93,0.00223783,0.00075356,0.736,1.0,11254
13738,2023-04-01 21:00:00,6,La Liga,28,Equipo histórico 28,30,Barcelona,30,Barcelona,0,Marc-André ter Stegen_1_B,,,,,93,-0.000183835,0.000794651,0.0,0.0,6921
13738,2023-04-01 21:00:00,6,La Liga,28,Equipo histórico 28,30,Barcelona,30,Barcelona,0,Marcos Alonso_17_B,,,,,93,-9.54486e-05,8.02717e-05,0.0,0.0,1526
13738,2023-04-01 21:00:00,6,La Liga,28,Equipo histórico 28,30,Barcelona,30,Barcelona,0,Pablo Torre_14_B,78.0,,leading,,15,0.000269459,-0.000418288,0.0,0.0,690
13738,2023-04-01 21:00:00,6,La Liga,28,Equipo histórico 28,30,Barcelona,30,Barcelona,0,Robert Lewandowski_9_B,,,,,93,-0.00130583,0.000914094,0.564,0.999,10145
13738,2023-04-01 21:00:00,6,La Liga,28,Equipo histórico 28,30,Barcelona,30,Barcelona,0,Ronald Araújo_4_B,,78.0,,leading,78,0.00016609,0.000959492,0.736,1.0,6661
13738,2023-04-01 21:00:00,6,La Liga,28,Equipo histórico 28,30,Barcelona,30,Barcelona,0,Sergi Roberto_20_B,,,,,93,0.000651913,-0.000120976,0.0,0.0,2493
13738,2023-04-01 21:00:00,6,La Liga,28,Equipo histórico 28,30,Barcelona,30,Barcelona,0,Sergio Busquets_5_B,,,,,0,-5.03842e-06,0.00010408,0.0,0.0,2008
13738,2023-04-01 21:00:00,6,La Liga,28,Equipo histórico 28,30,Barcelona,30,Barcelona,0,Ángel Alarcón_38_B,,,,,0,-0.000108164,-3.65868e-06,0.0,0.0,44
13740,2023-04-02 16:15:00,6,La Liga,31,Real Madrid,364,Equipo histórico 364,31,Real Madrid,1,Andriy Lunin_13_RM,,,,,0,0.00135314,0.00113184,0.0,0.0,4637
13740,2023-04-02 16:15:00,6,La Liga,31,Real Madrid,364,Equipo histórico 364,31,Real Madrid,1,Aurélien Tchouaméni_14_RM,,,,,91,-0.000603586,0.00091019,0.264,0.565,8572
13740,2023-04-02 16:15:00,6,La Liga,31,Real Madrid,364,Equipo histórico 364,31,Real Madrid,1,Dani Carvajal_2_RM,,,,,0,0.000618357,0.000728238,0.196,0.42,6003
13740,2023-04-02 16:15:00,6,La Liga,31,Real Madrid,364,Equipo histórico 364,31,Real Madrid,1,Dani Ceballos_19_RM,69.0,,leading,,22,0.0010414,0.00086943,0.0,0.0,4606
13740,2023-04-02 16:15:00,6,La Liga,31,Real Madrid,364,Equipo histórico 364,31,Real Madrid,1,David Alaba_4_RM,,69.0,,leading,69,0.000547684,0.000271426,0.0,0.0,3366
13740,2023-04-02 16:15:00,6,La Liga,31,Real Madrid,364,Equipo histórico 364,31,Real Madrid,1,Eden Hazard_7_RM,65.0,,leading,,26,0.000435517,5.95349e-05,0.0,0.0,168
13740,2023-04-02 16:15:00,6,La Liga,31,Real Madrid,364,Equipo histórico 364,31,Real Madrid,1,Eduardo Camavinga_6_RM,,,,,91,0.000527662,0.000882211,0.0,0.0,7525
13740,2023-04-02 16:15:00,6,La Liga,31,Real Madrid,364,Equipo histórico 364,31,Real Madrid,1,Federico Valverde_8_RM,,,,,0,0.00109636,0.00134977,0.264,0.565,11707
13740,2023-04-02 16:15:00,6,La Liga,31,Real Madrid,364,Equipo histórico 364,31,Real Madrid,1,Jesús Vallejo_18_RM,69.0,,leading,,22,-0.000301268,0.000142833,0.0,0.0,215
13740,2023-04-02 16:15:00,6,La Liga,31,Real Madrid,364,Equipo histórico 364,31,Real Madrid,1,Karim Benzema_9_RM,,65.0,,leading,65,0.000363719,6.02898e-05,0.0,0.0,2479
13740,2023-04-02 16:15:00,6,La Liga,31,Real Madrid,364,Equipo histórico 364,31,Real Madrid,1,Lucas Vázquez_17_RM,,,,,91,0.00132007,-0.000853061,0.0,0.0,6072
13740,2023-04-02 16:15:00,6,La Liga,31,Real Madrid,364,Equipo histórico 364,31,Real Madrid,1,Luka Modrić_10_RM,,,,,0,0.00146142,0.000547068,0.0,0.0,6907
13740,2023-04-02 16:15:00,6,La Liga,31,Real Madrid,364,Equipo histórico 364,31,Real Madrid,1,Marco Asensio_11_RM,,,,,91,0.000649671,-0.000350713,0.0,0.0,1583
13740,2023-04-02 16:15:00,6,La Liga,31,Real Madrid,364,Equipo histórico 364,31,Real Madrid,1,Rodrygo_11_RM,,82.0,,leading,82,0.000204649,0.000315861,0.182,0.389,9181
13740,2023-04-02 16:15:00,6,La Liga,31,Real Madrid,364,Equipo histórico 364,31,Real Madrid,1,Thibaut Courtois_1_RM,,,,,91,0.000111719,-0.000758962,0.264,0.565,7657
13740,2023-04-02 16:15:00,6,La Liga,31,Real Madrid,364,Equipo histórico 364,31,Real Madrid,1,Toni Kroos_8_RM,,,,,91,0.000529318,0.000493378,0.0,0.0,5337
13740,2023-04-02 16:15:00,6,La Liga,31,Real Madrid,364,Equipo histórico 364,31,Real Madrid,1,Vinicius Júnior_7_RM,,69.0,,leading,69,-0.00186706,0.000820191,0.082,0.176,9694
13740,2023-04-02 16:15:00,6,La Liga,31,Real Madrid,364,Equipo histórico 364,31,Real Madrid,1,Álvaro Odriozola_16_RM,82.0,,leading,,9,0.000433314,0.000172552,0.0,0.0,100
13740,2023-04-02 16:15:00,6,La Liga,31,Real Madrid,364,Equipo histórico 364,31,Real Madrid,1,Álvaro Rodríguez_29_RM,,,,,0,-0.000543337,0.00019577,0.0,0.0,139
13740,2023-04-02 16:15:00,6,La Liga,31,Real Madrid,364,Equipo histórico 364,31,Real Madrid,1,Éder Militão_3_RM,,,,,91,0.000207186,0.000444794,0.264,0.565,4777
19396,2023-04-05 21:00:00,17,Copa del Rey,30,Barcelona,31,Real Madrid,30,Barcelona,1,Alejandro Balde_3_B,,,,,90,0.00209699,0.000618303,0.0,0.0,7371
19396,2023-04-05 21:00:00,17,Copa del Rey,30,Barcelona,31,Real Madrid,30,Barcelona,1,Ansu Fati_10_B,,,,,32,-0.000152001,0.000578713,0.0,0.0,1536
19396,2023-04-05 21:00:00,17,Copa del Rey,30,Barcelona,31,Real Madrid,30,Barcelona,1,Eric García_24_B,,,,,25,0.00269696,0.00108346,0.082,0.145,3325
19396,2023-04-05 21:00:00,17,Copa del Rey,30,Barcelona,31,Real Madrid,30,Barcelona,1,Ferrán Torres_7_B,,,,,25,0.000824349,-0.000703702,0.18,0.318,5186
19396,2023-04-05 21:00:00,17,Copa del Rey,30,Barcelona,31,Real Madrid,30,Barcelona,1,Franck Kessié_19_B,,,,,58,-0.00061221,0.000181105,0.0,0.0,1357
19396,2023-04-05 21:00:00,17,Copa del Rey,30,Barcelona,31,Real Madrid,30,Barcelona,1,Gavi_6_B,,,,,90,0.00196965,0.00152903,0.0,0.0,5150
19396,2023-04-05 21:00:00,17,Copa del Rey,30,Barcelona,31,Real Madrid,30,Barcelona,1,Iñaki Peña_13_B,,,,,0,0.001789,-0.000771425,0.0,0.0,3754
19396,2023-04-05 21:00:00,17,Copa del Rey,30,Barcelona,31,Real Madrid,30,Barcelona,1,Jordi Alba_18_B,,,,,0,-0.00033338,4.05815e-05,0.0,0.0,1068
19396,2023-04-05 21:00:00,17,Copa del Rey,30,Barcelona,31,Real Madrid,30,Barcelona,1,Jules Koundé_23_B,,,,,90,0.00223783,0.00075356,0.736,1.0,11254
19396,2023-04-05 21:00:00,17,Copa del Rey,30,Barcelona,31,Real Madrid,30,Barcelona,1,Marc-André ter Stegen_1_B,,,,,90,-0.000183835,0.000794651,0.0,0.0,6921
19396,2023-04-05 21:00:00,17,Copa del Rey,30,Barcelona,31,Real Madrid,30,Barcelona,1,Marcos Alonso_17_B,,,,,65,-9.54486e-05,8.02717e-05,0.0,0.0,1526
19396,2023-04-05 21:00:00,17,Copa del Rey,30,Barcelona,31,Real Madrid,30,Barcelona,1,Pablo Torre_14_B,,,,,0,0.000269459,-0.000418288,0.0,0.0,690
19396,2023-04-05 21:00:00,17,Copa del Rey,30,Barcelona,31,Real Madrid,30,Barcelona,1,Raphinha_11_B,,,,,65,0.00131215,0.000402672,0.736,1.0,8931
19396,2023-04-05 21:00:00,17,Copa del Rey,30,Barcelona,31,Real Madrid,30,Barcelona,1,Robert Lewandowski_9_B,,,,,90,-0.00130583,0.000914094,0.564,0.999,10145
19396,2023-04-05 21:00:00,17,Copa del Rey,30,Barcelona,31,Real Madrid,30,Barcelona,1,Ronald Araújo_4_B,,,,,90,0.00016609,0.000959492,0.736,1.0,6661
19396,2023-04-05 21:00:00,17,Copa del Rey,30,Barcelona,31,Real Madrid,30,Barcelona,1,Sergi Roberto_20_B,,,,,90,0.000651913,-0.000120976,0.0,0.0,2493
19396,2023-04-05 21:00:00,17,Copa del Rey,30,Barcelona,31,Real Madrid,30,Barcelona,1,Sergio Busquets_5_B,,,,,90,-5.03842e-06,0.00010408,0.0,0.0,2008
19396,2023-04-05 21:00:00,17,Copa del Rey,30,Barcelona,31,Real Madrid,30,Barcelona,1,Ángel Alarcón_38_B,,,,,0,-0.000108164,-3.65868e-06,0.0,0.0,44
19396,2023-04-05 21:00:00,17,Copa del Rey,30,Barcelona,31,Real Madrid,31,Real Madrid,0,Andriy Lunin_13_RM,,,,,0,0.00135314,0.00113184,0.0,0.0,4637
19396,2023-04-05 21:00:00,17,Copa del Rey,30,Barcelona,31,Real Madrid,31,Real Madrid,0,Antonio Rüdiger_22_RM,,,,,0,0.00101494,0.000618977,0.0,0.0,10666
19396,2023-04-05 21:00:00,17,Copa del Rey,30,Barcelona,31,Real Madrid,31,Real Madrid,0,Aurélien Tchouaméni_14_RM,,,,,4,-0.000603586,0.00091019,0.264,0.565,8572
19396,2023-04-05 21:00:00,17,Copa del Rey,30,Barcelona,31,Real Madrid,31,Real Madrid,0,Dani Carvajal_2_RM,,,,,90,0.000618357,0.000728238,0.196,0.42,6003
19396,2023-04-05 21:00:00,17,Copa del Rey,30,Barcelona,31,Real Madrid,31,Real Madrid,0,Dani Ceballos_19_RM,,,,,5,0.0010414,0.00086943,0.0,0.0,4606
19396,2023-04-05 21:00:00,17,Copa del Rey,30,Barcelona,31,Real Madrid,31,Real Madrid,0,David Alaba_4_RM,,,,,90,0.000547684,0.000271426,0.0,0.0,3366
19396,2023-04-05 21:00:00,17,Copa del Rey,30,Barcelona,31,Real Madrid,31,Real Madrid,0,Eden Hazard_7_RM,,,,,0,0.000435517,5.95349e-05,0.0,0.0,168
19396,2023-04-05 21:00:00,17,Copa del Rey,30,Barcelona,31,Real Madrid,31,Real Madrid,0,Eduardo Camavinga_6_RM,,,,,90,0.000527662,0.000882211,0.0,0.0,7525
19396,2023-04-05 21:00:00,17,Copa del Rey,30,Barcelona,31,Real Madrid,31,Real Madrid,0,Federico Valverde_8_RM,,,,,90,0.00109636,0.00134977,0.264,0.565,11707
19396,2023-04-05 21:00:00,17,Copa del Rey,30,Barcelona,31,Real Madrid,31,Real Madrid,0,Jesús Vallejo_18_RM,,,,,0,-0.000301268,0.000142833,0.0,0.0,215
19396,2023-04-05 21:00:00,17,Copa del Rey,30,Barcelona,31,Real Madrid,31,Real Madrid,0,Karim Benzema_9_RM,,,,,88,0.000363719,6.02898e-05,0.0,0.0,2479
19396,2023-04-05 21:00:00,17,Copa del Rey,30,Barcelona,31,Real Madrid,31,Real Madrid,0,Lucas Vázquez_17_RM,,,,,0,0.00132007,-0.000853061,0.0,0.0,6072
19396,2023-04-05 21:00:00,17,Copa del Rey,30,Barcelona,31,Real Madrid,31,Real Madrid,0,Luka Modrić_10_RM,,,,,86,0.00146142,0.000547068,0.0,0.0,6907
19396,2023-04-05 21:00:00,17,Copa del Rey,30,Barcelona,31,Real Madrid,31,Real Madrid,0,Marco Asensio_11_RM,,,,,18,0.000649671,-0.000350713,0.0,0.0,1583
19396,2023-04-05 21:00:00,17,Copa del Rey,30,Barcelona,31,Real Madrid,31,Real Madrid,0,Mariano_24_RM,,,,,0,0.000401409,0.000227644,0.0,0.0,147
19396,2023-04-05 21:00:00,17,Copa del Rey,30,Barcelona,31,Real Madrid,31,Real Madrid,0,Nacho_6_RM,,,,,2,0.00147031,0.000367155,0.0,0.0,5214
19396,2023-04-05 21:00:00,17,Copa del Rey,30,Barcelona,31,Real Madrid,31,Real Madrid,0,Rodrygo_11_RM,,,,,72,0.000204649,0.000315861,0.182,0.389,9181
19396,2023-04-05 21:00:00,17,Copa del Rey,30,Barcelona,31,Real Madrid,31,Real Madrid,0,Thibaut Courtois_1_RM,,,,,90,0.000111719,-0.000758962,0.264,0.565,7657
19396,2023-04-05 21:00:00,17,Copa del Rey,30,Barcelona,31,Real Madrid,31,Real Madrid,0,Toni Kroos_8_RM,,,,,90,0.000529318,0.000493378,0.0,0.0,5337
19396,2023-04-05 21:00:00,17,Copa del Rey,30,Barcelona,31,Real Madrid,31,Real Madrid,0,Vinicius Júnior_7_RM,,,,,85,-0.00186706,0.000820191,0.082,0.176,9694
19396,2023-04-05 21:00:00,17,Copa del Rey,30,Barcelona,31,Real Madrid,31,Real Madrid,0,Álvaro Odriozola_16_RM,,,,,0,0.000433314,0.000172552,0.0,0.0,100
19396,2023-04-05 21:00:00,17,Copa del Rey,30,Barcelona,31,Real Madrid,31,Real Madrid,0,Éder Militão_3_RM,,,,,90,0.000207186,0.000444794,0.264,0.565,4777
13748,2023-04-08 21:00:00,6,La Liga,31,Real Madrid,23,Villarreal,31,Real Madrid,1,Andriy Lunin_13_RM,,,,,0,0.00135314,0.00113184,0.0,0.0,4637
13748,2023-04-08 21:00:00,6,La Liga,31,Real Madrid,23,Villarreal,31,Real Madrid,1,Antonio Rüdiger_22_RM,,,,,100,0.00101494,0.000618977,0.0,0.0,10666
13748,2023-04-08 21:00:00,6,La Liga,31,Real Madrid,23,Villarreal,31,Real Madrid,1,Aurélien Tchouaméni_14_RM,,75.0,,level,75,-0.000603586,0.00091019,0.264,0.565,8572
13748,2023-04-08 21:00:00,6,La Liga,31,Real Madrid,23,Villarreal,31,Real Madrid,1,Dani Carvajal_2_RM,,,,,0,0.000618357,0.000728238,0.196,0.42,6003
13748,2023-04-08 21:00:00,6,La Liga,31,Real Madrid,23,Villarreal,31,Real Madrid,1,Dani Ceballos_19_RM,,78.0,,level,78,0.0010414,0.00086943,0.0,0.0,4606
13748,2023-04-08 21:00:00,6,La Liga,31,Real Madrid,23,Villarreal,31,Real Madrid,1,David Alaba_4_RM,,49.0,,leading,49,0.000547684,0.000271426,0.0,0.0,3366
13748,2023-04-08 21:00:00,6,La Liga,31,Real Madrid,23,Villarreal,31,Real Madrid,1,Eden Hazard_7_RM,,,,,0,0.000435517,5.95349e-05,0.0,0.0,168
13748,2023-04-08 21:00:00,6,La Liga,31,Real Madrid,23,Villarreal,31,Real Madrid,1,Eduardo Camavinga_6_RM,78.0,,level,,22,0.000527662,0.000882211,0.0,0.0,7525
13748,2023-04-08 21:00:00,6,La Liga,31,Real Madrid,23,Villarreal,31,Real Madrid,1,Federico Valverde_8_RM,62.0,,leading,,38,0.00109636,0.00134977,0.264,0.565,11707
13748,2023-04-08 21:00:00,6,La Liga,31,Real Madrid,23,Villarreal,31,Real Madrid,1,Jesús Vallejo_18_RM,,,,,0,-0.000301268,0.000142833,0.0,0.0,215
13748,2023-04-08 21:00:00,6,La Liga,31,Real Madrid,23,Villarreal,31,Real Madrid,1,Karim Benzema_9_RM,,62.0,,leading,62,0.000363719,6.02898e-05,0.0,0.0,2479
13748,2023-04-08 21:00:00,6,La Liga,31,Real Madrid,23,Villarreal,31,Real Madrid,1,Lucas Vázquez_17_RM,,,,,100,0.00132007,-0.000853061,0.0,0.0,6072
13748,2023-04-08 21:00:00,6,La Liga,31,Real Madrid,23,Villarreal,31,Real Madrid,1,Luka Modrić_10_RM,75.0,,level,,25,0.00146142,0.000547068,0.0,0.0,6907
13748,2023-04-08 21:00:00,6,La Liga,31,Real Madrid,23,Villarreal,31,Real Madrid,1,Marco Asensio_11_RM,,,,,100,0.000649671,-0.000350713,0.0,0.0,1583
13748,2023-04-08 21:00:00,6,La Liga,31,Real Madrid,23,Villarreal,31,Real Madrid,1,Mariano_24_RM,,,,,0,0.000401409,0.000227644,0.0,0.0,147
13748,2023-04-08 21:00:00,6,La Liga,31,Real Madrid,23,Villarreal,31,Real Madrid,1,Nacho_6_RM,,,,,100,0.00147031,0.000367155,0.0,0.0,5214
13748,2023-04-08 21:00:00,6,La Liga,31,Real Madrid,23,Villarreal,31,Real Madrid,1,Rodrygo_11_RM,,,,,100,0.000204649,0.000315861,0.182,0.389,9181
13748,2023-04-08 21:00:00,6,La Liga,31,Real Madrid,23,Villarreal,31,Real Madrid,1,Thibaut Courtois_1_RM,,,,,100,0.000111719,-0.000758962,0.264,0.565,7657
13748,2023-04-08 21:00:00,6,La Liga,31,Real Madrid,23,Villarreal,31,Real Madrid,1,Toni Kroos_8_RM,,,,,0,0.000529318,0.000493378,0.0,0.0,5337
13748,2023-04-08 21:00:00,6,La Liga,31,Real Madrid,23,Villarreal,31,Real Madrid,1,Vinicius Júnior_7_RM,,,,,100,-0.00186706,0.000820191,0.082,0.176,9694
13748,2023-04-08 21:00:00,6,La Liga,31,Real Madrid,23,Villarreal,31,Real Madrid,1,Álvaro Odriozola_16_RM,,,,,0,0.000433314,0.000172552,0.0,0.0,100
13748,2023-04-08 21:00:00,6,La Liga,31,Real Madrid,23,Villarreal,31,Real Madrid,1,Éder Militão_3_RM,49.0,,leading,,51,0.000207186,0.000444794,0.264,0.565,4777
13753,2023-04-10 21:00:00,6,La Liga,30,Barcelona,363,Girona,30,Barcelona,1,Alejandro Balde_3_B,,,,,96,0.00209699,0.000618303,0.0,0.0,7371
13753,2023-04-10 21:00:00,6,La Liga,30,Barcelona,363,Girona,30,Barcelona,1,Ansu Fati_10_B,,68.0,,level,68,-0.000152001,0.000578713,0.0,0.0,1536
13753,2023-04-10 21:00:00,6,La Liga,30,Barcelona,363,Girona,30,Barcelona,1,Eric García_24_B,,,,,96,0.00269696,0.00108346,0.082,0.145,3325
13753,2023-04-10 21:00:00,6,La Liga,30,Barcelona,363,Girona,30,Barcelona,1,Ferrán Torres_7_B,68.0,,level,,28,0.000824349,-0.000703702,0.18,0.318,5186
13753,2023-04-10 21:00:00,6,La Liga,30,Barcelona,363,Girona,30,Barcelona,1,Franck Kessié_19_B,46.0,,level,,50,-0.00061221,0.000181105,0.0,0.0,1357
13753,2023-04-10 21:00:00,6,La Liga,30,Barcelona,363,Girona,30,Barcelona,1,Gavi_6_B,,,,,96,0.00196965,0.00152903,0.0,0.0,5150
13753,2023-04-10 21:00:00,6,La Liga,30,Barcelona,363,Girona,30,Barcelona,1,Iñaki Peña_13_B,,,,,0,0.001789,-0.000771425,0.0,0.0,3754
13753,2023-04-10 21:00:00,6,La Liga,30,Barcelona,363,Girona,30,Barcelona,1,Jordi Alba_18_B,75.0,,level,,21,-0.00033338,4.05815e-05,0.0,0.0,1068
13753,2023-04-10 21:00:00,6,La Liga,30,Barcelona,363,Girona,30,Barcelona,1,Jules Koundé_23_B,,,,,96,0.00223783,0.00075356,0.736,1.0,11254
13753,2023-04-10 21:00:00,6,La Liga,30,Barcelona,363,Girona,30,Barcelona,1,Marc-André ter Stegen_1_B,,,,,96,-0.000183835,0.000794651,0.0,0.0,6921
13753,2023-04-10 21:00:00,6,La Liga,30,Barcelona,363,Girona,30,Barcelona,1,Marcos Alonso_17_B,,,,,0,-9.54486e-05,8.02717e-05,0.0,0.0,1526
13753,2023-04-10 21:00:00,6,La Liga,30,Barcelona,363,Girona,30,Barcelona,1,Pablo Torre_14_B,,,,,0,0.000269459,-0.000418288,0.0,0.0,690
13753,2023-04-10 21:00:00,6,La Liga,30,Barcelona,363,Girona,30,Barcelona,1,Raphinha_11_B,,75.0,,level,75,0.00131215,0.000402672,0.736,1.0,8931
13753,2023-04-10 21:00:00,6,La Liga,30,Barcelona,363,Girona,30,Barcelona,1,Robert Lewandowski_9_B,,,,,96,-0.00130583,0.000914094,0.564,0.999,10145
13753,2023-04-10 21:00:00,6,La Liga,30,Barcelona,363,Girona,30,Barcelona,1,Ronald Araújo_4_B,,,,,96,0.00016609,0.000959492,0.736,1.0,6661
13753,2023-04-10 21:00:00,6,La Liga,30,Barcelona,363,Girona,30,Barcelona,1,Sergi Roberto_20_B,,46.0,,level,46,0.000651913,-0.000120976,0.0,0.0,2493
13753,2023-04-10 21:00:00,6,La Liga,30,Barcelona,363,Girona,30,Barcelona,1,Sergio Busquets_5_B,,,,,96,-5.03842e-06,0.00010408,0.0,0.0,2008
13753,2023-04-10 21:00:00,6,La Liga,30,Barcelona,363,Girona,30,Barcelona,1,Ángel Alarcón_38_B,,,,,0,-0.000108164,-3.65868e-06,0.0,0.0,44
17650,2023-04-12 21:00:00,13,Champions League,31,Real Madrid,14,Chelsea,31,Real Madrid,1,Andriy Lunin_13_RM,,,,,0,0.00135314,0.00113184,0.0,0.0,4637
17650,2023-04-12 21:00:00,13,Champions League,31,Real Madrid,14,Chelsea,31,Real Madrid,1,Antonio Rüdiger_22_RM,,,,,20,0.00101494,0.000618977,0.0,0.0,10666
17650,2023-04-12 21:00:00,13,Champions League,31,Real Madrid,14,Chelsea,31,Real Madrid,1,Aurélien Tchouaméni_14_RM,,,,,7,-0.000603586,0.00091019,0.264,0.565,8572
17650,2023-04-12 21:00:00,13,Champions League,31,Real Madrid,14,Chelsea,31,Real Madrid,1,Dani Carvajal_2_RM,,,,,90,0.000618357,0.000728238,0.196,0.42,6003
17650,2023-04-12 21:00:00,13,Champions League,31,Real Madrid,14,Chelsea,31,Real Madrid,1,Dani Ceballos_19_RM,,,,,10,0.0010414,0.00086943,0.0,0.0,4606
17650,2023-04-12 21:00:00,13,Champions League,31,Real Madrid,14,Chelsea,31,Real Madrid,1,David Alaba_4_RM,,,,,90,0.000547684,0.000271426,0.0,0.0,3366
17650,2023-04-12 21:00:00,13,Champions League,31,Real Madrid,14,Chelsea,31,Real Madrid,1,Eden Hazard_7_RM,,,,,0,0.000435517,5.95349e-05,0.0,0.0,168
17650,2023-04-12 21:00:00,13,Champions League,31,Real Madrid,14,Chelsea,31,Real Madrid,1,Eduardo Camavinga_6_RM,,,,,70,0.000527662,0.000882211,0.0,0.0,7525
17650,2023-04-12 21:00:00,13,Champions League,31,Real Madrid,14,Chelsea,31,Real Madrid,1,Federico Valverde_8_RM,,,,,90,0.00109636,0.00134977,0.264,0.565,11707
17650,2023-04-12 21:00:00,13,Champions League,31,Real Madrid,14,Chelsea,31,Real Madrid,1,Jesús Vallejo_18_RM,,,,,0,-0.000301268,0.000142833,0.0,0.0,215
17650,2023-04-12 21:00:00,13,Champions League,31,Real Madrid,14,Chelsea,31,Real Madrid,1,Karim Benzema_9_RM,,,,,90,0.000363719,6.02898e-05,0.0,0.0,2479
17650,2023-04-12 21:00:00,13,Champions League,31,Real Madrid,14,Chelsea,31,Real Madrid,1,Lucas Vázquez_17_RM,,,,,0,0.00132007,-0.000853061,0.0,0.0,6072
17650,2023-04-12 21:00:00,13,Champions League,31,Real Madrid,14,Chelsea,31,Real Madrid,1,Luka Modrić_10_RM,,,,,80,0.00146142,0.000547068,0.0,0.0,6907
17650,2023-04-12 21:00:00,13,Champions League,31,Real Madrid,14,Chelsea,31,Real Madrid,1,Marco Asensio_11_RM,,,,,20,0.000649671,-0.000350713,0.0,0.0,1583
17650,2023-04-12 21:00:00,13,Champions League,31,Real Madrid,14,Chelsea,31,Real Madrid,1,Mariano_24_RM,,,,,0,0.000401409,0.000227644,0.0,0.0,147
17650,2023-04-12 21:00:00,13,Champions League,31,Real Madrid,14,Chelsea,31,Real Madrid,1,Nacho_6_RM,,,,,0,0.00147031,0.000367155,0.0,0.0,5214
17650,2023-04-12 21:00:00,13,Champions League,31,Real Madrid,14,Chelsea,31,Real Madrid,1,Rodrygo_11_RM,,,,,70,0.000204649,0.000315861,0.182,0.389,9181
17650,2023-04-12 21:00:00,13,Champions League,31,Real Madrid,14,Chelsea,31,Real Madrid,1,Thibaut Courtois_1_RM,,,,,90,0.000111719,-0.000758962,0.264,0.565,7657
17650,2023-04-12 21:00:00,13,Champions League,31,Real Madrid,14,Chelsea,31,Real Madrid,1,Toni Kroos_8_RM,,,,,83,0.000529318,0.000493378,0.0,0.0,5337
17650,2023-04-12 21:00:00,13,Champions League,31,Real Madrid,14,Chelsea,31,Real Madrid,1,Vinicius Júnior_7_RM,,,,,90,-0.00186706,0.000820191,0.082,0.176,9694
17650,2023-04-12 21:00:00,13,Champions League,31,Real Madrid,14,Chelsea,31,Real Madrid,1,Álvaro Odriozola_16_RM,,,,,0,0.000433314,0.000172552,0.0,0.0,100
17650,2023-04-12 21:00:00,13,Champions League,31,Real Madrid,14,Chelsea,31,Real Madrid,1,Éder Militão_3_RM,,,,,90,0.000207186,0.000444794,0.264,0.565,4777
13758,2023-04-15 21:00:00,6,La Liga,21,Equipo histórico 21,31,Real Madrid,31,Real Madrid,0,Andriy Lunin_13_RM,,,,,0,0.00135314,0.00113184,0.0,0.0,4637
13758,2023-04-15 21:00:00,6,La Liga,21,Equipo histórico 21,31,Real Madrid,31,Real Madrid,0,Antonio Rüdiger_22_RM,,,,,94,0.00101494,0.000618977,0.0,0.0,10666
13758,2023-04-15 21:00:00,6,La Liga,21,Equipo histórico 21,31,Real Madrid,31,Real Madrid,0,Aurélien Tchouaméni_14_RM,,,,,94,-0.000603586,0.00091019,0.264,0.565,8572
13758,2023-04-15 21:00:00,6,La Liga,21,Equipo histórico 21,31,Real Madrid,31,Real Madrid,0,Dani Carvajal_2_RM,,,,,0,0.000618357,0.000728238,0.196,0.42,6003
13758,2023-04-15 21:00:00,6,La Liga,21,Equipo histórico 21,31,Real Madrid,31,Real Madrid,0,Dani Ceballos_19_RM,,,,,94,0.0010414,0.00086943,0.0,0.0,4606
13758,2023-04-15 21:00:00,6,La Liga,21,Equipo histórico 21,31,Real Madrid,31,Real Madrid,0,David Alaba_4_RM,,,,,0,0.000547684,0.000271426,0.0,0.0,3366
13758,2023-04-15 21:00:00,6,La Liga,21,Equipo histórico 21,31,Real Madrid,31,Real Madrid,0,Eden Hazard_7_RM,80.0,,leading,,14,0.000435517,5.95349e-05,0.0,0.0,168
13758,2023-04-15 21:00:00,6,La Liga,21,Equipo histórico 21,31,Real Madrid,31,Real Madrid,0,Eduardo Camavinga_6_RM,67.0,,level,,27,0.000527662,0.000882211,0.0,0.0,7525
13758,2023-04-15 21:00:00,6,La Liga,21,Equipo histórico 21,31,Real Madrid,31,Real Madrid,0,Federico Valverde_8_RM,,80.0,,leading,80,0.00109636,0.00134977,0.264,0.565,11707
13758,2023-04-15 21:00:00,6,La Liga,21,Equipo histórico 21,31,Real Madrid,31,Real Madrid,0,Jesús Vallejo_18_RM,,,,,0,-0.000301268,0.000142833,0.0,0.0,215
13758,2023-04-15 21:00:00,6,La Liga,21,Equipo histórico 21,31,Real Madrid,31,Real Madrid,0,Karim Benzema_9_RM,,,,,94,0.000363719,6.02898e-05,0.0,0.0,2479
13758,2023-04-15 21:00:00,6,La Liga,21,Equipo histórico 21,31,Real Madrid,31,Real Madrid,0,Lucas Vázquez_17_RM,,67.0,,level,67,0.00132007,-0.000853061,0.0,0.0,6072
13758,2023-04-15 21:00:00,6,La Liga,21,Equipo histórico 21,31,Real Madrid,31,Real Madrid,0,Luka Modrić_10_RM,80.0,,leading,,14,0.00146142,0.000547068,0.0,0.0,6907
13758,2023-04-15 21:00:00,6,La Liga,21,Equipo histórico 21,31,Real Madrid,31,Real Madrid,0,Marco Asensio_11_RM,,,,,94,0.000649671,-0.000350713,0.0,0.0,1583
13758,2023-04-15 21:00:00,6,La Liga,21,Equipo histórico 21,31,Real Madrid,31,Real Madrid,0,Mariano_24_RM,,,,,0,0.000401409,0.000227644,0.0,0.0,147
13758,2023-04-15 21:00:00,6,La Liga,21,Equipo histórico 21,31,Real Madrid,31,Real Madrid,0,Nacho_6_RM,,,,,94,0.00147031,0.000367155,0.0,0.0,5214
13758,2023-04-15 21:00:00,6,La Liga,21,Equipo histórico 21,31,Real Madrid,31,Real Madrid,0,Rodrygo_11_RM,,80.0,,leading,80,0.000204649,0.000315861,0.182,0.389,9181
13758,2023-04-15 21:00:00,6,La Liga,21,Equipo histórico 21,31,Real Madrid,31,Real Madrid,0,Thibaut Courtois_1_RM,,,,,94,0.000111719,-0.000758962,0.264,0.565,7657
13758,2023-04-15 21:00:00,6,La Liga,21,Equipo histórico 21,31,Real Madrid,31,Real Madrid,0,Álvaro Odriozola_16_RM,,,,,0,0.000433314,0.000172552,0.0,0.0,100
13758,2023-04-15 21:00:00,6,La Liga,21,Equipo histórico 21,31,Real Madrid,31,Real Madrid,0,Éder Militão_3_RM,,,,,94,0.000207186,0.000444794,0.264,0.565,4777
13760,2023-04-16 16:15:00,6,La Liga,24,Getafe,30,Barcelona,30,Barcelona,0,Alejandro Balde_3_B,,,,,92,0.00209699,0.000618303,0.0,0.0,7371
13760,2023-04-16 16:15:00,6,La Liga,24,Getafe,30,Barcelona,30,Barcelona,0,Ansu Fati_10_B,70.0,,level,,22,-0.000152001,0.000578713,0.0,0.0,1536
13760,2023-04-16 16:15:00,6,La Liga,24,Getafe,30,Barcelona,30,Barcelona,0,Eric García_24_B,18.0,,level,,74,0.00269696,0.00108346,0.082,0.145,3325
13760,2023-04-16 16:15:00,6,La Liga,24,Getafe,30,Barcelona,30,Barcelona,0,Ferrán Torres_7_B,70.0,,level,,22,0.000824349,-0.000703702,0.18,0.318,5186
13760,2023-04-16 16:15:00,6,La Liga,24,Getafe,30,Barcelona,30,Barcelona,0,Franck Kessié_19_B,,70.0,,level,70,-0.00061221,0.000181105,0.0,0.0,1357
13760,2023-04-16 16:15:00,6,La Liga,24,Getafe,30,Barcelona,30,Barcelona,0,Gavi_6_B,,,,,92,0.00196965,0.00152903,0.0,0.0,5150
13760,2023-04-16 16:15:00,6,La Liga,24,Getafe,30,Barcelona,30,Barcelona,0,Iñaki Peña_13_B,,,,,0,0.001789,-0.000771425,0.0,0.0,3754
13760,2023-04-16 16:15:00,6,La Liga,24,Getafe,30,Barcelona,30,Barcelona,0,Jordi Alba_18_B,,70.0,,level,70,-0.00033338,4.05815e-05,0.0,0.0,1068
13760,2023-04-16 16:15:00,6,La Liga,24,Getafe,30,Barcelona,30,Barcelona,0,Jules Koundé_23_B,,,,,92,0.00223783,0.00075356,0.736,1.0,11254
13760,2023-04-16 16:15:00,6,La Liga,24,Getafe,30,Barcelona,30,Barcelona,0,Marc-André ter Stegen_1_B,,,,,92,-0.000183835,0.000794651,0.0,0.0,6921
13760,2023-04-16 16:15:00,6,La Liga,24,Getafe,30,Barcelona,30,Barcelona,0,Marcos Alonso_17_B,,,,,0,-9.54486e-05,8.02717e-05,0.0,0.0,1526
13760,2023-04-16 16:15:00,6,La Liga,24,Getafe,30,Barcelona,30,Barcelona,0,Pablo Torre_14_B,89.0,,level,,3,0.000269459,-0.000418288,0.0,0.0,690
13760,2023-04-16 16:15:00,6,La Liga,24,Getafe,30,Barcelona,30,Barcelona,0,Raphinha_11_B,,89.0,,level,89,0.00131215,0.000402672,0.736,1.0,8931
13760,2023-04-16 16:15:00,6,La Liga,24,Getafe,30,Barcelona,30,Barcelona,0,Robert Lewandowski_9_B,,,,,92,-0.00130583,0.000914094,0.564,0.999,10145
13760,2023-04-16 16:15:00,6,La Liga,24,Getafe,30,Barcelona,30,Barcelona,0,Ronald Araújo_4_B,,,,,92,0.00016609,0.000959492,0.736,1.0,6661
13760,2023-04-16 16:15:00,6,La Liga,24,Getafe,30,Barcelona,30,Barcelona,0,Sergi Roberto_20_B,,18.0,,level,18,0.000651913,-0.000120976,0.0,0.0,2493
13760,2023-04-16 16:15:00,6,La Liga,24,Getafe,30,Barcelona,30,Barcelona,0,Sergio Busquets_5_B,,,,,92,-5.03842e-06,0.00010408,0.0,0.0,2008
13760,2023-04-16 16:15:00,6,La Liga,24,Getafe,30,Barcelona,30,Barcelona,0,Ángel Alarcón_38_B,,,,,0,-0.000108164,-3.65868e-06,0.0,0.0,44
17652,2023-04-18 20:00:00,13,Champions League,14,Chelsea,31,Real Madrid,31,Real Madrid,0,Andriy Lunin_13_RM,,,,,0,0.00135314,0.00113184,0.0,0.0,4637
17652,2023-04-18 20:00:00,13,Champions League,14,Chelsea,31,Real Madrid,31,Real Madrid,0,Antonio Rüdiger_22_RM,,,,,45,0.00101494,0.000618977,0.0,0.0,10666
17652,2023-04-18 20:00:00,13,Champions League,14,Chelsea,31,Real Madrid,31,Real Madrid,0,Aurélien Tchouaméni_14_RM,,,,,20,-0.000603586,0.00091019,0.264,0.565,8572
17652,2023-04-18 20:00:00,13,Champions League,14,Chelsea,31,Real Madrid,31,Real Madrid,0,Dani Carvajal_2_RM,,,,,81,0.000618357,0.000728238,0.196,0.42,6003
17652,2023-04-18 20:00:00,13,Champions League,14,Chelsea,31,Real Madrid,31,Real Madrid,0,Dani Ceballos_19_RM,,,,,15,0.0010414,0.00086943,0.0,0.0,4606
17652,2023-04-18 20:00:00,13,Champions League,14,Chelsea,31,Real Madrid,31,Real Madrid,0,David Alaba_4_RM,,,,,45,0.000547684,0.000271426,0.0,0.0,3366
17652,2023-04-18 20:00:00,13,Champions League,14,Chelsea,31,Real Madrid,31,Real Madrid,0,Eden Hazard_7_RM,,,,,0,0.000435517,5.95349e-05,0.0,0.0,168
17652,2023-04-18 20:00:00,13,Champions League,14,Chelsea,31,Real Madrid,31,Real Madrid,0,Eduardo Camavinga_6_RM,,,,,90,0.000527662,0.000882211,0.0,0.0,7525
17652,2023-04-18 20:00:00,13,Champions League,14,Chelsea,31,Real Madrid,31,Real Madrid,0,Federico Valverde_8_RM,,,,,90,0.00109636,0.00134977,0.264,0.565,11707
17652,2023-04-18 20:00:00,13,Champions League,14,Chelsea,31,Real Madrid,31,Real Madrid,0,Jesús Vallejo_18_RM,,,,,0,-0.000301268,0.000142833,0.0,0.0,215
17652,2023-04-18 20:00:00,13,Champions League,14,Chelsea,31,Real Madrid,31,Real Madrid,0,Karim Benzema_9_RM,,,,,70,0.000363719,6.02898e-05,0.0,0.0,2479
17652,2023-04-18 20:00:00,13,Champions League,14,Chelsea,31,Real Madrid,31,Real Madrid,0,Lucas Vázquez_17_RM,,,,,0,0.00132007,-0.000853061,0.0,0.0,6072
17652,2023-04-18 20:00:00,13,Champions League,14,Chelsea,31,Real Madrid,31,Real Madrid,0,Luka Modrić_10_RM,,,,,90,0.00146142,0.000547068,0.0,0.0,6907
17652,2023-04-18 20:00:00,13,Champions League,14,Chelsea,31,Real Madrid,31,Real Madrid,0,Marco Asensio_11_RM,,,,,10,0.000649671,-0.000350713,0.0,0.0,1583
17652,2023-04-18 20:00:00,13,Champions League,14,Chelsea,31,Real Madrid,31,Real Madrid,0,Mariano_24_RM,,,,,0,0.000401409,0.000227644,0.0,0.0,147
17652,2023-04-18 20:00:00,13,Champions League,14,Chelsea,31,Real Madrid,31,Real Madrid,0,Nacho_6_RM,,,,,9,0.00147031,0.000367155,0.0,0.0,5214
17652,2023-04-18 20:00:00,13,Champions League,14,Chelsea,31,Real Madrid,31,Real Madrid,0,Rodrygo_11_RM,,,,,80,0.000204649,0.000315861,0.182,0.389,9181
17652,2023-04-18 20:00:00,13,Champions League,14,Chelsea,31,Real Madrid,31,Real Madrid,0,Thibaut Courtois_1_RM,,,,,90,0.000111719,-0.000758962,0.264,0.565,7657
17652,2023-04-18 20:00:00,13,Champions League,14,Chelsea,31,Real Madrid,31,Real Madrid,0,Toni Kroos_8_RM,,,,,75,0.000529318,0.000493378,0.0,0.0,5337
17652,2023-04-18 20:00:00,13,Champions League,14,Chelsea,31,Real Madrid,31,Real Madrid,0,Vinicius Júnior_7_RM,,,,,90,-0.00186706,0.000820191,0.082,0.176,9694
17652,2023-04-18 20:00:00,13,Champions League,14,Chelsea,31,Real Madrid,31,Real Madrid,0,Álvaro Odriozola_16_RM,,,,,0,0.000433314,0.000172552,0.0,0.0,100
17652,2023-04-18 20:00:00,13,Champions League,14,Chelsea,31,Real Madrid,31,Real Madrid,0,Éder Militão_3_RM,,,,,90,0.000207186,0.000444794,0.264,0.565,4777
13769,2023-04-22 21:00:00,6,La Liga,31,Real Madrid,25,Celta Vigo,31,Real Madrid,1,Andriy Lunin_13_RM,,,,,0,0.00135314,0.00113184,0.0,0.0,4637
13769,2023-04-22 21:00:00,6,La Liga,31,Real Madrid,25,Celta Vigo,31,Real Madrid,1,Antonio Rüdiger_22_RM,,,,,95,0.00101494,0.000618977,0.0,0.0,10666
13769,2023-04-22 21:00:00,6,La Liga,31,Real Madrid,25,Celta Vigo,31,Real Madrid,1,Aurélien Tchouaméni_14_RM,,,,,95,-0.000603586,0.00091019,0.264,0.565,8572
13769,2023-04-22 21:00:00,6,La Liga,31,Real Madrid,25,Celta Vigo,31,Real Madrid,1,Dani Carvajal_2_RM,,,,,0,0.000618357,0.000728238,0.196,0.42,6003
13769,2023-04-22 21:00:00,6,La Liga,31,Real Madrid,25,Celta Vigo,31,Real Madrid,1,Dani Ceballos_19_RM,,83.0,,leading,83,0.0010414,0.00086943,0.0,0.0,4606
13769,2023-04-22 21:00:00,6,La Liga,31,Real Madrid,25,Celta Vigo,31,Real Madrid,1,Eden Hazard_7_RM,,,,,0,0.000435517,5.95349e-05,0.0,0.0,168
13769,2023-04-22 21:00:00,6,La Liga,31,Real Madrid,25,Celta Vigo,31,Real Madrid,1,Eduardo Camavinga_6_RM,,,,,95,0.000527662,0.000882211,0.0,0.0,7525
13769,2023-04-22 21:00:00,6,La Liga,31,Real Madrid,25,Celta Vigo,31,Real Madrid,1,Federico Valverde_8_RM,,,,,95,0.00109636,0.00134977,0.264,0.565,11707
13769,2023-04-22 21:00:00,6,La Liga,31,Real Madrid,25,Celta Vigo,31,Real Madrid,1,Jesús Vallejo_18_RM,,,,,0,-0.000301268,0.000142833,0.0,0.0,215
13769,2023-04-22 21:00:00,6,La Liga,31,Real Madrid,25,Celta Vigo,31,Real Madrid,1,Karim Benzema_9_RM,,,,,95,0.000363719,6.02898e-05,0.0,0.0,2479
13769,2023-04-22 21:00:00,6,La Liga,31,Real Madrid,25,Celta Vigo,31,Real Madrid,1,Lucas Vázquez_17_RM,78.0,,leading,,17,0.00132007,-0.000853061,0.0,0.0,6072
13769,2023-04-22 21:00:00,6,La Liga,31,Real Madrid,25,Celta Vigo,31,Real Madrid,1,Luka Modrić_10_RM,83.0,,leading,,12,0.00146142,0.000547068,0.0,0.0,6907
13769,2023-04-22 21:00:00,6,La Liga,31,Real Madrid,25,Celta Vigo,31,Real Madrid,1,Marco Asensio_11_RM,,78.0,,leading,78,0.000649671,-0.000350713,0.0,0.0,1583
13769,2023-04-22 21:00:00,6,La Liga,31,Real Madrid,25,Celta Vigo,31,Real Madrid,1,Mariano_24_RM,,,,,0,0.000401409,0.000227644,0.0,0.0,147
13769,2023-04-22 21:00:00,6,La Liga,31,Real Madrid,25,Celta Vigo,31,Real Madrid,1,Nacho_6_RM,,,,,95,0.00147031,0.000367155,0.0,0.0,5214
13769,2023-04-22 21:00:00,6,La Liga,31,Real Madrid,25,Celta Vigo,31,Real Madrid,1,Rodrygo_11_RM,83.0,,leading,,12,0.000204649,0.000315861,0.182,0.389,9181
13769,2023-04-22 21:00:00,6,La Liga,31,Real Madrid,25,Celta Vigo,31,Real Madrid,1,Thibaut Courtois_1_RM,,,,,95,0.000111719,-0.000758962,0.264,0.565,7657
13769,2023-04-22 21:00:00,6,La Liga,31,Real Madrid,25,Celta Vigo,31,Real Madrid,1,Toni Kroos_8_RM,,,,,0,0.000529318,0.000493378,0.0,0.0,5337
13769,2023-04-22 21:00:00,6,La Liga,31,Real Madrid,25,Celta Vigo,31,Real Madrid,1,Vinicius Júnior_7_RM,,83.0,,leading,83,-0.00186706,0.000820191,0.082,0.176,9694
13769,2023-04-22 21:00:00,6,La Liga,31,Real Madrid,25,Celta Vigo,31,Real Madrid,1,Álvaro Odriozola_16_RM,,,,,0,0.000433314,0.000172552,0.0,0.0,100
13769,2023-04-22 21:00:00,6,La Liga,31,Real Madrid,25,Celta Vigo,31,Real Madrid,1,Éder Militão_3_RM,,,,,95,0.000207186,0.000444794,0.264,0.565,4777
13771,2023-04-23 16:15:00,6,La Liga,30,Barcelona,39,Atlético Madrid,30,Barcelona,1,Alejandro Balde_3_B,,,,,95,0.00209699,0.000618303,0.0,0.0,7371
13771,2023-04-23 16:15:00,6,La Liga,30,Barcelona,39,Atlético Madrid,30,Barcelona,1,Ansu Fati_10_B,92.0,,leading,,3,-0.000152001,0.000578713,0.0,0.0,1536
13771,2023-04-23 16:15:00,6,La Liga,30,Barcelona,39,Atlético Madrid,30,Barcelona,1,Eric García_24_B,61.0,,leading,,34,0.00269696,0.00108346,0.082,0.145,3325
13771,2023-04-23 16:15:00,6,La Liga,30,Barcelona,39,Atlético Madrid,30,Barcelona,1,Ferrán Torres_7_B,,61.0,,leading,61,0.000824349,-0.000703702,0.18,0.318,5186
13771,2023-04-23 16:15:00,6,La Liga,30,Barcelona,39,Atlético Madrid,30,Barcelona,1,Franck Kessié_19_B,78.0,,leading,,17,-0.00061221,0.000181105,0.0,0.0,1357
13771,2023-04-23 16:15:00,6,La Liga,30,Barcelona,39,Atlético Madrid,30,Barcelona,1,Frenkie de Jong_21_B,,78.0,,leading,78,0.00304554,-0.000291865,0.736,1.0,7300
13771,2023-04-23 16:15:00,6,La Liga,30,Barcelona,39,Atlético Madrid,30,Barcelona,1,Gavi_6_B,,,,,95,0.00196965,0.00152903,0.0,0.0,5150
13771,2023-04-23 16:15:00,6,La Liga,30,Barcelona,39,Atlético Madrid,30,Barcelona,1,Iñaki Peña_13_B,,,,,0,0.001789,-0.000771425,0.0,0.0,3754
13771,2023-04-23 16:15:00,6,La Liga,30,Barcelona,39,Atlético Madrid,30,Barcelona,1,Jordi Alba_18_B,,,,,0,-0.00033338,4.05815e-05,0.0,0.0,1068
13771,2023-04-23 16:15:00,6,La Liga,30,Barcelona,39,Atlético Madrid,30,Barcelona,1,Jules Koundé_23_B,,,,,95,0.00223783,0.00075356,0.736,1.0,11254
13771,2023-04-23 16:15:00,6,La Liga,30,Barcelona,39,Atlético Madrid,30,Barcelona,1,Lamine Yamal_19_B,,,,,0,0.00308054,0.000554778,0.0,0.0,7670
13771,2023-04-23 16:15:00,6,La Liga,30,Barcelona,39,Atlético Madrid,30,Barcelona,1,Marc-André ter Stegen_1_B,,,,,95,-0.000183835,0.000794651,0.0,0.0,6921
13771,2023-04-23 16:15:00,6,La Liga,30,Barcelona,39,Atlético Madrid,30,Barcelona,1,Marcos Alonso_17_B,,61.0,,leading,61,-9.54486e-05,8.02717e-05,0.0,0.0,1526
13771,2023-04-23 16:15:00,6,La Liga,30,Barcelona,39,Atlético Madrid,30,Barcelona,1,Pablo Torre_14_B,,,,,0,0.000269459,-0.000418288,0.0,0.0,690
13771,2023-04-23 16:15:00,6,La Liga,30,Barcelona,39,Atlético Madrid,30,Barcelona,1,Pedri_8_B,61.0,,leading,,34,-0.000452767,-0.000759786,0.736,1.0,7907
13771,2023-04-23 16:15:00,6,La Liga,30,Barcelona,39,Atlético Madrid,30,Barcelona,1,Raphinha_11_B,,92.0,,leading,92,0.00131215,0.000402672,0.736,1.0,8931
13771,2023-04-23 16:15:00,6,La Liga,30,Barcelona,39,Atlético Madrid,30,Barcelona,1,Robert Lewandowski_9_B,,,,,95,-0.00130583,0.000914094,0.564,0.999,10145
13771,2023-04-23 16:15:00,6,La Liga,30,Barcelona,39,Atlético Madrid,30,Barcelona,1,Ronald Araújo_4_B,,,,,95,0.00016609,0.000959492,0.736,1.0,6661
13771,2023-04-23 16:15:00,6,La Liga,30,Barcelona,39,Atlético Madrid,30,Barcelona,1,Sergio Busquets_5_B,,,,,95,-5.03842e-06,0.00010408,0.0,0.0,2008
13771,2023-04-23 16:15:00,6,La Liga,30,Barcelona,39,Atlético Madrid,30,Barcelona,1,Ángel Alarcón_38_B,,,,,0,-0.000108164,-3.65868e-06,0.0,0.0,44
13775,2023-04-25 19:30:00,6,La Liga,363,Girona,31,Real Madrid,31,Real Madrid,0,Andriy Lunin_13_RM,,,,,93,0.00135314,0.00113184,0.0,0.0,4637
13775,2023-04-25 19:30:00,6,La Liga,363,Girona,31,Real Madrid,31,Real Madrid,0,Antonio Rüdiger_22_RM,,,,,93,0.00101494,0.000618977,0.0,0.0,10666
13775,2023-04-25 19:30:00,6,La Liga,363,Girona,31,Real Madrid,31,Real Madrid,0,Aurélien Tchouaméni_14_RM,64.0,,trailing,,29,-0.000603586,0.00091019,0.264,0.565,8572
13775,2023-04-25 19:30:00,6,La Liga,363,Girona,31,Real Madrid,31,Real Madrid,0,Dani Carvajal_2_RM,,80.0,,trailing,80,0.000618357,0.000728238,0.196,0.42,6003
13775,2023-04-25 19:30:00,6,La Liga,363,Girona,31,Real Madrid,31,Real Madrid,0,Eduardo Camavinga_6_RM,53.0,,trailing,,40,0.000527662,0.000882211,0.0,0.0,7525
13775,2023-04-25 19:30:00,6,La Liga,363,Girona,31,Real Madrid,31,Real Madrid,0,Federico Valverde_8_RM,,,,,93,0.00109636,0.00134977,0.264,0.565,11707
13775,2023-04-25 19:30:00,6,La Liga,363,Girona,31,Real Madrid,31,Real Madrid,0,Jesús Vallejo_18_RM,,,,,0,-0.000301268,0.000142833,0.0,0.0,215
13775,2023-04-25 19:30:00,6,La Liga,363,Girona,31,Real Madrid,31,Real Madrid,0,Lucas Vázquez_17_RM,80.0,,trailing,,13,0.00132007,-0.000853061,0.0,0.0,6072
13775,2023-04-25 19:30:00,6,La Liga,363,Girona,31,Real Madrid,31,Real Madrid,0,Luka Modrić_10_RM,,64.0,,trailing,64,0.00146142,0.000547068,0.0,0.0,6907
13775,2023-04-25 19:30:00,6,La Liga,363,Girona,31,Real Madrid,31,Real Madrid,0,Marco Asensio_11_RM,,,,,93,0.000649671,-0.000350713,0.0,0.0,1583
13775,2023-04-25 19:30:00,6,La Liga,363,Girona,31,Real Madrid,31,Real Madrid,0,Mariano_24_RM,80.0,,trailing,,13,0.000401409,0.000227644,0.0,0.0,147
13775,2023-04-25 19:30:00,6,La Liga,363,Girona,31,Real Madrid,31,Real Madrid,0,Nacho_6_RM,,53.0,,trailing,53,0.00147031,0.000367155,0.0,0.0,5214
13775,2023-04-25 19:30:00,6,La Liga,363,Girona,31,Real Madrid,31,Real Madrid,0,Rodrygo_11_RM,,80.0,,trailing,80,0.000204649,0.000315861,0.182,0.389,9181
13775,2023-04-25 19:30:00,6,La Liga,363,Girona,31,Real Madrid,31,Real Madrid,0,Sergio Arribas_33_RM,,,,,0,0.000472005,-3.60824e-05,0.0,0.0,31
13775,2023-04-25 19:30:00,6,La Liga,363,Girona,31,Real Madrid,31,Real Madrid,0,Toni Kroos_8_RM,,,,,93,0.000529318,0.000493378,0.0,0.0,5337
13775,2023-04-25 19:30:00,6,La Liga,363,Girona,31,Real Madrid,31,Real Madrid,0,Vinicius Júnior_7_RM,,,,,93,-0.00186706,0.000820191,0.082,0.176,9694
13775,2023-04-25 19:30:00,6,La Liga,363,Girona,31,Real Madrid,31,Real Madrid,0,Álvaro Odriozola_16_RM,,,,,0,0.000433314,0.000172552,0.0,0.0,100
13775,2023-04-25 19:30:00,6,La Liga,363,Girona,31,Real Madrid,31,Real Madrid,0,Éder Militão_3_RM,,,,,93,0.000207186,0.000444794,0.264,0.565,4777
13779,2023-04-26 22:00:00,6,La Liga,202,Rayo Vallecano,30,Barcelona,30,Barcelona,0,Alejandro Balde_3_B,,,,,95,0.00209699,0.000618303,0.0,0.0,7371
13779,2023-04-26 22:00:00,6,La Liga,202,Rayo Vallecano,30,Barcelona,30,Barcelona,0,Ansu Fati_10_B,61.0,,trailing,,34,-0.000152001,0.000578713,0.0,0.0,1536
13779,2023-04-26 22:00:00,6,La Liga,202,Rayo Vallecano,30,Barcelona,30,Barcelona,0,Eric García_24_B,83.0,,trailing,,12,0.00269696,0.00108346,0.082,0.145,3325
13779,2023-04-26 22:00:00,6,La Liga,202,Rayo Vallecano,30,Barcelona,30,Barcelona,0,Ferrán Torres_7_B,,61.0,,trailing,61,0.000824349,-0.000703702,0.18,0.318,5186
13779,2023-04-26 22:00:00,6,La Liga,202,Rayo Vallecano,30,Barcelona,30,Barcelona,0,Franck Kessié_19_B,72.0,,trailing,,23,-0.00061221,0.000181105,0.0,0.0,1357
13779,2023-04-26 22:00:00,6,La Liga,202,Rayo Vallecano,30,Barcelona,30,Barcelona,0,Frenkie de Jong_21_B,,83.0,,trailing,83,0.00304554,-0.000291865,0.736,1.0,7300
13779,2023-04-26 22:00:00,6,La Liga,202,Rayo Vallecano,30,Barcelona,30,Barcelona,0,Gavi_6_B,,83.0,,trailing,83,0.00196965,0.00152903,0.0,0.0,5150
13779,2023-04-26 22:00:00,6,La Liga,202,Rayo Vallecano,30,Barcelona,30,Barcelona,0,Iñaki Peña_13_B,,,,,0,0.001789,-0.000771425,0.0,0.0,3754
13779,2023-04-26 22:00:00,6,La Liga,202,Rayo Vallecano,30,Barcelona,30,Barcelona,0,Jordi Alba_18_B,61.0,,trailing,,34,-0.00033338,4.05815e-05,0.0,0.0,1068
13779,2023-04-26 22:00:00,6,La Liga,202,Rayo Vallecano,30,Barcelona,30,Barcelona,0,Jules Koundé_23_B,,,,,95,0.00223783,0.00075356,0.736,1.0,11254
13779,2023-04-26 22:00:00,6,La Liga,202,Rayo Vallecano,30,Barcelona,30,Barcelona,0,Lamine Yamal_19_B,,,,,0,0.00308054,0.000554778,0.0,0.0,7670
13779,2023-04-26 22:00:00,6,La Liga,202,Rayo Vallecano,30,Barcelona,30,Barcelona,0,Marc-André ter Stegen_1_B,,,,,95,-0.000183835,0.000794651,0.0,0.0,6921
13779,2023-04-26 22:00:00,6,La Liga,202,Rayo Vallecano,30,Barcelona,30,Barcelona,0,Marcos Alonso_17_B,,61.0,,trailing,61,-9.54486e-05,8.02717e-05,0.0,0.0,1526
13779,2023-04-26 22:00:00,6,La Liga,202,Rayo Vallecano,30,Barcelona,30,Barcelona,0,Pablo Torre_14_B,83.0,,trailing,,12,0.000269459,-0.000418288,0.0,0.0,690
13779,2023-04-26 22:00:00,6,La Liga,202,Rayo Vallecano,30,Barcelona,30,Barcelona,0,Pedri_8_B,,72.0,,trailing,72,-0.000452767,-0.000759786,0.736,1.0,7907
13779,2023-04-26 22:00:00,6,La Liga,202,Rayo Vallecano,30,Barcelona,30,Barcelona,0,Raphinha_11_B,,,,,95,0.00131215,0.000402672,0.736,1.0,8931
13779,2023-04-26 22:00:00,6,La Liga,202,Rayo Vallecano,30,Barcelona,30,Barcelona,0,Robert Lewandowski_9_B,,,,,95,-0.00130583,0.000914094,0.564,0.999,10145
13779,2023-04-26 22:00:00,6,La Liga,202,Rayo Vallecano,30,Barcelona,30,Barcelona,0,Ronald Araújo_4_B,,,,,95,0.00016609,0.000959492,0.736,1.0,6661
13786,2023-04-29 18:30:00,6,La Liga,31,Real Madrid,362,Equipo histórico 362,31,Real Madrid,1,Andriy Lunin_13_RM,,,,,0,0.00135314,0.00113184,0.0,0.0,4637
13786,2023-04-29 18:30:00,6,La Liga,31,Real Madrid,362,Equipo histórico 362,31,Real Madrid,1,Antonio Rüdiger_22_RM,,,,,95,0.00101494,0.000618977,0.0,0.0,10666
13786,2023-04-29 18:30:00,6,La Liga,31,Real Madrid,362,Equipo histórico 362,31,Real Madrid,1,Aurélien Tchouaméni_14_RM,,,,,95,-0.000603586,0.00091019,0.264,0.565,8572
13786,2023-04-29 18:30:00,6,La Liga,31,Real Madrid,362,Equipo histórico 362,31,Real Madrid,1,Dani Carvajal_2_RM,83.0,,leading,,12,0.000618357,0.000728238,0.196,0.42,6003
13786,2023-04-29 18:30:00,6,La Liga,31,Real Madrid,362,Equipo histórico 362,31,Real Madrid,1,Dani Ceballos_19_RM,,,,,95,0.0010414,0.00086943,0.0,0.0,4606
13786,2023-04-29 18:30:00,6,La Liga,31,Real Madrid,362,Equipo histórico 362,31,Real Madrid,1,Eden Hazard_7_RM,,,,,0,0.000435517,5.95349e-05,0.0,0.0,168
13786,2023-04-29 18:30:00,6,La Liga,31,Real Madrid,362,Equipo histórico 362,31,Real Madrid,1,Eduardo Camavinga_6_RM,,,,,95,0.000527662,0.000882211,0.0,0.0,7525
13786,2023-04-29 18:30:00,6,La Liga,31,Real Madrid,362,Equipo histórico 362,31,Real Madrid,1,Federico Valverde_8_RM,,,,,0,0.00109636,0.00134977,0.264,0.565,11707
13786,2023-04-29 18:30:00,6,La Liga,31,Real Madrid,362,Equipo histórico 362,31,Real Madrid,1,Jesús Vallejo_18_RM,,,,,0,-0.000301268,0.000142833,0.0,0.0,215
13786,2023-04-29 18:30:00,6,La Liga,31,Real Madrid,362,Equipo histórico 362,31,Real Madrid,1,Karim Benzema_9_RM,,,,,95,0.000363719,6.02898e-05,0.0,0.0,2479
13786,2023-04-29 18:30:00,6,La Liga,31,Real Madrid,362,Equipo histórico 362,31,Real Madrid,1,Lucas Vázquez_17_RM,,,,,95,0.00132007,-0.000853061,0.0,0.0,6072
13786,2023-04-29 18:30:00,6,La Liga,31,Real Madrid,362,Equipo histórico 362,31,Real Madrid,1,Marco Asensio_11_RM,73.0,,leading,,22,0.000649671,-0.000350713,0.0,0.0,1583
13786,2023-04-29 18:30:00,6,La Liga,31,Real Madrid,362,Equipo histórico 362,31,Real Madrid,1,Mariano_24_RM,,,,,0,0.000401409,0.000227644,0.0,0.0,147
13786,2023-04-29 18:30:00,6,La Liga,31,Real Madrid,362,Equipo histórico 362,31,Real Madrid,1,Nacho_6_RM,73.0,,leading,,22,0.00147031,0.000367155,0.0,0.0,5214
13786,2023-04-29 18:30:00,6,La Liga,31,Real Madrid,362,Equipo histórico 362,31,Real Madrid,1,Rodrygo_11_RM,,73.0,,leading,73,0.000204649,0.000315861,0.182,0.389,9181
13786,2023-04-29 18:30:00,6,La Liga,31,Real Madrid,362,Equipo histórico 362,31,Real Madrid,1,Thibaut Courtois_1_RM,,,,,95,0.000111719,-0.000758962,0.264,0.565,7657
13786,2023-04-29 18:30:00,6,La Liga,31,Real Madrid,362,Equipo histórico 362,31,Real Madrid,1,Toni Kroos_8_RM,,73.0,,leading,73,0.000529318,0.000493378,0.0,0.0,5337
13786,2023-04-29 18:30:00,6,La Liga,31,Real Madrid,362,Equipo histórico 362,31,Real Madrid,1,Vinicius Júnior_7_RM,,83.0,,leading,83,-0.00186706,0.000820191,0.082,0.176,9694
13786,2023-04-29 18:30:00,6,La Liga,31,Real Madrid,362,Equipo histórico 362,31,Real Madrid,1,Álvaro Odriozola_16_RM,,,,,0,0.000433314,0.000172552,0.0,0.0,100
13786,2023-04-29 18:30:00,6,La Liga,31,Real Madrid,362,Equipo histórico 362,31,Real Madrid,1,Éder Militão_3_RM,,,,,95,0.000207186,0.000444794,0.264,0.565,4777
13787,2023-04-29 21:00:00,6,La Liga,30,Barcelona,27,Equipo histórico 27,30,Barcelona,1,Alejandro Balde_3_B,,,,,94,0.00209699,0.000618303,0.0,0.0,7371
13787,2023-04-29 21:00:00,6,La Liga,30,Barcelona,27,Equipo histórico 27,30,Barcelona,1,Andreas Christensen_15_B,,59.0,,leading,59,-0.000657376,0.000304607,0.172,0.304,4789
13787,2023-04-29 21:00:00,6,La Liga,30,Barcelona,27,Equipo histórico 27,30,Barcelona,1,Ansu Fati_10_B,59.0,,leading,,35,-0.000152001,0.000578713,0.0,0.0,1536
13787,2023-04-29 21:00:00,6,La Liga,30,Barcelona,27,Equipo histórico 27,30,Barcelona,1,Eric García_24_B,,,,,0,0.00269696,0.00108346,0.082,0.145,3325
13787,2023-04-29 21:00:00,6,La Liga,30,Barcelona,27,Equipo histórico 27,30,Barcelona,1,Ferrán Torres_7_B,,,,,0,0.000824349,-0.000703702,0.18,0.318,5186
13787,2023-04-29 21:00:00,6,La Liga,30,Barcelona,27,Equipo histórico 27,30,Barcelona,1,Franck Kessié_19_B,73.0,,leading,,21,-0.00061221,0.000181105,0.0,0.0,1357
13787,2023-04-29 21:00:00,6,La Liga,30,Barcelona,27,Equipo histórico 27,30,Barcelona,1,Frenkie de Jong_21_B,,59.0,,leading,59,0.00304554,-0.000291865,0.736,1.0,7300
13787,2023-04-29 21:00:00,6,La Liga,30,Barcelona,27,Equipo histórico 27,30,Barcelona,1,Gavi_6_B,,83.0,,leading,83,0.00196965,0.00152903,0.0,0.0,5150
13787,2023-04-29 21:00:00,6,La Liga,30,Barcelona,27,Equipo histórico 27,30,Barcelona,1,Iñaki Peña_13_B,,,,,0,0.001789,-0.000771425,0.0,0.0,3754
13787,2023-04-29 21:00:00,6,La Liga,30,Barcelona,27,Equipo histórico 27,30,Barcelona,1,Jordi Alba_18_B,,,,,0,-0.00033338,4.05815e-05,0.0,0.0,1068
13787,2023-04-29 21:00:00,6,La Liga,30,Barcelona,27,Equipo histórico 27,30,Barcelona,1,Jules Koundé_23_B,,,,,94,0.00223783,0.00075356,0.736,1.0,11254
13787,2023-04-29 21:00:00,6,La Liga,30,Barcelona,27,Equipo histórico 27,30,Barcelona,1,Lamine Yamal_19_B,83.0,,leading,,11,0.00308054,0.000554778,0.0,0.0,7670
13787,2023-04-29 21:00:00,6,La Liga,30,Barcelona,27,Equipo histórico 27,30,Barcelona,1,Marc-André ter Stegen_1_B,,,,,94,-0.000183835,0.000794651,0.0,0.0,6921
13787,2023-04-29 21:00:00,6,La Liga,30,Barcelona,27,Equipo histórico 27,30,Barcelona,1,Marcos Alonso_17_B,59.0,,leading,,35,-9.54486e-05,8.02717e-05,0.0,0.0,1526
13787,2023-04-29 21:00:00,6,La Liga,30,Barcelona,27,Equipo histórico 27,30,Barcelona,1,Ousmane Dembélé_7_B,73.0,,leading,,21,-0.000419814,-0.000576532,0.0,0.0,767
13787,2023-04-29 21:00:00,6,La Liga,30,Barcelona,27,Equipo histórico 27,30,Barcelona,1,Pablo Torre_14_B,,,,,0,0.000269459,-0.000418288,0.0,0.0,690
13787,2023-04-29 21:00:00,6,La Liga,30,Barcelona,27,Equipo histórico 27,30,Barcelona,1,Pedri_8_B,,73.0,,leading,73,-0.000452767,-0.000759786,0.736,1.0,7907
13787,2023-04-29 21:00:00,6,La Liga,30,Barcelona,27,Equipo histórico 27,30,Barcelona,1,Raphinha_11_B,,73.0,,leading,73,0.00131215,0.000402672,0.736,1.0,8931
13787,2023-04-29 21:00:00,6,La Liga,30,Barcelona,27,Equipo histórico 27,30,Barcelona,1,Robert Lewandowski_9_B,,,,,94,-0.00130583,0.000914094,0.564,0.999,10145
13787,2023-04-29 21:00:00,6,La Liga,30,Barcelona,27,Equipo histórico 27,30,Barcelona,1,Ronald Araújo_4_B,,,,,94,0.00016609,0.000959492,0.736,1.0,6661
13787,2023-04-29 21:00:00,6,La Liga,30,Barcelona,27,Equipo histórico 27,30,Barcelona,1,Sergio Busquets_5_B,,,,,94,-5.03842e-06,0.00010408,0.0,0.0,2008
13794,2023-05-02 19:30:00,6,La Liga,30,Barcelona,29,Osasuna,30,Barcelona,1,Alejandro Balde_3_B,,76.0,,level,76,0.00209699,0.000618303,0.0,0.0,7371
13794,2023-05-02 19:30:00,6,La Liga,30,Barcelona,29,Osasuna,30,Barcelona,1,Andreas Christensen_15_B,,52.0,,level,52,-0.000657376,0.000304607,0.172,0.304,4789
13794,2023-05-02 19:30:00,6,La Liga,30,Barcelona,29,Osasuna,30,Barcelona,1,Ansu Fati_10_B,36.0,,level,,57,-0.000152001,0.000578713,0.0,0.0,1536
13794,2023-05-02 19:30:00,6,La Liga,30,Barcelona,29,Osasuna,30,Barcelona,1,Eric García_24_B,52.0,,level,,41,0.00269696,0.00108346,0.082,0.145,3325
13794,2023-05-02 19:30:00,6,La Liga,30,Barcelona,29,Osasuna,30,Barcelona,1,Ferrán Torres_7_B,76.0,,level,,17,0.000824349,-0.000703702,0.18,0.318,5186
13794,2023-05-02 19:30:00,6,La Liga,30,Barcelona,29,Osasuna,30,Barcelona,1,Franck Kessié_19_B,,,,,0,-0.00061221,0.000181105,0.0,0.0,1357
13794,2023-05-02 19:30:00,6,La Liga,30,Barcelona,29,Osasuna,30,Barcelona,1,Frenkie de Jong_21_B,,,,,93,0.00304554,-0.000291865,0.736,1.0,7300
13794,2023-05-02 19:30:00,6,La Liga,30,Barcelona,29,Osasuna,30,Barcelona,1,Gavi_6_B,,36.0,,level,36,0.00196965,0.00152903,0.0,0.0,5150
13794,2023-05-02 19:30:00,6,La Liga,30,Barcelona,29,Osasuna,30,Barcelona,1,Iñaki Peña_13_B,,,,,0,0.001789,-0.000771425,0.0,0.0,3754
13794,2023-05-02 19:30:00,6,La Liga,30,Barcelona,29,Osasuna,30,Barcelona,1,Jordi Alba_18_B,76.0,,level,,17,-0.00033338,4.05815e-05,0.0,0.0,1068
13794,2023-05-02 19:30:00,6,La Liga,30,Barcelona,29,Osasuna,30,Barcelona,1,Jules Koundé_23_B,,,,,93,0.00223783,0.00075356,0.736,1.0,11254
13794,2023-05-02 19:30:00,6,La Liga,30,Barcelona,29,Osasuna,30,Barcelona,1,Lamine Yamal_19_B,,,,,0,0.00308054,0.000554778,0.0,0.0,7670
13794,2023-05-02 19:30:00,6,La Liga,30,Barcelona,29,Osasuna,30,Barcelona,1,Marc-André ter Stegen_1_B,,,,,93,-0.000183835,0.000794651,0.0,0.0,6921
13794,2023-05-02 19:30:00,6,La Liga,30,Barcelona,29,Osasuna,30,Barcelona,1,Marcos Alonso_17_B,,,,,0,-9.54486e-05,8.02717e-05,0.0,0.0,1526
13794,2023-05-02 19:30:00,6,La Liga,30,Barcelona,29,Osasuna,30,Barcelona,1,Ousmane Dembélé_7_B,52.0,,level,,41,-0.000419814,-0.000576532,0.0,0.0,767
13794,2023-05-02 19:30:00,6,La Liga,30,Barcelona,29,Osasuna,30,Barcelona,1,Pablo Torre_14_B,,,,,0,0.000269459,-0.000418288,0.0,0.0,690
13794,2023-05-02 19:30:00,6,La Liga,30,Barcelona,29,Osasuna,30,Barcelona,1,Pedri_8_B,,,,,93,-0.000452767,-0.000759786,0.736,1.0,7907
13794,2023-05-02 19:30:00,6,La Liga,30,Barcelona,29,Osasuna,30,Barcelona,1,Raphinha_11_B,,52.0,,level,52,0.00131215,0.000402672,0.736,1.0,8931
13794,2023-05-02 19:30:00,6,La Liga,30,Barcelona,29,Osasuna,30,Barcelona,1,Robert Lewandowski_9_B,,,,,93,-0.00130583,0.000914094,0.564,0.999,10145
13794,2023-05-02 19:30:00,6,La Liga,30,Barcelona,29,Osasuna,30,Barcelona,1,Ronald Araújo_4_B,,,,,93,0.00016609,0.000959492,0.736,1.0,6661
13794,2023-05-02 19:30:00,6,La Liga,30,Barcelona,29,Osasuna,30,Barcelona,1,Sergio Busquets_5_B,,76.0,,level,76,-5.03842e-06,0.00010408,0.0,0.0,2008
13796,2023-05-02 22:00:00,6,La Liga,38,Real Sociedad,31,Real Madrid,31,Real Madrid,0,Andriy Lunin_13_RM,,,,,0,0.00135314,0.00113184,0.0,0.0,4637
13796,2023-05-02 22:00:00,6,La Liga,38,Real Sociedad,31,Real Madrid,31,Real Madrid,0,Antonio Rüdiger_22_RM,,,,,92,0.00101494,0.000618977,0.0,0.0,10666
13796,2023-05-02 22:00:00,6,La Liga,38,Real Sociedad,31,Real Madrid,31,Real Madrid,0,Aurélien Tchouaméni_14_RM,,,,,92,-0.000603586,0.00091019,0.264,0.565,8572
13796,2023-05-02 22:00:00,6,La Liga,38,Real Sociedad,31,Real Madrid,31,Real Madrid,0,Dani Carvajal_2_RM,,,,,92,0.000618357,0.000728238,0.196,0.42,6003
13796,2023-05-02 22:00:00,6,La Liga,38,Real Sociedad,31,Real Madrid,31,Real Madrid,0,Dani Ceballos_19_RM,,,,,92,0.0010414,0.00086943,0.0,0.0,4606
13796,2023-05-02 22:00:00,6,La Liga,38,Real Sociedad,31,Real Madrid,31,Real Madrid,0,Eden Hazard_7_RM,,,,,0,0.000435517,5.95349e-05,0.0,0.0,168
13796,2023-05-02 22:00:00,6,La Liga,38,Real Sociedad,31,Real Madrid,31,Real Madrid,0,Federico Valverde_8_RM,,,,,0,0.00109636,0.00134977,0.264,0.565,11707
13796,2023-05-02 22:00:00,6,La Liga,38,Real Sociedad,31,Real Madrid,31,Real Madrid,0,Jesús Vallejo_18_RM,,,,,0,-0.000301268,0.000142833,0.0,0.0,215
13796,2023-05-02 22:00:00,6,La Liga,38,Real Sociedad,31,Real Madrid,31,Real Madrid,0,Lucas Vázquez_17_RM,63.0,,trailing,,29,0.00132007,-0.000853061,0.0,0.0,6072
13796,2023-05-02 22:00:00,6,La Liga,38,Real Sociedad,31,Real Madrid,31,Real Madrid,0,Marco Asensio_11_RM,,82.0,,trailing,82,0.000649671,-0.000350713,0.0,0.0,1583
13796,2023-05-02 22:00:00,6,La Liga,38,Real Sociedad,31,Real Madrid,31,Real Madrid,0,Mariano_24_RM,,59.0,,trailing,59,0.000401409,0.000227644,0.0,0.0,147
13796,2023-05-02 22:00:00,6,La Liga,38,Real Sociedad,31,Real Madrid,31,Real Madrid,0,Nacho_6_RM,,,,,92,0.00147031,0.000367155,0.0,0.0,5214
13796,2023-05-02 22:00:00,6,La Liga,38,Real Sociedad,31,Real Madrid,31,Real Madrid,0,Rodrygo_11_RM,,,,,92,0.000204649,0.000315861,0.182,0.389,9181
13796,2023-05-02 22:00:00,6,La Liga,38,Real Sociedad,31,Real Madrid,31,Real Madrid,0,Sergio Arribas_33_RM,82.0,,trailing,,10,0.000472005,-3.60824e-05,0.0,0.0,31
13796,2023-05-02 22:00:00,6,La Liga,38,Real Sociedad,31,Real Madrid,31,Real Madrid,0,Thibaut Courtois_1_RM,,,,,92,0.000111719,-0.000758962,0.264,0.565,7657
13796,2023-05-02 22:00:00,6,La Liga,38,Real Sociedad,31,Real Madrid,31,Real Madrid,0,Toni Kroos_8_RM,,63.0,,trailing,63,0.000529318,0.000493378,0.0,0.0,5337
13796,2023-05-02 22:00:00,6,La Liga,38,Real Sociedad,31,Real Madrid,31,Real Madrid,0,Álvaro Odriozola_16_RM,,,,,0,0.000433314,0.000172552,0.0,0.0,100
13796,2023-05-02 22:00:00,6,La Liga,38,Real Sociedad,31,Real Madrid,31,Real Madrid,0,Álvaro Rodríguez_29_RM,59.0,,trailing,,33,-0.000543337,0.00019577,0.0,0.0,139
13796,2023-05-02 22:00:00,6,La Liga,38,Real Sociedad,31,Real Madrid,31,Real Madrid,0,Éder Militão_3_RM,,,,,92,0.000207186,0.000444794,0.264,0.565,4777
19397,2023-05-06 22:00:00,17,Copa del Rey,31,Real Madrid,29,Osasuna,31,Real Madrid,1,Andriy Lunin_13_RM,,,,,0,0.00135314,0.00113184,0.0,0.0,4637
19397,2023-05-06 22:00:00,17,Copa del Rey,31,Real Madrid,29,Osasuna,31,Real Madrid,1,Antonio Rüdiger_22_RM,,,,,22,0.00101494,0.000618977,0.0,0.0,10666
19397,2023-05-06 22:00:00,17,Copa del Rey,31,Real Madrid,29,Osasuna,31,Real Madrid,1,Aurélien Tchouaméni_14_RM,,,,,68,-0.000603586,0.00091019,0.264,0.565,8572
19397,2023-05-06 22:00:00,17,Copa del Rey,31,Real Madrid,29,Osasuna,31,Real Madrid,1,Dani Carvajal_2_RM,,,,,90,0.000618357,0.000728238,0.196,0.42,6003
19397,2023-05-06 22:00:00,17,Copa del Rey,31,Real Madrid,29,Osasuna,31,Real Madrid,1,Dani Ceballos_19_RM,,,,,0,0.0010414,0.00086943,0.0,0.0,4606
19397,2023-05-06 22:00:00,17,Copa del Rey,31,Real Madrid,29,Osasuna,31,Real Madrid,1,David Alaba_4_RM,,,,,90,0.000547684,0.000271426,0.0,0.0,3366
19397,2023-05-06 22:00:00,17,Copa del Rey,31,Real Madrid,29,Osasuna,31,Real Madrid,1,Eden Hazard_7_RM,,,,,0,0.000435517,5.95349e-05,0.0,0.0,168
19397,2023-05-06 22:00:00,17,Copa del Rey,31,Real Madrid,29,Osasuna,31,Real Madrid,1,Eduardo Camavinga_6_RM,,,,,90,0.000527662,0.000882211,0.0,0.0,7525
19397,2023-05-06 22:00:00,17,Copa del Rey,31,Real Madrid,29,Osasuna,31,Real Madrid,1,Federico Valverde_8_RM,,,,,90,0.00109636,0.00134977,0.264,0.565,11707
19397,2023-05-06 22:00:00,17,Copa del Rey,31,Real Madrid,29,Osasuna,31,Real Madrid,1,Jesús Vallejo_18_RM,,,,,0,-0.000301268,0.000142833,0.0,0.0,215
19397,2023-05-06 22:00:00,17,Copa del Rey,31,Real Madrid,29,Osasuna,31,Real Madrid,1,Karim Benzema_9_RM,,,,,90,0.000363719,6.02898e-05,0.0,0.0,2479
19397,2023-05-06 22:00:00,17,Copa del Rey,31,Real Madrid,29,Osasuna,31,Real Madrid,1,Lucas Vázquez_17_RM,,,,,0,0.00132007,-0.000853061,0.0,0.0,6072
19397,2023-05-06 22:00:00,17,Copa del Rey,31,Real Madrid,29,Osasuna,31,Real Madrid,1,Luka Modrić_10_RM,,,,,9,0.00146142,0.000547068,0.0,0.0,6907
19397,2023-05-06 22:00:00,17,Copa del Rey,31,Real Madrid,29,Osasuna,31,Real Madrid,1,Marco Asensio_11_RM,,,,,2,0.000649671,-0.000350713,0.0,0.0,1583
19397,2023-05-06 22:00:00,17,Copa del Rey,31,Real Madrid,29,Osasuna,31,Real Madrid,1,Mariano_24_RM,,,,,0,0.000401409,0.000227644,0.0,0.0,147
19397,2023-05-06 22:00:00,17,Copa del Rey,31,Real Madrid,29,Osasuna,31,Real Madrid,1,Nacho_6_RM,,,,,0,0.00147031,0.000367155,0.0,0.0,5214
19397,2023-05-06 22:00:00,17,Copa del Rey,31,Real Madrid,29,Osasuna,31,Real Madrid,1,Rodrygo_11_RM,,,,,88,0.000204649,0.000315861,0.182,0.389,9181
19397,2023-05-06 22:00:00,17,Copa del Rey,31,Real Madrid,29,Osasuna,31,Real Madrid,1,Thibaut Courtois_1_RM,,,,,90,0.000111719,-0.000758962,0.264,0.565,7657
19397,2023-05-06 22:00:00,17,Copa del Rey,31,Real Madrid,29,Osasuna,31,Real Madrid,1,Toni Kroos_8_RM,,,,,81,0.000529318,0.000493378,0.0,0.0,5337
19397,2023-05-06 22:00:00,17,Copa del Rey,31,Real Madrid,29,Osasuna,31,Real Madrid,1,Vinicius Júnior_7_RM,,,,,90,-0.00186706,0.000820191,0.082,0.176,9694
19397,2023-05-06 22:00:00,17,Copa del Rey,31,Real Madrid,29,Osasuna,31,Real Madrid,1,Álvaro Odriozola_16_RM,,,,,0,0.000433314,0.000172552,0.0,0.0,100
19397,2023-05-06 22:00:00,17,Copa del Rey,31,Real Madrid,29,Osasuna,31,Real Madrid,1,Éder Militão_3_RM,,,,,90,0.000207186,0.000444794,0.264,0.565,4777
17656,2023-05-09 21:00:00,13,Champions League,31,Real Madrid,19,Manchester City,31,Real Madrid,1,Andriy Lunin_13_RM,,,,,0,0.00135314,0.00113184,0.0,0.0,4637
17656,2023-05-09 21:00:00,13,Champions League,31,Real Madrid,19,Manchester City,31,Real Madrid,1,Antonio Rüdiger_22_RM,,,,,90,0.00101494,0.000618977,0.0,0.0,10666
17656,2023-05-09 21:00:00,13,Champions League,31,Real Madrid,19,Manchester City,31,Real Madrid,1,Aurélien Tchouaméni_14_RM,,,,,7,-0.000603586,0.00091019,0.264,0.565,8572
17656,2023-05-09 21:00:00,13,Champions League,31,Real Madrid,19,Manchester City,31,Real Madrid,1,Dani Carvajal_2_RM,,,,,90,0.000618357,0.000728238,0.196,0.42,6003
17656,2023-05-09 21:00:00,13,Champions League,31,Real Madrid,19,Manchester City,31,Real Madrid,1,Dani Ceballos_19_RM,,,,,0,0.0010414,0.00086943,0.0,0.0,4606
17656,2023-05-09 21:00:00,13,Champions League,31,Real Madrid,19,Manchester City,31,Real Madrid,1,David Alaba_4_RM,,,,,90,0.000547684,0.000271426,0.0,0.0,3366
17656,2023-05-09 21:00:00,13,Champions League,31,Real Madrid,19,Manchester City,31,Real Madrid,1,Eden Hazard_7_RM,,,,,0,0.000435517,5.95349e-05,0.0,0.0,168
17656,2023-05-09 21:00:00,13,Champions League,31,Real Madrid,19,Manchester City,31,Real Madrid,1,Eduardo Camavinga_6_RM,,,,,90,0.000527662,0.000882211,0.0,0.0,7525
17656,2023-05-09 21:00:00,13,Champions League,31,Real Madrid,19,Manchester City,31,Real Madrid,1,Federico Valverde_8_RM,,,,,90,0.00109636,0.00134977,0.264,0.565,11707
17656,2023-05-09 21:00:00,13,Champions League,31,Real Madrid,19,Manchester City,31,Real Madrid,1,Jesús Vallejo_18_RM,,,,,0,-0.000301268,0.000142833,0.0,0.0,215
17656,2023-05-09 21:00:00,13,Champions League,31,Real Madrid,19,Manchester City,31,Real Madrid,1,Karim Benzema_9_RM,,,,,90,0.000363719,6.02898e-05,0.0,0.0,2479
17656,2023-05-09 21:00:00,13,Champions League,31,Real Madrid,19,Manchester City,31,Real Madrid,1,Lucas Vázquez_17_RM,,,,,0,0.00132007,-0.000853061,0.0,0.0,6072
17656,2023-05-09 21:00:00,13,Champions League,31,Real Madrid,19,Manchester City,31,Real Madrid,1,Luka Modrić_10_RM,,,,,86,0.00146142,0.000547068,0.0,0.0,6907
17656,2023-05-09 21:00:00,13,Champions League,31,Real Madrid,19,Manchester City,31,Real Madrid,1,Marco Asensio_11_RM,,,,,10,0.000649671,-0.000350713,0.0,0.0,1583
17656,2023-05-09 21:00:00,13,Champions League,31,Real Madrid,19,Manchester City,31,Real Madrid,1,Mariano_24_RM,,,,,0,0.000401409,0.000227644,0.0,0.0,147
17656,2023-05-09 21:00:00,13,Champions League,31,Real Madrid,19,Manchester City,31,Real Madrid,1,Nacho_6_RM,,,,,4,0.00147031,0.000367155,0.0,0.0,5214
17656,2023-05-09 21:00:00,13,Champions League,31,Real Madrid,19,Manchester City,31,Real Madrid,1,Rodrygo_11_RM,,,,,80,0.000204649,0.000315861,0.182,0.389,9181
17656,2023-05-09 21:00:00,13,Champions League,31,Real Madrid,19,Manchester City,31,Real Madrid,1,Thibaut Courtois_1_RM,,,,,90,0.000111719,-0.000758962,0.264,0.565,7657
17656,2023-05-09 21:00:00,13,Champions League,31,Real Madrid,19,Manchester City,31,Real Madrid,1,Toni Kroos_8_RM,,,,,83,0.000529318,0.000493378,0.0,0.0,5337
17656,2023-05-09 21:00:00,13,Champions League,31,Real Madrid,19,Manchester City,31,Real Madrid,1,Vinicius Júnior_7_RM,,,,,90,-0.00186706,0.000820191,0.082,0.176,9694
17656,2023-05-09 21:00:00,13,Champions League,31,Real Madrid,19,Manchester City,31,Real Madrid,1,Álvaro Odriozola_16_RM,,,,,0,0.000433314,0.000172552,0.0,0.0,100
13808,2023-05-13 21:00:00,6,La Liga,31,Real Madrid,24,Getafe,31,Real Madrid,1,Andriy Lunin_13_RM,,,,,0,0.00135314,0.00113184,0.0,0.0,4637
13808,2023-05-13 21:00:00,6,La Liga,31,Real Madrid,24,Getafe,31,Real Madrid,1,Antonio Rüdiger_22_RM,,,,,0,0.00101494,0.000618977,0.0,0.0,10666
13808,2023-05-13 21:00:00,6,La Liga,31,Real Madrid,24,Getafe,31,Real Madrid,1,Aurélien Tchouaméni_14_RM,,,,,95,-0.000603586,0.00091019,0.264,0.565,8572
13808,2023-05-13 21:00:00,6,La Liga,31,Real Madrid,24,Getafe,31,Real Madrid,1,Dani Ceballos_19_RM,,61.0,,level,61,0.0010414,0.00086943,0.0,0.0,4606
13808,2023-05-13 21:00:00,6,La Liga,31,Real Madrid,24,Getafe,31,Real Madrid,1,Eden Hazard_7_RM,,61.0,,level,61,0.000435517,5.95349e-05,0.0,0.0,168
13808,2023-05-13 21:00:00,6,La Liga,31,Real Madrid,24,Getafe,31,Real Madrid,1,Eduardo Camavinga_6_RM,,84.0,,leading,84,0.000527662,0.000882211,0.0,0.0,7525
13808,2023-05-13 21:00:00,6,La Liga,31,Real Madrid,24,Getafe,31,Real Madrid,1,Federico Valverde_8_RM,,61.0,,level,61,0.00109636,0.00134977,0.264,0.565,11707
13808,2023-05-13 21:00:00,6,La Liga,31,Real Madrid,24,Getafe,31,Real Madrid,1,Ferland Mendy_23_RM,,46.0,,level,46,-0.00165897,0.000241543,0.0,0.0,5435
13808,2023-05-13 21:00:00,6,La Liga,31,Real Madrid,24,Getafe,31,Real Madrid,1,Jesús Vallejo_18_RM,,,,,0,-0.000301268,0.000142833,0.0,0.0,215
13808,2023-05-13 21:00:00,6,La Liga,31,Real Madrid,24,Getafe,31,Real Madrid,1,Lucas Vázquez_17_RM,,,,,95,0.00132007,-0.000853061,0.0,0.0,6072
13808,2023-05-13 21:00:00,6,La Liga,31,Real Madrid,24,Getafe,31,Real Madrid,1,Luka Modrić_10_RM,61.0,,level,,34,0.00146142,0.000547068,0.0,0.0,6907
13808,2023-05-13 21:00:00,6,La Liga,31,Real Madrid,24,Getafe,31,Real Madrid,1,Marco Asensio_11_RM,,,,,95,0.000649671,-0.000350713,0.0,0.0,1583
13808,2023-05-13 21:00:00,6,La Liga,31,Real Madrid,24,Getafe,31,Real Madrid,1,Mariano_24_RM,61.0,,level,,34,0.000401409,0.000227644,0.0,0.0,147
13808,2023-05-13 21:00:00,6,La Liga,31,Real Madrid,24,Getafe,31,Real Madrid,1,Nacho_6_RM,,,,,95,0.00147031,0.000367155,0.0,0.0,5214
13808,2023-05-13 21:00:00,6,La Liga,31,Real Madrid,24,Getafe,31,Real Madrid,1,Thibaut Courtois_1_RM,,,,,95,0.000111719,-0.000758962,0.264,0.565,7657
13808,2023-05-13 21:00:00,6,La Liga,31,Real Madrid,24,Getafe,31,Real Madrid,1,Toni Kroos_8_RM,46.0,,level,,49,0.000529318,0.000493378,0.0,0.0,5337
13808,2023-05-13 21:00:00,6,La Liga,31,Real Madrid,24,Getafe,31,Real Madrid,1,Vinicius Júnior_7_RM,61.0,,level,,34,-0.00186706,0.000820191,0.082,0.176,9694
13808,2023-05-13 21:00:00,6,La Liga,31,Real Madrid,24,Getafe,31,Real Madrid,1,Álvaro Odriozola_16_RM,84.0,,leading,,11,0.000433314,0.000172552,0.0,0.0,100
13808,2023-05-13 21:00:00,6,La Liga,31,Real Madrid,24,Getafe,31,Real Madrid,1,Éder Militão_3_RM,,,,,95,0.000207186,0.000444794,0.264,0.565,4777
13812,2023-05-14 21:00:00,6,La Liga,200,Equipo histórico 200,30,Barcelona,30,Barcelona,0,Alejandro Balde_3_B,,,,,93,0.00209699,0.000618303,0.0,0.0,7371
13812,2023-05-14 21:00:00,6,La Liga,200,Equipo histórico 200,30,Barcelona,30,Barcelona,0,Andreas Christensen_15_B,,75.0,,leading,75,-0.000657376,0.000304607,0.172,0.304,4789
13812,2023-05-14 21:00:00,6,La Liga,200,Equipo histórico 200,30,Barcelona,30,Barcelona,0,Ansu Fati_10_B,75.0,,leading,,18,-0.000152001,0.000578713,0.0,0.0,1536
13812,2023-05-14 21:00:00,6,La Liga,200,Equipo histórico 200,30,Barcelona,30,Barcelona,0,Eric García_24_B,,,,,0,0.00269696,0.00108346,0.082,0.145,3325
13812,2023-05-14 21:00:00,6,La Liga,200,Equipo histórico 200,30,Barcelona,30,Barcelona,0,Ferrán Torres_7_B,,,,,0,0.000824349,-0.000703702,0.18,0.318,5186
13812,2023-05-14 21:00:00,6,La Liga,200,Equipo histórico 200,30,Barcelona,30,Barcelona,0,Franck Kessié_19_B,90.0,,leading,,3,-0.00061221,0.000181105,0.0,0.0,1357
13812,2023-05-14 21:00:00,6,La Liga,200,Equipo histórico 200,30,Barcelona,30,Barcelona,0,Frenkie de Jong_21_B,,,,,93,0.00304554,-0.000291865,0.736,1.0,7300
13812,2023-05-14 21:00:00,6,La Liga,200,Equipo histórico 200,30,Barcelona,30,Barcelona,0,Gavi_6_B,,75.0,,leading,75,0.00196965,0.00152903,0.0,0.0,5150
13812,2023-05-14 21:00:00,6,La Liga,200,Equipo histórico 200,30,Barcelona,30,Barcelona,0,Iñaki Peña_13_B,,,,,0,0.001789,-0.000771425,0.0,0.0,3754
13812,2023-05-14 21:00:00,6,La Liga,200,Equipo histórico 200,30,Barcelona,30,Barcelona,0,Jordi Alba_18_B,64.0,,leading,,29,-0.00033338,4.05815e-05,0.0,0.0,1068
13812,2023-05-14 21:00:00,6,La Liga,200,Equipo histórico 200,30,Barcelona,30,Barcelona,0,Jules Koundé_23_B,,,,,93,0.00223783,0.00075356,0.736,1.0,11254
13812,2023-05-14 21:00:00,6,La Liga,200,Equipo histórico 200,30,Barcelona,30,Barcelona,0,Marc-André ter Stegen_1_B,,,,,93,-0.000183835,0.000794651,0.0,0.0,6921
13812,2023-05-14 21:00:00,6,La Liga,200,Equipo histórico 200,30,Barcelona,30,Barcelona,0,Marcos Alonso_17_B,75.0,,leading,,18,-9.54486e-05,8.02717e-05,0.0,0.0,1526
13812,2023-05-14 21:00:00,6,La Liga,200,Equipo histórico 200,30,Barcelona,30,Barcelona,0,Ousmane Dembélé_7_B,63.0,,leading,,30,-0.000419814,-0.000576532,0.0,0.0,767
13812,2023-05-14 21:00:00,6,La Liga,200,Equipo histórico 200,30,Barcelona,30,Barcelona,0,Pablo Torre_14_B,,,,,0,0.000269459,-0.000418288,0.0,0.0,690
13812,2023-05-14 21:00:00,6,La Liga,200,Equipo histórico 200,30,Barcelona,30,Barcelona,0,Pedri_8_B,,90.0,,leading,90,-0.000452767,-0.000759786,0.736,1.0,7907
13812,2023-05-14 21:00:00,6,La Liga,200,Equipo histórico 200,30,Barcelona,30,Barcelona,0,Raphinha_11_B,,63.0,,leading,63,0.00131215,0.000402672,0.736,1.0,8931
13812,2023-05-14 21:00:00,6,La Liga,200,Equipo histórico 200,30,Barcelona,30,Barcelona,0,Robert Lewandowski_9_B,,,,,93,-0.00130583,0.000914094,0.564,0.999,10145
13812,2023-05-14 21:00:00,6,La Liga,200,Equipo histórico 200,30,Barcelona,30,Barcelona,0,Ronald Araújo_4_B,,64.0,,leading,64,0.00016609,0.000959492,0.736,1.0,6661
13812,2023-05-14 21:00:00,6,La Liga,200,Equipo histórico 200,30,Barcelona,30,Barcelona,0,Sergi Roberto_20_B,,,,,0,0.000651913,-0.000120976,0.0,0.0,2493
13812,2023-05-14 21:00:00,6,La Liga,200,Equipo histórico 200,30,Barcelona,30,Barcelona,0,Sergio Busquets_5_B,,,,,93,-5.03842e-06,0.00010408,0.0,0.0,2008
17659,2023-05-17 20:00:00,13,Champions League,19,Manchester City,31,Real Madrid,31,Real Madrid,0,Andriy Lunin_13_RM,,,,,0,0.00135314,0.00113184,0.0,0.0,4637
17659,2023-05-17 20:00:00,13,Champions League,19,Manchester City,31,Real Madrid,31,Real Madrid,0,Antonio Rüdiger_22_RM,,,,,28,0.00101494,0.000618977,0.0,0.0,10666
17659,2023-05-17 20:00:00,13,Champions League,19,Manchester City,31,Real Madrid,31,Real Madrid,0,Aurélien Tchouaméni_14_RM,,,,,11,-0.000603586,0.00091019,0.264,0.565,8572
17659,2023-05-17 20:00:00,13,Champions League,19,Manchester City,31,Real Madrid,31,Real Madrid,0,Dani Carvajal_2_RM,,,,,79,0.000618357,0.000728238,0.196,0.42,6003
17659,2023-05-17 20:00:00,13,Champions League,19,Manchester City,31,Real Madrid,31,Real Madrid,0,Dani Ceballos_19_RM,,,,,11,0.0010414,0.00086943,0.0,0.0,4606
17659,2023-05-17 20:00:00,13,Champions League,19,Manchester City,31,Real Madrid,31,Real Madrid,0,David Alaba_4_RM,,,,,90,0.000547684,0.000271426,0.0,0.0,3366
17659,2023-05-17 20:00:00,13,Champions League,19,Manchester City,31,Real Madrid,31,Real Madrid,0,Eden Hazard_7_RM,,,,,0,0.000435517,5.95349e-05,0.0,0.0,168
17659,2023-05-17 20:00:00,13,Champions League,19,Manchester City,31,Real Madrid,31,Real Madrid,0,Eduardo Camavinga_6_RM,,,,,79,0.000527662,0.000882211,0.0,0.0,7525
17659,2023-05-17 20:00:00,13,Champions League,19,Manchester City,31,Real Madrid,31,Real Madrid,0,Federico Valverde_8_RM,,,,,90,0.00109636,0.00134977,0.264,0.565,11707
17659,2023-05-17 20:00:00,13,Champions League,19,Manchester City,31,Real Madrid,31,Real Madrid,0,Ferland Mendy_23_RM,,,,,0,-0.00165897,0.000241543,0.0,0.0,5435
17659,2023-05-17 20:00:00,13,Champions League,19,Manchester City,31,Real Madrid,31,Real Madrid,0,Jesús Vallejo_18_RM,,,,,0,-0.000301268,0.000142833,0.0,0.0,215
17659,2023-05-17 20:00:00,13,Champions League,19,Manchester City,31,Real Madrid,31,Real Madrid,0,Karim Benzema_9_RM,,,,,90,0.000363719,6.02898e-05,0.0,0.0,2479
17659,2023-05-17 20:00:00,13,Champions League,19,Manchester City,31,Real Madrid,31,Real Madrid,0,Lucas Vázquez_17_RM,,,,,11,0.00132007,-0.000853061,0.0,0.0,6072
17659,2023-05-17 20:00:00,13,Champions League,19,Manchester City,31,Real Madrid,31,Real Madrid,0,Luka Modrić_10_RM,,,,,62,0.00146142,0.000547068,0.0,0.0,6907
17659,2023-05-17 20:00:00,13,Champions League,19,Manchester City,31,Real Madrid,31,Real Madrid,0,Marco Asensio_11_RM,,,,,21,0.000649671,-0.000350713,0.0,0.0,1583
17659,2023-05-17 20:00:00,13,Champions League,19,Manchester City,31,Real Madrid,31,Real Madrid,0,Mariano_24_RM,,,,,0,0.000401409,0.000227644,0.0,0.0,147
17659,2023-05-17 20:00:00,13,Champions League,19,Manchester City,31,Real Madrid,31,Real Madrid,0,Nacho_6_RM,,,,,0,0.00147031,0.000367155,0.0,0.0,5214
17659,2023-05-17 20:00:00,13,Champions League,19,Manchester City,31,Real Madrid,31,Real Madrid,0,Rodrygo_11_RM,,,,,79,0.000204649,0.000315861,0.182,0.389,9181
17659,2023-05-17 20:00:00,13,Champions League,19,Manchester City,31,Real Madrid,31,Real Madrid,0,Thibaut Courtois_1_RM,,,,,90,0.000111719,-0.000758962,0.264,0.565,7657
17659,2023-05-17 20:00:00,13,Champions League,19,Manchester City,31,Real Madrid,31,Real Madrid,0,Toni Kroos_8_RM,,,,,69,0.000529318,0.000493378,0.0,0.0,5337
17659,2023-05-17 20:00:00,13,Champions League,19,Manchester City,31,Real Madrid,31,Real Madrid,0,Vinicius Júnior_7_RM,,,,,90,-0.00186706,0.000820191,0.082,0.176,9694
17659,2023-05-17 20:00:00,13,Champions League,19,Manchester City,31,Real Madrid,31,Real Madrid,0,Álvaro Odriozola_16_RM,,,,,0,0.000433314,0.000172552,0.0,0.0,100
17659,2023-05-17 20:00:00,13,Champions League,19,Manchester City,31,Real Madrid,31,Real Madrid,0,Éder Militão_3_RM,,,,,90,0.000207186,0.000444794,0.264,0.565,4777
13819,2023-05-20 21:00:00,6,La Liga,30,Barcelona,38,Real Sociedad,30,Barcelona,1,Alejandro Balde_3_B,,,,,92,0.00209699,0.000618303,0.0,0.0,7371
13819,2023-05-20 21:00:00,6,La Liga,30,Barcelona,38,Real Sociedad,30,Barcelona,1,Andreas Christensen_15_B,,,,,92,-0.000657376,0.000304607,0.172,0.304,4789
13819,2023-05-20 21:00:00,6,La Liga,30,Barcelona,38,Real Sociedad,30,Barcelona,1,Ansu Fati_10_B,63.0,,trailing,,29,-0.000152001,0.000578713,0.0,0.0,1536
13819,2023-05-20 21:00:00,6,La Liga,30,Barcelona,38,Real Sociedad,30,Barcelona,1,Eric García_24_B,84.0,,trailing,,8,0.00269696,0.00108346,0.082,0.145,3325
13819,2023-05-20 21:00:00,6,La Liga,30,Barcelona,38,Real Sociedad,30,Barcelona,1,Ferrán Torres_7_B,63.0,,trailing,,29,0.000824349,-0.000703702,0.18,0.318,5186
13819,2023-05-20 21:00:00,6,La Liga,30,Barcelona,38,Real Sociedad,30,Barcelona,1,Franck Kessié_19_B,,63.0,,trailing,63,-0.00061221,0.000181105,0.0,0.0,1357
13819,2023-05-20 21:00:00,6,La Liga,30,Barcelona,38,Real Sociedad,30,Barcelona,1,Frenkie de Jong_21_B,,,,,92,0.00304554,-0.000291865,0.736,1.0,7300
13819,2023-05-20 21:00:00,6,La Liga,30,Barcelona,38,Real Sociedad,30,Barcelona,1,Iñaki Peña_13_B,,,,,0,0.001789,-0.000771425,0.0,0.0,3754
13819,2023-05-20 21:00:00,6,La Liga,30,Barcelona,38,Real Sociedad,30,Barcelona,1,Jordi Alba_18_B,,,,,92,-0.00033338,4.05815e-05,0.0,0.0,1068
13819,2023-05-20 21:00:00,6,La Liga,30,Barcelona,38,Real Sociedad,30,Barcelona,1,Jules Koundé_23_B,,46.0,,trailing,46,0.00223783,0.00075356,0.736,1.0,11254
13819,2023-05-20 21:00:00,6,La Liga,30,Barcelona,38,Real Sociedad,30,Barcelona,1,Marc-André ter Stegen_1_B,,,,,92,-0.000183835,0.000794651,0.0,0.0,6921
13819,2023-05-20 21:00:00,6,La Liga,30,Barcelona,38,Real Sociedad,30,Barcelona,1,Marcos Alonso_17_B,46.0,,trailing,,46,-9.54486e-05,8.02717e-05,0.0,0.0,1526
13819,2023-05-20 21:00:00,6,La Liga,30,Barcelona,38,Real Sociedad,30,Barcelona,1,Ousmane Dembélé_7_B,,86.0,,trailing,86,-0.000419814,-0.000576532,0.0,0.0,767
13819,2023-05-20 21:00:00,6,La Liga,30,Barcelona,38,Real Sociedad,30,Barcelona,1,Pablo Torre_14_B,86.0,,trailing,,6,0.000269459,-0.000418288,0.0,0.0,690
13819,2023-05-20 21:00:00,6,La Liga,30,Barcelona,38,Real Sociedad,30,Barcelona,1,Raphinha_11_B,,63.0,,trailing,63,0.00131215,0.000402672,0.736,1.0,8931
13819,2023-05-20 21:00:00,6,La Liga,30,Barcelona,38,Real Sociedad,30,Barcelona,1,Robert Lewandowski_9_B,,,,,92,-0.00130583,0.000914094,0.564,0.999,10145
13819,2023-05-20 21:00:00,6,La Liga,30,Barcelona,38,Real Sociedad,30,Barcelona,1,Sergi Roberto_20_B,,,,,0,0.000651913,-0.000120976,0.0,0.0,2493
13819,2023-05-20 21:00:00,6,La Liga,30,Barcelona,38,Real Sociedad,30,Barcelona,1,Sergio Busquets_5_B,,84.0,,trailing,84,-5.03842e-06,0.00010408,0.0,0.0,2008
13822,2023-05-21 18:30:00,6,La Liga,37,Valencia,31,Real Madrid,31,Real Madrid,0,Andriy Lunin_13_RM,,,,,0,0.00135314,0.00113184,0.0,0.0,4637
13822,2023-05-21 18:30:00,6,La Liga,37,Valencia,31,Real Madrid,31,Real Madrid,0,Antonio Rüdiger_22_RM,,,,,105,0.00101494,0.000618977,0.0,0.0,10666
13822,2023-05-21 18:30:00,6,La Liga,37,Valencia,31,Real Madrid,31,Real Madrid,0,Aurélien Tchouaméni_14_RM,,86.0,,trailing,86,-0.000603586,0.00091019,0.264,0.565,8572
13822,2023-05-21 18:30:00,6,La Liga,37,Valencia,31,Real Madrid,31,Real Madrid,0,Dani Carvajal_2_RM,86.0,,trailing,,19,0.000618357,0.000728238,0.196,0.42,6003
13822,2023-05-21 18:30:00,6,La Liga,37,Valencia,31,Real Madrid,31,Real Madrid,0,Dani Ceballos_19_RM,,65.0,,trailing,65,0.0010414,0.00086943,0.0,0.0,4606
13822,2023-05-21 18:30:00,6,La Liga,37,Valencia,31,Real Madrid,31,Real Madrid,0,David Alaba_4_RM,,,,,0,0.000547684,0.000271426,0.0,0.0,3366
13822,2023-05-21 18:30:00,6,La Liga,37,Valencia,31,Real Madrid,31,Real Madrid,0,Eduardo Camavinga_6_RM,,46.0,,trailing,46,0.000527662,0.000882211,0.0,0.0,7525
13822,2023-05-21 18:30:00,6,La Liga,37,Valencia,31,Real Madrid,31,Real Madrid,0,Federico Valverde_8_RM,86.0,,trailing,,19,0.00109636,0.00134977,0.264,0.565,11707
13822,2023-05-21 18:30:00,6,La Liga,37,Valencia,31,Real Madrid,31,Real Madrid,0,Ferland Mendy_23_RM,,86.0,,trailing,86,-0.00165897,0.000241543,0.0,0.0,5435
13822,2023-05-21 18:30:00,6,La Liga,37,Valencia,31,Real Madrid,31,Real Madrid,0,Jesús Vallejo_18_RM,,,,,0,-0.000301268,0.000142833,0.0,0.0,215
13822,2023-05-21 18:30:00,6,La Liga,37,Valencia,31,Real Madrid,31,Real Madrid,0,Karim Benzema_9_RM,,,,,105,0.000363719,6.02898e-05,0.0,0.0,2479
13822,2023-05-21 18:30:00,6,La Liga,37,Valencia,31,Real Madrid,31,Real Madrid,0,Lucas Vázquez_17_RM,,,,,105,0.00132007,-0.000853061,0.0,0.0,6072
13822,2023-05-21 18:30:00,6,La Liga,37,Valencia,31,Real Madrid,31,Real Madrid,0,Luka Modrić_10_RM,65.0,,trailing,,40,0.00146142,0.000547068,0.0,0.0,6907
13822,2023-05-21 18:30:00,6,La Liga,37,Valencia,31,Real Madrid,31,Real Madrid,0,Marco Asensio_11_RM,,65.0,,trailing,65,0.000649671,-0.000350713,0.0,0.0,1583
13822,2023-05-21 18:30:00,6,La Liga,37,Valencia,31,Real Madrid,31,Real Madrid,0,Nacho_6_RM,,,,,0,0.00147031,0.000367155,0.0,0.0,5214
13822,2023-05-21 18:30:00,6,La Liga,37,Valencia,31,Real Madrid,31,Real Madrid,0,Rodrygo_11_RM,46.0,,trailing,,59,0.000204649,0.000315861,0.182,0.389,9181
13822,2023-05-21 18:30:00,6,La Liga,37,Valencia,31,Real Madrid,31,Real Madrid,0,Thibaut Courtois_1_RM,,,,,105,0.000111719,-0.000758962,0.264,0.565,7657
13822,2023-05-21 18:30:00,6,La Liga,37,Valencia,31,Real Madrid,31,Real Madrid,0,Toni Kroos_8_RM,65.0,,trailing,,40,0.000529318,0.000493378,0.0,0.0,5337
13822,2023-05-21 18:30:00,6,La Liga,37,Valencia,31,Real Madrid,31,Real Madrid,0,Vinicius Júnior_7_RM,,,,,105,-0.00186706,0.000820191,0.082,0.176,9694
13822,2023-05-21 18:30:00,6,La Liga,37,Valencia,31,Real Madrid,31,Real Madrid,0,Álvaro Odriozola_16_RM,,,,,0,0.000433314,0.000172552,0.0,0.0,100
13822,2023-05-21 18:30:00,6,La Liga,37,Valencia,31,Real Madrid,31,Real Madrid,0,Éder Militão_3_RM,,,,,105,0.000207186,0.000444794,0.264,0.565,4777
13826,2023-05-23 22:00:00,6,La Liga,364,Equipo histórico 364,30,Barcelona,30,Barcelona,0,Alejandro Balde_3_B,,,,,90,0.00209699,0.000618303,0.0,0.0,7371
13826,2023-05-23 22:00:00,6,La Liga,364,Equipo histórico 364,30,Barcelona,30,Barcelona,0,Andreas Christensen_15_B,,,,,90,-0.000657376,0.000304607,0.172,0.304,4789
13826,2023-05-23 22:00:00,6,La Liga,364,Equipo histórico 364,30,Barcelona,30,Barcelona,0,Ansu Fati_10_B,76.0,,trailing,,14,-0.000152001,0.000578713,0.0,0.0,1536
13826,2023-05-23 22:00:00,6,La Liga,364,Equipo histórico 364,30,Barcelona,30,Barcelona,0,Eric García_24_B,,,,,90,0.00269696,0.00108346,0.082,0.145,3325
13826,2023-05-23 22:00:00,6,La Liga,364,Equipo histórico 364,30,Barcelona,30,Barcelona,0,Ferrán Torres_7_B,63.0,,trailing,,27,0.000824349,-0.000703702,0.18,0.318,5186
13826,2023-05-23 22:00:00,6,La Liga,364,Equipo histórico 364,30,Barcelona,30,Barcelona,0,Franck Kessié_19_B,46.0,,trailing,,44,-0.00061221,0.000181105,0.0,0.0,1357
13826,2023-05-23 22:00:00,6,La Liga,364,Equipo histórico 364,30,Barcelona,30,Barcelona,0,Frenkie de Jong_21_B,,,,,90,0.00304554,-0.000291865,0.736,1.0,7300
13826,2023-05-23 22:00:00,6,La Liga,364,Equipo histórico 364,30,Barcelona,30,Barcelona,0,Gavi_6_B,,76.0,,trailing,76,0.00196965,0.00152903,0.0,0.0,5150
13826,2023-05-23 22:00:00,6,La Liga,364,Equipo histórico 364,30,Barcelona,30,Barcelona,0,Iñaki Peña_13_B,46.0,,trailing,,44,0.001789,-0.000771425,0.0,0.0,3754
13826,2023-05-23 22:00:00,6,La Liga,364,Equipo histórico 364,30,Barcelona,30,Barcelona,0,Jordi Alba_18_B,,,,,0,-0.00033338,4.05815e-05,0.0,0.0,1068
13826,2023-05-23 22:00:00,6,La Liga,364,Equipo histórico 364,30,Barcelona,30,Barcelona,0,Marc-André ter Stegen_1_B,,46.0,,trailing,46,-0.000183835,0.000794651,0.0,0.0,6921
13826,2023-05-23 22:00:00,6,La Liga,364,Equipo histórico 364,30,Barcelona,30,Barcelona,0,Marcos Alonso_17_B,,,,,90,-9.54486e-05,8.02717e-05,0.0,0.0,1526
13826,2023-05-23 22:00:00,6,La Liga,364,Equipo histórico 364,30,Barcelona,30,Barcelona,0,Ousmane Dembélé_7_B,63.0,,trailing,,27,-0.000419814,-0.000576532,0.0,0.0,767
13826,2023-05-23 22:00:00,6,La Liga,364,Equipo histórico 364,30,Barcelona,30,Barcelona,0,Pablo Torre_14_B,,63.0,,trailing,63,0.000269459,-0.000418288,0.0,0.0,690
13826,2023-05-23 22:00:00,6,La Liga,364,Equipo histórico 364,30,Barcelona,30,Barcelona,0,Raphinha_11_B,,63.0,,trailing,63,0.00131215,0.000402672,0.736,1.0,8931
13826,2023-05-23 22:00:00,6,La Liga,364,Equipo histórico 364,30,Barcelona,30,Barcelona,0,Robert Lewandowski_9_B,,,,,90,-0.00130583,0.000914094,0.564,0.999,10145
13826,2023-05-23 22:00:00,6,La Liga,364,Equipo histórico 364,30,Barcelona,30,Barcelona,0,Sergi Roberto_20_B,,46.0,,trailing,46,0.000651913,-0.000120976,0.0,0.0,2493
13826,2023-05-23 22:00:00,6,La Liga,364,Equipo histórico 364,30,Barcelona,30,Barcelona,0,Sergio Busquets_5_B,,,,,0,-5.03842e-06,0.00010408,0.0,0.0,2008
13829,2023-05-24 19:30:00,6,La Liga,31,Real Madrid,202,Rayo Vallecano,31,Real Madrid,1,Andriy Lunin_13_RM,,,,,0,0.00135314,0.00113184,0.0,0.0,4637
13829,2023-05-24 19:30:00,6,La Liga,31,Real Madrid,202,Rayo Vallecano,31,Real Madrid,1,Antonio Rüdiger_22_RM,,83.0,,leading,83,0.00101494,0.000618977,0.0,0.0,10666
13829,2023-05-24 19:30:00,6,La Liga,31,Real Madrid,202,Rayo Vallecano,31,Real Madrid,1,Aurélien Tchouaméni_14_RM,83.0,,leading,,11,-0.000603586,0.00091019,0.264,0.565,8572
13829,2023-05-24 19:30:00,6,La Liga,31,Real Madrid,202,Rayo Vallecano,31,Real Madrid,1,Dani Carvajal_2_RM,,,,,94,0.000618357,0.000728238,0.196,0.42,6003
13829,2023-05-24 19:30:00,6,La Liga,31,Real Madrid,202,Rayo Vallecano,31,Real Madrid,1,Dani Ceballos_19_RM,63.0,,leading,,31,0.0010414,0.00086943,0.0,0.0,4606
13829,2023-05-24 19:30:00,6,La Liga,31,Real Madrid,202,Rayo Vallecano,31,Real Madrid,1,David Alaba_4_RM,,,,,94,0.000547684,0.000271426,0.0,0.0,3366
13829,2023-05-24 19:30:00,6,La Liga,31,Real Madrid,202,Rayo Vallecano,31,Real Madrid,1,Eden Hazard_7_RM,,,,,0,0.000435517,5.95349e-05,0.0,0.0,168
13829,2023-05-24 19:30:00,6,La Liga,31,Real Madrid,202,Rayo Vallecano,31,Real Madrid,1,Eduardo Camavinga_6_RM,,,,,94,0.000527662,0.000882211,0.0,0.0,7525
13829,2023-05-24 19:30:00,6,La Liga,31,Real Madrid,202,Rayo Vallecano,31,Real Madrid,1,Federico Valverde_8_RM,,63.0,,leading,63,0.00109636,0.00134977,0.264,0.565,11707
13829,2023-05-24 19:30:00,6,La Liga,31,Real Madrid,202,Rayo Vallecano,31,Real Madrid,1,Ferland Mendy_23_RM,,,,,0,-0.00165897,0.000241543,0.0,0.0,5435
13829,2023-05-24 19:30:00,6,La Liga,31,Real Madrid,202,Rayo Vallecano,31,Real Madrid,1,Jesús Vallejo_18_RM,,,,,0,-0.000301268,0.000142833,0.0,0.0,215
13829,2023-05-24 19:30:00,6,La Liga,31,Real Madrid,202,Rayo Vallecano,31,Real Madrid,1,Karim Benzema_9_RM,,,,,94,0.000363719,6.02898e-05,0.0,0.0,2479
13829,2023-05-24 19:30:00,6,La Liga,31,Real Madrid,202,Rayo Vallecano,31,Real Madrid,1,Lucas Vázquez_17_RM,,,,,0,0.00132007,-0.000853061,0.0,0.0,6072
13829,2023-05-24 19:30:00,6,La Liga,31,Real Madrid,202,Rayo Vallecano,31,Real Madrid,1,Luka Modrić_10_RM,,71.0,,leading,71,0.00146142,0.000547068,0.0,0.0,6907
13829,2023-05-24 19:30:00,6,La Liga,31,Real Madrid,202,Rayo Vallecano,31,Real Madrid,1,Marco Asensio_11_RM,71.0,,leading,,23,0.000649671,-0.000350713,0.0,0.0,1583
13829,2023-05-24 19:30:00,6,La Liga,31,Real Madrid,202,Rayo Vallecano,31,Real Madrid,1,Nacho_6_RM,,,,,94,0.00147031,0.000367155,0.0,0.0,5214
13829,2023-05-24 19:30:00,6,La Liga,31,Real Madrid,202,Rayo Vallecano,31,Real Madrid,1,Rodrygo_11_RM,,,,,94,0.000204649,0.000315861,0.182,0.389,9181
13829,2023-05-24 19:30:00,6,La Liga,31,Real Madrid,202,Rayo Vallecano,31,Real Madrid,1,Thibaut Courtois_1_RM,,,,,94,0.000111719,-0.000758962,0.264,0.565,7657
13829,2023-05-24 19:30:00,6,La Liga,31,Real Madrid,202,Rayo Vallecano,31,Real Madrid,1,Toni Kroos_8_RM,,,,,94,0.000529318,0.000493378,0.0,0.0,5337
13829,2023-05-24 19:30:00,6,La Liga,31,Real Madrid,202,Rayo Vallecano,31,Real Madrid,1,Álvaro Odriozola_16_RM,,,,,0,0.000433314,0.000172552,0.0,0.0,100
13829,2023-05-24 19:30:00,6,La Liga,31,Real Madrid,202,Rayo Vallecano,31,Real Madrid,1,Álvaro Rodríguez_29_RM,,,,,0,-0.000543337,0.00019577,0.0,0.0,139
13829,2023-05-24 19:30:00,6,La Liga,31,Real Madrid,202,Rayo Vallecano,31,Real Madrid,1,Éder Militão_3_RM,,,,,0,0.000207186,0.000444794,0.264,0.565,4777
13834,2023-05-27 19:00:00,6,La Liga,32,Sevilla,31,Real Madrid,31,Real Madrid,0,Andriy Lunin_13_RM,,,,,0,0.00135314,0.00113184,0.0,0.0,4637
13834,2023-05-27 19:00:00,6,La Liga,32,Sevilla,31,Real Madrid,31,Real Madrid,0,Antonio Rüdiger_22_RM,81.0,,leading,,18,0.00101494,0.000618977,0.0,0.0,10666
13834,2023-05-27 19:00:00,6,La Liga,32,Sevilla,31,Real Madrid,31,Real Madrid,0,Aurélien Tchouaméni_14_RM,,,,,99,-0.000603586,0.00091019,0.264,0.565,8572
13834,2023-05-27 19:00:00,6,La Liga,32,Sevilla,31,Real Madrid,31,Real Madrid,0,Dani Ceballos_19_RM,,,,,99,0.0010414,0.00086943,0.0,0.0,4606
13834,2023-05-27 19:00:00,6,La Liga,32,Sevilla,31,Real Madrid,31,Real Madrid,0,David Alaba_4_RM,,,,,99,0.000547684,0.000271426,0.0,0.0,3366
13834,2023-05-27 19:00:00,6,La Liga,32,Sevilla,31,Real Madrid,31,Real Madrid,0,Eden Hazard_7_RM,,,,,0,0.000435517,5.95349e-05,0.0,0.0,168
13834,2023-05-27 19:00:00,6,La Liga,32,Sevilla,31,Real Madrid,31,Real Madrid,0,Eduardo Camavinga_6_RM,54.0,,level,,45,0.000527662,0.000882211,0.0,0.0,7525
13834,2023-05-27 19:00:00,6,La Liga,32,Sevilla,31,Real Madrid,31,Real Madrid,0,Federico Valverde_8_RM,,54.0,,level,54,0.00109636,0.00134977,0.264,0.565,11707
13834,2023-05-27 19:00:00,6,La Liga,32,Sevilla,31,Real Madrid,31,Real Madrid,0,Ferland Mendy_23_RM,,66.0,,level,66,-0.00165897,0.000241543,0.0,0.0,5435
13834,2023-05-27 19:00:00,6,La Liga,32,Sevilla,31,Real Madrid,31,Real Madrid,0,Jesús Vallejo_18_RM,,,,,0,-0.000301268,0.000142833,0.0,0.0,215
13834,2023-05-27 19:00:00,6,La Liga,32,Sevilla,31,Real Madrid,31,Real Madrid,0,Lucas Vázquez_17_RM,,81.0,,leading,81,0.00132007,-0.000853061,0.0,0.0,6072
13834,2023-05-27 19:00:00,6,La Liga,32,Sevilla,31,Real Madrid,31,Real Madrid,0,Luka Modrić_10_RM,,,,,99,0.00146142,0.000547068,0.0,0.0,6907
13834,2023-05-27 19:00:00,6,La Liga,32,Sevilla,31,Real Madrid,31,Real Madrid,0,Nacho_6_RM,81.0,,leading,,18,0.00147031,0.000367155,0.0,0.0,5214
13834,2023-05-27 19:00:00,6,La Liga,32,Sevilla,31,Real Madrid,31,Real Madrid,0,Rodrygo_11_RM,,81.0,,leading,81,0.000204649,0.000315861,0.182,0.389,9181
13834,2023-05-27 19:00:00,6,La Liga,32,Sevilla,31,Real Madrid,31,Real Madrid,0,Thibaut Courtois_1_RM,,,,,99,0.000111719,-0.000758962,0.264,0.565,7657
13834,2023-05-27 19:00:00,6,La Liga,32,Sevilla,31,Real Madrid,31,Real Madrid,0,Toni Kroos_8_RM,,,,,99,0.000529318,0.000493378,0.0,0.0,5337
13834,2023-05-27 19:00:00,6,La Liga,32,Sevilla,31,Real Madrid,31,Real Madrid,0,Álvaro Odriozola_16_RM,,,,,0,0.000433314,0.000172552,0.0,0.0,100
13834,2023-05-27 19:00:00,6,La Liga,32,Sevilla,31,Real Madrid,31,Real Madrid,0,Álvaro Rodríguez_29_RM,66.0,,level,,33,-0.000543337,0.00019577,0.0,0.0,139
13834,2023-05-27 19:00:00,6,La Liga,32,Sevilla,31,Real Madrid,31,Real Madrid,0,Éder Militão_3_RM,,,,,99,0.000207186,0.000444794,0.264,0.565,4777
13837,2023-05-28 19:00:00,6,La Liga,30,Barcelona,201,Mallorca,30,Barcelona,1,Alejandro Balde_3_B,,17.0,,leading,17,0.00209699,0.000618303,0.0,0.0,7371
13837,2023-05-28 19:00:00,6,La Liga,30,Barcelona,201,Mallorca,30,Barcelona,1,Andreas Christensen_15_B,,,,,93,-0.000657376,0.000304607,0.172,0.304,4789
13837,2023-05-28 19:00:00,6,La Liga,30,Barcelona,201,Mallorca,30,Barcelona,1,Ansu Fati_10_B,,82.0,,leading,82,-0.000152001,0.000578713,0.0,0.0,1536
13837,2023-05-28 19:00:00,6,La Liga,30,Barcelona,201,Mallorca,30,Barcelona,1,Eric García_24_B,88.0,,leading,,5,0.00269696,0.00108346,0.082,0.145,3325
13837,2023-05-28 19:00:00,6,La Liga,30,Barcelona,201,Mallorca,30,Barcelona,1,Ferrán Torres_7_B,87.0,,leading,,6,0.000824349,-0.000703702,0.18,0.318,5186
13837,2023-05-28 19:00:00,6,La Liga,30,Barcelona,201,Mallorca,30,Barcelona,1,Franck Kessié_19_B,,,,,0,-0.00061221,0.000181105,0.0,0.0,1357
13837,2023-05-28 19:00:00,6,La Liga,30,Barcelona,201,Mallorca,30,Barcelona,1,Frenkie de Jong_21_B,,,,,93,0.00304554,-0.000291865,0.736,1.0,7300
13837,2023-05-28 19:00:00,6,La Liga,30,Barcelona,201,Mallorca,30,Barcelona,1,Gavi_6_B,,,,,93,0.00196965,0.00152903,0.0,0.0,5150
13837,2023-05-28 19:00:00,6,La Liga,30,Barcelona,201,Mallorca,30,Barcelona,1,Iñaki Peña_13_B,,,,,0,0.001789,-0.000771425,0.0,0.0,3754
13837,2023-05-28 19:00:00,6,La Liga,30,Barcelona,201,Mallorca,30,Barcelona,1,Jordi Alba_18_B,,84.0,,leading,84,-0.00033338,4.05815e-05,0.0,0.0,1068
13837,2023-05-28 19:00:00,6,La Liga,30,Barcelona,201,Mallorca,30,Barcelona,1,Jules Koundé_23_B,,,,,93,0.00223783,0.00075356,0.736,1.0,11254
13837,2023-05-28 19:00:00,6,La Liga,30,Barcelona,201,Mallorca,30,Barcelona,1,Marc-André ter Stegen_1_B,,,,,93,-0.000183835,0.000794651,0.0,0.0,6921
13837,2023-05-28 19:00:00,6,La Liga,30,Barcelona,201,Mallorca,30,Barcelona,1,Marcos Alonso_17_B,84.0,,leading,,9,-9.54486e-05,8.02717e-05,0.0,0.0,1526
13837,2023-05-28 19:00:00,6,La Liga,30,Barcelona,201,Mallorca,30,Barcelona,1,Ousmane Dembélé_7_B,,87.0,,leading,87,-0.000419814,-0.000576532,0.0,0.0,767
13837,2023-05-28 19:00:00,6,La Liga,30,Barcelona,201,Mallorca,30,Barcelona,1,Pablo Torre_14_B,,,,,0,0.000269459,-0.000418288,0.0,0.0,690
13837,2023-05-28 19:00:00,6,La Liga,30,Barcelona,201,Mallorca,30,Barcelona,1,Raphinha_11_B,82.0,,leading,,11,0.00131215,0.000402672,0.736,1.0,8931
13837,2023-05-28 19:00:00,6,La Liga,30,Barcelona,201,Mallorca,30,Barcelona,1,Robert Lewandowski_9_B,,,,,93,-0.00130583,0.000914094,0.564,0.999,10145
13837,2023-05-28 19:00:00,6,La Liga,30,Barcelona,201,Mallorca,30,Barcelona,1,Sergi Roberto_20_B,17.0,,leading,,76,0.000651913,-0.000120976,0.0,0.0,2493
13837,2023-05-28 19:00:00,6,La Liga,30,Barcelona,201,Mallorca,30,Barcelona,1,Sergio Busquets_5_B,,88.0,,leading,88,-5.03842e-06,0.00010408,0.0,0.0,2008
13846,2023-06-04 18:30:00,6,La Liga,31,Real Madrid,33,Athletic Club,31,Real Madrid,1,Andriy Lunin_13_RM,,,,,0,0.00135314,0.00113184,0.0,0.0,4637
13846,2023-06-04 18:30:00,6,La Liga,31,Real Madrid,33,Athletic Club,31,Real Madrid,1,Antonio Rüdiger_22_RM,,,,,95,0.00101494,0.000618977,0.0,0.0,10666
13846,2023-06-04 18:30:00,6,La Liga,31,Real Madrid,33,Athletic Club,31,Real Madrid,1,Aurélien Tchouaméni_14_RM,58.0,,trailing,,37,-0.000603586,0.00091019,0.264,0.565,8572
13846,2023-06-04 18:30:00,6,La Liga,31,Real Madrid,33,Athletic Club,31,Real Madrid,1,Dani Carvajal_2_RM,,,,,95,0.000618357,0.000728238,0.196,0.42,6003
13846,2023-06-04 18:30:00,6,La Liga,31,Real Madrid,33,Athletic Club,31,Real Madrid,1,Dani Ceballos_19_RM,,58.0,,trailing,58,0.0010414,0.00086943,0.0,0.0,4606
13846,2023-06-04 18:30:00,6,La Liga,31,Real Madrid,33,Athletic Club,31,Real Madrid,1,David Alaba_4_RM,,,,,0,0.000547684,0.000271426,0.0,0.0,3366
13846,2023-06-04 18:30:00,6,La Liga,31,Real Madrid,33,Athletic Club,31,Real Madrid,1,Eden Hazard_7_RM,,,,,0,0.000435517,5.95349e-05,0.0,0.0,168
13846,2023-06-04 18:30:00,6,La Liga,31,Real Madrid,33,Athletic Club,31,Real Madrid,1,Eduardo Camavinga_6_RM,,58.0,,trailing,58,0.000527662,0.000882211,0.0,0.0,7525
13846,2023-06-04 18:30:00,6,La Liga,31,Real Madrid,33,Athletic Club,31,Real Madrid,1,Federico Valverde_8_RM,,,,,0,0.00109636,0.00134977,0.264,0.565,11707
13846,2023-06-04 18:30:00,6,La Liga,31,Real Madrid,33,Athletic Club,31,Real Madrid,1,Ferland Mendy_23_RM,,,,,0,-0.00165897,0.000241543,0.0,0.0,5435
13846,2023-06-04 18:30:00,6,La Liga,31,Real Madrid,33,Athletic Club,31,Real Madrid,1,Jesús Vallejo_18_RM,,,,,0,-0.000301268,0.000142833,0.0,0.0,215
13846,2023-06-04 18:30:00,6,La Liga,31,Real Madrid,33,Athletic Club,31,Real Madrid,1,Karim Benzema_9_RM,,74.0,,level,74,0.000363719,6.02898e-05,0.0,0.0,2479
13846,2023-06-04 18:30:00,6,La Liga,31,Real Madrid,33,Athletic Club,31,Real Madrid,1,Lucas Vázquez_17_RM,92.0,,level,,3,0.00132007,-0.000853061,0.0,0.0,6072
13846,2023-06-04 18:30:00,6,La Liga,31,Real Madrid,33,Athletic Club,31,Real Madrid,1,Luka Modrić_10_RM,74.0,,level,,21,0.00146142,0.000547068,0.0,0.0,6907
13846,2023-06-04 18:30:00,6,La Liga,31,Real Madrid,33,Athletic Club,31,Real Madrid,1,Marco Asensio_11_RM,58.0,92.0,trailing,level,34,0.000649671,-0.000350713,0.0,0.0,1583
13846,2023-06-04 18:30:00,6,La Liga,31,Real Madrid,33,Athletic Club,31,Real Madrid,1,Mariano_24_RM,,,,,0,0.000401409,0.000227644,0.0,0.0,147
13846,2023-06-04 18:30:00,6,La Liga,31,Real Madrid,33,Athletic Club,31,Real Madrid,1,Nacho_6_RM,,,,,95,0.00147031,0.000367155,0.0,0.0,5214
13846,2023-06-04 18:30:00,6,La Liga,31,Real Madrid,33,Athletic Club,31,Real Madrid,1,Rodrygo_11_RM,,,,,95,0.000204649,0.000315861,0.182,0.389,9181
13846,2023-06-04 18:30:00,6,La Liga,31,Real Madrid,33,Athletic Club,31,Real Madrid,1,Thibaut Courtois_1_RM,,,,,95,0.000111719,-0.000758962,0.264,0.565,7657
13846,2023-06-04 18:30:00,6,La Liga,31,Real Madrid,33,Athletic Club,31,Real Madrid,1,Toni Kroos_8_RM,,,,,95,0.000529318,0.000493378,0.0,0.0,5337
13846,2023-06-04 18:30:00,6,La Liga,31,Real Madrid,33,Athletic Club,31,Real Madrid,1,Vinicius Júnior_7_RM,,,,,95,-0.00186706,0.000820191,0.082,0.176,9694
13846,2023-06-04 18:30:00,6,La Liga,31,Real Madrid,33,Athletic Club,31,Real Madrid,1,Álvaro Odriozola_16_RM,,,,,0,0.000433314,0.000172552,0.0,0.0,100
13846,2023-06-04 18:30:00,6,La Liga,31,Real Madrid,33,Athletic Club,31,Real Madrid,1,Éder Militão_3_RM,,,,,95,0.000207186,0.000444794,0.264,0.565,4777
13853,2023-06-04 21:00:00,6,La Liga,25,Celta Vigo,30,Barcelona,30,Barcelona,0,Andreas Christensen_15_B,,46.0,,trailing,46,-0.000657376,0.000304607,0.172,0.304,4789
13853,2023-06-04 21:00:00,6,La Liga,25,Celta Vigo,30,Barcelona,30,Barcelona,0,Ansu Fati_10_B,63.0,,trailing,,33,-0.000152001,0.000578713,0.0,0.0,1536
13853,2023-06-04 21:00:00,6,La Liga,25,Celta Vigo,30,Barcelona,30,Barcelona,0,Eric García_24_B,,72.0,,trailing,72,0.00269696,0.00108346,0.082,0.145,3325
13853,2023-06-04 21:00:00,6,La Liga,25,Celta Vigo,30,Barcelona,30,Barcelona,0,Ferrán Torres_7_B,,63.0,,trailing,63,0.000824349,-0.000703702,0.18,0.318,5186
13853,2023-06-04 21:00:00,6,La Liga,25,Celta Vigo,30,Barcelona,30,Barcelona,0,Franck Kessié_19_B,,,,,96,-0.00061221,0.000181105,0.0,0.0,1357
13853,2023-06-04 21:00:00,6,La Liga,25,Celta Vigo,30,Barcelona,30,Barcelona,0,Frenkie de Jong_21_B,,,,,96,0.00304554,-0.000291865,0.736,1.0,7300
13853,2023-06-04 21:00:00,6,La Liga,25,Celta Vigo,30,Barcelona,30,Barcelona,0,Gavi_6_B,46.0,,trailing,,50,0.00196965,0.00152903,0.0,0.0,5150
13853,2023-06-04 21:00:00,6,La Liga,25,Celta Vigo,30,Barcelona,30,Barcelona,0,Iñaki Peña_13_B,63.0,,trailing,,33,0.001789,-0.000771425,0.0,0.0,3754
13853,2023-06-04 21:00:00,6,La Liga,25,Celta Vigo,30,Barcelona,30,Barcelona,0,Jules Koundé_23_B,,,,,96,0.00223783,0.00075356,0.736,1.0,11254
13853,2023-06-04 21:00:00,6,La Liga,25,Celta Vigo,30,Barcelona,30,Barcelona,0,Marc-André ter Stegen_1_B,,63.0,,trailing,63,-0.000183835,0.000794651,0.0,0.0,6921
13853,2023-06-04 21:00:00,6,La Liga,25,Celta Vigo,30,Barcelona,30,Barcelona,0,Marcos Alonso_17_B,,,,,96,-9.54486e-05,8.02717e-05,0.0,0.0,1526
13853,2023-06-04 21:00:00,6,La Liga,25,Celta Vigo,30,Barcelona,30,Barcelona,0,Ousmane Dembélé_7_B,63.0,,trailing,,33,-0.000419814,-0.000576532,0.0,0.0,767
13853,2023-06-04 21:00:00,6,La Liga,25,Celta Vigo,30,Barcelona,30,Barcelona,0,Pablo Torre_14_B,72.0,,trailing,,24,0.000269459,-0.000418288,0.0,0.0,690
13853,2023-06-04 21:00:00,6,La Liga,25,Celta Vigo,30,Barcelona,30,Barcelona,0,Raphinha_11_B,,63.0,,trailing,63,0.00131215,0.000402672,0.736,1.0,8931
13853,2023-06-04 21:00:00,6,La Liga,25,Celta Vigo,30,Barcelona,30,Barcelona,0,Robert Lewandowski_9_B,,,,,96,-0.00130583,0.000914094,0.564,0.999,10145
13853,2023-06-04 21:00:00,6,La Liga,25,Celta Vigo,30,Barcelona,30,Barcelona,0,Sergi Roberto_20_B,,,,,96,0.000651913,-0.000120976,0.0,0.0,2493
20856,2023-08-12 21:30:00,6,La Liga,33,Athletic Club,31,Real Madrid,31,Real Madrid,0,Andriy Lunin_13_RM,,,,,95,0.00135314,0.00113184,0.0,0.0,4637
20856,2023-08-12 21:30:00,6,La Liga,33,Athletic Club,31,Real Madrid,31,Real Madrid,0,Antonio Rüdiger_22_RM,54.0,,leading,,41,0.00101494,0.000618977,0.0,0.0,10666
20856,2023-08-12 21:30:00,6,La Liga,33,Athletic Club,31,Real Madrid,31,Real Madrid,0,Aurélien Tchouaméni_14_RM,,,,,95,-0.000603586,0.00091019,0.264,0.565,8572
20856,2023-08-12 21:30:00,6,La Liga,33,Athletic Club,31,Real Madrid,31,Real Madrid,0,Brahim Díaz_21_RM,,,,,0,0.00321062,-0.000354507,0.082,0.176,4411
20856,2023-08-12 21:30:00,6,La Liga,33,Athletic Club,31,Real Madrid,31,Real Madrid,0,Dani Carvajal_2_RM,,,,,95,0.000618357,0.000728238,0.196,0.42,6003
20856,2023-08-12 21:30:00,6,La Liga,33,Athletic Club,31,Real Madrid,31,Real Madrid,0,David Alaba_4_RM,,,,,95,0.000547684,0.000271426,0.0,0.0,3366
20856,2023-08-12 21:30:00,6,La Liga,33,Athletic Club,31,Real Madrid,31,Real Madrid,0,Eduardo Camavinga_6_RM,,75.0,,leading,75,0.000527662,0.000882211,0.0,0.0,7525
20856,2023-08-12 21:30:00,6,La Liga,33,Athletic Club,31,Real Madrid,31,Real Madrid,0,Federico Valverde_8_RM,,,,,95,0.00109636,0.00134977,0.264,0.565,11707
20856,2023-08-12 21:30:00,6,La Liga,33,Athletic Club,31,Real Madrid,31,Real Madrid,0,Fran Garcia_20_RM,,,,,95,0.00151615,4.55278e-05,0.0,0.0,4807
20856,2023-08-12 21:30:00,6,La Liga,33,Athletic Club,31,Real Madrid,31,Real Madrid,0,Joselu_14_RM,84.0,,leading,,11,1.52568e-05,0.000834196,0.0,0.0,2277
20856,2023-08-12 21:30:00,6,La Liga,33,Athletic Club,31,Real Madrid,31,Real Madrid,0,Jude Bellingham_5_RM,,,,,95,0.00112068,-0.000274762,0.0,0.0,7793
20856,2023-08-12 21:30:00,6,La Liga,33,Athletic Club,31,Real Madrid,31,Real Madrid,0,Lucas Vázquez_17_RM,,,,,0,0.00132007,-0.000853061,0.0,0.0,6072
20856,2023-08-12 21:30:00,6,La Liga,33,Athletic Club,31,Real Madrid,31,Real Madrid,0,Luka Modrić_10_RM,84.0,,leading,,11,0.00146142,0.000547068,0.0,0.0,6907
20856,2023-08-12 21:30:00,6,La Liga,33,Athletic Club,31,Real Madrid,31,Real Madrid,0,Nacho_6_RM,,,,,0,0.00147031,0.000367155,0.0,0.0,5214
20856,2023-08-12 21:30:00,6,La Liga,33,Athletic Club,31,Real Madrid,31,Real Madrid,0,Rodrygo_11_RM,,84.0,,leading,84,0.000204649,0.000315861,0.182,0.389,9181
20856,2023-08-12 21:30:00,6,La Liga,33,Athletic Club,31,Real Madrid,31,Real Madrid,0,Toni Kroos_8_RM,75.0,,leading,,20,0.000529318,0.000493378,0.0,0.0,5337
20856,2023-08-12 21:30:00,6,La Liga,33,Athletic Club,31,Real Madrid,31,Real Madrid,0,Vinicius Júnior_7_RM,,84.0,,leading,84,-0.00186706,0.000820191,0.082,0.176,9694
20856,2023-08-12 21:30:00,6,La Liga,33,Athletic Club,31,Real Madrid,31,Real Madrid,0,Álvaro Odriozola_16_RM,,,,,0,0.000433314,0.000172552,0.0,0.0,100
20856,2023-08-12 21:30:00,6,La Liga,33,Athletic Club,31,Real Madrid,31,Real Madrid,0,Éder Militão_3_RM,,54.0,,leading,54,0.000207186,0.000444794,0.264,0.565,4777
20859,2023-08-13 21:30:00,6,La Liga,24,Getafe,30,Barcelona,30,Barcelona,0,Abde Ezzalzouli_16_B,54.0,,level,,60,-0.00023308,6.37451e-05,0.0,0.0,86
20859,2023-08-13 21:30:00,6,La Liga,24,Getafe,30,Barcelona,30,Barcelona,0,Alejandro Balde_3_B,,,,,114,0.00209699,0.000618303,0.0,0.0,7371
20859,2023-08-13 21:30:00,6,La Liga,24,Getafe,30,Barcelona,30,Barcelona,0,Andreas Christensen_15_B,,54.0,,level,54,-0.000657376,0.000304607,0.172,0.304,4789
20859,2023-08-13 21:30:00,6,La Liga,24,Getafe,30,Barcelona,30,Barcelona,0,Ansu Fati_10_B,87.0,,level,,27,-0.000152001,0.000578713,0.0,0.0,1536
20859,2023-08-13 21:30:00,6,La Liga,24,Getafe,30,Barcelona,30,Barcelona,0,Eric García_24_B,,,,,0,0.00269696,0.00108346,0.082,0.145,3325
20859,2023-08-13 21:30:00,6,La Liga,24,Getafe,30,Barcelona,30,Barcelona,0,Fermin López_16_B,,,,,0,-0.000980475,6.51575e-05,0.728,1.0,4228
20859,2023-08-13 21:30:00,6,La Liga,24,Getafe,30,Barcelona,30,Barcelona,0,Ferrán Torres_7_B,,,,,0,0.000824349,-0.000703702,0.18,0.318,5186
20859,2023-08-13 21:30:00,6,La Liga,24,Getafe,30,Barcelona,30,Barcelona,0,Frenkie de Jong_21_B,,,,,114,0.00304554,-0.000291865,0.736,1.0,7300
20859,2023-08-13 21:30:00,6,La Liga,24,Getafe,30,Barcelona,30,Barcelona,0,Gavi_6_B,87.0,,level,,27,0.00196965,0.00152903,0.0,0.0,5150
20859,2023-08-13 21:30:00,6,La Liga,24,Getafe,30,Barcelona,30,Barcelona,0,Jules Koundé_23_B,,,,,114,0.00223783,0.00075356,0.736,1.0,11254
20859,2023-08-13 21:30:00,6,La Liga,24,Getafe,30,Barcelona,30,Barcelona,0,Lamine Yamal_19_B,84.0,,level,,30,0.00308054,0.000554778,0.0,0.0,7670
20859,2023-08-13 21:30:00,6,La Liga,24,Getafe,30,Barcelona,30,Barcelona,0,Marc Casado_17_B,,,,,0,0.00126044,0.000330566,0.008,0.014,2412
20859,2023-08-13 21:30:00,6,La Liga,24,Getafe,30,Barcelona,30,Barcelona,0,Marc-André ter Stegen_1_B,,,,,114,-0.000183835,0.000794651,0.0,0.0,6921
20859,2023-08-13 21:30:00,6,La Liga,24,Getafe,30,Barcelona,30,Barcelona,0,Oriol Romeu_18_B,,84.0,,level,84,-4.63904e-06,0.000596374,0.0,0.0,1536
20859,2023-08-13 21:30:00,6,La Liga,24,Getafe,30,Barcelona,30,Barcelona,0,Pedri_8_B,,87.0,,level,87,-0.000452767,-0.000759786,0.736,1.0,7907
20859,2023-08-13 21:30:00,6,La Liga,24,Getafe,30,Barcelona,30,Barcelona,0,Raphinha_11_B,,,,,114,0.00131215,0.000402672,0.736,1.0,8931
20859,2023-08-13 21:30:00,6,La Liga,24,Getafe,30,Barcelona,30,Barcelona,0,Robert Lewandowski_9_B,,,,,114,-0.00130583,0.000914094,0.564,0.999,10145
20859,2023-08-13 21:30:00,6,La Liga,24,Getafe,30,Barcelona,30,Barcelona,0,Ronald Araújo_4_B,,,,,114,0.00016609,0.000959492,0.736,1.0,6661
20859,2023-08-13 21:30:00,6,La Liga,24,Getafe,30,Barcelona,30,Barcelona,0,Sergi Roberto_20_B,,,,,0,0.000651913,-0.000120976,0.0,0.0,2493
20859,2023-08-13 21:30:00,6,La Liga,24,Getafe,30,Barcelona,30,Barcelona,0,İlkay Gündoğan_22_B,,87.0,,level,87,0.000780872,-0.000346235,0.0,0.0,4232
20865,2023-08-19 19:30:00,6,La Liga,362,Equipo histórico 362,31,Real Madrid,31,Real Madrid,0,Andriy Lunin_13_RM,,,,,101,0.00135314,0.00113184,0.0,0.0,4637
20865,2023-08-19 19:30:00,6,La Liga,362,Equipo histórico 362,31,Real Madrid,31,Real Madrid,0,Antonio Rüdiger_22_RM,,,,,101,0.00101494,0.000618977,0.0,0.0,10666
20865,2023-08-19 19:30:00,6,La Liga,362,Equipo histórico 362,31,Real Madrid,31,Real Madrid,0,Aurélien Tchouaméni_14_RM,,,,,101,-0.000603586,0.00091019,0.264,0.565,8572
20865,2023-08-19 19:30:00,6,La Liga,362,Equipo histórico 362,31,Real Madrid,31,Real Madrid,0,Brahim Díaz_21_RM,92.0,,leading,,9,0.00321062,-0.000354507,0.082,0.176,4411
20865,2023-08-19 19:30:00,6,La Liga,362,Equipo histórico 362,31,Real Madrid,31,Real Madrid,0,Dani Carvajal_2_RM,,,,,101,0.000618357,0.000728238,0.196,0.42,6003
20865,2023-08-19 19:30:00,6,La Liga,362,Equipo histórico 362,31,Real Madrid,31,Real Madrid,0,David Alaba_4_RM,,,,,101,0.000547684,0.000271426,0.0,0.0,3366
20865,2023-08-19 19:30:00,6,La Liga,362,Equipo histórico 362,31,Real Madrid,31,Real Madrid,0,Eduardo Camavinga_6_RM,74.0,,leading,,27,0.000527662,0.000882211,0.0,0.0,7525
20865,2023-08-19 19:30:00,6,La Liga,362,Equipo histórico 362,31,Real Madrid,31,Real Madrid,0,Federico Valverde_8_RM,,92.0,,leading,92,0.00109636,0.00134977,0.264,0.565,11707
20865,2023-08-19 19:30:00,6,La Liga,362,Equipo histórico 362,31,Real Madrid,31,Real Madrid,0,Fran Garcia_20_RM,,,,,101,0.00151615,4.55278e-05,0.0,0.0,4807
20865,2023-08-19 19:30:00,6,La Liga,362,Equipo histórico 362,31,Real Madrid,31,Real Madrid,0,Joselu_14_RM,83.0,,leading,,18,1.52568e-05,0.000834196,0.0,0.0,2277
20865,2023-08-19 19:30:00,6,La Liga,362,Equipo histórico 362,31,Real Madrid,31,Real Madrid,0,Jude Bellingham_5_RM,,83.0,,leading,83,0.00112068,-0.000274762,0.0,0.0,7793
20865,2023-08-19 19:30:00,6,La Liga,362,Equipo histórico 362,31,Real Madrid,31,Real Madrid,0,Kepa Arrizabalaga_25_RM,,,,,0,-0.00025058,0.000481202,0.0,0.0,1754
20865,2023-08-19 19:30:00,6,La Liga,362,Equipo histórico 362,31,Real Madrid,31,Real Madrid,0,Lucas Vázquez_17_RM,92.0,,leading,,9,0.00132007,-0.000853061,0.0,0.0,6072
20865,2023-08-19 19:30:00,6,La Liga,362,Equipo histórico 362,31,Real Madrid,31,Real Madrid,0,Luka Modrić_10_RM,74.0,,leading,,27,0.00146142,0.000547068,0.0,0.0,6907
20865,2023-08-19 19:30:00,6,La Liga,362,Equipo histórico 362,31,Real Madrid,31,Real Madrid,0,Nacho_6_RM,,,,,0,0.00147031,0.000367155,0.0,0.0,5214
20865,2023-08-19 19:30:00,6,La Liga,362,Equipo histórico 362,31,Real Madrid,31,Real Madrid,0,Nicolás Paz_32_RM,,,,,0,-0.00019203,0.000218314,0.0,0.0,148
20865,2023-08-19 19:30:00,6,La Liga,362,Equipo histórico 362,31,Real Madrid,31,Real Madrid,0,Rodrygo_11_RM,,74.0,,leading,74,0.000204649,0.000315861,0.182,0.389,9181
20865,2023-08-19 19:30:00,6,La Liga,362,Equipo histórico 362,31,Real Madrid,31,Real Madrid,0,Toni Kroos_8_RM,,74.0,,leading,74,0.000529318,0.000493378,0.0,0.0,5337
20865,2023-08-19 19:30:00,6,La Liga,362,Equipo histórico 362,31,Real Madrid,31,Real Madrid,0,Vinicius Júnior_7_RM,,92.0,,leading,92,-0.00186706,0.000820191,0.082,0.176,9694
20868,2023-08-20 19:30:00,6,La Liga,30,Barcelona,21,Equipo histórico 21,30,Barcelona,1,Abde Ezzalzouli_16_B,74.0,,level,,26,-0.00023308,6.37451e-05,0.0,0.0,86
20868,2023-08-20 19:30:00,6,La Liga,30,Barcelona,21,Equipo histórico 21,30,Barcelona,1,Alejandro Balde_3_B,,74.0,,level,74,0.00209699,0.000618303,0.0,0.0,7371
20868,2023-08-20 19:30:00,6,La Liga,30,Barcelona,21,Equipo histórico 21,30,Barcelona,1,Andreas Christensen_15_B,,85.0,,leading,85,-0.000657376,0.000304607,0.172,0.304,4789
20868,2023-08-20 19:30:00,6,La Liga,30,Barcelona,21,Equipo histórico 21,30,Barcelona,1,Ansu Fati_10_B,74.0,,level,,26,-0.000152001,0.000578713,0.0,0.0,1536
20868,2023-08-20 19:30:00,6,La Liga,30,Barcelona,21,Equipo histórico 21,30,Barcelona,1,Eric García_24_B,85.0,,leading,,15,0.00269696,0.00108346,0.082,0.145,3325
20868,2023-08-20 19:30:00,6,La Liga,30,Barcelona,21,Equipo histórico 21,30,Barcelona,1,Fermin López_16_B,,,,,0,-0.000980475,6.51575e-05,0.728,1.0,4228
20868,2023-08-20 19:30:00,6,La Liga,30,Barcelona,21,Equipo histórico 21,30,Barcelona,1,Ferrán Torres_7_B,91.0,,leading,,9,0.000824349,-0.000703702,0.18,0.318,5186
20868,2023-08-20 19:30:00,6,La Liga,30,Barcelona,21,Equipo histórico 21,30,Barcelona,1,Frenkie de Jong_21_B,,,,,100,0.00304554,-0.000291865,0.736,1.0,7300
20868,2023-08-20 19:30:00,6,La Liga,30,Barcelona,21,Equipo histórico 21,30,Barcelona,1,Gavi_6_B,,74.0,,level,74,0.00196965,0.00152903,0.0,0.0,5150
20868,2023-08-20 19:30:00,6,La Liga,30,Barcelona,21,Equipo histórico 21,30,Barcelona,1,Jules Koundé_23_B,,,,,100,0.00223783,0.00075356,0.736,1.0,11254
20868,2023-08-20 19:30:00,6,La Liga,30,Barcelona,21,Equipo histórico 21,30,Barcelona,1,Lamine Yamal_19_B,,91.0,,leading,91,0.00308054,0.000554778,0.0,0.0,7670
20868,2023-08-20 19:30:00,6,La Liga,30,Barcelona,21,Equipo histórico 21,30,Barcelona,1,Marc Casado_17_B,,,,,0,0.00126044,0.000330566,0.008,0.014,2412
20868,2023-08-20 19:30:00,6,La Liga,30,Barcelona,21,Equipo histórico 21,30,Barcelona,1,Marc-André ter Stegen_1_B,,,,,100,-0.000183835,0.000794651,0.0,0.0,6921
20868,2023-08-20 19:30:00,6,La Liga,30,Barcelona,21,Equipo histórico 21,30,Barcelona,1,Oriol Romeu_18_B,,85.0,,leading,85,-4.63904e-06,0.000596374,0.0,0.0,1536
20868,2023-08-20 19:30:00,6,La Liga,30,Barcelona,21,Equipo histórico 21,30,Barcelona,1,Pedri_8_B,,,,,100,-0.000452767,-0.000759786,0.736,1.0,7907
20868,2023-08-20 19:30:00,6,La Liga,30,Barcelona,21,Equipo histórico 21,30,Barcelona,1,Robert Lewandowski_9_B,,,,,100,-0.00130583,0.000914094,0.564,0.999,10145
20868,2023-08-20 19:30:00,6,La Liga,30,Barcelona,21,Equipo histórico 21,30,Barcelona,1,Sergi Roberto_20_B,85.0,,leading,,15,0.000651913,-0.000120976,0.0,0.0,2493
20868,2023-08-20 19:30:00,6,La Liga,30,Barcelona,21,Equipo histórico 21,30,Barcelona,1,İlkay Gündoğan_22_B,,,,,100,0.000780872,-0.000346235,0.0,0.0,4232
20873,2023-08-25 21:30:00,6,La Liga,25,Celta Vigo,31,Real Madrid,31,Real Madrid,0,Andriy Lunin_13_RM,,,,,0,0.00135314,0.00113184,0.0,0.0,4637
20873,2023-08-25 21:30:00,6,La Liga,25,Celta Vigo,31,Real Madrid,31,Real Madrid,0,Antonio Rüdiger_22_RM,,,,,98,0.00101494,0.000618977,0.0,0.0,10666
20873,2023-08-25 21:30:00,6,La Liga,25,Celta Vigo,31,Real Madrid,31,Real Madrid,0,Aurélien Tchouaméni_14_RM,,64.0,,level,64,-0.000603586,0.00091019,0.264,0.565,8572
20873,2023-08-25 21:30:00,6,La Liga,25,Celta Vigo,31,Real Madrid,31,Real Madrid,0,Brahim Díaz_21_RM,,,,,0,0.00321062,-0.000354507,0.082,0.176,4411
20873,2023-08-25 21:30:00,6,La Liga,25,Celta Vigo,31,Real Madrid,31,Real Madrid,0,Dani Carvajal_2_RM,,,,,98,0.000618357,0.000728238,0.196,0.42,6003
20873,2023-08-25 21:30:00,6,La Liga,25,Celta Vigo,31,Real Madrid,31,Real Madrid,0,David Alaba_4_RM,,,,,98,0.000547684,0.000271426,0.0,0.0,3366
20873,2023-08-25 21:30:00,6,La Liga,25,Celta Vigo,31,Real Madrid,31,Real Madrid,0,Eduardo Camavinga_6_RM,,64.0,,level,64,0.000527662,0.000882211,0.0,0.0,7525
20873,2023-08-25 21:30:00,6,La Liga,25,Celta Vigo,31,Real Madrid,31,Real Madrid,0,Federico Valverde_8_RM,,,,,98,0.00109636,0.00134977,0.264,0.565,11707
20873,2023-08-25 21:30:00,6,La Liga,25,Celta Vigo,31,Real Madrid,31,Real Madrid,0,Fran Garcia_20_RM,,82.0,,leading,82,0.00151615,4.55278e-05,0.0,0.0,4807
20873,2023-08-25 21:30:00,6,La Liga,25,Celta Vigo,31,Real Madrid,31,Real Madrid,0,Joselu_14_RM,18.0,,level,,80,1.52568e-05,0.000834196,0.0,0.0,2277
20873,2023-08-25 21:30:00,6,La Liga,25,Celta Vigo,31,Real Madrid,31,Real Madrid,0,Jude Bellingham_5_RM,,,,,98,0.00112068,-0.000274762,0.0,0.0,7793
20873,2023-08-25 21:30:00,6,La Liga,25,Celta Vigo,31,Real Madrid,31,Real Madrid,0,Kepa Arrizabalaga_25_RM,,,,,98,-0.00025058,0.000481202,0.0,0.0,1754
20873,2023-08-25 21:30:00,6,La Liga,25,Celta Vigo,31,Real Madrid,31,Real Madrid,0,Lucas Vázquez_17_RM,,,,,0,0.00132007,-0.000853061,0.0,0.0,6072
20873,2023-08-25 21:30:00,6,La Liga,25,Celta Vigo,31,Real Madrid,31,Real Madrid,0,Luka Modrić_10_RM,64.0,,level,,34,0.00146142,0.000547068,0.0,0.0,6907
20873,2023-08-25 21:30:00,6,La Liga,25,Celta Vigo,31,Real Madrid,31,Real Madrid,0,Nacho_6_RM,82.0,,leading,,16,0.00147031,0.000367155,0.0,0.0,5214
20873,2023-08-25 21:30:00,6,La Liga,25,Celta Vigo,31,Real Madrid,31,Real Madrid,0,Nicolás Paz_32_RM,,,,,0,-0.00019203,0.000218314,0.0,0.0,148
20873,2023-08-25 21:30:00,6,La Liga,25,Celta Vigo,31,Real Madrid,31,Real Madrid,0,Rodrygo_11_RM,,,,,98,0.000204649,0.000315861,0.182,0.389,9181
20873,2023-08-25 21:30:00,6,La Liga,25,Celta Vigo,31,Real Madrid,31,Real Madrid,0,Toni Kroos_8_RM,64.0,,level,,34,0.000529318,0.000493378,0.0,0.0,5337
20873,2023-08-25 21:30:00,6,La Liga,25,Celta Vigo,31,Real Madrid,31,Real Madrid,0,Vinicius Júnior_7_RM,,18.0,,level,18,-0.00186706,0.000820191,0.082,0.176,9694
20873,2023-08-25 21:30:00,6,La Liga,25,Celta Vigo,31,Real Madrid,31,Real Madrid,0,Álvaro Odriozola_16_RM,,,,,0,0.000433314,0.000172552,0.0,0.0,100
20877,2023-08-27 17:30:00,6,La Liga,23,Villarreal,30,Barcelona,30,Barcelona,0,Abde Ezzalzouli_16_B,,,,,0,-0.00023308,6.37451e-05,0.0,0.0,86
20877,2023-08-27 17:30:00,6,La Liga,23,Villarreal,30,Barcelona,30,Barcelona,0,Alejandro Balde_3_B,,,,,0,0.00209699,0.000618303,0.0,0.0,7371
20877,2023-08-27 17:30:00,6,La Liga,23,Villarreal,30,Barcelona,30,Barcelona,0,Andreas Christensen_15_B,,52.0,,trailing,52,-0.000657376,0.000304607,0.172,0.304,4789
20877,2023-08-27 17:30:00,6,La Liga,23,Villarreal,30,Barcelona,30,Barcelona,0,Ansu Fati_10_B,82.0,,leading,,20,-0.000152001,0.000578713,0.0,0.0,1536
20877,2023-08-27 17:30:00,6,La Liga,23,Villarreal,30,Barcelona,30,Barcelona,0,Eric García_24_B,52.0,,trailing,,50,0.00269696,0.00108346,0.082,0.145,3325
20877,2023-08-27 17:30:00,6,La Liga,23,Villarreal,30,Barcelona,30,Barcelona,0,Fermin López_16_B,92.0,,leading,,10,-0.000980475,6.51575e-05,0.728,1.0,4228
20877,2023-08-27 17:30:00,6,La Liga,23,Villarreal,30,Barcelona,30,Barcelona,0,Ferrán Torres_7_B,69.0,,level,,33,0.000824349,-0.000703702,0.18,0.318,5186
20877,2023-08-27 17:30:00,6,La Liga,23,Villarreal,30,Barcelona,30,Barcelona,0,Frenkie de Jong_21_B,,,,,102,0.00304554,-0.000291865,0.736,1.0,7300
20877,2023-08-27 17:30:00,6,La Liga,23,Villarreal,30,Barcelona,30,Barcelona,0,Gavi_6_B,,,,,102,0.00196965,0.00152903,0.0,0.0,5150
20877,2023-08-27 17:30:00,6,La Liga,23,Villarreal,30,Barcelona,30,Barcelona,0,Jules Koundé_23_B,,,,,102,0.00223783,0.00075356,0.736,1.0,11254
20877,2023-08-27 17:30:00,6,La Liga,23,Villarreal,30,Barcelona,30,Barcelona,0,Lamine Yamal_19_B,,82.0,,leading,82,0.00308054,0.000554778,0.0,0.0,7670
20877,2023-08-27 17:30:00,6,La Liga,23,Villarreal,30,Barcelona,30,Barcelona,0,Marc Casado_17_B,,,,,0,0.00126044,0.000330566,0.008,0.014,2412
20877,2023-08-27 17:30:00,6,La Liga,23,Villarreal,30,Barcelona,30,Barcelona,0,Marc-André ter Stegen_1_B,,,,,102,-0.000183835,0.000794651,0.0,0.0,6921
20877,2023-08-27 17:30:00,6,La Liga,23,Villarreal,30,Barcelona,30,Barcelona,0,Marcos Alonso_17_B,,,,,102,-9.54486e-05,8.02717e-05,0.0,0.0,1526
20877,2023-08-27 17:30:00,6,La Liga,23,Villarreal,30,Barcelona,30,Barcelona,0,Oriol Romeu_18_B,,69.0,,level,69,-4.63904e-06,0.000596374,0.0,0.0,1536
20877,2023-08-27 17:30:00,6,La Liga,23,Villarreal,30,Barcelona,30,Barcelona,0,Pau Cubarsí_2_B,,,,,0,0.000489738,0.000689197,0.0,0.0,6208
20877,2023-08-27 17:30:00,6,La Liga,23,Villarreal,30,Barcelona,30,Barcelona,0,Robert Lewandowski_9_B,,,,,102,-0.00130583,0.000914094,0.564,0.999,10145
20877,2023-08-27 17:30:00,6,La Liga,23,Villarreal,30,Barcelona,30,Barcelona,0,Sergi Roberto_20_B,,,,,102,0.000651913,-0.000120976,0.0,0.0,2493
20877,2023-08-27 17:30:00,6,La Liga,23,Villarreal,30,Barcelona,30,Barcelona,0,İlkay Gündoğan_22_B,,92.0,,leading,92,0.000780872,-0.000346235,0.0,0.0,4232
20885,2023-09-02 16:15:00,6,La Liga,31,Real Madrid,24,Getafe,31,Real Madrid,1,Andriy Lunin_13_RM,,,,,0,0.00135314,0.00113184,0.0,0.0,4637
20885,2023-09-02 16:15:00,6,La Liga,31,Real Madrid,24,Getafe,31,Real Madrid,1,Antonio Rüdiger_22_RM,,,,,105,0.00101494,0.000618977,0.0,0.0,10666
20885,2023-09-02 16:15:00,6,La Liga,31,Real Madrid,24,Getafe,31,Real Madrid,1,Aurélien Tchouaméni_14_RM,,85.0,,level,85,-0.000603586,0.00091019,0.264,0.565,8572
20885,2023-09-02 16:15:00,6,La Liga,31,Real Madrid,24,Getafe,31,Real Madrid,1,Brahim Díaz_21_RM,82.0,,level,,23,0.00321062,-0.000354507,0.082,0.176,4411
20885,2023-09-02 16:15:00,6,La Liga,31,Real Madrid,24,Getafe,31,Real Madrid,1,Dani Carvajal_2_RM,,81.0,,level,81,0.000618357,0.000728238,0.196,0.42,6003
20885,2023-09-02 16:15:00,6,La Liga,31,Real Madrid,24,Getafe,31,Real Madrid,1,David Alaba_4_RM,,,,,105,0.000547684,0.000271426,0.0,0.0,3366
20885,2023-09-02 16:15:00,6,La Liga,31,Real Madrid,24,Getafe,31,Real Madrid,1,Eduardo Camavinga_6_RM,,51.0,,level,51,0.000527662,0.000882211,0.0,0.0,7525
20885,2023-09-02 16:15:00,6,La Liga,31,Real Madrid,24,Getafe,31,Real Madrid,1,Federico Valverde_8_RM,85.0,,level,,20,0.00109636,0.00134977,0.264,0.565,11707
20885,2023-09-02 16:15:00,6,La Liga,31,Real Madrid,24,Getafe,31,Real Madrid,1,Fran Garcia_20_RM,,51.0,,level,51,0.00151615,4.55278e-05,0.0,0.0,4807
20885,2023-09-02 16:15:00,6,La Liga,31,Real Madrid,24,Getafe,31,Real Madrid,1,Gonzalo García_30_RM,,,,,0,-5.36235e-05,0.000482841,0.0,0.0,94
20885,2023-09-02 16:15:00,6,La Liga,31,Real Madrid,24,Getafe,31,Real Madrid,1,Joselu_14_RM,,,,,105,1.52568e-05,0.000834196,0.0,0.0,2277
20885,2023-09-02 16:15:00,6,La Liga,31,Real Madrid,24,Getafe,31,Real Madrid,1,Jude Bellingham_5_RM,,,,,105,0.00112068,-0.000274762,0.0,0.0,7793
20885,2023-09-02 16:15:00,6,La Liga,31,Real Madrid,24,Getafe,31,Real Madrid,1,Kepa Arrizabalaga_25_RM,,,,,105,-0.00025058,0.000481202,0.0,0.0,1754
20885,2023-09-02 16:15:00,6,La Liga,31,Real Madrid,24,Getafe,31,Real Madrid,1,Lucas Vázquez_17_RM,81.0,,level,,24,0.00132007,-0.000853061,0.0,0.0,6072
20885,2023-09-02 16:15:00,6,La Liga,31,Real Madrid,24,Getafe,31,Real Madrid,1,Luka Modrić_10_RM,,82.0,,level,82,0.00146142,0.000547068,0.0,0.0,6907
20885,2023-09-02 16:15:00,6,La Liga,31,Real Madrid,24,Getafe,31,Real Madrid,1,Nacho_6_RM,51.0,,level,,54,0.00147031,0.000367155,0.0,0.0,5214
20885,2023-09-02 16:15:00,6,La Liga,31,Real Madrid,24,Getafe,31,Real Madrid,1,Nicolás Paz_32_RM,,,,,0,-0.00019203,0.000218314,0.0,0.0,148
20885,2023-09-02 16:15:00,6,La Liga,31,Real Madrid,24,Getafe,31,Real Madrid,1,Rodrygo_11_RM,,,,,105,0.000204649,0.000315861,0.182,0.389,9181
20885,2023-09-02 16:15:00,6,La Liga,31,Real Madrid,24,Getafe,31,Real Madrid,1,Toni Kroos_8_RM,51.0,,level,,54,0.000529318,0.000493378,0.0,0.0,5337
20890,2023-09-03 21:00:00,6,La Liga,29,Osasuna,30,Barcelona,30,Barcelona,0,Alejandro Balde_3_B,,,,,97,0.00209699,0.000618303,0.0,0.0,7371
20890,2023-09-03 21:00:00,6,La Liga,29,Osasuna,30,Barcelona,30,Barcelona,0,Andreas Christensen_15_B,,92.0,,leading,92,-0.000657376,0.000304607,0.172,0.304,4789
20890,2023-09-03 21:00:00,6,La Liga,29,Osasuna,30,Barcelona,30,Barcelona,0,Fermin López_16_B,,,,,0,-0.000980475,6.51575e-05,0.728,1.0,4228
20890,2023-09-03 21:00:00,6,La Liga,29,Osasuna,30,Barcelona,30,Barcelona,0,Ferrán Torres_7_B,60.0,,leading,,37,0.000824349,-0.000703702,0.18,0.318,5186
20890,2023-09-03 21:00:00,6,La Liga,29,Osasuna,30,Barcelona,30,Barcelona,0,Frenkie de Jong_21_B,,,,,97,0.00304554,-0.000291865,0.736,1.0,7300
20890,2023-09-03 21:00:00,6,La Liga,29,Osasuna,30,Barcelona,30,Barcelona,0,Gavi_6_B,,,,,97,0.00196965,0.00152903,0.0,0.0,5150
20890,2023-09-03 21:00:00,6,La Liga,29,Osasuna,30,Barcelona,30,Barcelona,0,Iñaki Peña_13_B,,,,,0,0.001789,-0.000771425,0.0,0.0,3754
20890,2023-09-03 21:00:00,6,La Liga,29,Osasuna,30,Barcelona,30,Barcelona,0,Iñigo Martínez_5_B,92.0,,leading,,5,0.00172975,0.000118759,0.0,0.0,5736
20890,2023-09-03 21:00:00,6,La Liga,29,Osasuna,30,Barcelona,30,Barcelona,0,João Cancelo_2_B,60.0,,leading,,37,0.000109913,5.3432e-05,0.0,0.0,3488
20890,2023-09-03 21:00:00,6,La Liga,29,Osasuna,30,Barcelona,30,Barcelona,0,João Félix_14_B,81.0,,level,,16,0.000261688,0.000320113,0.0,0.0,2176
20890,2023-09-03 21:00:00,6,La Liga,29,Osasuna,30,Barcelona,30,Barcelona,0,Jules Koundé_23_B,,,,,97,0.00223783,0.00075356,0.736,1.0,11254
20890,2023-09-03 21:00:00,6,La Liga,29,Osasuna,30,Barcelona,30,Barcelona,0,Lamine Yamal_19_B,,60.0,,leading,60,0.00308054,0.000554778,0.0,0.0,7670
20890,2023-09-03 21:00:00,6,La Liga,29,Osasuna,30,Barcelona,30,Barcelona,0,Marc Casado_17_B,,,,,0,0.00126044,0.000330566,0.008,0.014,2412
20890,2023-09-03 21:00:00,6,La Liga,29,Osasuna,30,Barcelona,30,Barcelona,0,Marc-André ter Stegen_1_B,,,,,97,-0.000183835,0.000794651,0.0,0.0,6921
20890,2023-09-03 21:00:00,6,La Liga,29,Osasuna,30,Barcelona,30,Barcelona,0,Marcos Alonso_17_B,,,,,0,-9.54486e-05,8.02717e-05,0.0,0.0,1526
20890,2023-09-03 21:00:00,6,La Liga,29,Osasuna,30,Barcelona,30,Barcelona,0,Oriol Romeu_18_B,,81.0,,level,81,-4.63904e-06,0.000596374,0.0,0.0,1536
20890,2023-09-03 21:00:00,6,La Liga,29,Osasuna,30,Barcelona,30,Barcelona,0,Pau Cubarsí_2_B,,,,,0,0.000489738,0.000689197,0.0,0.0,6208
20890,2023-09-03 21:00:00,6,La Liga,29,Osasuna,30,Barcelona,30,Barcelona,0,Raphinha_11_B,92.0,,leading,,5,0.00131215,0.000402672,0.736,1.0,8931
20890,2023-09-03 21:00:00,6,La Liga,29,Osasuna,30,Barcelona,30,Barcelona,0,Robert Lewandowski_9_B,,92.0,,leading,92,-0.00130583,0.000914094,0.564,0.999,10145
20890,2023-09-03 21:00:00,6,La Liga,29,Osasuna,30,Barcelona,30,Barcelona,0,Sergi Roberto_20_B,,60.0,,leading,60,0.000651913,-0.000120976,0.0,0.0,2493
20890,2023-09-03 21:00:00,6,La Liga,29,Osasuna,30,Barcelona,30,Barcelona,0,İlkay Gündoğan_22_B,,,,,97,0.000780872,-0.000346235,0.0,0.0,4232
20895,2023-09-16 21:00:00,6,La Liga,30,Barcelona,27,Equipo histórico 27,30,Barcelona,1,Alejandro Balde_3_B,,80.0,,leading,80,0.00209699,0.000618303,0.0,0.0,7371
20895,2023-09-16 21:00:00,6,La Liga,30,Barcelona,27,Equipo histórico 27,30,Barcelona,1,Andreas Christensen_15_B,,80.0,,leading,80,-0.000657376,0.000304607,0.172,0.304,4789
20895,2023-09-16 21:00:00,6,La Liga,30,Barcelona,27,Equipo histórico 27,30,Barcelona,1,Ferrán Torres_7_B,,68.0,,leading,68,0.000824349,-0.000703702,0.18,0.318,5186
20895,2023-09-16 21:00:00,6,La Liga,30,Barcelona,27,Equipo histórico 27,30,Barcelona,1,Frenkie de Jong_21_B,,,,,95,0.00304554,-0.000291865,0.736,1.0,7300
20895,2023-09-16 21:00:00,6,La Liga,30,Barcelona,27,Equipo histórico 27,30,Barcelona,1,Gavi_6_B,,,,,95,0.00196965,0.00152903,0.0,0.0,5150
20895,2023-09-16 21:00:00,6,La Liga,30,Barcelona,27,Equipo histórico 27,30,Barcelona,1,Iñaki Peña_13_B,,,,,0,0.001789,-0.000771425,0.0,0.0,3754
20895,2023-09-16 21:00:00,6,La Liga,30,Barcelona,27,Equipo histórico 27,30,Barcelona,1,Iñigo Martínez_5_B,80.0,,leading,,15,0.00172975,0.000118759,0.0,0.0,5736
20895,2023-09-16 21:00:00,6,La Liga,30,Barcelona,27,Equipo histórico 27,30,Barcelona,1,João Cancelo_2_B,,,,,95,0.000109913,5.3432e-05,0.0,0.0,3488
20895,2023-09-16 21:00:00,6,La Liga,30,Barcelona,27,Equipo histórico 27,30,Barcelona,1,João Félix_14_B,,68.0,,leading,68,0.000261688,0.000320113,0.0,0.0,2176
20895,2023-09-16 21:00:00,6,La Liga,30,Barcelona,27,Equipo histórico 27,30,Barcelona,1,Jules Koundé_23_B,,,,,95,0.00223783,0.00075356,0.736,1.0,11254
20895,2023-09-16 21:00:00,6,La Liga,30,Barcelona,27,Equipo histórico 27,30,Barcelona,1,Lamine Yamal_19_B,68.0,,leading,,27,0.00308054,0.000554778,0.0,0.0,7670
20895,2023-09-16 21:00:00,6,La Liga,30,Barcelona,27,Equipo histórico 27,30,Barcelona,1,Marc Casado_17_B,,,,,0,0.00126044,0.000330566,0.008,0.014,2412
20895,2023-09-16 21:00:00,6,La Liga,30,Barcelona,27,Equipo histórico 27,30,Barcelona,1,Marc-André ter Stegen_1_B,,,,,95,-0.000183835,0.000794651,0.0,0.0,6921
20895,2023-09-16 21:00:00,6,La Liga,30,Barcelona,27,Equipo histórico 27,30,Barcelona,1,Marcos Alonso_17_B,80.0,,leading,,15,-9.54486e-05,8.02717e-05,0.0,0.0,1526
20895,2023-09-16 21:00:00,6,La Liga,30,Barcelona,27,Equipo histórico 27,30,Barcelona,1,Oriol Romeu_18_B,,68.0,,leading,68,-4.63904e-06,0.000596374,0.0,0.0,1536
20895,2023-09-16 21:00:00,6,La Liga,30,Barcelona,27,Equipo histórico 27,30,Barcelona,1,Raphinha_11_B,68.0,,leading,,27,0.00131215,0.000402672,0.736,1.0,8931
20895,2023-09-16 21:00:00,6,La Liga,30,Barcelona,27,Equipo histórico 27,30,Barcelona,1,Robert Lewandowski_9_B,,,,,95,-0.00130583,0.000914094,0.564,0.999,10145
20895,2023-09-16 21:00:00,6,La Liga,30,Barcelona,27,Equipo histórico 27,30,Barcelona,1,Sergi Roberto_20_B,,,,,0,0.000651913,-0.000120976,0.0,0.0,2493
20895,2023-09-16 21:00:00,6,La Liga,30,Barcelona,27,Equipo histórico 27,30,Barcelona,1,İlkay Gündoğan_22_B,68.0,,leading,,27,0.000780872,-0.000346235,0.0,0.0,4232
20899,2023-09-17 21:00:00,6,La Liga,31,Real Madrid,38,Real Sociedad,31,Real Madrid,1,Andriy Lunin_13_RM,,,,,0,0.00135314,0.00113184,0.0,0.0,4637
20899,2023-09-17 21:00:00,6,La Liga,31,Real Madrid,38,Real Sociedad,31,Real Madrid,1,Antonio Rüdiger_22_RM,,,,,94,0.00101494,0.000618977,0.0,0.0,10666
20899,2023-09-17 21:00:00,6,La Liga,31,Real Madrid,38,Real Sociedad,31,Real Madrid,1,Aurélien Tchouaméni_14_RM,,62.0,,leading,62,-0.000603586,0.00091019,0.264,0.565,8572
20899,2023-09-17 21:00:00,6,La Liga,31,Real Madrid,38,Real Sociedad,31,Real Madrid,1,Brahim Díaz_21_RM,87.0,,leading,,7,0.00321062,-0.000354507,0.082,0.176,4411
20899,2023-09-17 21:00:00,6,La Liga,31,Real Madrid,38,Real Sociedad,31,Real Madrid,1,Dani Carvajal_2_RM,,,,,94,0.000618357,0.000728238,0.196,0.42,6003
20899,2023-09-17 21:00:00,6,La Liga,31,Real Madrid,38,Real Sociedad,31,Real Madrid,1,Dani Ceballos_19_RM,,,,,0,0.0010414,0.00086943,0.0,0.0,4606
20899,2023-09-17 21:00:00,6,La Liga,31,Real Madrid,38,Real Sociedad,31,Real Madrid,1,David Alaba_4_RM,,,,,94,0.000547684,0.000271426,0.0,0.0,3366
20899,2023-09-17 21:00:00,6,La Liga,31,Real Madrid,38,Real Sociedad,31,Real Madrid,1,Eduardo Camavinga_6_RM,62.0,,leading,,32,0.000527662,0.000882211,0.0,0.0,7525
20899,2023-09-17 21:00:00,6,La Liga,31,Real Madrid,38,Real Sociedad,31,Real Madrid,1,Federico Valverde_8_RM,,87.0,,leading,87,0.00109636,0.00134977,0.264,0.565,11707
20899,2023-09-17 21:00:00,6,La Liga,31,Real Madrid,38,Real Sociedad,31,Real Madrid,1,Fran Garcia_20_RM,,74.0,,leading,74,0.00151615,4.55278e-05,0.0,0.0,4807
20899,2023-09-17 21:00:00,6,La Liga,31,Real Madrid,38,Real Sociedad,31,Real Madrid,1,Gonzalo García_30_RM,,,,,0,-5.36235e-05,0.000482841,0.0,0.0,94
20899,2023-09-17 21:00:00,6,La Liga,31,Real Madrid,38,Real Sociedad,31,Real Madrid,1,Joselu_14_RM,,62.0,,leading,62,1.52568e-05,0.000834196,0.0,0.0,2277
20899,2023-09-17 21:00:00,6,La Liga,31,Real Madrid,38,Real Sociedad,31,Real Madrid,1,Jude Bellingham_5_RM,,,,,94,0.00112068,-0.000274762,0.0,0.0,7793
20899,2023-09-17 21:00:00,6,La Liga,31,Real Madrid,38,Real Sociedad,31,Real Madrid,1,Kepa Arrizabalaga_25_RM,,,,,94,-0.00025058,0.000481202,0.0,0.0,1754
20899,2023-09-17 21:00:00,6,La Liga,31,Real Madrid,38,Real Sociedad,31,Real Madrid,1,Lucas Vázquez_17_RM,87.0,,leading,,7,0.00132007,-0.000853061,0.0,0.0,6072
20899,2023-09-17 21:00:00,6,La Liga,31,Real Madrid,38,Real Sociedad,31,Real Madrid,1,Luka Modrić_10_RM,62.0,,leading,,32,0.00146142,0.000547068,0.0,0.0,6907
20899,2023-09-17 21:00:00,6,La Liga,31,Real Madrid,38,Real Sociedad,31,Real Madrid,1,Nacho_6_RM,74.0,,leading,,20,0.00147031,0.000367155,0.0,0.0,5214
20899,2023-09-17 21:00:00,6,La Liga,31,Real Madrid,38,Real Sociedad,31,Real Madrid,1,Nicolás Paz_32_RM,,,,,0,-0.00019203,0.000218314,0.0,0.0,148
20899,2023-09-17 21:00:00,6,La Liga,31,Real Madrid,38,Real Sociedad,31,Real Madrid,1,Rodrygo_11_RM,,87.0,,leading,87,0.000204649,0.000315861,0.182,0.389,9181
20899,2023-09-17 21:00:00,6,La Liga,31,Real Madrid,38,Real Sociedad,31,Real Madrid,1,Toni Kroos_8_RM,,,,,94,0.000529318,0.000493378,0.0,0.0,5337
24726,2023-09-19 21:00:00,13,Champions League,30,Barcelona,142,Antwerp,30,Barcelona,1,Alejandro Balde_3_B,,,,,90,0.00209699,0.000618303,0.0,0.0,7371
24726,2023-09-19 21:00:00,13,Champions League,30,Barcelona,142,Antwerp,30,Barcelona,1,Andreas Christensen_15_B,,,,,90,-0.000657376,0.000304607,0.172,0.304,4789
24726,2023-09-19 21:00:00,13,Champions League,30,Barcelona,142,Antwerp,30,Barcelona,1,Fermin López_16_B,,,,,33,-0.000980475,6.51575e-05,0.728,1.0,4228
24726,2023-09-19 21:00:00,13,Champions League,30,Barcelona,142,Antwerp,30,Barcelona,1,Ferrán Torres_7_B,,,,,23,0.000824349,-0.000703702,0.18,0.318,5186
24726,2023-09-19 21:00:00,13,Champions League,30,Barcelona,142,Antwerp,30,Barcelona,1,Frenkie de Jong_21_B,,,,,57,0.00304554,-0.000291865,0.736,1.0,7300
24726,2023-09-19 21:00:00,13,Champions League,30,Barcelona,142,Antwerp,30,Barcelona,1,Gavi_6_B,,,,,57,0.00196965,0.00152903,0.0,0.0,5150
24726,2023-09-19 21:00:00,13,Champions League,30,Barcelona,142,Antwerp,30,Barcelona,1,Iñaki Peña_13_B,,,,,0,0.001789,-0.000771425,0.0,0.0,3754
24726,2023-09-19 21:00:00,13,Champions League,30,Barcelona,142,Antwerp,30,Barcelona,1,Iñigo Martínez_5_B,,,,,0,0.00172975,0.000118759,0.0,0.0,5736
24726,2023-09-19 21:00:00,13,Champions League,30,Barcelona,142,Antwerp,30,Barcelona,1,João Cancelo_2_B,,,,,75,0.000109913,5.3432e-05,0.0,0.0,3488
24726,2023-09-19 21:00:00,13,Champions League,30,Barcelona,142,Antwerp,30,Barcelona,1,João Félix_14_B,,,,,67,0.000261688,0.000320113,0.0,0.0,2176
24726,2023-09-19 21:00:00,13,Champions League,30,Barcelona,142,Antwerp,30,Barcelona,1,Jules Koundé_23_B,,,,,90,0.00223783,0.00075356,0.736,1.0,11254
24726,2023-09-19 21:00:00,13,Champions League,30,Barcelona,142,Antwerp,30,Barcelona,1,Lamine Yamal_19_B,,,,,23,0.00308054,0.000554778,0.0,0.0,7670
24726,2023-09-19 21:00:00,13,Champions League,30,Barcelona,142,Antwerp,30,Barcelona,1,Marc Casado_17_B,,,,,0,0.00126044,0.000330566,0.008,0.014,2412
24726,2023-09-19 21:00:00,13,Champions League,30,Barcelona,142,Antwerp,30,Barcelona,1,Marc-André ter Stegen_1_B,,,,,90,-0.000183835,0.000794651,0.0,0.0,6921
24726,2023-09-19 21:00:00,13,Champions League,30,Barcelona,142,Antwerp,30,Barcelona,1,Marcos Alonso_17_B,,,,,0,-9.54486e-05,8.02717e-05,0.0,0.0,1526
24726,2023-09-19 21:00:00,13,Champions League,30,Barcelona,142,Antwerp,30,Barcelona,1,Oriol Romeu_18_B,,,,,33,-4.63904e-06,0.000596374,0.0,0.0,1536
24726,2023-09-19 21:00:00,13,Champions League,30,Barcelona,142,Antwerp,30,Barcelona,1,Raphinha_11_B,,,,,67,0.00131215,0.000402672,0.736,1.0,8931
24726,2023-09-19 21:00:00,13,Champions League,30,Barcelona,142,Antwerp,30,Barcelona,1,Robert Lewandowski_9_B,,,,,90,-0.00130583,0.000914094,0.564,0.999,10145
24726,2023-09-19 21:00:00,13,Champions League,30,Barcelona,142,Antwerp,30,Barcelona,1,Sergi Roberto_20_B,,,,,15,0.000651913,-0.000120976,0.0,0.0,2493
24726,2023-09-19 21:00:00,13,Champions League,30,Barcelona,142,Antwerp,30,Barcelona,1,İlkay Gündoğan_22_B,,,,,90,0.000780872,-0.000346235,0.0,0.0,4232
24731,2023-09-20 18:45:00,13,Champions League,31,Real Madrid,41,Union Berlin,31,Real Madrid,1,Andriy Lunin_13_RM,,,,,0,0.00135314,0.00113184,0.0,0.0,4637
24731,2023-09-20 18:45:00,13,Champions League,31,Real Madrid,41,Union Berlin,31,Real Madrid,1,Antonio Rüdiger_22_RM,,,,,90,0.00101494,0.000618977,0.0,0.0,10666
24731,2023-09-20 18:45:00,13,Champions League,31,Real Madrid,41,Union Berlin,31,Real Madrid,1,Aurélien Tchouaméni_14_RM,,,,,64,-0.000603586,0.00091019,0.264,0.565,8572
24731,2023-09-20 18:45:00,13,Champions League,31,Real Madrid,41,Union Berlin,31,Real Madrid,1,Brahim Díaz_21_RM,,,,,11,0.00321062,-0.000354507,0.082,0.176,4411
24731,2023-09-20 18:45:00,13,Champions League,31,Real Madrid,41,Union Berlin,31,Real Madrid,1,Dani Ceballos_19_RM,,,,,0,0.0010414,0.00086943,0.0,0.0,4606
24731,2023-09-20 18:45:00,13,Champions League,31,Real Madrid,41,Union Berlin,31,Real Madrid,1,David Alaba_4_RM,,,,,90,0.000547684,0.000271426,0.0,0.0,3366
24731,2023-09-20 18:45:00,13,Champions League,31,Real Madrid,41,Union Berlin,31,Real Madrid,1,Eduardo Camavinga_6_RM,,,,,64,0.000527662,0.000882211,0.0,0.0,7525
24731,2023-09-20 18:45:00,13,Champions League,31,Real Madrid,41,Union Berlin,31,Real Madrid,1,Federico Valverde_8_RM,,,,,26,0.00109636,0.00134977,0.264,0.565,11707
24731,2023-09-20 18:45:00,13,Champions League,31,Real Madrid,41,Union Berlin,31,Real Madrid,1,Ferland Mendy_23_RM,,,,,0,-0.00165897,0.000241543,0.0,0.0,5435
24731,2023-09-20 18:45:00,13,Champions League,31,Real Madrid,41,Union Berlin,31,Real Madrid,1,Fran Garcia_20_RM,,,,,18,0.00151615,4.55278e-05,0.0,0.0,4807
24731,2023-09-20 18:45:00,13,Champions League,31,Real Madrid,41,Union Berlin,31,Real Madrid,1,Gonzalo García_30_RM,,,,,0,-5.36235e-05,0.000482841,0.0,0.0,94
24731,2023-09-20 18:45:00,13,Champions League,31,Real Madrid,41,Union Berlin,31,Real Madrid,1,Joselu_14_RM,,,,,90,1.52568e-05,0.000834196,0.0,0.0,2277
24731,2023-09-20 18:45:00,13,Champions League,31,Real Madrid,41,Union Berlin,31,Real Madrid,1,Jude Bellingham_5_RM,,,,,90,0.00112068,-0.000274762,0.0,0.0,7793
24731,2023-09-20 18:45:00,13,Champions League,31,Real Madrid,41,Union Berlin,31,Real Madrid,1,Kepa Arrizabalaga_25_RM,,,,,90,-0.00025058,0.000481202,0.0,0.0,1754
24731,2023-09-20 18:45:00,13,Champions League,31,Real Madrid,41,Union Berlin,31,Real Madrid,1,Lucas Vázquez_17_RM,,,,,90,0.00132007,-0.000853061,0.0,0.0,6072
24731,2023-09-20 18:45:00,13,Champions League,31,Real Madrid,41,Union Berlin,31,Real Madrid,1,Luka Modrić_10_RM,,,,,79,0.00146142,0.000547068,0.0,0.0,6907
24731,2023-09-20 18:45:00,13,Champions League,31,Real Madrid,41,Union Berlin,31,Real Madrid,1,Nacho_6_RM,,,,,72,0.00147031,0.000367155,0.0,0.0,5214
24731,2023-09-20 18:45:00,13,Champions League,31,Real Madrid,41,Union Berlin,31,Real Madrid,1,Rodrygo_11_RM,,,,,90,0.000204649,0.000315861,0.182,0.389,9181
24731,2023-09-20 18:45:00,13,Champions League,31,Real Madrid,41,Union Berlin,31,Real Madrid,1,Toni Kroos_8_RM,,,,,26,0.000529318,0.000493378,0.0,0.0,5337
20904,2023-09-23 18:30:00,6,La Liga,30,Barcelona,25,Celta Vigo,30,Barcelona,1,Alejandro Balde_3_B,60.0,,trailing,,34,0.00209699,0.000618303,0.0,0.0,7371
20904,2023-09-23 18:30:00,6,La Liga,30,Barcelona,25,Celta Vigo,30,Barcelona,1,Andreas Christensen_15_B,,60.0,,trailing,60,-0.000657376,0.000304607,0.172,0.304,4789
20904,2023-09-23 18:30:00,6,La Liga,30,Barcelona,25,Celta Vigo,30,Barcelona,1,Fermin López_16_B,,,,,0,-0.000980475,6.51575e-05,0.728,1.0,4228
20904,2023-09-23 18:30:00,6,La Liga,30,Barcelona,25,Celta Vigo,30,Barcelona,1,Ferrán Torres_7_B,,72.0,,trailing,72,0.000824349,-0.000703702,0.18,0.318,5186
20904,2023-09-23 18:30:00,6,La Liga,30,Barcelona,25,Celta Vigo,30,Barcelona,1,Frenkie de Jong_21_B,,36.0,,trailing,36,0.00304554,-0.000291865,0.736,1.0,7300
20904,2023-09-23 18:30:00,6,La Liga,30,Barcelona,25,Celta Vigo,30,Barcelona,1,Gavi_6_B,36.0,,trailing,,58,0.00196965,0.00152903,0.0,0.0,5150
20904,2023-09-23 18:30:00,6,La Liga,30,Barcelona,25,Celta Vigo,30,Barcelona,1,Iñaki Peña_13_B,,,,,0,0.001789,-0.000771425,0.0,0.0,3754
20904,2023-09-23 18:30:00,6,La Liga,30,Barcelona,25,Celta Vigo,30,Barcelona,1,Iñigo Martínez_5_B,,,,,0,0.00172975,0.000118759,0.0,0.0,5736
20904,2023-09-23 18:30:00,6,La Liga,30,Barcelona,25,Celta Vigo,30,Barcelona,1,João Cancelo_2_B,,,,,94,0.000109913,5.3432e-05,0.0,0.0,3488
20904,2023-09-23 18:30:00,6,La Liga,30,Barcelona,25,Celta Vigo,30,Barcelona,1,João Félix_14_B,,,,,94,0.000261688,0.000320113,0.0,0.0,2176
20904,2023-09-23 18:30:00,6,La Liga,30,Barcelona,25,Celta Vigo,30,Barcelona,1,Jules Koundé_23_B,,,,,94,0.00223783,0.00075356,0.736,1.0,11254
20904,2023-09-23 18:30:00,6,La Liga,30,Barcelona,25,Celta Vigo,30,Barcelona,1,Lamine Yamal_19_B,46.0,,trailing,,48,0.00308054,0.000554778,0.0,0.0,7670
20904,2023-09-23 18:30:00,6,La Liga,30,Barcelona,25,Celta Vigo,30,Barcelona,1,Marc-André ter Stegen_1_B,,,,,94,-0.000183835,0.000794651,0.0,0.0,6921
20904,2023-09-23 18:30:00,6,La Liga,30,Barcelona,25,Celta Vigo,30,Barcelona,1,Marcos Alonso_17_B,,46.0,,trailing,46,-9.54486e-05,8.02717e-05,0.0,0.0,1526
20904,2023-09-23 18:30:00,6,La Liga,30,Barcelona,25,Celta Vigo,30,Barcelona,1,Oriol Romeu_18_B,,46.0,,trailing,46,-4.63904e-06,0.000596374,0.0,0.0,1536
20904,2023-09-23 18:30:00,6,La Liga,30,Barcelona,25,Celta Vigo,30,Barcelona,1,Raphinha_11_B,72.0,,trailing,,22,0.00131215,0.000402672,0.736,1.0,8931
20904,2023-09-23 18:30:00,6,La Liga,30,Barcelona,25,Celta Vigo,30,Barcelona,1,Robert Lewandowski_9_B,,,,,94,-0.00130583,0.000914094,0.564,0.999,10145
20904,2023-09-23 18:30:00,6,La Liga,30,Barcelona,25,Celta Vigo,30,Barcelona,1,Ronald Araújo_4_B,46.0,,trailing,,48,0.00016609,0.000959492,0.736,1.0,6661
20904,2023-09-23 18:30:00,6,La Liga,30,Barcelona,25,Celta Vigo,30,Barcelona,1,Sergi Roberto_20_B,,,,,0,0.000651913,-0.000120976,0.0,0.0,2493
20904,2023-09-23 18:30:00,6,La Liga,30,Barcelona,25,Celta Vigo,30,Barcelona,1,İlkay Gündoğan_22_B,,,,,94,0.000780872,-0.000346235,0.0,0.0,4232
20910,2023-09-24 21:00:00,6,La Liga,39,Atlético Madrid,31,Real Madrid,31,Real Madrid,0,Andriy Lunin_13_RM,,,,,0,0.00135314,0.00113184,0.0,0.0,4637
20910,2023-09-24 21:00:00,6,La Liga,39,Atlético Madrid,31,Real Madrid,31,Real Madrid,0,Antonio Rüdiger_22_RM,,,,,96,0.00101494,0.000618977,0.0,0.0,10666
20910,2023-09-24 21:00:00,6,La Liga,39,Atlético Madrid,31,Real Madrid,31,Real Madrid,0,Aurélien Tchouaméni_14_RM,58.0,,trailing,,38,-0.000603586,0.00091019,0.264,0.565,8572
20910,2023-09-24 21:00:00,6,La Liga,39,Atlético Madrid,31,Real Madrid,31,Real Madrid,0,Brahim Díaz_21_RM,71.0,,trailing,,25,0.00321062,-0.000354507,0.082,0.176,4411
20910,2023-09-24 21:00:00,6,La Liga,39,Atlético Madrid,31,Real Madrid,31,Real Madrid,0,Dani Ceballos_19_RM,,,,,0,0.0010414,0.00086943,0.0,0.0,4606
20910,2023-09-24 21:00:00,6,La Liga,39,Atlético Madrid,31,Real Madrid,31,Real Madrid,0,David Alaba_4_RM,,,,,96,0.000547684,0.000271426,0.0,0.0,3366
20910,2023-09-24 21:00:00,6,La Liga,39,Atlético Madrid,31,Real Madrid,31,Real Madrid,0,Eduardo Camavinga_6_RM,,58.0,,trailing,58,0.000527662,0.000882211,0.0,0.0,7525
20910,2023-09-24 21:00:00,6,La Liga,39,Atlético Madrid,31,Real Madrid,31,Real Madrid,0,Federico Valverde_8_RM,,,,,96,0.00109636,0.00134977,0.264,0.565,11707
20910,2023-09-24 21:00:00,6,La Liga,39,Atlético Madrid,31,Real Madrid,31,Real Madrid,0,Ferland Mendy_23_RM,58.0,,trailing,,38,-0.00165897,0.000241543,0.0,0.0,5435
20910,2023-09-24 21:00:00,6,La Liga,39,Atlético Madrid,31,Real Madrid,31,Real Madrid,0,Fran Garcia_20_RM,,58.0,,trailing,58,0.00151615,4.55278e-05,0.0,0.0,4807
20910,2023-09-24 21:00:00,6,La Liga,39,Atlético Madrid,31,Real Madrid,31,Real Madrid,0,Joselu_14_RM,47.0,,trailing,,49,1.52568e-05,0.000834196,0.0,0.0,2277
20910,2023-09-24 21:00:00,6,La Liga,39,Atlético Madrid,31,Real Madrid,31,Real Madrid,0,Jude Bellingham_5_RM,,,,,96,0.00112068,-0.000274762,0.0,0.0,7793
20910,2023-09-24 21:00:00,6,La Liga,39,Atlético Madrid,31,Real Madrid,31,Real Madrid,0,Kepa Arrizabalaga_25_RM,,,,,96,-0.00025058,0.000481202,0.0,0.0,1754
20910,2023-09-24 21:00:00,6,La Liga,39,Atlético Madrid,31,Real Madrid,31,Real Madrid,0,Lucas Vázquez_17_RM,,58.0,,trailing,58,0.00132007,-0.000853061,0.0,0.0,6072
20910,2023-09-24 21:00:00,6,La Liga,39,Atlético Madrid,31,Real Madrid,31,Real Madrid,0,Luka Modrić_10_RM,,47.0,,trailing,47,0.00146142,0.000547068,0.0,0.0,6907
20910,2023-09-24 21:00:00,6,La Liga,39,Atlético Madrid,31,Real Madrid,31,Real Madrid,0,Nacho_6_RM,58.0,,trailing,,38,0.00147031,0.000367155,0.0,0.0,5214
20910,2023-09-24 21:00:00,6,La Liga,39,Atlético Madrid,31,Real Madrid,31,Real Madrid,0,Rodrygo_11_RM,,,,,96,0.000204649,0.000315861,0.182,0.389,9181
20910,2023-09-24 21:00:00,6,La Liga,39,Atlético Madrid,31,Real Madrid,31,Real Madrid,0,Toni Kroos_8_RM,,71.0,,trailing,71,0.000529318,0.000493378,0.0,0.0,5337
20912,2023-09-26 21:30:00,6,La Liga,201,Mallorca,30,Barcelona,30,Barcelona,0,Alejandro Balde_3_B,,,,,106,0.00209699,0.000618303,0.0,0.0,7371
20912,2023-09-26 21:30:00,6,La Liga,201,Mallorca,30,Barcelona,30,Barcelona,0,Andreas Christensen_15_B,,,,,0,-0.000657376,0.000304607,0.172,0.304,4789
20912,2023-09-26 21:30:00,6,La Liga,201,Mallorca,30,Barcelona,30,Barcelona,0,Fermin López_16_B,72.0,,trailing,,34,-0.000980475,6.51575e-05,0.728,1.0,4228
20912,2023-09-26 21:30:00,6,La Liga,201,Mallorca,30,Barcelona,30,Barcelona,0,Ferrán Torres_7_B,,66.0,,trailing,66,0.000824349,-0.000703702,0.18,0.318,5186
20912,2023-09-26 21:30:00,6,La Liga,201,Mallorca,30,Barcelona,30,Barcelona,0,Gavi_6_B,,,,,106,0.00196965,0.00152903,0.0,0.0,5150
20912,2023-09-26 21:30:00,6,La Liga,201,Mallorca,30,Barcelona,30,Barcelona,0,Iñaki Peña_13_B,,,,,0,0.001789,-0.000771425,0.0,0.0,3754
20912,2023-09-26 21:30:00,6,La Liga,201,Mallorca,30,Barcelona,30,Barcelona,0,Iñigo Martínez_5_B,,86.0,,level,86,0.00172975,0.000118759,0.0,0.0,5736
20912,2023-09-26 21:30:00,6,La Liga,201,Mallorca,30,Barcelona,30,Barcelona,0,João Cancelo_2_B,,,,,106,0.000109913,5.3432e-05,0.0,0.0,3488
20912,2023-09-26 21:30:00,6,La Liga,201,Mallorca,30,Barcelona,30,Barcelona,0,João Félix_14_B,,72.0,,trailing,72,0.000261688,0.000320113,0.0,0.0,2176
20912,2023-09-26 21:30:00,6,La Liga,201,Mallorca,30,Barcelona,30,Barcelona,0,Jules Koundé_23_B,86.0,,level,,20,0.00223783,0.00075356,0.736,1.0,11254
20912,2023-09-26 21:30:00,6,La Liga,201,Mallorca,30,Barcelona,30,Barcelona,0,Lamine Yamal_19_B,72.0,,trailing,,34,0.00308054,0.000554778,0.0,0.0,7670
20912,2023-09-26 21:30:00,6,La Liga,201,Mallorca,30,Barcelona,30,Barcelona,0,Marc-André ter Stegen_1_B,,,,,106,-0.000183835,0.000794651,0.0,0.0,6921
20912,2023-09-26 21:30:00,6,La Liga,201,Mallorca,30,Barcelona,30,Barcelona,0,Marcos Alonso_17_B,,,,,0,-9.54486e-05,8.02717e-05,0.0,0.0,1526
20912,2023-09-26 21:30:00,6,La Liga,201,Mallorca,30,Barcelona,30,Barcelona,0,Oriol Romeu_18_B,,72.0,,trailing,72,-4.63904e-06,0.000596374,0.0,0.0,1536
20912,2023-09-26 21:30:00,6,La Liga,201,Mallorca,30,Barcelona,30,Barcelona,0,Raphinha_11_B,,,,,106,0.00131215,0.000402672,0.736,1.0,8931
20912,2023-09-26 21:30:00,6,La Liga,201,Mallorca,30,Barcelona,30,Barcelona,0,Robert Lewandowski_9_B,66.0,,trailing,,40,-0.00130583,0.000914094,0.564,0.999,10145
20912,2023-09-26 21:30:00,6,La Liga,201,Mallorca,30,Barcelona,30,Barcelona,0,Ronald Araújo_4_B,,,,,106,0.00016609,0.000959492,0.736,1.0,6661
20912,2023-09-26 21:30:00,6,La Liga,201,Mallorca,30,Barcelona,30,Barcelona,0,Sergi Roberto_20_B,,,,,0,0.000651913,-0.000120976,0.0,0.0,2493
20912,2023-09-26 21:30:00,6,La Liga,201,Mallorca,30,Barcelona,30,Barcelona,0,İlkay Gündoğan_22_B,,,,,106,0.000780872,-0.000346235,0.0,0.0,4232
20913,2023-09-27 19:00:00,6,La Liga,31,Real Madrid,522,Equipo histórico 522,31,Real Madrid,1,Andriy Lunin_13_RM,,,,,0,0.00135314,0.00113184,0.0,0.0,4637
20913,2023-09-27 19:00:00,6,La Liga,31,Real Madrid,522,Equipo histórico 522,31,Real Madrid,1,Antonio Rüdiger_22_RM,,,,,96,0.00101494,0.000618977,0.0,0.0,10666
20913,2023-09-27 19:00:00,6,La Liga,31,Real Madrid,522,Equipo histórico 522,31,Real Madrid,1,Aurélien Tchouaméni_14_RM,,,,,96,-0.000603586,0.00091019,0.264,0.565,8572
20913,2023-09-27 19:00:00,6,La Liga,31,Real Madrid,522,Equipo histórico 522,31,Real Madrid,1,Brahim Díaz_21_RM,,60.0,,leading,60,0.00321062,-0.000354507,0.082,0.176,4411
20913,2023-09-27 19:00:00,6,La Liga,31,Real Madrid,522,Equipo histórico 522,31,Real Madrid,1,Dani Carvajal_2_RM,,,,,0,0.000618357,0.000728238,0.196,0.42,6003
20913,2023-09-27 19:00:00,6,La Liga,31,Real Madrid,522,Equipo histórico 522,31,Real Madrid,1,Dani Ceballos_19_RM,60.0,,leading,,36,0.0010414,0.00086943,0.0,0.0,4606
20913,2023-09-27 19:00:00,6,La Liga,31,Real Madrid,522,Equipo histórico 522,31,Real Madrid,1,David Alaba_4_RM,,41.0,,level,41,0.000547684,0.000271426,0.0,0.0,3366
20913,2023-09-27 19:00:00,6,La Liga,31,Real Madrid,522,Equipo histórico 522,31,Real Madrid,1,Eduardo Camavinga_6_RM,,80.0,,leading,80,0.000527662,0.000882211,0.0,0.0,7525
20913,2023-09-27 19:00:00,6,La Liga,31,Real Madrid,522,Equipo histórico 522,31,Real Madrid,1,Federico Valverde_8_RM,,,,,96,0.00109636,0.00134977,0.264,0.565,11707
20913,2023-09-27 19:00:00,6,La Liga,31,Real Madrid,522,Equipo histórico 522,31,Real Madrid,1,Ferland Mendy_23_RM,,80.0,,leading,80,-0.00165897,0.000241543,0.0,0.0,5435
20913,2023-09-27 19:00:00,6,La Liga,31,Real Madrid,522,Equipo histórico 522,31,Real Madrid,1,Fran Garcia_20_RM,80.0,,leading,,16,0.00151615,4.55278e-05,0.0,0.0,4807
20913,2023-09-27 19:00:00,6,La Liga,31,Real Madrid,522,Equipo histórico 522,31,Real Madrid,1,Joselu_14_RM,,60.0,,leading,60,1.52568e-05,0.000834196,0.0,0.0,2277
20913,2023-09-27 19:00:00,6,La Liga,31,Real Madrid,522,Equipo histórico 522,31,Real Madrid,1,Jude Bellingham_5_RM,,,,,0,0.00112068,-0.000274762,0.0,0.0,7793
20913,2023-09-27 19:00:00,6,La Liga,31,Real Madrid,522,Equipo histórico 522,31,Real Madrid,1,Kepa Arrizabalaga_25_RM,,,,,96,-0.00025058,0.000481202,0.0,0.0,1754
20913,2023-09-27 19:00:00,6,La Liga,31,Real Madrid,522,Equipo histórico 522,31,Real Madrid,1,Lucas Vázquez_17_RM,41.0,,level,,55,0.00132007,-0.000853061,0.0,0.0,6072
20913,2023-09-27 19:00:00,6,La Liga,31,Real Madrid,522,Equipo histórico 522,31,Real Madrid,1,Luka Modrić_10_RM,,,,,0,0.00146142,0.000547068,0.0,0.0,6907
20913,2023-09-27 19:00:00,6,La Liga,31,Real Madrid,522,Equipo histórico 522,31,Real Madrid,1,Nacho_6_RM,,,,,96,0.00147031,0.000367155,0.0,0.0,5214
20913,2023-09-27 19:00:00,6,La Liga,31,Real Madrid,522,Equipo histórico 522,31,Real Madrid,1,Rodrygo_11_RM,,,,,96,0.000204649,0.000315861,0.182,0.389,9181
20913,2023-09-27 19:00:00,6,La Liga,31,Real Madrid,522,Equipo histórico 522,31,Real Madrid,1,Toni Kroos_8_RM,80.0,,leading,,16,0.000529318,0.000493378,0.0,0.0,5337
20913,2023-09-27 19:00:00,6,La Liga,31,Real Madrid,522,Equipo histórico 522,31,Real Madrid,1,Vinicius Júnior_7_RM,60.0,,leading,,36,-0.00186706,0.000820191,0.082,0.176,9694
20921,2023-09-29 21:00:00,6,La Liga,30,Barcelona,32,Sevilla,30,Barcelona,1,Alejandro Balde_3_B,,,,,96,0.00209699,0.000618303,0.0,0.0,7371
20921,2023-09-29 21:00:00,6,La Liga,30,Barcelona,32,Sevilla,30,Barcelona,1,Andreas Christensen_15_B,,,,,96,-0.000657376,0.000304607,0.172,0.304,4789
20921,2023-09-29 21:00:00,6,La Liga,30,Barcelona,32,Sevilla,30,Barcelona,1,Fermin López_16_B,37.0,,level,,59,-0.000980475,6.51575e-05,0.728,1.0,4228
20921,2023-09-29 21:00:00,6,La Liga,30,Barcelona,32,Sevilla,30,Barcelona,1,Ferrán Torres_7_B,72.0,,level,,24,0.000824349,-0.000703702,0.18,0.318,5186
20921,2023-09-29 21:00:00,6,La Liga,30,Barcelona,32,Sevilla,30,Barcelona,1,Gavi_6_B,,,,,96,0.00196965,0.00152903,0.0,0.0,5150
20921,2023-09-29 21:00:00,6,La Liga,30,Barcelona,32,Sevilla,30,Barcelona,1,Iñaki Peña_13_B,,,,,0,0.001789,-0.000771425,0.0,0.0,3754
20921,2023-09-29 21:00:00,6,La Liga,30,Barcelona,32,Sevilla,30,Barcelona,1,Iñigo Martínez_5_B,,,,,0,0.00172975,0.000118759,0.0,0.0,5736
20921,2023-09-29 21:00:00,6,La Liga,30,Barcelona,32,Sevilla,30,Barcelona,1,João Cancelo_2_B,,,,,96,0.000109913,5.3432e-05,0.0,0.0,3488
20921,2023-09-29 21:00:00,6,La Liga,30,Barcelona,32,Sevilla,30,Barcelona,1,João Félix_14_B,,72.0,,level,72,0.000261688,0.000320113,0.0,0.0,2176
20921,2023-09-29 21:00:00,6,La Liga,30,Barcelona,32,Sevilla,30,Barcelona,1,Jules Koundé_23_B,,,,,96,0.00223783,0.00075356,0.736,1.0,11254
20921,2023-09-29 21:00:00,6,La Liga,30,Barcelona,32,Sevilla,30,Barcelona,1,Lamine Yamal_19_B,,83.0,,leading,83,0.00308054,0.000554778,0.0,0.0,7670
20921,2023-09-29 21:00:00,6,La Liga,30,Barcelona,32,Sevilla,30,Barcelona,1,Marc-André ter Stegen_1_B,,,,,96,-0.000183835,0.000794651,0.0,0.0,6921
20921,2023-09-29 21:00:00,6,La Liga,30,Barcelona,32,Sevilla,30,Barcelona,1,Marcos Alonso_17_B,,,,,0,-9.54486e-05,8.02717e-05,0.0,0.0,1526
20921,2023-09-29 21:00:00,6,La Liga,30,Barcelona,32,Sevilla,30,Barcelona,1,Oriol Romeu_18_B,83.0,,leading,,13,-4.63904e-06,0.000596374,0.0,0.0,1536
20921,2023-09-29 21:00:00,6,La Liga,30,Barcelona,32,Sevilla,30,Barcelona,1,Raphinha_11_B,,37.0,,level,37,0.00131215,0.000402672,0.736,1.0,8931
20921,2023-09-29 21:00:00,6,La Liga,30,Barcelona,32,Sevilla,30,Barcelona,1,Robert Lewandowski_9_B,,,,,96,-0.00130583,0.000914094,0.564,0.999,10145
20921,2023-09-29 21:00:00,6,La Liga,30,Barcelona,32,Sevilla,30,Barcelona,1,Ronald Araújo_4_B,,,,,0,0.00016609,0.000959492,0.736,1.0,6661
20921,2023-09-29 21:00:00,6,La Liga,30,Barcelona,32,Sevilla,30,Barcelona,1,Sergi Roberto_20_B,,,,,0,0.000651913,-0.000120976,0.0,0.0,2493
20921,2023-09-29 21:00:00,6,La Liga,30,Barcelona,32,Sevilla,30,Barcelona,1,İlkay Gündoğan_22_B,,,,,96,0.000780872,-0.000346235,0.0,0.0,4232
20924,2023-09-30 18:30:00,6,La Liga,363,Girona,31,Real Madrid,31,Real Madrid,0,Andriy Lunin_13_RM,,,,,0,0.00135314,0.00113184,0.0,0.0,4637
20924,2023-09-30 18:30:00,6,La Liga,363,Girona,31,Real Madrid,31,Real Madrid,0,Antonio Rüdiger_22_RM,,,,,99,0.00101494,0.000618977,0.0,0.0,10666
20924,2023-09-30 18:30:00,6,La Liga,363,Girona,31,Real Madrid,31,Real Madrid,0,Aurélien Tchouaméni_14_RM,,,,,99,-0.000603586,0.00091019,0.264,0.565,8572
20924,2023-09-30 18:30:00,6,La Liga,363,Girona,31,Real Madrid,31,Real Madrid,0,Brahim Díaz_21_RM,91.0,,leading,,8,0.00321062,-0.000354507,0.082,0.176,4411
20924,2023-09-30 18:30:00,6,La Liga,363,Girona,31,Real Madrid,31,Real Madrid,0,Dani Carvajal_2_RM,,,,,99,0.000618357,0.000728238,0.196,0.42,6003
20924,2023-09-30 18:30:00,6,La Liga,363,Girona,31,Real Madrid,31,Real Madrid,0,Dani Ceballos_19_RM,78.0,,leading,,21,0.0010414,0.00086943,0.0,0.0,4606
20924,2023-09-30 18:30:00,6,La Liga,363,Girona,31,Real Madrid,31,Real Madrid,0,Eduardo Camavinga_6_RM,,,,,99,0.000527662,0.000882211,0.0,0.0,7525
20924,2023-09-30 18:30:00,6,La Liga,363,Girona,31,Real Madrid,31,Real Madrid,0,Federico Valverde_8_RM,,91.0,,leading,91,0.00109636,0.00134977,0.264,0.565,11707
20924,2023-09-30 18:30:00,6,La Liga,363,Girona,31,Real Madrid,31,Real Madrid,0,Ferland Mendy_23_RM,,,,,0,-0.00165897,0.000241543,0.0,0.0,5435
20924,2023-09-30 18:30:00,6,La Liga,363,Girona,31,Real Madrid,31,Real Madrid,0,Fran Garcia_20_RM,,,,,0,0.00151615,4.55278e-05,0.0,0.0,4807
20924,2023-09-30 18:30:00,6,La Liga,363,Girona,31,Real Madrid,31,Real Madrid,0,Joselu_14_RM,,91.0,,leading,91,1.52568e-05,0.000834196,0.0,0.0,2277
20924,2023-09-30 18:30:00,6,La Liga,363,Girona,31,Real Madrid,31,Real Madrid,0,Jude Bellingham_5_RM,,78.0,,leading,78,0.00112068,-0.000274762,0.0,0.0,7793
20924,2023-09-30 18:30:00,6,La Liga,363,Girona,31,Real Madrid,31,Real Madrid,0,Kepa Arrizabalaga_25_RM,,,,,99,-0.00025058,0.000481202,0.0,0.0,1754
20924,2023-09-30 18:30:00,6,La Liga,363,Girona,31,Real Madrid,31,Real Madrid,0,Lucas Vázquez_17_RM,91.0,,leading,,8,0.00132007,-0.000853061,0.0,0.0,6072
20924,2023-09-30 18:30:00,6,La Liga,363,Girona,31,Real Madrid,31,Real Madrid,0,Luka Modrić_10_RM,,,,,0,0.00146142,0.000547068,0.0,0.0,6907
20924,2023-09-30 18:30:00,6,La Liga,363,Girona,31,Real Madrid,31,Real Madrid,0,Nacho_6_RM,,,,,99,0.00147031,0.000367155,0.0,0.0,5214
20924,2023-09-30 18:30:00,6,La Liga,363,Girona,31,Real Madrid,31,Real Madrid,0,Rodrygo_11_RM,72.0,,leading,,27,0.000204649,0.000315861,0.182,0.389,9181
20924,2023-09-30 18:30:00,6,La Liga,363,Girona,31,Real Madrid,31,Real Madrid,0,Toni Kroos_8_RM,,,,,99,0.000529318,0.000493378,0.0,0.0,5337
20924,2023-09-30 18:30:00,6,La Liga,363,Girona,31,Real Madrid,31,Real Madrid,0,Vinicius Júnior_7_RM,,72.0,,leading,72,-0.00186706,0.000820191,0.082,0.176,9694
24745,2023-10-03 21:00:00,13,Champions League,71,Napoli,31,Real Madrid,31,Real Madrid,0,Andriy Lunin_13_RM,,,,,0,0.00135314,0.00113184,0.0,0.0,4637
24745,2023-10-03 21:00:00,13,Champions League,71,Napoli,31,Real Madrid,31,Real Madrid,0,Antonio Rüdiger_22_RM,,,,,90,0.00101494,0.000618977,0.0,0.0,10666
24745,2023-10-03 21:00:00,13,Champions League,71,Napoli,31,Real Madrid,31,Real Madrid,0,Aurélien Tchouaméni_14_RM,,,,,90,-0.000603586,0.00091019,0.264,0.565,8572
24745,2023-10-03 21:00:00,13,Champions League,71,Napoli,31,Real Madrid,31,Real Madrid,0,Brahim Díaz_21_RM,,,,,0,0.00321062,-0.000354507,0.082,0.176,4411
24745,2023-10-03 21:00:00,13,Champions League,71,Napoli,31,Real Madrid,31,Real Madrid,0,Dani Carvajal_2_RM,,,,,90,0.000618357,0.000728238,0.196,0.42,6003
24745,2023-10-03 21:00:00,13,Champions League,71,Napoli,31,Real Madrid,31,Real Madrid,0,Dani Ceballos_19_RM,,,,,7,0.0010414,0.00086943,0.0,0.0,4606
24745,2023-10-03 21:00:00,13,Champions League,71,Napoli,31,Real Madrid,31,Real Madrid,0,Eduardo Camavinga_6_RM,,,,,63,0.000527662,0.000882211,0.0,0.0,7525
24745,2023-10-03 21:00:00,13,Champions League,71,Napoli,31,Real Madrid,31,Real Madrid,0,Federico Valverde_8_RM,,,,,90,0.00109636,0.00134977,0.264,0.565,11707
24745,2023-10-03 21:00:00,13,Champions League,71,Napoli,31,Real Madrid,31,Real Madrid,0,Ferland Mendy_23_RM,,,,,27,-0.00165897,0.000241543,0.0,0.0,5435
24745,2023-10-03 21:00:00,13,Champions League,71,Napoli,31,Real Madrid,31,Real Madrid,0,Fran Garcia_20_RM,,,,,0,0.00151615,4.55278e-05,0.0,0.0,4807
24745,2023-10-03 21:00:00,13,Champions League,71,Napoli,31,Real Madrid,31,Real Madrid,0,Joselu_14_RM,,,,,16,1.52568e-05,0.000834196,0.0,0.0,2277
24745,2023-10-03 21:00:00,13,Champions League,71,Napoli,31,Real Madrid,31,Real Madrid,0,Jude Bellingham_5_RM,,,,,90,0.00112068,-0.000274762,0.0,0.0,7793
24745,2023-10-03 21:00:00,13,Champions League,71,Napoli,31,Real Madrid,31,Real Madrid,0,Kepa Arrizabalaga_25_RM,,,,,90,-0.00025058,0.000481202,0.0,0.0,1754
24745,2023-10-03 21:00:00,13,Champions League,71,Napoli,31,Real Madrid,31,Real Madrid,0,Lucas Vázquez_17_RM,,,,,0,0.00132007,-0.000853061,0.0,0.0,6072
24745,2023-10-03 21:00:00,13,Champions League,71,Napoli,31,Real Madrid,31,Real Madrid,0,Luka Modrić_10_RM,,,,,26,0.00146142,0.000547068,0.0,0.0,6907
24745,2023-10-03 21:00:00,13,Champions League,71,Napoli,31,Real Madrid,31,Real Madrid,0,Nacho_6_RM,,,,,90,0.00147031,0.000367155,0.0,0.0,5214
24745,2023-10-03 21:00:00,13,Champions League,71,Napoli,31,Real Madrid,31,Real Madrid,0,Rodrygo_11_RM,,,,,74,0.000204649,0.000315861,0.182,0.389,9181
24745,2023-10-03 21:00:00,13,Champions League,71,Napoli,31,Real Madrid,31,Real Madrid,0,Toni Kroos_8_RM,,,,,64,0.000529318,0.000493378,0.0,0.0,5337
24745,2023-10-03 21:00:00,13,Champions League,71,Napoli,31,Real Madrid,31,Real Madrid,0,Vinicius Júnior_7_RM,,,,,83,-0.00186706,0.000820191,0.082,0.176,9694
24749,2023-10-04 20:00:00,13,Champions League,125,Porto,30,Barcelona,30,Barcelona,0,Alejandro Balde_3_B,,,,,90,0.00209699,0.000618303,0.0,0.0,7371
24749,2023-10-04 20:00:00,13,Champions League,125,Porto,30,Barcelona,30,Barcelona,0,Andreas Christensen_15_B,,,,,0,-0.000657376,0.000304607,0.172,0.304,4789
24749,2023-10-04 20:00:00,13,Champions League,125,Porto,30,Barcelona,30,Barcelona,0,Fermin López_16_B,,,,,22,-0.000980475,6.51575e-05,0.728,1.0,4228
24749,2023-10-04 20:00:00,13,Champions League,125,Porto,30,Barcelona,30,Barcelona,0,Ferrán Torres_7_B,,,,,57,0.000824349,-0.000703702,0.18,0.318,5186
24749,2023-10-04 20:00:00,13,Champions League,125,Porto,30,Barcelona,30,Barcelona,0,Gavi_6_B,,,,,89,0.00196965,0.00152903,0.0,0.0,5150
24749,2023-10-04 20:00:00,13,Champions League,125,Porto,30,Barcelona,30,Barcelona,0,Iñaki Peña_13_B,,,,,0,0.001789,-0.000771425,0.0,0.0,3754
24749,2023-10-04 20:00:00,13,Champions League,125,Porto,30,Barcelona,30,Barcelona,0,Iñigo Martínez_5_B,,,,,0,0.00172975,0.000118759,0.0,0.0,5736
24749,2023-10-04 20:00:00,13,Champions League,125,Porto,30,Barcelona,30,Barcelona,0,João Cancelo_2_B,,,,,90,0.000109913,5.3432e-05,0.0,0.0,3488
24749,2023-10-04 20:00:00,13,Champions League,125,Porto,30,Barcelona,30,Barcelona,0,João Félix_14_B,,,,,68,0.000261688,0.000320113,0.0,0.0,2176
24749,2023-10-04 20:00:00,13,Champions League,125,Porto,30,Barcelona,30,Barcelona,0,Jules Koundé_23_B,,,,,90,0.00223783,0.00075356,0.736,1.0,11254
24749,2023-10-04 20:00:00,13,Champions League,125,Porto,30,Barcelona,30,Barcelona,0,Lamine Yamal_19_B,,,,,79,0.00308054,0.000554778,0.0,0.0,7670
24749,2023-10-04 20:00:00,13,Champions League,125,Porto,30,Barcelona,30,Barcelona,0,Marc Casado_17_B,,,,,0,0.00126044,0.000330566,0.008,0.014,2412
24749,2023-10-04 20:00:00,13,Champions League,125,Porto,30,Barcelona,30,Barcelona,0,Marc-André ter Stegen_1_B,,,,,90,-0.000183835,0.000794651,0.0,0.0,6921
24749,2023-10-04 20:00:00,13,Champions League,125,Porto,30,Barcelona,30,Barcelona,0,Marcos Alonso_17_B,,,,,11,-9.54486e-05,8.02717e-05,0.0,0.0,1526
24749,2023-10-04 20:00:00,13,Champions League,125,Porto,30,Barcelona,30,Barcelona,0,Oriol Romeu_18_B,,,,,68,-4.63904e-06,0.000596374,0.0,0.0,1536
24749,2023-10-04 20:00:00,13,Champions League,125,Porto,30,Barcelona,30,Barcelona,0,Robert Lewandowski_9_B,,,,,33,-0.00130583,0.000914094,0.564,0.999,10145
24749,2023-10-04 20:00:00,13,Champions League,125,Porto,30,Barcelona,30,Barcelona,0,Ronald Araújo_4_B,,,,,90,0.00016609,0.000959492,0.736,1.0,6661
24749,2023-10-04 20:00:00,13,Champions League,125,Porto,30,Barcelona,30,Barcelona,0,Sergi Roberto_20_B,,,,,22,0.000651913,-0.000120976,0.0,0.0,2493
24749,2023-10-04 20:00:00,13,Champions League,125,Porto,30,Barcelona,30,Barcelona,0,İlkay Gündoğan_22_B,,,,,90,0.000780872,-0.000346235,0.0,0.0,4232
20933,2023-10-07 16:15:00,6,La Liga,31,Real Madrid,29,Osasuna,31,Real Madrid,1,Andriy Lunin_13_RM,,,,,0,0.00135314,0.00113184,0.0,0.0,4637
20933,2023-10-07 16:15:00,6,La Liga,31,Real Madrid,29,Osasuna,31,Real Madrid,1,Antonio Rüdiger_22_RM,,,,,92,0.00101494,0.000618977,0.0,0.0,10666
20933,2023-10-07 16:15:00,6,La Liga,31,Real Madrid,29,Osasuna,31,Real Madrid,1,Aurélien Tchouaméni_14_RM,,,,,92,-0.000603586,0.00091019,0.264,0.565,8572
20933,2023-10-07 16:15:00,6,La Liga,31,Real Madrid,29,Osasuna,31,Real Madrid,1,Brahim Díaz_21_RM,80.0,,leading,,12,0.00321062,-0.000354507,0.082,0.176,4411
20933,2023-10-07 16:15:00,6,La Liga,31,Real Madrid,29,Osasuna,31,Real Madrid,1,Dani Carvajal_2_RM,,80.0,,leading,80,0.000618357,0.000728238,0.196,0.42,6003
20933,2023-10-07 16:15:00,6,La Liga,31,Real Madrid,29,Osasuna,31,Real Madrid,1,Dani Ceballos_19_RM,73.0,,leading,,19,0.0010414,0.00086943,0.0,0.0,4606
20933,2023-10-07 16:15:00,6,La Liga,31,Real Madrid,29,Osasuna,31,Real Madrid,1,Eduardo Camavinga_6_RM,,68.0,,leading,68,0.000527662,0.000882211,0.0,0.0,7525
20933,2023-10-07 16:15:00,6,La Liga,31,Real Madrid,29,Osasuna,31,Real Madrid,1,Federico Valverde_8_RM,,,,,92,0.00109636,0.00134977,0.264,0.565,11707
20933,2023-10-07 16:15:00,6,La Liga,31,Real Madrid,29,Osasuna,31,Real Madrid,1,Ferland Mendy_23_RM,,,,,92,-0.00165897,0.000241543,0.0,0.0,5435
20933,2023-10-07 16:15:00,6,La Liga,31,Real Madrid,29,Osasuna,31,Real Madrid,1,Fran Garcia_20_RM,,,,,0,0.00151615,4.55278e-05,0.0,0.0,4807
20933,2023-10-07 16:15:00,6,La Liga,31,Real Madrid,29,Osasuna,31,Real Madrid,1,Joselu_14_RM,,,,,92,1.52568e-05,0.000834196,0.0,0.0,2277
20933,2023-10-07 16:15:00,6,La Liga,31,Real Madrid,29,Osasuna,31,Real Madrid,1,Jude Bellingham_5_RM,,73.0,,leading,73,0.00112068,-0.000274762,0.0,0.0,7793
20933,2023-10-07 16:15:00,6,La Liga,31,Real Madrid,29,Osasuna,31,Real Madrid,1,Kepa Arrizabalaga_25_RM,,,,,92,-0.00025058,0.000481202,0.0,0.0,1754
20933,2023-10-07 16:15:00,6,La Liga,31,Real Madrid,29,Osasuna,31,Real Madrid,1,Lucas Vázquez_17_RM,80.0,,leading,,12,0.00132007,-0.000853061,0.0,0.0,6072
20933,2023-10-07 16:15:00,6,La Liga,31,Real Madrid,29,Osasuna,31,Real Madrid,1,Luka Modrić_10_RM,,80.0,,leading,80,0.00146142,0.000547068,0.0,0.0,6907
20933,2023-10-07 16:15:00,6,La Liga,31,Real Madrid,29,Osasuna,31,Real Madrid,1,Rodrygo_11_RM,73.0,,leading,,19,0.000204649,0.000315861,0.182,0.389,9181
20933,2023-10-07 16:15:00,6,La Liga,31,Real Madrid,29,Osasuna,31,Real Madrid,1,Toni Kroos_8_RM,68.0,,leading,,24,0.000529318,0.000493378,0.0,0.0,5337
20933,2023-10-07 16:15:00,6,La Liga,31,Real Madrid,29,Osasuna,31,Real Madrid,1,Vinicius Júnior_7_RM,,73.0,,leading,73,-0.00186706,0.000820191,0.082,0.176,9694
20940,2023-10-08 21:00:00,6,La Liga,524,Equipo histórico 524,30,Barcelona,30,Barcelona,0,Alejandro Balde_3_B,,,,,99,0.00209699,0.000618303,0.0,0.0,7371
20940,2023-10-08 21:00:00,6,La Liga,524,Equipo histórico 524,30,Barcelona,30,Barcelona,0,Andreas Christensen_15_B,,,,,99,-0.000657376,0.000304607,0.172,0.304,4789
20940,2023-10-08 21:00:00,6,La Liga,524,Equipo histórico 524,30,Barcelona,30,Barcelona,0,Fermin López_16_B,,62.0,,trailing,62,-0.000980475,6.51575e-05,0.728,1.0,4228
20940,2023-10-08 21:00:00,6,La Liga,524,Equipo histórico 524,30,Barcelona,30,Barcelona,0,Ferrán Torres_7_B,,,,,99,0.000824349,-0.000703702,0.18,0.318,5186
20940,2023-10-08 21:00:00,6,La Liga,524,Equipo histórico 524,30,Barcelona,30,Barcelona,0,Gavi_6_B,,,,,99,0.00196965,0.00152903,0.0,0.0,5150
20940,2023-10-08 21:00:00,6,La Liga,524,Equipo histórico 524,30,Barcelona,30,Barcelona,0,Iñaki Peña_13_B,,,,,0,0.001789,-0.000771425,0.0,0.0,3754
20940,2023-10-08 21:00:00,6,La Liga,524,Equipo histórico 524,30,Barcelona,30,Barcelona,0,Iñigo Martínez_5_B,,,,,0,0.00172975,0.000118759,0.0,0.0,5736
20940,2023-10-08 21:00:00,6,La Liga,524,Equipo histórico 524,30,Barcelona,30,Barcelona,0,João Cancelo_2_B,,,,,99,0.000109913,5.3432e-05,0.0,0.0,3488
20940,2023-10-08 21:00:00,6,La Liga,524,Equipo histórico 524,30,Barcelona,30,Barcelona,0,João Félix_14_B,,,,,99,0.000261688,0.000320113,0.0,0.0,2176
20940,2023-10-08 21:00:00,6,La Liga,524,Equipo histórico 524,30,Barcelona,30,Barcelona,0,Jules Koundé_23_B,,44.0,,trailing,44,0.00223783,0.00075356,0.736,1.0,11254
20940,2023-10-08 21:00:00,6,La Liga,524,Equipo histórico 524,30,Barcelona,30,Barcelona,0,Lamine Yamal_19_B,,77.0,,trailing,77,0.00308054,0.000554778,0.0,0.0,7670
20940,2023-10-08 21:00:00,6,La Liga,524,Equipo histórico 524,30,Barcelona,30,Barcelona,0,Marc Guiu_38_B,,,,,0,-9.68217e-05,-4.26897e-05,0.0,0.0,193
20940,2023-10-08 21:00:00,6,La Liga,524,Equipo histórico 524,30,Barcelona,30,Barcelona,0,Marc-André ter Stegen_1_B,,,,,99,-0.000183835,0.000794651,0.0,0.0,6921
20940,2023-10-08 21:00:00,6,La Liga,524,Equipo histórico 524,30,Barcelona,30,Barcelona,0,Marcos Alonso_17_B,,,,,0,-9.54486e-05,8.02717e-05,0.0,0.0,1526
20940,2023-10-08 21:00:00,6,La Liga,524,Equipo histórico 524,30,Barcelona,30,Barcelona,0,Oriol Romeu_18_B,77.0,,trailing,,22,-4.63904e-06,0.000596374,0.0,0.0,1536
20940,2023-10-08 21:00:00,6,La Liga,524,Equipo histórico 524,30,Barcelona,30,Barcelona,0,Ronald Araújo_4_B,44.0,,trailing,,55,0.00016609,0.000959492,0.736,1.0,6661
20940,2023-10-08 21:00:00,6,La Liga,524,Equipo histórico 524,30,Barcelona,30,Barcelona,0,Sergi Roberto_20_B,62.0,,trailing,,37,0.000651913,-0.000120976,0.0,0.0,2493
20940,2023-10-08 21:00:00,6,La Liga,524,Equipo histórico 524,30,Barcelona,30,Barcelona,0,İlkay Gündoğan_22_B,,,,,99,0.000780872,-0.000346235,0.0,0.0,4232
20944,2023-10-21 18:30:00,6,La Liga,32,Sevilla,31,Real Madrid,31,Real Madrid,0,Andriy Lunin_13_RM,,,,,0,0.00135314,0.00113184,0.0,0.0,4637
20944,2023-10-21 18:30:00,6,La Liga,32,Sevilla,31,Real Madrid,31,Real Madrid,0,Antonio Rüdiger_22_RM,,,,,100,0.00101494,0.000618977,0.0,0.0,10666
20944,2023-10-21 18:30:00,6,La Liga,32,Sevilla,31,Real Madrid,31,Real Madrid,0,Aurélien Tchouaméni_14_RM,,68.0,,level,68,-0.000603586,0.00091019,0.264,0.565,8572
20944,2023-10-21 18:30:00,6,La Liga,32,Sevilla,31,Real Madrid,31,Real Madrid,0,Brahim Díaz_21_RM,89.0,,level,,11,0.00321062,-0.000354507,0.082,0.176,4411
20944,2023-10-21 18:30:00,6,La Liga,32,Sevilla,31,Real Madrid,31,Real Madrid,0,Dani Carvajal_2_RM,,,,,100,0.000618357,0.000728238,0.196,0.42,6003
20944,2023-10-21 18:30:00,6,La Liga,32,Sevilla,31,Real Madrid,31,Real Madrid,0,David Alaba_4_RM,,,,,100,0.000547684,0.000271426,0.0,0.0,3366
20944,2023-10-21 18:30:00,6,La Liga,32,Sevilla,31,Real Madrid,31,Real Madrid,0,Eduardo Camavinga_6_RM,68.0,,level,,32,0.000527662,0.000882211,0.0,0.0,7525
20944,2023-10-21 18:30:00,6,La Liga,32,Sevilla,31,Real Madrid,31,Real Madrid,0,Federico Valverde_8_RM,,68.0,,level,68,0.00109636,0.00134977,0.264,0.565,11707
20944,2023-10-21 18:30:00,6,La Liga,32,Sevilla,31,Real Madrid,31,Real Madrid,0,Ferland Mendy_23_RM,,89.0,,level,89,-0.00165897,0.000241543,0.0,0.0,5435
20944,2023-10-21 18:30:00,6,La Liga,32,Sevilla,31,Real Madrid,31,Real Madrid,0,Fran Garcia_20_RM,89.0,,level,,11,0.00151615,4.55278e-05,0.0,0.0,4807
20944,2023-10-21 18:30:00,6,La Liga,32,Sevilla,31,Real Madrid,31,Real Madrid,0,Joselu_14_RM,80.0,,level,,20,1.52568e-05,0.000834196,0.0,0.0,2277
20944,2023-10-21 18:30:00,6,La Liga,32,Sevilla,31,Real Madrid,31,Real Madrid,0,Jude Bellingham_5_RM,,,,,100,0.00112068,-0.000274762,0.0,0.0,7793
20944,2023-10-21 18:30:00,6,La Liga,32,Sevilla,31,Real Madrid,31,Real Madrid,0,Kepa Arrizabalaga_25_RM,,,,,100,-0.00025058,0.000481202,0.0,0.0,1754
20944,2023-10-21 18:30:00,6,La Liga,32,Sevilla,31,Real Madrid,31,Real Madrid,0,Lucas Vázquez_17_RM,,,,,0,0.00132007,-0.000853061,0.0,0.0,6072
20944,2023-10-21 18:30:00,6,La Liga,32,Sevilla,31,Real Madrid,31,Real Madrid,0,Luka Modrić_10_RM,68.0,,level,,32,0.00146142,0.000547068,0.0,0.0,6907
20944,2023-10-21 18:30:00,6,La Liga,32,Sevilla,31,Real Madrid,31,Real Madrid,0,Rodrygo_11_RM,,80.0,,level,80,0.000204649,0.000315861,0.182,0.389,9181
20944,2023-10-21 18:30:00,6,La Liga,32,Sevilla,31,Real Madrid,31,Real Madrid,0,Toni Kroos_8_RM,,,,,100,0.000529318,0.000493378,0.0,0.0,5337
20944,2023-10-21 18:30:00,6,La Liga,32,Sevilla,31,Real Madrid,31,Real Madrid,0,Vinicius Júnior_7_RM,,89.0,,level,89,-0.00186706,0.000820191,0.082,0.176,9694
20949,2023-10-22 21:00:00,6,La Liga,30,Barcelona,33,Athletic Club,30,Barcelona,1,Alejandro Balde_3_B,,80.0,,leading,80,0.00209699,0.000618303,0.0,0.0,7371
20949,2023-10-22 21:00:00,6,La Liga,30,Barcelona,33,Athletic Club,30,Barcelona,1,Andreas Christensen_15_B,,61.0,,level,61,-0.000657376,0.000304607,0.172,0.304,4789
20949,2023-10-22 21:00:00,6,La Liga,30,Barcelona,33,Athletic Club,30,Barcelona,1,Fermin López_16_B,,80.0,,leading,80,-0.000980475,6.51575e-05,0.728,1.0,4228
20949,2023-10-22 21:00:00,6,La Liga,30,Barcelona,33,Athletic Club,30,Barcelona,1,Ferrán Torres_7_B,,,,,94,0.000824349,-0.000703702,0.18,0.318,5186
20949,2023-10-22 21:00:00,6,La Liga,30,Barcelona,33,Athletic Club,30,Barcelona,1,Gavi_6_B,,,,,94,0.00196965,0.00152903,0.0,0.0,5150
20949,2023-10-22 21:00:00,6,La Liga,30,Barcelona,33,Athletic Club,30,Barcelona,1,Héctor Fort_32_B,,,,,0,-0.000463914,-0.000603466,0.0,0.0,1296
20949,2023-10-22 21:00:00,6,La Liga,30,Barcelona,33,Athletic Club,30,Barcelona,1,Iñaki Peña_13_B,,,,,0,0.001789,-0.000771425,0.0,0.0,3754
20949,2023-10-22 21:00:00,6,La Liga,30,Barcelona,33,Athletic Club,30,Barcelona,1,Iñigo Martínez_5_B,,,,,94,0.00172975,0.000118759,0.0,0.0,5736
20949,2023-10-22 21:00:00,6,La Liga,30,Barcelona,33,Athletic Club,30,Barcelona,1,João Cancelo_2_B,,,,,94,0.000109913,5.3432e-05,0.0,0.0,3488
20949,2023-10-22 21:00:00,6,La Liga,30,Barcelona,33,Athletic Club,30,Barcelona,1,João Félix_14_B,,,,,94,0.000261688,0.000320113,0.0,0.0,2176
20949,2023-10-22 21:00:00,6,La Liga,30,Barcelona,33,Athletic Club,30,Barcelona,1,Lamine Yamal_19_B,61.0,,level,,33,0.00308054,0.000554778,0.0,0.0,7670
20949,2023-10-22 21:00:00,6,La Liga,30,Barcelona,33,Athletic Club,30,Barcelona,1,Marc Guiu_38_B,80.0,,leading,,14,-9.68217e-05,-4.26897e-05,0.0,0.0,193
20949,2023-10-22 21:00:00,6,La Liga,30,Barcelona,33,Athletic Club,30,Barcelona,1,Marc-André ter Stegen_1_B,,,,,94,-0.000183835,0.000794651,0.0,0.0,6921
20949,2023-10-22 21:00:00,6,La Liga,30,Barcelona,33,Athletic Club,30,Barcelona,1,Marcos Alonso_17_B,80.0,,leading,,14,-9.54486e-05,8.02717e-05,0.0,0.0,1526
20949,2023-10-22 21:00:00,6,La Liga,30,Barcelona,33,Athletic Club,30,Barcelona,1,Oriol Romeu_18_B,,61.0,,level,61,-4.63904e-06,0.000596374,0.0,0.0,1536
20949,2023-10-22 21:00:00,6,La Liga,30,Barcelona,33,Athletic Club,30,Barcelona,1,Ronald Araújo_4_B,61.0,,level,,33,0.00016609,0.000959492,0.736,1.0,6661
20949,2023-10-22 21:00:00,6,La Liga,30,Barcelona,33,Athletic Club,30,Barcelona,1,İlkay Gündoğan_22_B,,,,,94,0.000780872,-0.000346235,0.0,0.0,4232
24757,2023-10-24 20:00:00,13,Champions League,128,Braga,31,Real Madrid,31,Real Madrid,0,Andriy Lunin_13_RM,,,,,0,0.00135314,0.00113184,0.0,0.0,4637
24757,2023-10-24 20:00:00,13,Champions League,128,Braga,31,Real Madrid,31,Real Madrid,0,Antonio Rüdiger_22_RM,,,,,90,0.00101494,0.000618977,0.0,0.0,10666
24757,2023-10-24 20:00:00,13,Champions League,128,Braga,31,Real Madrid,31,Real Madrid,0,Aurélien Tchouaméni_14_RM,,,,,20,-0.000603586,0.00091019,0.264,0.565,8572
24757,2023-10-24 20:00:00,13,Champions League,128,Braga,31,Real Madrid,31,Real Madrid,0,Brahim Díaz_21_RM,,,,,0,0.00321062,-0.000354507,0.082,0.176,4411
24757,2023-10-24 20:00:00,13,Champions League,128,Braga,31,Real Madrid,31,Real Madrid,0,Dani Carvajal_2_RM,,,,,90,0.000618357,0.000728238,0.196,0.42,6003
24757,2023-10-24 20:00:00,13,Champions League,128,Braga,31,Real Madrid,31,Real Madrid,0,David Alaba_4_RM,,,,,0,0.000547684,0.000271426,0.0,0.0,3366
24757,2023-10-24 20:00:00,13,Champions League,128,Braga,31,Real Madrid,31,Real Madrid,0,Eduardo Camavinga_6_RM,,,,,90,0.000527662,0.000882211,0.0,0.0,7525
24757,2023-10-24 20:00:00,13,Champions League,128,Braga,31,Real Madrid,31,Real Madrid,0,Federico Valverde_8_RM,,,,,90,0.00109636,0.00134977,0.264,0.565,11707
24757,2023-10-24 20:00:00,13,Champions League,128,Braga,31,Real Madrid,31,Real Madrid,0,Ferland Mendy_23_RM,,,,,16,-0.00165897,0.000241543,0.0,0.0,5435
24757,2023-10-24 20:00:00,13,Champions League,128,Braga,31,Real Madrid,31,Real Madrid,0,Fran Garcia_20_RM,,,,,74,0.00151615,4.55278e-05,0.0,0.0,4807
24757,2023-10-24 20:00:00,13,Champions League,128,Braga,31,Real Madrid,31,Real Madrid,0,Jude Bellingham_5_RM,,,,,88,0.00112068,-0.000274762,0.0,0.0,7793
24757,2023-10-24 20:00:00,13,Champions League,128,Braga,31,Real Madrid,31,Real Madrid,0,Kepa Arrizabalaga_25_RM,,,,,90,-0.00025058,0.000481202,0.0,0.0,1754
24757,2023-10-24 20:00:00,13,Champions League,128,Braga,31,Real Madrid,31,Real Madrid,0,Lucas Vázquez_17_RM,,,,,2,0.00132007,-0.000853061,0.0,0.0,6072
24757,2023-10-24 20:00:00,13,Champions League,128,Braga,31,Real Madrid,31,Real Madrid,0,Luka Modrić_10_RM,,,,,90,0.00146142,0.000547068,0.0,0.0,6907
24757,2023-10-24 20:00:00,13,Champions League,128,Braga,31,Real Madrid,31,Real Madrid,0,Nacho_6_RM,,,,,90,0.00147031,0.000367155,0.0,0.0,5214
24757,2023-10-24 20:00:00,13,Champions League,128,Braga,31,Real Madrid,31,Real Madrid,0,Rodrygo_11_RM,,,,,70,0.000204649,0.000315861,0.182,0.389,9181
24757,2023-10-24 20:00:00,13,Champions League,128,Braga,31,Real Madrid,31,Real Madrid,0,Toni Kroos_8_RM,,,,,0,0.000529318,0.000493378,0.0,0.0,5337
24757,2023-10-24 20:00:00,13,Champions League,128,Braga,31,Real Madrid,31,Real Madrid,0,Vinicius Júnior_7_RM,,,,,90,-0.00186706,0.000820191,0.082,0.176,9694
24764,2023-10-25 18:45:00,13,Champions League,30,Barcelona,1,Unknown Team X,30,Barcelona,1,Alejandro Balde_3_B,,,,,21,0.00209699,0.000618303,0.0,0.0,7371
24764,2023-10-25 18:45:00,13,Champions League,30,Barcelona,1,Unknown Team X,30,Barcelona,1,Andreas Christensen_15_B,,,,,9,-0.000657376,0.000304607,0.172,0.304,4789
24764,2023-10-25 18:45:00,13,Champions League,30,Barcelona,1,Unknown Team X,30,Barcelona,1,Fermin López_16_B,,,,,81,-0.000980475,6.51575e-05,0.728,1.0,4228
24764,2023-10-25 18:45:00,13,Champions League,30,Barcelona,1,Unknown Team X,30,Barcelona,1,Ferrán Torres_7_B,,,,,90,0.000824349,-0.000703702,0.18,0.318,5186
24764,2023-10-25 18:45:00,13,Champions League,30,Barcelona,1,Unknown Team X,30,Barcelona,1,Héctor Fort_32_B,,,,,0,-0.000463914,-0.000603466,0.0,0.0,1296
24764,2023-10-25 18:45:00,13,Champions League,30,Barcelona,1,Unknown Team X,30,Barcelona,1,Iñaki Peña_13_B,,,,,0,0.001789,-0.000771425,0.0,0.0,3754
24764,2023-10-25 18:45:00,13,Champions League,30,Barcelona,1,Unknown Team X,30,Barcelona,1,Iñigo Martínez_5_B,,,,,81,0.00172975,0.000118759,0.0,0.0,5736
24764,2023-10-25 18:45:00,13,Champions League,30,Barcelona,1,Unknown Team X,30,Barcelona,1,João Cancelo_2_B,,,,,90,0.000109913,5.3432e-05,0.0,0.0,3488
24764,2023-10-25 18:45:00,13,Champions League,30,Barcelona,1,Unknown Team X,30,Barcelona,1,João Félix_14_B,,,,,74,0.000261688,0.000320113,0.0,0.0,2176
24764,2023-10-25 18:45:00,13,Champions League,30,Barcelona,1,Unknown Team X,30,Barcelona,1,Lamine Yamal_19_B,,,,,90,0.00308054,0.000554778,0.0,0.0,7670
24764,2023-10-25 18:45:00,13,Champions League,30,Barcelona,1,Unknown Team X,30,Barcelona,1,Marc Casado_17_B,,,,,9,0.00126044,0.000330566,0.008,0.014,2412
24764,2023-10-25 18:45:00,13,Champions League,30,Barcelona,1,Unknown Team X,30,Barcelona,1,Marc Guiu_38_B,,,,,16,-9.68217e-05,-4.26897e-05,0.0,0.0,193
24764,2023-10-25 18:45:00,13,Champions League,30,Barcelona,1,Unknown Team X,30,Barcelona,1,Marc-André ter Stegen_1_B,,,,,90,-0.000183835,0.000794651,0.0,0.0,6921
24764,2023-10-25 18:45:00,13,Champions League,30,Barcelona,1,Unknown Team X,30,Barcelona,1,Marcos Alonso_17_B,,,,,69,-9.54486e-05,8.02717e-05,0.0,0.0,1526
24764,2023-10-25 18:45:00,13,Champions League,30,Barcelona,1,Unknown Team X,30,Barcelona,1,Oriol Romeu_18_B,,,,,90,-4.63904e-06,0.000596374,0.0,0.0,1536
24764,2023-10-25 18:45:00,13,Champions League,30,Barcelona,1,Unknown Team X,30,Barcelona,1,Pau Cubarsí_2_B,,,,,0,0.000489738,0.000689197,0.0,0.0,6208
24764,2023-10-25 18:45:00,13,Champions League,30,Barcelona,1,Unknown Team X,30,Barcelona,1,Ronald Araújo_4_B,,,,,90,0.00016609,0.000959492,0.736,1.0,6661
24764,2023-10-25 18:45:00,13,Champions League,30,Barcelona,1,Unknown Team X,30,Barcelona,1,İlkay Gündoğan_22_B,,,,,90,0.000780872,-0.000346235,0.0,0.0,4232
20953,2023-10-28 16:15:00,6,La Liga,30,Barcelona,31,Real Madrid,30,Barcelona,1,Alejandro Balde_3_B,,,,,99,0.00209699,0.000618303,0.0,0.0,7371
20953,2023-10-28 16:15:00,6,La Liga,30,Barcelona,31,Real Madrid,30,Barcelona,1,Andreas Christensen_15_B,,,,,99,-0.000657376,0.000304607,0.172,0.304,4789
20953,2023-10-28 16:15:00,6,La Liga,30,Barcelona,31,Real Madrid,30,Barcelona,1,Fermin López_16_B,,74.0,,level,74,-0.000980475,6.51575e-05,0.728,1.0,4228
20953,2023-10-28 16:15:00,6,La Liga,30,Barcelona,31,Real Madrid,30,Barcelona,1,Ferrán Torres_7_B,,63.0,,leading,63,0.000824349,-0.000703702,0.18,0.318,5186
20953,2023-10-28 16:15:00,6,La Liga,30,Barcelona,31,Real Madrid,30,Barcelona,1,Gavi_6_B,,,,,99,0.00196965,0.00152903,0.0,0.0,5150
20953,2023-10-28 16:15:00,6,La Liga,30,Barcelona,31,Real Madrid,30,Barcelona,1,Héctor Fort_32_B,,,,,0,-0.000463914,-0.000603466,0.0,0.0,1296
20953,2023-10-28 16:15:00,6,La Liga,30,Barcelona,31,Real Madrid,30,Barcelona,1,Iñaki Peña_13_B,,,,,0,0.001789,-0.000771425,0.0,0.0,3754
20953,2023-10-28 16:15:00,6,La Liga,30,Barcelona,31,Real Madrid,30,Barcelona,1,Iñigo Martínez_5_B,,,,,99,0.00172975,0.000118759,0.0,0.0,5736
20953,2023-10-28 16:15:00,6,La Liga,30,Barcelona,31,Real Madrid,30,Barcelona,1,João Cancelo_2_B,,79.0,,level,79,0.000109913,5.3432e-05,0.0,0.0,3488
20953,2023-10-28 16:15:00,6,La Liga,30,Barcelona,31,Real Madrid,30,Barcelona,1,João Félix_14_B,,79.0,,level,79,0.000261688,0.000320113,0.0,0.0,2176
20953,2023-10-28 16:15:00,6,La Liga,30,Barcelona,31,Real Madrid,30,Barcelona,1,Jules Koundé_23_B,,,,,0,0.00223783,0.00075356,0.736,1.0,11254
20953,2023-10-28 16:15:00,6,La Liga,30,Barcelona,31,Real Madrid,30,Barcelona,1,Lamine Yamal_19_B,79.0,,level,,20,0.00308054,0.000554778,0.0,0.0,7670
20953,2023-10-28 16:15:00,6,La Liga,30,Barcelona,31,Real Madrid,30,Barcelona,1,Marc Casado_17_B,,,,,0,0.00126044,0.000330566,0.008,0.014,2412
20953,2023-10-28 16:15:00,6,La Liga,30,Barcelona,31,Real Madrid,30,Barcelona,1,Marc Guiu_38_B,,,,,0,-9.68217e-05,-4.26897e-05,0.0,0.0,193
20953,2023-10-28 16:15:00,6,La Liga,30,Barcelona,31,Real Madrid,30,Barcelona,1,Marc-André ter Stegen_1_B,,,,,99,-0.000183835,0.000794651,0.0,0.0,6921
20953,2023-10-28 16:15:00,6,La Liga,30,Barcelona,31,Real Madrid,30,Barcelona,1,Marcos Alonso_17_B,,,,,0,-9.54486e-05,8.02717e-05,0.0,0.0,1526
20953,2023-10-28 16:15:00,6,La Liga,30,Barcelona,31,Real Madrid,30,Barcelona,1,Oriol Romeu_18_B,74.0,,level,,25,-4.63904e-06,0.000596374,0.0,0.0,1536
20953,2023-10-28 16:15:00,6,La Liga,30,Barcelona,31,Real Madrid,30,Barcelona,1,Pau Cubarsí_2_B,,,,,0,0.000489738,0.000689197,0.0,0.0,6208
20953,2023-10-28 16:15:00,6,La Liga,30,Barcelona,31,Real Madrid,30,Barcelona,1,Raphinha_11_B,79.0,,level,,20,0.00131215,0.000402672,0.736,1.0,8931
20953,2023-10-28 16:15:00,6,La Liga,30,Barcelona,31,Real Madrid,30,Barcelona,1,Robert Lewandowski_9_B,63.0,,leading,,36,-0.00130583,0.000914094,0.564,0.999,10145
20953,2023-10-28 16:15:00,6,La Liga,30,Barcelona,31,Real Madrid,30,Barcelona,1,Ronald Araújo_4_B,,,,,99,0.00016609,0.000959492,0.736,1.0,6661
20953,2023-10-28 16:15:00,6,La Liga,30,Barcelona,31,Real Madrid,30,Barcelona,1,İlkay Gündoğan_22_B,,,,,99,0.000780872,-0.000346235,0.0,0.0,4232
20953,2023-10-28 16:15:00,6,La Liga,30,Barcelona,31,Real Madrid,31,Real Madrid,0,Andriy Lunin_13_RM,,,,,0,0.00135314,0.00113184,0.0,0.0,4637
20953,2023-10-28 16:15:00,6,La Liga,30,Barcelona,31,Real Madrid,31,Real Madrid,0,Antonio Rüdiger_22_RM,,,,,99,0.00101494,0.000618977,0.0,0.0,10666
20953,2023-10-28 16:15:00,6,La Liga,30,Barcelona,31,Real Madrid,31,Real Madrid,0,Aurélien Tchouaméni_14_RM,,,,,99,-0.000603586,0.00091019,0.264,0.565,8572
20953,2023-10-28 16:15:00,6,La Liga,30,Barcelona,31,Real Madrid,31,Real Madrid,0,Brahim Díaz_21_RM,,,,,0,0.00321062,-0.000354507,0.082,0.176,4411
20953,2023-10-28 16:15:00,6,La Liga,30,Barcelona,31,Real Madrid,31,Real Madrid,0,Dani Carvajal_2_RM,,,,,99,0.000618357,0.000728238,0.196,0.42,6003
20953,2023-10-28 16:15:00,6,La Liga,30,Barcelona,31,Real Madrid,31,Real Madrid,0,David Alaba_4_RM,,,,,99,0.000547684,0.000271426,0.0,0.0,3366
20953,2023-10-28 16:15:00,6,La Liga,30,Barcelona,31,Real Madrid,31,Real Madrid,0,Eduardo Camavinga_6_RM,54.0,,trailing,,45,0.000527662,0.000882211,0.0,0.0,7525
20953,2023-10-28 16:15:00,6,La Liga,30,Barcelona,31,Real Madrid,31,Real Madrid,0,Federico Valverde_8_RM,,,,,99,0.00109636,0.00134977,0.264,0.565,11707
20953,2023-10-28 16:15:00,6,La Liga,30,Barcelona,31,Real Madrid,31,Real Madrid,0,Ferland Mendy_23_RM,,54.0,,trailing,54,-0.00165897,0.000241543,0.0,0.0,5435
20953,2023-10-28 16:15:00,6,La Liga,30,Barcelona,31,Real Madrid,31,Real Madrid,0,Fran Garcia_20_RM,,,,,0,0.00151615,4.55278e-05,0.0,0.0,4807
20953,2023-10-28 16:15:00,6,La Liga,30,Barcelona,31,Real Madrid,31,Real Madrid,0,Joselu_14_RM,65.0,,trailing,,34,1.52568e-05,0.000834196,0.0,0.0,2277
20953,2023-10-28 16:15:00,6,La Liga,30,Barcelona,31,Real Madrid,31,Real Madrid,0,Jude Bellingham_5_RM,,,,,99,0.00112068,-0.000274762,0.0,0.0,7793
20953,2023-10-28 16:15:00,6,La Liga,30,Barcelona,31,Real Madrid,31,Real Madrid,0,Kepa Arrizabalaga_25_RM,,,,,99,-0.00025058,0.000481202,0.0,0.0,1754
20953,2023-10-28 16:15:00,6,La Liga,30,Barcelona,31,Real Madrid,31,Real Madrid,0,Lucas Vázquez_17_RM,98.0,,leading,,1,0.00132007,-0.000853061,0.0,0.0,6072
20953,2023-10-28 16:15:00,6,La Liga,30,Barcelona,31,Real Madrid,31,Real Madrid,0,Luka Modrić_10_RM,65.0,,trailing,,34,0.00146142,0.000547068,0.0,0.0,6907
20953,2023-10-28 16:15:00,6,La Liga,30,Barcelona,31,Real Madrid,31,Real Madrid,0,Nacho_6_RM,,,,,0,0.00147031,0.000367155,0.0,0.0,5214
20953,2023-10-28 16:15:00,6,La Liga,30,Barcelona,31,Real Madrid,31,Real Madrid,0,Rodrygo_11_RM,,65.0,,trailing,65,0.000204649,0.000315861,0.182,0.389,9181
20953,2023-10-28 16:15:00,6,La Liga,30,Barcelona,31,Real Madrid,31,Real Madrid,0,Toni Kroos_8_RM,,65.0,,trailing,65,0.000529318,0.000493378,0.0,0.0,5337
20953,2023-10-28 16:15:00,6,La Liga,30,Barcelona,31,Real Madrid,31,Real Madrid,0,Vinicius Júnior_7_RM,,98.0,,leading,98,-0.00186706,0.000820191,0.082,0.176,9694
20965,2023-11-04 21:00:00,6,La Liga,38,Real Sociedad,30,Barcelona,30,Barcelona,0,Alejandro Balde_3_B,,,,,92,0.00209699,0.000618303,0.0,0.0,7371
20965,2023-11-04 21:00:00,6,La Liga,38,Real Sociedad,30,Barcelona,30,Barcelona,0,Andreas Christensen_15_B,,,,,0,-0.000657376,0.000304607,0.172,0.304,4789
20965,2023-11-04 21:00:00,6,La Liga,38,Real Sociedad,30,Barcelona,30,Barcelona,0,Fermin López_16_B,,57.0,,level,57,-0.000980475,6.51575e-05,0.728,1.0,4228
20965,2023-11-04 21:00:00,6,La Liga,38,Real Sociedad,30,Barcelona,30,Barcelona,0,Ferrán Torres_7_B,57.0,,level,,35,0.000824349,-0.000703702,0.18,0.318,5186
20965,2023-11-04 21:00:00,6,La Liga,38,Real Sociedad,30,Barcelona,30,Barcelona,0,Gavi_6_B,,,,,92,0.00196965,0.00152903,0.0,0.0,5150
20965,2023-11-04 21:00:00,6,La Liga,38,Real Sociedad,30,Barcelona,30,Barcelona,0,Iñaki Peña_13_B,,,,,0,0.001789,-0.000771425,0.0,0.0,3754
20965,2023-11-04 21:00:00,6,La Liga,38,Real Sociedad,30,Barcelona,30,Barcelona,0,Iñigo Martínez_5_B,,,,,92,0.00172975,0.000118759,0.0,0.0,5736
20965,2023-11-04 21:00:00,6,La Liga,38,Real Sociedad,30,Barcelona,30,Barcelona,0,João Cancelo_2_B,,69.0,,level,69,0.000109913,5.3432e-05,0.0,0.0,3488
20965,2023-11-04 21:00:00,6,La Liga,38,Real Sociedad,30,Barcelona,30,Barcelona,0,João Félix_14_B,,69.0,,level,69,0.000261688,0.000320113,0.0,0.0,2176
20965,2023-11-04 21:00:00,6,La Liga,38,Real Sociedad,30,Barcelona,30,Barcelona,0,Jules Koundé_23_B,,,,,92,0.00223783,0.00075356,0.736,1.0,11254
20965,2023-11-04 21:00:00,6,La Liga,38,Real Sociedad,30,Barcelona,30,Barcelona,0,Lamine Yamal_19_B,69.0,,level,,23,0.00308054,0.000554778,0.0,0.0,7670
20965,2023-11-04 21:00:00,6,La Liga,38,Real Sociedad,30,Barcelona,30,Barcelona,0,Marc Casado_17_B,,,,,0,0.00126044,0.000330566,0.008,0.014,2412
20965,2023-11-04 21:00:00,6,La Liga,38,Real Sociedad,30,Barcelona,30,Barcelona,0,Marc-André ter Stegen_1_B,,,,,92,-0.000183835,0.000794651,0.0,0.0,6921
20965,2023-11-04 21:00:00,6,La Liga,38,Real Sociedad,30,Barcelona,30,Barcelona,0,Marcos Alonso_17_B,,,,,0,-9.54486e-05,8.02717e-05,0.0,0.0,1526
20965,2023-11-04 21:00:00,6,La Liga,38,Real Sociedad,30,Barcelona,30,Barcelona,0,Oriol Romeu_18_B,,,,,0,-4.63904e-06,0.000596374,0.0,0.0,1536
20965,2023-11-04 21:00:00,6,La Liga,38,Real Sociedad,30,Barcelona,30,Barcelona,0,Pedri_8_B,57.0,,level,,35,-0.000452767,-0.000759786,0.736,1.0,7907
20965,2023-11-04 21:00:00,6,La Liga,38,Real Sociedad,30,Barcelona,30,Barcelona,0,Raphinha_11_B,69.0,,level,,23,0.00131215,0.000402672,0.736,1.0,8931
20965,2023-11-04 21:00:00,6,La Liga,38,Real Sociedad,30,Barcelona,30,Barcelona,0,Robert Lewandowski_9_B,,57.0,,level,57,-0.00130583,0.000914094,0.564,0.999,10145
20965,2023-11-04 21:00:00,6,La Liga,38,Real Sociedad,30,Barcelona,30,Barcelona,0,Ronald Araújo_4_B,,,,,92,0.00016609,0.000959492,0.736,1.0,6661
20965,2023-11-04 21:00:00,6,La Liga,38,Real Sociedad,30,Barcelona,30,Barcelona,0,İlkay Gündoğan_22_B,,,,,92,0.000780872,-0.000346235,0.0,0.0,4232
20969,2023-11-05 21:00:00,6,La Liga,31,Real Madrid,202,Rayo Vallecano,31,Real Madrid,1,Andriy Lunin_13_RM,,,,,0,0.00135314,0.00113184,0.0,0.0,4637
20969,2023-11-05 21:00:00,6,La Liga,31,Real Madrid,202,Rayo Vallecano,31,Real Madrid,1,Antonio Rüdiger_22_RM,,,,,98,0.00101494,0.000618977,0.0,0.0,10666
20969,2023-11-05 21:00:00,6,La Liga,31,Real Madrid,202,Rayo Vallecano,31,Real Madrid,1,Arda Güler_15_RM,,,,,0,7.01941e-05,-0.000836821,0.211,0.452,2380
20969,2023-11-05 21:00:00,6,La Liga,31,Real Madrid,202,Rayo Vallecano,31,Real Madrid,1,Brahim Díaz_21_RM,,,,,0,0.00321062,-0.000354507,0.082,0.176,4411
20969,2023-11-05 21:00:00,6,La Liga,31,Real Madrid,202,Rayo Vallecano,31,Real Madrid,1,Dani Carvajal_2_RM,,,,,98,0.000618357,0.000728238,0.196,0.42,6003
20969,2023-11-05 21:00:00,6,La Liga,31,Real Madrid,202,Rayo Vallecano,31,Real Madrid,1,David Alaba_4_RM,,,,,98,0.000547684,0.000271426,0.0,0.0,3366
20969,2023-11-05 21:00:00,6,La Liga,31,Real Madrid,202,Rayo Vallecano,31,Real Madrid,1,Eduardo Camavinga_6_RM,,87.0,,level,87,0.000527662,0.000882211,0.0,0.0,7525
20969,2023-11-05 21:00:00,6,La Liga,31,Real Madrid,202,Rayo Vallecano,31,Real Madrid,1,Federico Valverde_8_RM,,,,,98,0.00109636,0.00134977,0.264,0.565,11707
20969,2023-11-05 21:00:00,6,La Liga,31,Real Madrid,202,Rayo Vallecano,31,Real Madrid,1,Fran Garcia_20_RM,,74.0,,level,74,0.00151615,4.55278e-05,0.0,0.0,4807
20969,2023-11-05 21:00:00,6,La Liga,31,Real Madrid,202,Rayo Vallecano,31,Real Madrid,1,Joselu_14_RM,,,,,98,1.52568e-05,0.000834196,0.0,0.0,2277
20969,2023-11-05 21:00:00,6,La Liga,31,Real Madrid,202,Rayo Vallecano,31,Real Madrid,1,Jude Bellingham_5_RM,,,,,98,0.00112068,-0.000274762,0.0,0.0,7793
20969,2023-11-05 21:00:00,6,La Liga,31,Real Madrid,202,Rayo Vallecano,31,Real Madrid,1,Kepa Arrizabalaga_25_RM,,,,,98,-0.00025058,0.000481202,0.0,0.0,1754
20969,2023-11-05 21:00:00,6,La Liga,31,Real Madrid,202,Rayo Vallecano,31,Real Madrid,1,Lucas Vázquez_17_RM,,,,,0,0.00132007,-0.000853061,0.0,0.0,6072
20969,2023-11-05 21:00:00,6,La Liga,31,Real Madrid,202,Rayo Vallecano,31,Real Madrid,1,Luka Modrić_10_RM,,72.0,,level,72,0.00146142,0.000547068,0.0,0.0,6907
20969,2023-11-05 21:00:00,6,La Liga,31,Real Madrid,202,Rayo Vallecano,31,Real Madrid,1,Nacho_6_RM,87.0,,level,,11,0.00147031,0.000367155,0.0,0.0,5214
20969,2023-11-05 21:00:00,6,La Liga,31,Real Madrid,202,Rayo Vallecano,31,Real Madrid,1,Nicolás Paz_32_RM,,,,,0,-0.00019203,0.000218314,0.0,0.0,148
20969,2023-11-05 21:00:00,6,La Liga,31,Real Madrid,202,Rayo Vallecano,31,Real Madrid,1,Rodrygo_11_RM,72.0,,level,,26,0.000204649,0.000315861,0.182,0.389,9181
20969,2023-11-05 21:00:00,6,La Liga,31,Real Madrid,202,Rayo Vallecano,31,Real Madrid,1,Toni Kroos_8_RM,74.0,,level,,24,0.000529318,0.000493378,0.0,0.0,5337
20969,2023-11-05 21:00:00,6,La Liga,31,Real Madrid,202,Rayo Vallecano,31,Real Madrid,1,Vinicius Júnior_7_RM,,,,,98,-0.00186706,0.000820191,0.082,0.176,9694
24772,2023-11-07 19:45:00,13,Champions League,1,Unknown Team X,30,Barcelona,30,Barcelona,0,Alejandro Balde_3_B,,,,,31,0.00209699,0.000618303,0.0,0.0,7371
24772,2023-11-07 19:45:00,13,Champions League,1,Unknown Team X,30,Barcelona,30,Barcelona,0,Andreas Christensen_15_B,,,,,90,-0.000657376,0.000304607,0.172,0.304,4789
24772,2023-11-07 19:45:00,13,Champions League,1,Unknown Team X,30,Barcelona,30,Barcelona,0,Fermin López_16_B,,,,,10,-0.000980475,6.51575e-05,0.728,1.0,4228
24772,2023-11-07 19:45:00,13,Champions League,1,Unknown Team X,30,Barcelona,30,Barcelona,0,Ferrán Torres_7_B,,,,,58,0.000824349,-0.000703702,0.18,0.318,5186
24772,2023-11-07 19:45:00,13,Champions League,1,Unknown Team X,30,Barcelona,30,Barcelona,0,Gavi_6_B,,,,,80,0.00196965,0.00152903,0.0,0.0,5150
24772,2023-11-07 19:45:00,13,Champions League,1,Unknown Team X,30,Barcelona,30,Barcelona,0,Iñaki Peña_13_B,,,,,0,0.001789,-0.000771425,0.0,0.0,3754
24772,2023-11-07 19:45:00,13,Champions League,1,Unknown Team X,30,Barcelona,30,Barcelona,0,Iñigo Martínez_5_B,,,,,0,0.00172975,0.000118759,0.0,0.0,5736
24772,2023-11-07 19:45:00,13,Champions League,1,Unknown Team X,30,Barcelona,30,Barcelona,0,João Cancelo_2_B,,,,,90,0.000109913,5.3432e-05,0.0,0.0,3488
24772,2023-11-07 19:45:00,13,Champions League,1,Unknown Team X,30,Barcelona,30,Barcelona,0,João Félix_14_B,,,,,32,0.000261688,0.000320113,0.0,0.0,2176
24772,2023-11-07 19:45:00,13,Champions League,1,Unknown Team X,30,Barcelona,30,Barcelona,0,Jules Koundé_23_B,,,,,0,0.00223783,0.00075356,0.736,1.0,11254
24772,2023-11-07 19:45:00,13,Champions League,1,Unknown Team X,30,Barcelona,30,Barcelona,0,Lamine Yamal_19_B,,,,,32,0.00308054,0.000554778,0.0,0.0,7670
24772,2023-11-07 19:45:00,13,Champions League,1,Unknown Team X,30,Barcelona,30,Barcelona,0,Marc Casado_17_B,,,,,0,0.00126044,0.000330566,0.008,0.014,2412
24772,2023-11-07 19:45:00,13,Champions League,1,Unknown Team X,30,Barcelona,30,Barcelona,0,Marc-André ter Stegen_1_B,,,,,90,-0.000183835,0.000794651,0.0,0.0,6921
24772,2023-11-07 19:45:00,13,Champions League,1,Unknown Team X,30,Barcelona,30,Barcelona,0,Marcos Alonso_17_B,,,,,59,-9.54486e-05,8.02717e-05,0.0,0.0,1526
24772,2023-11-07 19:45:00,13,Champions League,1,Unknown Team X,30,Barcelona,30,Barcelona,0,Oriol Romeu_18_B,,,,,58,-4.63904e-06,0.000596374,0.0,0.0,1536
24772,2023-11-07 19:45:00,13,Champions League,1,Unknown Team X,30,Barcelona,30,Barcelona,0,Pedri_8_B,,,,,32,-0.000452767,-0.000759786,0.736,1.0,7907
24772,2023-11-07 19:45:00,13,Champions League,1,Unknown Team X,30,Barcelona,30,Barcelona,0,Raphinha_11_B,,,,,58,0.00131215,0.000402672,0.736,1.0,8931
24772,2023-11-07 19:45:00,13,Champions League,1,Unknown Team X,30,Barcelona,30,Barcelona,0,Robert Lewandowski_9_B,,,,,90,-0.00130583,0.000914094,0.564,0.999,10145
24772,2023-11-07 19:45:00,13,Champions League,1,Unknown Team X,30,Barcelona,30,Barcelona,0,Ronald Araújo_4_B,,,,,90,0.00016609,0.000959492,0.736,1.0,6661
24772,2023-11-07 19:45:00,13,Champions League,1,Unknown Team X,30,Barcelona,30,Barcelona,0,İlkay Gündoğan_22_B,,,,,90,0.000780872,-0.000346235,0.0,0.0,4232
24783,2023-11-08 21:00:00,13,Champions League,31,Real Madrid,128,Braga,31,Real Madrid,1,Andriy Lunin_13_RM,,,,,90,0.00135314,0.00113184,0.0,0.0,4637
24783,2023-11-08 21:00:00,13,Champions League,31,Real Madrid,128,Braga,31,Real Madrid,1,Antonio Rüdiger_22_RM,,,,,90,0.00101494,0.000618977,0.0,0.0,10666
24783,2023-11-08 21:00:00,13,Champions League,31,Real Madrid,128,Braga,31,Real Madrid,1,Arda Güler_15_RM,,,,,0,7.01941e-05,-0.000836821,0.211,0.452,2380
24783,2023-11-08 21:00:00,13,Champions League,31,Real Madrid,128,Braga,31,Real Madrid,1,Brahim Díaz_21_RM,,,,,73,0.00321062,-0.000354507,0.082,0.176,4411
24783,2023-11-08 21:00:00,13,Champions League,31,Real Madrid,128,Braga,31,Real Madrid,1,Dani Carvajal_2_RM,,,,,17,0.000618357,0.000728238,0.196,0.42,6003
24783,2023-11-08 21:00:00,13,Champions League,31,Real Madrid,128,Braga,31,Real Madrid,1,David Alaba_4_RM,,,,,0,0.000547684,0.000271426,0.0,0.0,3366
24783,2023-11-08 21:00:00,13,Champions League,31,Real Madrid,128,Braga,31,Real Madrid,1,Eduardo Camavinga_6_RM,,,,,90,0.000527662,0.000882211,0.0,0.0,7525
24783,2023-11-08 21:00:00,13,Champions League,31,Real Madrid,128,Braga,31,Real Madrid,1,Federico Valverde_8_RM,,,,,76,0.00109636,0.00134977,0.264,0.565,11707
24783,2023-11-08 21:00:00,13,Champions League,31,Real Madrid,128,Braga,31,Real Madrid,1,Ferland Mendy_23_RM,,,,,83,-0.00165897,0.000241543,0.0,0.0,5435
24783,2023-11-08 21:00:00,13,Champions League,31,Real Madrid,128,Braga,31,Real Madrid,1,Fran Garcia_20_RM,,,,,7,0.00151615,4.55278e-05,0.0,0.0,4807
24783,2023-11-08 21:00:00,13,Champions League,31,Real Madrid,128,Braga,31,Real Madrid,1,Joselu_14_RM,,,,,14,1.52568e-05,0.000834196,0.0,0.0,2277
24783,2023-11-08 21:00:00,13,Champions League,31,Real Madrid,128,Braga,31,Real Madrid,1,Jude Bellingham_5_RM,,,,,0,0.00112068,-0.000274762,0.0,0.0,7793
24783,2023-11-08 21:00:00,13,Champions League,31,Real Madrid,128,Braga,31,Real Madrid,1,Lucas Vázquez_17_RM,,,,,73,0.00132007,-0.000853061,0.0,0.0,6072
24783,2023-11-08 21:00:00,13,Champions League,31,Real Madrid,128,Braga,31,Real Madrid,1,Luka Modrić_10_RM,,,,,17,0.00146142,0.000547068,0.0,0.0,6907
24783,2023-11-08 21:00:00,13,Champions League,31,Real Madrid,128,Braga,31,Real Madrid,1,Nacho_6_RM,,,,,90,0.00147031,0.000367155,0.0,0.0,5214
24783,2023-11-08 21:00:00,13,Champions League,31,Real Madrid,128,Braga,31,Real Madrid,1,Nicolás Paz_32_RM,,,,,14,-0.00019203,0.000218314,0.0,0.0,148
24783,2023-11-08 21:00:00,13,Champions League,31,Real Madrid,128,Braga,31,Real Madrid,1,Rodrygo_11_RM,,,,,76,0.000204649,0.000315861,0.182,0.389,9181
24783,2023-11-08 21:00:00,13,Champions League,31,Real Madrid,128,Braga,31,Real Madrid,1,Toni Kroos_8_RM,,,,,90,0.000529318,0.000493378,0.0,0.0,5337
24783,2023-11-08 21:00:00,13,Champions League,31,Real Madrid,128,Braga,31,Real Madrid,1,Vinicius Júnior_7_RM,,,,,90,-0.00186706,0.000820191,0.082,0.176,9694
20976,2023-11-11 21:00:00,6,La Liga,31,Real Madrid,37,Valencia,31,Real Madrid,1,Andriy Lunin_13_RM,,,,,95,0.00135314,0.00113184,0.0,0.0,4637
20976,2023-11-11 21:00:00,6,La Liga,31,Real Madrid,37,Valencia,31,Real Madrid,1,Brahim Díaz_21_RM,,72.0,,leading,72,0.00321062,-0.000354507,0.082,0.176,4411
20976,2023-11-11 21:00:00,6,La Liga,31,Real Madrid,37,Valencia,31,Real Madrid,1,Dani Carvajal_2_RM,,83.0,,leading,83,0.000618357,0.000728238,0.196,0.42,6003
20976,2023-11-11 21:00:00,6,La Liga,31,Real Madrid,37,Valencia,31,Real Madrid,1,David Alaba_4_RM,,,,,95,0.000547684,0.000271426,0.0,0.0,3366
20976,2023-11-11 21:00:00,6,La Liga,31,Real Madrid,37,Valencia,31,Real Madrid,1,Eduardo Camavinga_6_RM,,,,,95,0.000527662,0.000882211,0.0,0.0,7525
20976,2023-11-11 21:00:00,6,La Liga,31,Real Madrid,37,Valencia,31,Real Madrid,1,Federico Valverde_8_RM,,61.0,,leading,61,0.00109636,0.00134977,0.264,0.565,11707
20976,2023-11-11 21:00:00,6,La Liga,31,Real Madrid,37,Valencia,31,Real Madrid,1,Ferland Mendy_23_RM,,72.0,,leading,72,-0.00165897,0.000241543,0.0,0.0,5435
20976,2023-11-11 21:00:00,6,La Liga,31,Real Madrid,37,Valencia,31,Real Madrid,1,Fran Garcia_20_RM,72.0,,leading,,23,0.00151615,4.55278e-05,0.0,0.0,4807
20976,2023-11-11 21:00:00,6,La Liga,31,Real Madrid,37,Valencia,31,Real Madrid,1,Joselu_14_RM,83.0,,leading,,12,1.52568e-05,0.000834196,0.0,0.0,2277
20976,2023-11-11 21:00:00,6,La Liga,31,Real Madrid,37,Valencia,31,Real Madrid,1,Lucas Vázquez_17_RM,72.0,,leading,,23,0.00132007,-0.000853061,0.0,0.0,6072
20976,2023-11-11 21:00:00,6,La Liga,31,Real Madrid,37,Valencia,31,Real Madrid,1,Luka Modrić_10_RM,61.0,,leading,,34,0.00146142,0.000547068,0.0,0.0,6907
20976,2023-11-11 21:00:00,6,La Liga,31,Real Madrid,37,Valencia,31,Real Madrid,1,Nacho_6_RM,,,,,95,0.00147031,0.000367155,0.0,0.0,5214
20976,2023-11-11 21:00:00,6,La Liga,31,Real Madrid,37,Valencia,31,Real Madrid,1,Nicolás Paz_32_RM,83.0,,leading,,12,-0.00019203,0.000218314,0.0,0.0,148
20976,2023-11-11 21:00:00,6,La Liga,31,Real Madrid,37,Valencia,31,Real Madrid,1,Rodrygo_11_RM,,,,,95,0.000204649,0.000315861,0.182,0.389,9181
20976,2023-11-11 21:00:00,6,La Liga,31,Real Madrid,37,Valencia,31,Real Madrid,1,Toni Kroos_8_RM,,,,,95,0.000529318,0.000493378,0.0,0.0,5337
20976,2023-11-11 21:00:00,6,La Liga,31,Real Madrid,37,Valencia,31,Real Madrid,1,Vinicius Júnior_7_RM,,83.0,,leading,83,-0.00186706,0.000820191,0.082,0.176,9694
20977,2023-11-12 16:15:00,6,La Liga,30,Barcelona,523,Alavés,30,Barcelona,1,Alejandro Balde_3_B,70.0,,level,,24,0.00209699,0.000618303,0.0,0.0,7371
20977,2023-11-12 16:15:00,6,La Liga,30,Barcelona,523,Alavés,30,Barcelona,1,Andreas Christensen_15_B,,,,,0,-0.000657376,0.000304607,0.172,0.304,4789
20977,2023-11-12 16:15:00,6,La Liga,30,Barcelona,523,Alavés,30,Barcelona,1,Fermin López_16_B,,63.0,,level,63,-0.000980475,6.51575e-05,0.728,1.0,4228
20977,2023-11-12 16:15:00,6,La Liga,30,Barcelona,523,Alavés,30,Barcelona,1,Ferrán Torres_7_B,70.0,,level,,24,0.000824349,-0.000703702,0.18,0.318,5186
20977,2023-11-12 16:15:00,6,La Liga,30,Barcelona,523,Alavés,30,Barcelona,1,Iñaki Peña_13_B,,,,,0,0.001789,-0.000771425,0.0,0.0,3754
20977,2023-11-12 16:15:00,6,La Liga,30,Barcelona,523,Alavés,30,Barcelona,1,Iñigo Martínez_5_B,,,,,94,0.00172975,0.000118759,0.0,0.0,5736
20977,2023-11-12 16:15:00,6,La Liga,30,Barcelona,523,Alavés,30,Barcelona,1,João Cancelo_2_B,,,,,94,0.000109913,5.3432e-05,0.0,0.0,3488
20977,2023-11-12 16:15:00,6,La Liga,30,Barcelona,523,Alavés,30,Barcelona,1,João Félix_14_B,,70.0,,level,70,0.000261688,0.000320113,0.0,0.0,2176
20977,2023-11-12 16:15:00,6,La Liga,30,Barcelona,523,Alavés,30,Barcelona,1,Jules Koundé_23_B,,70.0,,level,70,0.00223783,0.00075356,0.736,1.0,11254
20977,2023-11-12 16:15:00,6,La Liga,30,Barcelona,523,Alavés,30,Barcelona,1,Lamine Yamal_19_B,,,,,94,0.00308054,0.000554778,0.0,0.0,7670
20977,2023-11-12 16:15:00,6,La Liga,30,Barcelona,523,Alavés,30,Barcelona,1,Marc Casado_17_B,,,,,0,0.00126044,0.000330566,0.008,0.014,2412
20977,2023-11-12 16:15:00,6,La Liga,30,Barcelona,523,Alavés,30,Barcelona,1,Marc-André ter Stegen_1_B,,,,,94,-0.000183835,0.000794651,0.0,0.0,6921
20977,2023-11-12 16:15:00,6,La Liga,30,Barcelona,523,Alavés,30,Barcelona,1,Marcos Alonso_17_B,,,,,0,-9.54486e-05,8.02717e-05,0.0,0.0,1526
20977,2023-11-12 16:15:00,6,La Liga,30,Barcelona,523,Alavés,30,Barcelona,1,Oriol Romeu_18_B,81.0,,leading,,13,-4.63904e-06,0.000596374,0.0,0.0,1536
20977,2023-11-12 16:15:00,6,La Liga,30,Barcelona,523,Alavés,30,Barcelona,1,Pedri_8_B,,81.0,,leading,81,-0.000452767,-0.000759786,0.736,1.0,7907
20977,2023-11-12 16:15:00,6,La Liga,30,Barcelona,523,Alavés,30,Barcelona,1,Raphinha_11_B,63.0,,level,,31,0.00131215,0.000402672,0.736,1.0,8931
20977,2023-11-12 16:15:00,6,La Liga,30,Barcelona,523,Alavés,30,Barcelona,1,Robert Lewandowski_9_B,,,,,94,-0.00130583,0.000914094,0.564,0.999,10145
20977,2023-11-12 16:15:00,6,La Liga,30,Barcelona,523,Alavés,30,Barcelona,1,Ronald Araújo_4_B,,,,,94,0.00016609,0.000959492,0.736,1.0,6661
20977,2023-11-12 16:15:00,6,La Liga,30,Barcelona,523,Alavés,30,Barcelona,1,İlkay Gündoğan_22_B,,,,,94,0.000780872,-0.000346235,0.0,0.0,4232
20981,2023-11-25 14:00:00,6,La Liga,202,Rayo Vallecano,30,Barcelona,30,Barcelona,0,Alejandro Balde_3_B,,,,,97,0.00209699,0.000618303,0.0,0.0,7371
20981,2023-11-25 14:00:00,6,La Liga,202,Rayo Vallecano,30,Barcelona,30,Barcelona,0,Andreas Christensen_15_B,,,,,97,-0.000657376,0.000304607,0.172,0.304,4789
20981,2023-11-25 14:00:00,6,La Liga,202,Rayo Vallecano,30,Barcelona,30,Barcelona,0,Fermin López_16_B,78.0,,trailing,,19,-0.000980475,6.51575e-05,0.728,1.0,4228
20981,2023-11-25 14:00:00,6,La Liga,202,Rayo Vallecano,30,Barcelona,30,Barcelona,0,Ferrán Torres_7_B,,58.0,,trailing,58,0.000824349,-0.000703702,0.18,0.318,5186
20981,2023-11-25 14:00:00,6,La Liga,202,Rayo Vallecano,30,Barcelona,30,Barcelona,0,Frenkie de Jong_21_B,,,,,97,0.00304554,-0.000291865,0.736,1.0,7300
20981,2023-11-25 14:00:00,6,La Liga,202,Rayo Vallecano,30,Barcelona,30,Barcelona,0,Iñaki Peña_13_B,,,,,97,0.001789,-0.000771425,0.0,0.0,3754
20981,2023-11-25 14:00:00,6,La Liga,202,Rayo Vallecano,30,Barcelona,30,Barcelona,0,Iñigo Martínez_5_B,,,,,97,0.00172975,0.000118759,0.0,0.0,5736
20981,2023-11-25 14:00:00,6,La Liga,202,Rayo Vallecano,30,Barcelona,30,Barcelona,0,João Cancelo_2_B,,,,,97,0.000109913,5.3432e-05,0.0,0.0,3488
20981,2023-11-25 14:00:00,6,La Liga,202,Rayo Vallecano,30,Barcelona,30,Barcelona,0,João Félix_14_B,58.0,,trailing,,39,0.000261688,0.000320113,0.0,0.0,2176
20981,2023-11-25 14:00:00,6,La Liga,202,Rayo Vallecano,30,Barcelona,30,Barcelona,0,Jules Koundé_23_B,,,,,0,0.00223783,0.00075356,0.736,1.0,11254
20981,2023-11-25 14:00:00,6,La Liga,202,Rayo Vallecano,30,Barcelona,30,Barcelona,0,Lamine Yamal_19_B,,78.0,,trailing,78,0.00308054,0.000554778,0.0,0.0,7670
20981,2023-11-25 14:00:00,6,La Liga,202,Rayo Vallecano,30,Barcelona,30,Barcelona,0,Marcos Alonso_17_B,,,,,0,-9.54486e-05,8.02717e-05,0.0,0.0,1526
20981,2023-11-25 14:00:00,6,La Liga,202,Rayo Vallecano,30,Barcelona,30,Barcelona,0,Oriol Romeu_18_B,,58.0,,trailing,58,-4.63904e-06,0.000596374,0.0,0.0,1536
20981,2023-11-25 14:00:00,6,La Liga,202,Rayo Vallecano,30,Barcelona,30,Barcelona,0,Pedri_8_B,,78.0,,trailing,78,-0.000452767,-0.000759786,0.736,1.0,7907
20981,2023-11-25 14:00:00,6,La Liga,202,Rayo Vallecano,30,Barcelona,30,Barcelona,0,Raphinha_11_B,78.0,,trailing,,19,0.00131215,0.000402672,0.736,1.0,8931
20981,2023-11-25 14:00:00,6,La Liga,202,Rayo Vallecano,30,Barcelona,30,Barcelona,0,Robert Lewandowski_9_B,,,,,97,-0.00130583,0.000914094,0.564,0.999,10145
20981,2023-11-25 14:00:00,6,La Liga,202,Rayo Vallecano,30,Barcelona,30,Barcelona,0,Ronald Araújo_4_B,,,,,0,0.00016609,0.000959492,0.736,1.0,6661
20981,2023-11-25 14:00:00,6,La Liga,202,Rayo Vallecano,30,Barcelona,30,Barcelona,0,İlkay Gündoğan_22_B,58.0,,trailing,,39,0.000780872,-0.000346235,0.0,0.0,4232
20987,2023-11-26 18:30:00,6,La Liga,21,Equipo histórico 21,31,Real Madrid,31,Real Madrid,0,Andriy Lunin_13_RM,,,,,99,0.00135314,0.00113184,0.0,0.0,4637
20987,2023-11-26 18:30:00,6,La Liga,21,Equipo histórico 21,31,Real Madrid,31,Real Madrid,0,Antonio Rüdiger_22_RM,,,,,99,0.00101494,0.000618977,0.0,0.0,10666
20987,2023-11-26 18:30:00,6,La Liga,21,Equipo histórico 21,31,Real Madrid,31,Real Madrid,0,Brahim Díaz_21_RM,,,,,0,0.00321062,-0.000354507,0.082,0.176,4411
20987,2023-11-26 18:30:00,6,La Liga,21,Equipo histórico 21,31,Real Madrid,31,Real Madrid,0,Dani Carvajal_2_RM,,92.0,,leading,92,0.000618357,0.000728238,0.196,0.42,6003
20987,2023-11-26 18:30:00,6,La Liga,21,Equipo histórico 21,31,Real Madrid,31,Real Madrid,0,Dani Ceballos_19_RM,74.0,,leading,,25,0.0010414,0.00086943,0.0,0.0,4606
20987,2023-11-26 18:30:00,6,La Liga,21,Equipo histórico 21,31,Real Madrid,31,Real Madrid,0,David Alaba_4_RM,,,,,0,0.000547684,0.000271426,0.0,0.0,3366
20987,2023-11-26 18:30:00,6,La Liga,21,Equipo histórico 21,31,Real Madrid,31,Real Madrid,0,Federico Valverde_8_RM,,92.0,,leading,92,0.00109636,0.00134977,0.264,0.565,11707
20987,2023-11-26 18:30:00,6,La Liga,21,Equipo histórico 21,31,Real Madrid,31,Real Madrid,0,Ferland Mendy_23_RM,,,,,99,-0.00165897,0.000241543,0.0,0.0,5435
20987,2023-11-26 18:30:00,6,La Liga,21,Equipo histórico 21,31,Real Madrid,31,Real Madrid,0,Fran Garcia_20_RM,92.0,,leading,,7,0.00151615,4.55278e-05,0.0,0.0,4807
20987,2023-11-26 18:30:00,6,La Liga,21,Equipo histórico 21,31,Real Madrid,31,Real Madrid,0,Gonzalo García_30_RM,82.0,,leading,,17,-5.36235e-05,0.000482841,0.0,0.0,94
20987,2023-11-26 18:30:00,6,La Liga,21,Equipo histórico 21,31,Real Madrid,31,Real Madrid,0,Joselu_14_RM,,,,,99,1.52568e-05,0.000834196,0.0,0.0,2277
20987,2023-11-26 18:30:00,6,La Liga,21,Equipo histórico 21,31,Real Madrid,31,Real Madrid,0,Jude Bellingham_5_RM,,82.0,,leading,82,0.00112068,-0.000274762,0.0,0.0,7793
20987,2023-11-26 18:30:00,6,La Liga,21,Equipo histórico 21,31,Real Madrid,31,Real Madrid,0,Lucas Vázquez_17_RM,82.0,,leading,,17,0.00132007,-0.000853061,0.0,0.0,6072
20987,2023-11-26 18:30:00,6,La Liga,21,Equipo histórico 21,31,Real Madrid,31,Real Madrid,0,Luka Modrić_10_RM,,74.0,,leading,74,0.00146142,0.000547068,0.0,0.0,6907
20987,2023-11-26 18:30:00,6,La Liga,21,Equipo histórico 21,31,Real Madrid,31,Real Madrid,0,Mario Martín_28_RM,,,,,0,3.74778e-05,-0.000238432,0.0,0.0,39
20987,2023-11-26 18:30:00,6,La Liga,21,Equipo histórico 21,31,Real Madrid,31,Real Madrid,0,Nacho_6_RM,,,,,99,0.00147031,0.000367155,0.0,0.0,5214
20987,2023-11-26 18:30:00,6,La Liga,21,Equipo histórico 21,31,Real Madrid,31,Real Madrid,0,Nicolás Paz_32_RM,92.0,,leading,,7,-0.00019203,0.000218314,0.0,0.0,148
20987,2023-11-26 18:30:00,6,La Liga,21,Equipo histórico 21,31,Real Madrid,31,Real Madrid,0,Rodrygo_11_RM,,82.0,,leading,82,0.000204649,0.000315861,0.182,0.389,9181
20987,2023-11-26 18:30:00,6,La Liga,21,Equipo histórico 21,31,Real Madrid,31,Real Madrid,0,Toni Kroos_8_RM,,,,,99,0.000529318,0.000493378,0.0,0.0,5337
24792,2023-11-28 21:00:00,13,Champions League,30,Barcelona,125,Porto,30,Barcelona,1,Alejandro Balde_3_B,,,,,9,0.00209699,0.000618303,0.0,0.0,7371
24792,2023-11-28 21:00:00,13,Champions League,30,Barcelona,125,Porto,30,Barcelona,1,Andreas Christensen_15_B,,,,,0,-0.000657376,0.000304607,0.172,0.304,4789
24792,2023-11-28 21:00:00,13,Champions League,30,Barcelona,125,Porto,30,Barcelona,1,Fermin López_16_B,,,,,0,-0.000980475,6.51575e-05,0.728,1.0,4228
24792,2023-11-28 21:00:00,13,Champions League,30,Barcelona,125,Porto,30,Barcelona,1,Ferrán Torres_7_B,,,,,16,0.000824349,-0.000703702,0.18,0.318,5186
24792,2023-11-28 21:00:00,13,Champions League,30,Barcelona,125,Porto,30,Barcelona,1,Frenkie de Jong_21_B,,,,,90,0.00304554,-0.000291865,0.736,1.0,7300
24792,2023-11-28 21:00:00,13,Champions League,30,Barcelona,125,Porto,30,Barcelona,1,Iñaki Peña_13_B,,,,,90,0.001789,-0.000771425,0.0,0.0,3754
24792,2023-11-28 21:00:00,13,Champions League,30,Barcelona,125,Porto,30,Barcelona,1,Iñigo Martínez_5_B,,,,,90,0.00172975,0.000118759,0.0,0.0,5736
24792,2023-11-28 21:00:00,13,Champions League,30,Barcelona,125,Porto,30,Barcelona,1,João Cancelo_2_B,,,,,81,0.000109913,5.3432e-05,0.0,0.0,3488
24792,2023-11-28 21:00:00,13,Champions League,30,Barcelona,125,Porto,30,Barcelona,1,João Félix_14_B,,,,,74,0.000261688,0.000320113,0.0,0.0,2176
24792,2023-11-28 21:00:00,13,Champions League,30,Barcelona,125,Porto,30,Barcelona,1,Jules Koundé_23_B,,,,,90,0.00223783,0.00075356,0.736,1.0,11254
24792,2023-11-28 21:00:00,13,Champions League,30,Barcelona,125,Porto,30,Barcelona,1,Lamine Yamal_19_B,,,,,1,0.00308054,0.000554778,0.0,0.0,7670
24792,2023-11-28 21:00:00,13,Champions League,30,Barcelona,125,Porto,30,Barcelona,1,Marc Casado_17_B,,,,,0,0.00126044,0.000330566,0.008,0.014,2412
24792,2023-11-28 21:00:00,13,Champions League,30,Barcelona,125,Porto,30,Barcelona,1,Marcos Alonso_17_B,,,,,0,-9.54486e-05,8.02717e-05,0.0,0.0,1526
24792,2023-11-28 21:00:00,13,Champions League,30,Barcelona,125,Porto,30,Barcelona,1,Oriol Romeu_18_B,,,,,0,-4.63904e-06,0.000596374,0.0,0.0,1536
24792,2023-11-28 21:00:00,13,Champions League,30,Barcelona,125,Porto,30,Barcelona,1,Pedri_8_B,,,,,90,-0.000452767,-0.000759786,0.736,1.0,7907
24792,2023-11-28 21:00:00,13,Champions League,30,Barcelona,125,Porto,30,Barcelona,1,Raphinha_11_B,,,,,89,0.00131215,0.000402672,0.736,1.0,8931
24792,2023-11-28 21:00:00,13,Champions League,30,Barcelona,125,Porto,30,Barcelona,1,Robert Lewandowski_9_B,,,,,90,-0.00130583,0.000914094,0.564,0.999,10145
24792,2023-11-28 21:00:00,13,Champions League,30,Barcelona,125,Porto,30,Barcelona,1,Ronald Araújo_4_B,,,,,90,0.00016609,0.000959492,0.736,1.0,6661
24792,2023-11-28 21:00:00,13,Champions League,30,Barcelona,125,Porto,30,Barcelona,1,Sergi Roberto_20_B,,,,,0,0.000651913,-0.000120976,0.0,0.0,2493
24792,2023-11-28 21:00:00,13,Champions League,30,Barcelona,125,Porto,30,Barcelona,1,İlkay Gündoğan_22_B,,,,,90,0.000780872,-0.000346235,0.0,0.0,4232
24800,2023-11-29 21:00:00,13,Champions League,31,Real Madrid,71,Napoli,31,Real Madrid,1,Andriy Lunin_13_RM,,,,,90,0.00135314,0.00113184,0.0,0.0,4637
24800,2023-11-29 21:00:00,13,Champions League,31,Real Madrid,71,Napoli,31,Real Madrid,1,Antonio Rüdiger_22_RM,,,,,90,0.00101494,0.000618977,0.0,0.0,10666
24800,2023-11-29 21:00:00,13,Champions League,31,Real Madrid,71,Napoli,31,Real Madrid,1,Brahim Díaz_21_RM,,,,,64,0.00321062,-0.000354507,0.082,0.176,4411
24800,2023-11-29 21:00:00,13,Champions League,31,Real Madrid,71,Napoli,31,Real Madrid,1,Dani Carvajal_2_RM,,,,,90,0.000618357,0.000728238,0.196,0.42,6003
24800,2023-11-29 21:00:00,13,Champions League,31,Real Madrid,71,Napoli,31,Real Madrid,1,Dani Ceballos_19_RM,,,,,56,0.0010414,0.00086943,0.0,0.0,4606
24800,2023-11-29 21:00:00,13,Champions League,31,Real Madrid,71,Napoli,31,Real Madrid,1,David Alaba_4_RM,,,,,90,0.000547684,0.000271426,0.0,0.0,3366
24800,2023-11-29 21:00:00,13,Champions League,31,Real Madrid,71,Napoli,31,Real Madrid,1,Federico Valverde_8_RM,,,,,90,0.00109636,0.00134977,0.264,0.565,11707
24800,2023-11-29 21:00:00,13,Champions League,31,Real Madrid,71,Napoli,31,Real Madrid,1,Ferland Mendy_23_RM,,,,,86,-0.00165897,0.000241543,0.0,0.0,5435
24800,2023-11-29 21:00:00,13,Champions League,31,Real Madrid,71,Napoli,31,Real Madrid,1,Fran Garcia_20_RM,,,,,0,0.00151615,4.55278e-05,0.0,0.0,4807
24800,2023-11-29 21:00:00,13,Champions League,31,Real Madrid,71,Napoli,31,Real Madrid,1,Gonzalo García_30_RM,,,,,0,-5.36235e-05,0.000482841,0.0,0.0,94
24800,2023-11-29 21:00:00,13,Champions League,31,Real Madrid,71,Napoli,31,Real Madrid,1,Joselu_14_RM,,,,,34,1.52568e-05,0.000834196,0.0,0.0,2277
24800,2023-11-29 21:00:00,13,Champions League,31,Real Madrid,71,Napoli,31,Real Madrid,1,Jude Bellingham_5_RM,,,,,90,0.00112068,-0.000274762,0.0,0.0,7793
24800,2023-11-29 21:00:00,13,Champions League,31,Real Madrid,71,Napoli,31,Real Madrid,1,Lucas Vázquez_17_RM,,,,,4,0.00132007,-0.000853061,0.0,0.0,6072
24800,2023-11-29 21:00:00,13,Champions League,31,Real Madrid,71,Napoli,31,Real Madrid,1,Mario Martín_28_RM,,,,,0,3.74778e-05,-0.000238432,0.0,0.0,39
24800,2023-11-29 21:00:00,13,Champions League,31,Real Madrid,71,Napoli,31,Real Madrid,1,Nacho_6_RM,,,,,4,0.00147031,0.000367155,0.0,0.0,5214
24800,2023-11-29 21:00:00,13,Champions League,31,Real Madrid,71,Napoli,31,Real Madrid,1,Nicolás Paz_32_RM,,,,,26,-0.00019203,0.000218314,0.0,0.0,148
24800,2023-11-29 21:00:00,13,Champions League,31,Real Madrid,71,Napoli,31,Real Madrid,1,Rodrygo_11_RM,,,,,86,0.000204649,0.000315861,0.182,0.389,9181
24800,2023-11-29 21:00:00,13,Champions League,31,Real Madrid,71,Napoli,31,Real Madrid,1,Toni Kroos_8_RM,,,,,90,0.000529318,0.000493378,0.0,0.0,5337
20994,2023-12-02 18:30:00,6,La Liga,31,Real Madrid,524,Equipo histórico 524,31,Real Madrid,1,Andriy Lunin_13_RM,,,,,98,0.00135314,0.00113184,0.0,0.0,4637
20994,2023-12-02 18:30:00,6,La Liga,31,Real Madrid,524,Equipo histórico 524,31,Real Madrid,1,Antonio Rüdiger_22_RM,,,,,98,0.00101494,0.000618977,0.0,0.0,10666
20994,2023-12-02 18:30:00,6,La Liga,31,Real Madrid,524,Equipo histórico 524,31,Real Madrid,1,Brahim Díaz_21_RM,,93.0,,leading,93,0.00321062,-0.000354507,0.082,0.176,4411
20994,2023-12-02 18:30:00,6,La Liga,31,Real Madrid,524,Equipo histórico 524,31,Real Madrid,1,Dani Carvajal_2_RM,,51.0,,leading,51,0.000618357,0.000728238,0.196,0.42,6003
20994,2023-12-02 18:30:00,6,La Liga,31,Real Madrid,524,Equipo histórico 524,31,Real Madrid,1,Dani Ceballos_19_RM,75.0,,leading,,23,0.0010414,0.00086943,0.0,0.0,4606
20994,2023-12-02 18:30:00,6,La Liga,31,Real Madrid,524,Equipo histórico 524,31,Real Madrid,1,David Alaba_4_RM,,,,,98,0.000547684,0.000271426,0.0,0.0,3366
20994,2023-12-02 18:30:00,6,La Liga,31,Real Madrid,524,Equipo histórico 524,31,Real Madrid,1,Federico Valverde_8_RM,,,,,98,0.00109636,0.00134977,0.264,0.565,11707
20994,2023-12-02 18:30:00,6,La Liga,31,Real Madrid,524,Equipo histórico 524,31,Real Madrid,1,Ferland Mendy_23_RM,,,,,98,-0.00165897,0.000241543,0.0,0.0,5435
20994,2023-12-02 18:30:00,6,La Liga,31,Real Madrid,524,Equipo histórico 524,31,Real Madrid,1,Fran Garcia_20_RM,,,,,0,0.00151615,4.55278e-05,0.0,0.0,4807
20994,2023-12-02 18:30:00,6,La Liga,31,Real Madrid,524,Equipo histórico 524,31,Real Madrid,1,Gonzalo García_30_RM,90.0,,leading,,8,-5.36235e-05,0.000482841,0.0,0.0,94
20994,2023-12-02 18:30:00,6,La Liga,31,Real Madrid,524,Equipo histórico 524,31,Real Madrid,1,Joselu_14_RM,,75.0,,leading,75,1.52568e-05,0.000834196,0.0,0.0,2277
20994,2023-12-02 18:30:00,6,La Liga,31,Real Madrid,524,Equipo histórico 524,31,Real Madrid,1,Jude Bellingham_5_RM,,,,,98,0.00112068,-0.000274762,0.0,0.0,7793
20994,2023-12-02 18:30:00,6,La Liga,31,Real Madrid,524,Equipo histórico 524,31,Real Madrid,1,Kepa Arrizabalaga_25_RM,,,,,0,-0.00025058,0.000481202,0.0,0.0,1754
20994,2023-12-02 18:30:00,6,La Liga,31,Real Madrid,524,Equipo histórico 524,31,Real Madrid,1,Lucas Vázquez_17_RM,51.0,,leading,,47,0.00132007,-0.000853061,0.0,0.0,6072
20994,2023-12-02 18:30:00,6,La Liga,31,Real Madrid,524,Equipo histórico 524,31,Real Madrid,1,Mario Martín_28_RM,,,,,0,3.74778e-05,-0.000238432,0.0,0.0,39
20994,2023-12-02 18:30:00,6,La Liga,31,Real Madrid,524,Equipo histórico 524,31,Real Madrid,1,Nacho_6_RM,,,,,0,0.00147031,0.000367155,0.0,0.0,5214
20994,2023-12-02 18:30:00,6,La Liga,31,Real Madrid,524,Equipo histórico 524,31,Real Madrid,1,Nicolás Paz_32_RM,93.0,,leading,,5,-0.00019203,0.000218314,0.0,0.0,148
20994,2023-12-02 18:30:00,6,La Liga,31,Real Madrid,524,Equipo histórico 524,31,Real Madrid,1,Rodrygo_11_RM,,90.0,,leading,90,0.000204649,0.000315861,0.182,0.389,9181
20994,2023-12-02 18:30:00,6,La Liga,31,Real Madrid,524,Equipo histórico 524,31,Real Madrid,1,Toni Kroos_8_RM,,,,,98,0.000529318,0.000493378,0.0,0.0,5337
20999,2023-12-03 21:00:00,6,La Liga,30,Barcelona,39,Atlético Madrid,30,Barcelona,1,Alejandro Balde_3_B,,,,,0,0.00209699,0.000618303,0.0,0.0,7371
20999,2023-12-03 21:00:00,6,La Liga,30,Barcelona,39,Atlético Madrid,30,Barcelona,1,Andreas Christensen_15_B,,,,,96,-0.000657376,0.000304607,0.172,0.304,4789
20999,2023-12-03 21:00:00,6,La Liga,30,Barcelona,39,Atlético Madrid,30,Barcelona,1,Fermin López_16_B,91.0,,leading,,5,-0.000980475,6.51575e-05,0.728,1.0,4228
20999,2023-12-03 21:00:00,6,La Liga,30,Barcelona,39,Atlético Madrid,30,Barcelona,1,Ferrán Torres_7_B,79.0,,leading,,17,0.000824349,-0.000703702,0.18,0.318,5186
20999,2023-12-03 21:00:00,6,La Liga,30,Barcelona,39,Atlético Madrid,30,Barcelona,1,Frenkie de Jong_21_B,,,,,96,0.00304554,-0.000291865,0.736,1.0,7300
20999,2023-12-03 21:00:00,6,La Liga,30,Barcelona,39,Atlético Madrid,30,Barcelona,1,Iñaki Peña_13_B,,,,,96,0.001789,-0.000771425,0.0,0.0,3754
20999,2023-12-03 21:00:00,6,La Liga,30,Barcelona,39,Atlético Madrid,30,Barcelona,1,Iñigo Martínez_5_B,,,,,0,0.00172975,0.000118759,0.0,0.0,5736
20999,2023-12-03 21:00:00,6,La Liga,30,Barcelona,39,Atlético Madrid,30,Barcelona,1,João Cancelo_2_B,,,,,96,0.000109913,5.3432e-05,0.0,0.0,3488
20999,2023-12-03 21:00:00,6,La Liga,30,Barcelona,39,Atlético Madrid,30,Barcelona,1,João Félix_14_B,,79.0,,leading,79,0.000261688,0.000320113,0.0,0.0,2176
20999,2023-12-03 21:00:00,6,La Liga,30,Barcelona,39,Atlético Madrid,30,Barcelona,1,Jules Koundé_23_B,,,,,96,0.00223783,0.00075356,0.736,1.0,11254
20999,2023-12-03 21:00:00,6,La Liga,30,Barcelona,39,Atlético Madrid,30,Barcelona,1,Lamine Yamal_19_B,79.0,,leading,,17,0.00308054,0.000554778,0.0,0.0,7670
20999,2023-12-03 21:00:00,6,La Liga,30,Barcelona,39,Atlético Madrid,30,Barcelona,1,Oriol Romeu_18_B,,,,,0,-4.63904e-06,0.000596374,0.0,0.0,1536
20999,2023-12-03 21:00:00,6,La Liga,30,Barcelona,39,Atlético Madrid,30,Barcelona,1,Pedri_8_B,,91.0,,leading,91,-0.000452767,-0.000759786,0.736,1.0,7907
20999,2023-12-03 21:00:00,6,La Liga,30,Barcelona,39,Atlético Madrid,30,Barcelona,1,Raphinha_11_B,,79.0,,leading,79,0.00131215,0.000402672,0.736,1.0,8931
20999,2023-12-03 21:00:00,6,La Liga,30,Barcelona,39,Atlético Madrid,30,Barcelona,1,Robert Lewandowski_9_B,,,,,96,-0.00130583,0.000914094,0.564,0.999,10145
20999,2023-12-03 21:00:00,6,La Liga,30,Barcelona,39,Atlético Madrid,30,Barcelona,1,Ronald Araújo_4_B,,,,,96,0.00016609,0.000959492,0.736,1.0,6661
20999,2023-12-03 21:00:00,6,La Liga,30,Barcelona,39,Atlético Madrid,30,Barcelona,1,Sergi Roberto_20_B,,,,,0,0.000651913,-0.000120976,0.0,0.0,2493
20999,2023-12-03 21:00:00,6,La Liga,30,Barcelona,39,Atlético Madrid,30,Barcelona,1,İlkay Gündoğan_22_B,,,,,96,0.000780872,-0.000346235,0.0,0.0,4232
21003,2023-12-09 16:15:00,6,La Liga,27,Equipo histórico 27,31,Real Madrid,31,Real Madrid,0,Andriy Lunin_13_RM,,,,,98,0.00135314,0.00113184,0.0,0.0,4637
21003,2023-12-09 16:15:00,6,La Liga,27,Equipo histórico 27,31,Real Madrid,31,Real Madrid,0,Antonio Rüdiger_22_RM,,,,,98,0.00101494,0.000618977,0.0,0.0,10666
21003,2023-12-09 16:15:00,6,La Liga,27,Equipo histórico 27,31,Real Madrid,31,Real Madrid,0,Brahim Díaz_21_RM,,80.0,,level,80,0.00321062,-0.000354507,0.082,0.176,4411
21003,2023-12-09 16:15:00,6,La Liga,27,Equipo histórico 27,31,Real Madrid,31,Real Madrid,0,Dani Ceballos_19_RM,71.0,,level,,27,0.0010414,0.00086943,0.0,0.0,4606
21003,2023-12-09 16:15:00,6,La Liga,27,Equipo histórico 27,31,Real Madrid,31,Real Madrid,0,David Alaba_4_RM,,,,,98,0.000547684,0.000271426,0.0,0.0,3366
21003,2023-12-09 16:15:00,6,La Liga,27,Equipo histórico 27,31,Real Madrid,31,Real Madrid,0,Federico Valverde_8_RM,,,,,98,0.00109636,0.00134977,0.264,0.565,11707
21003,2023-12-09 16:15:00,6,La Liga,27,Equipo histórico 27,31,Real Madrid,31,Real Madrid,0,Ferland Mendy_23_RM,,,,,98,-0.00165897,0.000241543,0.0,0.0,5435
21003,2023-12-09 16:15:00,6,La Liga,27,Equipo histórico 27,31,Real Madrid,31,Real Madrid,0,Fran Garcia_20_RM,,,,,0,0.00151615,4.55278e-05,0.0,0.0,4807
21003,2023-12-09 16:15:00,6,La Liga,27,Equipo histórico 27,31,Real Madrid,31,Real Madrid,0,Gonzalo García_30_RM,,,,,0,-5.36235e-05,0.000482841,0.0,0.0,94
21003,2023-12-09 16:15:00,6,La Liga,27,Equipo histórico 27,31,Real Madrid,31,Real Madrid,0,Joselu_14_RM,80.0,,level,,18,1.52568e-05,0.000834196,0.0,0.0,2277
21003,2023-12-09 16:15:00,6,La Liga,27,Equipo histórico 27,31,Real Madrid,31,Real Madrid,0,Jude Bellingham_5_RM,,,,,98,0.00112068,-0.000274762,0.0,0.0,7793
21003,2023-12-09 16:15:00,6,La Liga,27,Equipo histórico 27,31,Real Madrid,31,Real Madrid,0,Kepa Arrizabalaga_25_RM,,,,,0,-0.00025058,0.000481202,0.0,0.0,1754
21003,2023-12-09 16:15:00,6,La Liga,27,Equipo histórico 27,31,Real Madrid,31,Real Madrid,0,Lucas Vázquez_17_RM,,84.0,,level,84,0.00132007,-0.000853061,0.0,0.0,6072
21003,2023-12-09 16:15:00,6,La Liga,27,Equipo histórico 27,31,Real Madrid,31,Real Madrid,0,Luka Modrić_10_RM,,71.0,,level,71,0.00146142,0.000547068,0.0,0.0,6907
21003,2023-12-09 16:15:00,6,La Liga,27,Equipo histórico 27,31,Real Madrid,31,Real Madrid,0,Nacho_6_RM,84.0,,level,,14,0.00147031,0.000367155,0.0,0.0,5214
21003,2023-12-09 16:15:00,6,La Liga,27,Equipo histórico 27,31,Real Madrid,31,Real Madrid,0,Nicolás Paz_32_RM,84.0,,level,,14,-0.00019203,0.000218314,0.0,0.0,148
21003,2023-12-09 16:15:00,6,La Liga,27,Equipo histórico 27,31,Real Madrid,31,Real Madrid,0,Rodrygo_11_RM,,,,,98,0.000204649,0.000315861,0.182,0.389,9181
21003,2023-12-09 16:15:00,6,La Liga,27,Equipo histórico 27,31,Real Madrid,31,Real Madrid,0,Toni Kroos_8_RM,,84.0,,level,84,0.000529318,0.000493378,0.0,0.0,5337
21008,2023-12-10 21:00:00,6,La Liga,30,Barcelona,363,Girona,30,Barcelona,1,Alejandro Balde_3_B,68.0,,trailing,,33,0.00209699,0.000618303,0.0,0.0,7371
21008,2023-12-10 21:00:00,6,La Liga,30,Barcelona,363,Girona,30,Barcelona,1,Andreas Christensen_15_B,,68.0,,trailing,68,-0.000657376,0.000304607,0.172,0.304,4789
21008,2023-12-10 21:00:00,6,La Liga,30,Barcelona,363,Girona,30,Barcelona,1,Fermin López_16_B,83.0,,trailing,,18,-0.000980475,6.51575e-05,0.728,1.0,4228
21008,2023-12-10 21:00:00,6,La Liga,30,Barcelona,363,Girona,30,Barcelona,1,Ferrán Torres_7_B,68.0,,trailing,,33,0.000824349,-0.000703702,0.18,0.318,5186
21008,2023-12-10 21:00:00,6,La Liga,30,Barcelona,363,Girona,30,Barcelona,1,Frenkie de Jong_21_B,,,,,101,0.00304554,-0.000291865,0.736,1.0,7300
21008,2023-12-10 21:00:00,6,La Liga,30,Barcelona,363,Girona,30,Barcelona,1,Iñaki Peña_13_B,,,,,101,0.001789,-0.000771425,0.0,0.0,3754
21008,2023-12-10 21:00:00,6,La Liga,30,Barcelona,363,Girona,30,Barcelona,1,João Cancelo_2_B,,,,,101,0.000109913,5.3432e-05,0.0,0.0,3488
21008,2023-12-10 21:00:00,6,La Liga,30,Barcelona,363,Girona,30,Barcelona,1,João Félix_14_B,,68.0,,trailing,68,0.000261688,0.000320113,0.0,0.0,2176
21008,2023-12-10 21:00:00,6,La Liga,30,Barcelona,363,Girona,30,Barcelona,1,Jules Koundé_23_B,,,,,101,0.00223783,0.00075356,0.736,1.0,11254
21008,2023-12-10 21:00:00,6,La Liga,30,Barcelona,363,Girona,30,Barcelona,1,Lamine Yamal_19_B,68.0,,trailing,,33,0.00308054,0.000554778,0.0,0.0,7670
21008,2023-12-10 21:00:00,6,La Liga,30,Barcelona,363,Girona,30,Barcelona,1,Oriol Romeu_18_B,,,,,0,-4.63904e-06,0.000596374,0.0,0.0,1536
21008,2023-12-10 21:00:00,6,La Liga,30,Barcelona,363,Girona,30,Barcelona,1,Pau Cubarsí_2_B,,,,,0,0.000489738,0.000689197,0.0,0.0,6208
21008,2023-12-10 21:00:00,6,La Liga,30,Barcelona,363,Girona,30,Barcelona,1,Pedri_8_B,,83.0,,trailing,83,-0.000452767,-0.000759786,0.736,1.0,7907
21008,2023-12-10 21:00:00,6,La Liga,30,Barcelona,363,Girona,30,Barcelona,1,Raphinha_11_B,,68.0,,trailing,68,0.00131215,0.000402672,0.736,1.0,8931
21008,2023-12-10 21:00:00,6,La Liga,30,Barcelona,363,Girona,30,Barcelona,1,Robert Lewandowski_9_B,,,,,101,-0.00130583,0.000914094,0.564,0.999,10145
21008,2023-12-10 21:00:00,6,La Liga,30,Barcelona,363,Girona,30,Barcelona,1,Ronald Araújo_4_B,,,,,101,0.00016609,0.000959492,0.736,1.0,6661
21008,2023-12-10 21:00:00,6,La Liga,30,Barcelona,363,Girona,30,Barcelona,1,Sergi Roberto_20_B,,,,,0,0.000651913,-0.000120976,0.0,0.0,2493
21008,2023-12-10 21:00:00,6,La Liga,30,Barcelona,363,Girona,30,Barcelona,1,İlkay Gündoğan_22_B,,,,,101,0.000780872,-0.000346235,0.0,0.0,4232
24807,2023-12-12 21:00:00,13,Champions League,41,Union Berlin,31,Real Madrid,31,Real Madrid,0,Andriy Lunin_13_RM,,,,,0,0.00135314,0.00113184,0.0,0.0,4637
24807,2023-12-12 21:00:00,13,Champions League,41,Union Berlin,31,Real Madrid,31,Real Madrid,0,Antonio Rüdiger_22_RM,,,,,20,0.00101494,0.000618977,0.0,0.0,10666
24807,2023-12-12 21:00:00,13,Champions League,41,Union Berlin,31,Real Madrid,31,Real Madrid,0,Brahim Díaz_21_RM,,,,,11,0.00321062,-0.000354507,0.082,0.176,4411
24807,2023-12-12 21:00:00,13,Champions League,41,Union Berlin,31,Real Madrid,31,Real Madrid,0,Dani Ceballos_19_RM,,,,,89,0.0010414,0.00086943,0.0,0.0,4606
24807,2023-12-12 21:00:00,13,Champions League,41,Union Berlin,31,Real Madrid,31,Real Madrid,0,David Alaba_4_RM,,,,,70,0.000547684,0.000271426,0.0,0.0,3366
24807,2023-12-12 21:00:00,13,Champions League,41,Union Berlin,31,Real Madrid,31,Real Madrid,0,Federico Valverde_8_RM,,,,,45,0.00109636,0.00134977,0.264,0.565,11707
24807,2023-12-12 21:00:00,13,Champions League,41,Union Berlin,31,Real Madrid,31,Real Madrid,0,Ferland Mendy_23_RM,,,,,0,-0.00165897,0.000241543,0.0,0.0,5435
24807,2023-12-12 21:00:00,13,Champions League,41,Union Berlin,31,Real Madrid,31,Real Madrid,0,Fran Garcia_20_RM,,,,,90,0.00151615,4.55278e-05,0.0,0.0,4807
24807,2023-12-12 21:00:00,13,Champions League,41,Union Berlin,31,Real Madrid,31,Real Madrid,0,Gonzalo García_30_RM,,,,,0,-5.36235e-05,0.000482841,0.0,0.0,94
24807,2023-12-12 21:00:00,13,Champions League,41,Union Berlin,31,Real Madrid,31,Real Madrid,0,Joselu_14_RM,,,,,90,1.52568e-05,0.000834196,0.0,0.0,2277
24807,2023-12-12 21:00:00,13,Champions League,41,Union Berlin,31,Real Madrid,31,Real Madrid,0,Jude Bellingham_5_RM,,,,,90,0.00112068,-0.000274762,0.0,0.0,7793
24807,2023-12-12 21:00:00,13,Champions League,41,Union Berlin,31,Real Madrid,31,Real Madrid,0,Kepa Arrizabalaga_25_RM,,,,,90,-0.00025058,0.000481202,0.0,0.0,1754
24807,2023-12-12 21:00:00,13,Champions League,41,Union Berlin,31,Real Madrid,31,Real Madrid,0,Lucas Vázquez_17_RM,,,,,90,0.00132007,-0.000853061,0.0,0.0,6072
24807,2023-12-12 21:00:00,13,Champions League,41,Union Berlin,31,Real Madrid,31,Real Madrid,0,Luka Modrić_10_RM,,,,,90,0.00146142,0.000547068,0.0,0.0,6907
24807,2023-12-12 21:00:00,13,Champions League,41,Union Berlin,31,Real Madrid,31,Real Madrid,0,Mario Martín_28_RM,,,,,0,3.74778e-05,-0.000238432,0.0,0.0,39
24807,2023-12-12 21:00:00,13,Champions League,41,Union Berlin,31,Real Madrid,31,Real Madrid,0,Nacho_6_RM,,,,,90,0.00147031,0.000367155,0.0,0.0,5214
24807,2023-12-12 21:00:00,13,Champions League,41,Union Berlin,31,Real Madrid,31,Real Madrid,0,Nicolás Paz_32_RM,,,,,1,-0.00019203,0.000218314,0.0,0.0,148
24807,2023-12-12 21:00:00,13,Champions League,41,Union Berlin,31,Real Madrid,31,Real Madrid,0,Rodrygo_11_RM,,,,,79,0.000204649,0.000315861,0.182,0.389,9181
24807,2023-12-12 21:00:00,13,Champions League,41,Union Berlin,31,Real Madrid,31,Real Madrid,0,Toni Kroos_8_RM,,,,,45,0.000529318,0.000493378,0.0,0.0,5337
24816,2023-12-13 21:00:00,13,Champions League,142,Antwerp,30,Barcelona,30,Barcelona,0,Alejandro Balde_3_B,,,,,90,0.00209699,0.000618303,0.0,0.0,7371
24816,2023-12-13 21:00:00,13,Champions League,142,Antwerp,30,Barcelona,30,Barcelona,0,Andreas Christensen_15_B,,,,,90,-0.000657376,0.000304607,0.172,0.304,4789
24816,2023-12-13 21:00:00,13,Champions League,142,Antwerp,30,Barcelona,30,Barcelona,0,Fermin López_16_B,,,,,59,-0.000980475,6.51575e-05,0.728,1.0,4228
24816,2023-12-13 21:00:00,13,Champions League,142,Antwerp,30,Barcelona,30,Barcelona,0,Ferrán Torres_7_B,,,,,90,0.000824349,-0.000703702,0.18,0.318,5186
24816,2023-12-13 21:00:00,13,Champions League,142,Antwerp,30,Barcelona,30,Barcelona,0,Héctor Fort_32_B,,,,,59,-0.000463914,-0.000603466,0.0,0.0,1296
24816,2023-12-13 21:00:00,13,Champions League,142,Antwerp,30,Barcelona,30,Barcelona,0,Iñaki Peña_13_B,,,,,90,0.001789,-0.000771425,0.0,0.0,3754
24816,2023-12-13 21:00:00,13,Champions League,142,Antwerp,30,Barcelona,30,Barcelona,0,João Cancelo_2_B,,,,,31,0.000109913,5.3432e-05,0.0,0.0,3488
24816,2023-12-13 21:00:00,13,Champions League,142,Antwerp,30,Barcelona,30,Barcelona,0,João Félix_14_B,,,,,0,0.000261688,0.000320113,0.0,0.0,2176
24816,2023-12-13 21:00:00,13,Champions League,142,Antwerp,30,Barcelona,30,Barcelona,0,Jules Koundé_23_B,,,,,90,0.00223783,0.00075356,0.736,1.0,11254
24816,2023-12-13 21:00:00,13,Champions League,142,Antwerp,30,Barcelona,30,Barcelona,0,Lamine Yamal_19_B,,,,,90,0.00308054,0.000554778,0.0,0.0,7670
24816,2023-12-13 21:00:00,13,Champions League,142,Antwerp,30,Barcelona,30,Barcelona,0,Marc Casado_17_B,,,,,15,0.00126044,0.000330566,0.008,0.014,2412
24816,2023-12-13 21:00:00,13,Champions League,142,Antwerp,30,Barcelona,30,Barcelona,0,Marc Guiu_38_B,,,,,19,-9.68217e-05,-4.26897e-05,0.0,0.0,193
24816,2023-12-13 21:00:00,13,Champions League,142,Antwerp,30,Barcelona,30,Barcelona,0,Oriol Romeu_18_B,,,,,59,-4.63904e-06,0.000596374,0.0,0.0,1536
24816,2023-12-13 21:00:00,13,Champions League,142,Antwerp,30,Barcelona,30,Barcelona,0,Pau Cubarsí_2_B,,,,,0,0.000489738,0.000689197,0.0,0.0,6208
24816,2023-12-13 21:00:00,13,Champions League,142,Antwerp,30,Barcelona,30,Barcelona,0,Pedri_8_B,,,,,31,-0.000452767,-0.000759786,0.736,1.0,7907
24816,2023-12-13 21:00:00,13,Champions League,142,Antwerp,30,Barcelona,30,Barcelona,0,Raphinha_11_B,,,,,0,0.00131215,0.000402672,0.736,1.0,8931
24816,2023-12-13 21:00:00,13,Champions League,142,Antwerp,30,Barcelona,30,Barcelona,0,Robert Lewandowski_9_B,,,,,71,-0.00130583,0.000914094,0.564,0.999,10145
24816,2023-12-13 21:00:00,13,Champions League,142,Antwerp,30,Barcelona,30,Barcelona,0,Sergi Roberto_20_B,,,,,75,0.000651913,-0.000120976,0.0,0.0,2493
24816,2023-12-13 21:00:00,13,Champions League,142,Antwerp,30,Barcelona,30,Barcelona,0,İlkay Gündoğan_22_B,,,,,31,0.000780872,-0.000346235,0.0,0.0,4232
21015,2023-12-16 21:00:00,6,La Liga,37,Valencia,30,Barcelona,30,Barcelona,0,Alejandro Balde_3_B,,,,,92,0.00209699,0.000618303,0.0,0.0,7371
21015,2023-12-16 21:00:00,6,La Liga,37,Valencia,30,Barcelona,30,Barcelona,0,Andreas Christensen_15_B,,,,,0,-0.000657376,0.000304607,0.172,0.304,4789
21015,2023-12-16 21:00:00,6,La Liga,37,Valencia,30,Barcelona,30,Barcelona,0,Fermin López_16_B,,,,,0,-0.000980475,6.51575e-05,0.728,1.0,4228
21015,2023-12-16 21:00:00,6,La Liga,37,Valencia,30,Barcelona,30,Barcelona,0,Ferrán Torres_7_B,72.0,,level,,20,0.000824349,-0.000703702,0.18,0.318,5186
21015,2023-12-16 21:00:00,6,La Liga,37,Valencia,30,Barcelona,30,Barcelona,0,Frenkie de Jong_21_B,,,,,92,0.00304554,-0.000291865,0.736,1.0,7300
21015,2023-12-16 21:00:00,6,La Liga,37,Valencia,30,Barcelona,30,Barcelona,0,Héctor Fort_32_B,,,,,0,-0.000463914,-0.000603466,0.0,0.0,1296
21015,2023-12-16 21:00:00,6,La Liga,37,Valencia,30,Barcelona,30,Barcelona,0,Iñaki Peña_13_B,,,,,92,0.001789,-0.000771425,0.0,0.0,3754
21015,2023-12-16 21:00:00,6,La Liga,37,Valencia,30,Barcelona,30,Barcelona,0,João Cancelo_2_B,,,,,92,0.000109913,5.3432e-05,0.0,0.0,3488
21015,2023-12-16 21:00:00,6,La Liga,37,Valencia,30,Barcelona,30,Barcelona,0,João Félix_14_B,,72.0,,level,72,0.000261688,0.000320113,0.0,0.0,2176
21015,2023-12-16 21:00:00,6,La Liga,37,Valencia,30,Barcelona,30,Barcelona,0,Jules Koundé_23_B,,,,,92,0.00223783,0.00075356,0.736,1.0,11254
21015,2023-12-16 21:00:00,6,La Liga,37,Valencia,30,Barcelona,30,Barcelona,0,Lamine Yamal_19_B,81.0,,level,,11,0.00308054,0.000554778,0.0,0.0,7670
21015,2023-12-16 21:00:00,6,La Liga,37,Valencia,30,Barcelona,30,Barcelona,0,Marc Casado_17_B,,,,,0,0.00126044,0.000330566,0.008,0.014,2412
21015,2023-12-16 21:00:00,6,La Liga,37,Valencia,30,Barcelona,30,Barcelona,0,Marc Guiu_38_B,,,,,0,-9.68217e-05,-4.26897e-05,0.0,0.0,193
21015,2023-12-16 21:00:00,6,La Liga,37,Valencia,30,Barcelona,30,Barcelona,0,Oriol Romeu_18_B,,,,,0,-4.63904e-06,0.000596374,0.0,0.0,1536
21015,2023-12-16 21:00:00,6,La Liga,37,Valencia,30,Barcelona,30,Barcelona,0,Pau Cubarsí_2_B,,,,,0,0.000489738,0.000689197,0.0,0.0,6208
21015,2023-12-16 21:00:00,6,La Liga,37,Valencia,30,Barcelona,30,Barcelona,0,Pedri_8_B,,,,,92,-0.000452767,-0.000759786,0.736,1.0,7907
21015,2023-12-16 21:00:00,6,La Liga,37,Valencia,30,Barcelona,30,Barcelona,0,Raphinha_11_B,,,,,92,0.00131215,0.000402672,0.736,1.0,8931
21015,2023-12-16 21:00:00,6,La Liga,37,Valencia,30,Barcelona,30,Barcelona,0,Robert Lewandowski_9_B,,,,,92,-0.00130583,0.000914094,0.564,0.999,10145
21015,2023-12-16 21:00:00,6,La Liga,37,Valencia,30,Barcelona,30,Barcelona,0,Ronald Araújo_4_B,,,,,92,0.00016609,0.000959492,0.736,1.0,6661
21015,2023-12-16 21:00:00,6,La Liga,37,Valencia,30,Barcelona,30,Barcelona,0,Sergi Roberto_20_B,,,,,0,0.000651913,-0.000120976,0.0,0.0,2493
21015,2023-12-16 21:00:00,6,La Liga,37,Valencia,30,Barcelona,30,Barcelona,0,İlkay Gündoğan_22_B,,81.0,,level,81,0.000780872,-0.000346235,0.0,0.0,4232
21019,2023-12-17 21:00:00,6,La Liga,31,Real Madrid,23,Villarreal,31,Real Madrid,1,Andriy Lunin_13_RM,,,,,94,0.00135314,0.00113184,0.0,0.0,4637
21019,2023-12-17 21:00:00,6,La Liga,31,Real Madrid,23,Villarreal,31,Real Madrid,1,Antonio Rüdiger_22_RM,,,,,94,0.00101494,0.000618977,0.0,0.0,10666
21019,2023-12-17 21:00:00,6,La Liga,31,Real Madrid,23,Villarreal,31,Real Madrid,1,Aurélien Tchouaméni_14_RM,79.0,,leading,,15,-0.000603586,0.00091019,0.264,0.565,8572
21019,2023-12-17 21:00:00,6,La Liga,31,Real Madrid,23,Villarreal,31,Real Madrid,1,Brahim Díaz_21_RM,,84.0,,leading,84,0.00321062,-0.000354507,0.082,0.176,4411
21019,2023-12-17 21:00:00,6,La Liga,31,Real Madrid,23,Villarreal,31,Real Madrid,1,Dani Ceballos_19_RM,78.0,,leading,,16,0.0010414,0.00086943,0.0,0.0,4606
21019,2023-12-17 21:00:00,6,La Liga,31,Real Madrid,23,Villarreal,31,Real Madrid,1,David Alaba_4_RM,,35.0,,leading,35,0.000547684,0.000271426,0.0,0.0,3366
21019,2023-12-17 21:00:00,6,La Liga,31,Real Madrid,23,Villarreal,31,Real Madrid,1,Federico Valverde_8_RM,,,,,94,0.00109636,0.00134977,0.264,0.565,11707
21019,2023-12-17 21:00:00,6,La Liga,31,Real Madrid,23,Villarreal,31,Real Madrid,1,Ferland Mendy_23_RM,,46.0,,leading,46,-0.00165897,0.000241543,0.0,0.0,5435
21019,2023-12-17 21:00:00,6,La Liga,31,Real Madrid,23,Villarreal,31,Real Madrid,1,Fran Garcia_20_RM,46.0,,leading,,48,0.00151615,4.55278e-05,0.0,0.0,4807
21019,2023-12-17 21:00:00,6,La Liga,31,Real Madrid,23,Villarreal,31,Real Madrid,1,Joselu_14_RM,84.0,,leading,,10,1.52568e-05,0.000834196,0.0,0.0,2277
21019,2023-12-17 21:00:00,6,La Liga,31,Real Madrid,23,Villarreal,31,Real Madrid,1,Jude Bellingham_5_RM,,78.0,,leading,78,0.00112068,-0.000274762,0.0,0.0,7793
21019,2023-12-17 21:00:00,6,La Liga,31,Real Madrid,23,Villarreal,31,Real Madrid,1,Kepa Arrizabalaga_25_RM,,,,,0,-0.00025058,0.000481202,0.0,0.0,1754
21019,2023-12-17 21:00:00,6,La Liga,31,Real Madrid,23,Villarreal,31,Real Madrid,1,Lucas Vázquez_17_RM,,,,,94,0.00132007,-0.000853061,0.0,0.0,6072
21019,2023-12-17 21:00:00,6,La Liga,31,Real Madrid,23,Villarreal,31,Real Madrid,1,Luka Modrić_10_RM,,,,,94,0.00146142,0.000547068,0.0,0.0,6907
21019,2023-12-17 21:00:00,6,La Liga,31,Real Madrid,23,Villarreal,31,Real Madrid,1,Nacho_6_RM,35.0,,leading,,59,0.00147031,0.000367155,0.0,0.0,5214
21019,2023-12-17 21:00:00,6,La Liga,31,Real Madrid,23,Villarreal,31,Real Madrid,1,Nicolás Paz_32_RM,,,,,0,-0.00019203,0.000218314,0.0,0.0,148
21019,2023-12-17 21:00:00,6,La Liga,31,Real Madrid,23,Villarreal,31,Real Madrid,1,Rodrygo_11_RM,,,,,94,0.000204649,0.000315861,0.182,0.389,9181
21019,2023-12-17 21:00:00,6,La Liga,31,Real Madrid,23,Villarreal,31,Real Madrid,1,Toni Kroos_8_RM,,79.0,,leading,79,0.000529318,0.000493378,0.0,0.0,5337
21024,2023-12-20 19:00:00,6,La Liga,30,Barcelona,362,Equipo histórico 362,30,Barcelona,1,Alejandro Balde_3_B,,,,,96,0.00209699,0.000618303,0.0,0.0,7371
21024,2023-12-20 19:00:00,6,La Liga,30,Barcelona,362,Equipo histórico 362,30,Barcelona,1,Andreas Christensen_15_B,,48.0,,level,48,-0.000657376,0.000304607,0.172,0.304,4789
21024,2023-12-20 19:00:00,6,La Liga,30,Barcelona,362,Equipo histórico 362,30,Barcelona,1,Fermin López_16_B,,69.0,,leading,69,-0.000980475,6.51575e-05,0.728,1.0,4228
21024,2023-12-20 19:00:00,6,La Liga,30,Barcelona,362,Equipo histórico 362,30,Barcelona,1,Ferrán Torres_7_B,48.0,,level,,48,0.000824349,-0.000703702,0.18,0.318,5186
21024,2023-12-20 19:00:00,6,La Liga,30,Barcelona,362,Equipo histórico 362,30,Barcelona,1,Héctor Fort_32_B,,,,,0,-0.000463914,-0.000603466,0.0,0.0,1296
21024,2023-12-20 19:00:00,6,La Liga,30,Barcelona,362,Equipo histórico 362,30,Barcelona,1,Iñaki Peña_13_B,,,,,96,0.001789,-0.000771425,0.0,0.0,3754
21024,2023-12-20 19:00:00,6,La Liga,30,Barcelona,362,Equipo histórico 362,30,Barcelona,1,João Cancelo_2_B,,,,,96,0.000109913,5.3432e-05,0.0,0.0,3488
21024,2023-12-20 19:00:00,6,La Liga,30,Barcelona,362,Equipo histórico 362,30,Barcelona,1,João Félix_14_B,,48.0,,level,48,0.000261688,0.000320113,0.0,0.0,2176
21024,2023-12-20 19:00:00,6,La Liga,30,Barcelona,362,Equipo histórico 362,30,Barcelona,1,Jules Koundé_23_B,48.0,,level,,48,0.00223783,0.00075356,0.736,1.0,11254
21024,2023-12-20 19:00:00,6,La Liga,30,Barcelona,362,Equipo histórico 362,30,Barcelona,1,Lamine Yamal_19_B,78.0,,level,,18,0.00308054,0.000554778,0.0,0.0,7670
21024,2023-12-20 19:00:00,6,La Liga,30,Barcelona,362,Equipo histórico 362,30,Barcelona,1,Marc Casado_17_B,,,,,0,0.00126044,0.000330566,0.008,0.014,2412
21024,2023-12-20 19:00:00,6,La Liga,30,Barcelona,362,Equipo histórico 362,30,Barcelona,1,Marc Guiu_38_B,,,,,0,-9.68217e-05,-4.26897e-05,0.0,0.0,193
21024,2023-12-20 19:00:00,6,La Liga,30,Barcelona,362,Equipo histórico 362,30,Barcelona,1,Oriol Romeu_18_B,69.0,,leading,,27,-4.63904e-06,0.000596374,0.0,0.0,1536
21024,2023-12-20 19:00:00,6,La Liga,30,Barcelona,362,Equipo histórico 362,30,Barcelona,1,Pau Cubarsí_2_B,,,,,0,0.000489738,0.000689197,0.0,0.0,6208
21024,2023-12-20 19:00:00,6,La Liga,30,Barcelona,362,Equipo histórico 362,30,Barcelona,1,Raphinha_11_B,,78.0,,level,78,0.00131215,0.000402672,0.736,1.0,8931
21024,2023-12-20 19:00:00,6,La Liga,30,Barcelona,362,Equipo histórico 362,30,Barcelona,1,Robert Lewandowski_9_B,,,,,96,-0.00130583,0.000914094,0.564,0.999,10145
21024,2023-12-20 19:00:00,6,La Liga,30,Barcelona,362,Equipo histórico 362,30,Barcelona,1,Ronald Araújo_4_B,,,,,96,0.00016609,0.000959492,0.736,1.0,6661
21024,2023-12-20 19:00:00,6,La Liga,30,Barcelona,362,Equipo histórico 362,30,Barcelona,1,Sergi Roberto_20_B,,,,,96,0.000651913,-0.000120976,0.0,0.0,2493
21024,2023-12-20 19:00:00,6,La Liga,30,Barcelona,362,Equipo histórico 362,30,Barcelona,1,İlkay Gündoğan_22_B,,,,,96,0.000780872,-0.000346235,0.0,0.0,4232
21030,2023-12-21 21:30:00,6,La Liga,523,Alavés,31,Real Madrid,31,Real Madrid,0,Andriy Lunin_13_RM,,,,,0,0.00135314,0.00113184,0.0,0.0,4637
21030,2023-12-21 21:30:00,6,La Liga,523,Alavés,31,Real Madrid,31,Real Madrid,0,Antonio Rüdiger_22_RM,,,,,97,0.00101494,0.000618977,0.0,0.0,10666
21030,2023-12-21 21:30:00,6,La Liga,523,Alavés,31,Real Madrid,31,Real Madrid,0,Aurélien Tchouaméni_14_RM,56.0,,level,,41,-0.000603586,0.00091019,0.264,0.565,8572
21030,2023-12-21 21:30:00,6,La Liga,523,Alavés,31,Real Madrid,31,Real Madrid,0,Brahim Díaz_21_RM,,77.0,,level,77,0.00321062,-0.000354507,0.082,0.176,4411
21030,2023-12-21 21:30:00,6,La Liga,523,Alavés,31,Real Madrid,31,Real Madrid,0,Dani Ceballos_19_RM,97.0,,leading,,0,0.0010414,0.00086943,0.0,0.0,4606
21030,2023-12-21 21:30:00,6,La Liga,523,Alavés,31,Real Madrid,31,Real Madrid,0,Federico Valverde_8_RM,,,,,97,0.00109636,0.00134977,0.264,0.565,11707
21030,2023-12-21 21:30:00,6,La Liga,523,Alavés,31,Real Madrid,31,Real Madrid,0,Fran Garcia_20_RM,,,,,97,0.00151615,4.55278e-05,0.0,0.0,4807
21030,2023-12-21 21:30:00,6,La Liga,523,Alavés,31,Real Madrid,31,Real Madrid,0,Gonzalo García_30_RM,,,,,0,-5.36235e-05,0.000482841,0.0,0.0,94
21030,2023-12-21 21:30:00,6,La Liga,523,Alavés,31,Real Madrid,31,Real Madrid,0,Joselu_14_RM,77.0,,level,,20,1.52568e-05,0.000834196,0.0,0.0,2277
21030,2023-12-21 21:30:00,6,La Liga,523,Alavés,31,Real Madrid,31,Real Madrid,0,Jude Bellingham_5_RM,,,,,97,0.00112068,-0.000274762,0.0,0.0,7793
21030,2023-12-21 21:30:00,6,La Liga,523,Alavés,31,Real Madrid,31,Real Madrid,0,Kepa Arrizabalaga_25_RM,,,,,97,-0.00025058,0.000481202,0.0,0.0,1754
21030,2023-12-21 21:30:00,6,La Liga,523,Alavés,31,Real Madrid,31,Real Madrid,0,Lucas Vázquez_17_RM,,,,,97,0.00132007,-0.000853061,0.0,0.0,6072
21030,2023-12-21 21:30:00,6,La Liga,523,Alavés,31,Real Madrid,31,Real Madrid,0,Luka Modrić_10_RM,,56.0,,level,56,0.00146142,0.000547068,0.0,0.0,6907
21030,2023-12-21 21:30:00,6,La Liga,523,Alavés,31,Real Madrid,31,Real Madrid,0,Nacho_6_RM,,,,,97,0.00147031,0.000367155,0.0,0.0,5214
21030,2023-12-21 21:30:00,6,La Liga,523,Alavés,31,Real Madrid,31,Real Madrid,0,Nicolás Paz_32_RM,,,,,0,-0.00019203,0.000218314,0.0,0.0,148
21030,2023-12-21 21:30:00,6,La Liga,523,Alavés,31,Real Madrid,31,Real Madrid,0,Rodrygo_11_RM,,97.0,,leading,97,0.000204649,0.000315861,0.182,0.389,9181
21030,2023-12-21 21:30:00,6,La Liga,523,Alavés,31,Real Madrid,31,Real Madrid,0,Toni Kroos_8_RM,,,,,97,0.000529318,0.000493378,0.0,0.0,5337
21036,2024-01-03 19:15:00,6,La Liga,31,Real Madrid,201,Mallorca,31,Real Madrid,1,Andriy Lunin_13_RM,,,,,95,0.00135314,0.00113184,0.0,0.0,4637
21036,2024-01-03 19:15:00,6,La Liga,31,Real Madrid,201,Mallorca,31,Real Madrid,1,Antonio Rüdiger_22_RM,,,,,95,0.00101494,0.000618977,0.0,0.0,10666
21036,2024-01-03 19:15:00,6,La Liga,31,Real Madrid,201,Mallorca,31,Real Madrid,1,Arda Güler_15_RM,,,,,0,7.01941e-05,-0.000836821,0.211,0.452,2380
21036,2024-01-03 19:15:00,6,La Liga,31,Real Madrid,201,Mallorca,31,Real Madrid,1,Aurélien Tchouaméni_14_RM,,,,,95,-0.000603586,0.00091019,0.264,0.565,8572
21036,2024-01-03 19:15:00,6,La Liga,31,Real Madrid,201,Mallorca,31,Real Madrid,1,Brahim Díaz_21_RM,62.0,,level,,33,0.00321062,-0.000354507,0.082,0.176,4411
21036,2024-01-03 19:15:00,6,La Liga,31,Real Madrid,201,Mallorca,31,Real Madrid,1,Dani Carvajal_2_RM,,,,,95,0.000618357,0.000728238,0.196,0.42,6003
21036,2024-01-03 19:15:00,6,La Liga,31,Real Madrid,201,Mallorca,31,Real Madrid,1,Dani Ceballos_19_RM,88.0,,leading,,7,0.0010414,0.00086943,0.0,0.0,4606
21036,2024-01-03 19:15:00,6,La Liga,31,Real Madrid,201,Mallorca,31,Real Madrid,1,Federico Valverde_8_RM,,,,,95,0.00109636,0.00134977,0.264,0.565,11707
21036,2024-01-03 19:15:00,6,La Liga,31,Real Madrid,201,Mallorca,31,Real Madrid,1,Fran Garcia_20_RM,,,,,95,0.00151615,4.55278e-05,0.0,0.0,4807
21036,2024-01-03 19:15:00,6,La Liga,31,Real Madrid,201,Mallorca,31,Real Madrid,1,Joselu_14_RM,69.0,,level,,26,1.52568e-05,0.000834196,0.0,0.0,2277
21036,2024-01-03 19:15:00,6,La Liga,31,Real Madrid,201,Mallorca,31,Real Madrid,1,Jude Bellingham_5_RM,,,,,95,0.00112068,-0.000274762,0.0,0.0,7793
21036,2024-01-03 19:15:00,6,La Liga,31,Real Madrid,201,Mallorca,31,Real Madrid,1,Kepa Arrizabalaga_25_RM,,,,,0,-0.00025058,0.000481202,0.0,0.0,1754
21036,2024-01-03 19:15:00,6,La Liga,31,Real Madrid,201,Mallorca,31,Real Madrid,1,Lucas Vázquez_17_RM,88.0,,leading,,7,0.00132007,-0.000853061,0.0,0.0,6072
21036,2024-01-03 19:15:00,6,La Liga,31,Real Madrid,201,Mallorca,31,Real Madrid,1,Luka Modrić_10_RM,,88.0,,leading,88,0.00146142,0.000547068,0.0,0.0,6907
21036,2024-01-03 19:15:00,6,La Liga,31,Real Madrid,201,Mallorca,31,Real Madrid,1,Nicolás Paz_32_RM,,,,,0,-0.00019203,0.000218314,0.0,0.0,148
21036,2024-01-03 19:15:00,6,La Liga,31,Real Madrid,201,Mallorca,31,Real Madrid,1,Rodrygo_11_RM,,88.0,,leading,88,0.000204649,0.000315861,0.182,0.389,9181
21036,2024-01-03 19:15:00,6,La Liga,31,Real Madrid,201,Mallorca,31,Real Madrid,1,Toni Kroos_8_RM,,69.0,,level,69,0.000529318,0.000493378,0.0,0.0,5337
21036,2024-01-03 19:15:00,6,La Liga,31,Real Madrid,201,Mallorca,31,Real Madrid,1,Vinicius Júnior_7_RM,,62.0,,level,62,-0.00186706,0.000820191,0.082,0.176,9694
21041,2024-01-04 20:30:00,6,La Liga,522,Equipo histórico 522,30,Barcelona,30,Barcelona,0,Alejandro Balde_3_B,,,,,101,0.00209699,0.000618303,0.0,0.0,7371
21041,2024-01-04 20:30:00,6,La Liga,522,Equipo histórico 522,30,Barcelona,30,Barcelona,0,Andreas Christensen_15_B,11.0,,level,,90,-0.000657376,0.000304607,0.172,0.304,4789
21041,2024-01-04 20:30:00,6,La Liga,522,Equipo histórico 522,30,Barcelona,30,Barcelona,0,Fermin López_16_B,81.0,,level,,20,-0.000980475,6.51575e-05,0.728,1.0,4228
21041,2024-01-04 20:30:00,6,La Liga,522,Equipo histórico 522,30,Barcelona,30,Barcelona,0,Ferrán Torres_7_B,,81.0,,level,81,0.000824349,-0.000703702,0.18,0.318,5186
21041,2024-01-04 20:30:00,6,La Liga,522,Equipo histórico 522,30,Barcelona,30,Barcelona,0,Frenkie de Jong_21_B,,,,,101,0.00304554,-0.000291865,0.736,1.0,7300
21041,2024-01-04 20:30:00,6,La Liga,522,Equipo histórico 522,30,Barcelona,30,Barcelona,0,Héctor Fort_32_B,,,,,0,-0.000463914,-0.000603466,0.0,0.0,1296
21041,2024-01-04 20:30:00,6,La Liga,522,Equipo histórico 522,30,Barcelona,30,Barcelona,0,Iñaki Peña_13_B,,,,,101,0.001789,-0.000771425,0.0,0.0,3754
21041,2024-01-04 20:30:00,6,La Liga,522,Equipo histórico 522,30,Barcelona,30,Barcelona,0,João Cancelo_2_B,,11.0,,level,11,0.000109913,5.3432e-05,0.0,0.0,3488
21041,2024-01-04 20:30:00,6,La Liga,522,Equipo histórico 522,30,Barcelona,30,Barcelona,0,João Félix_14_B,75.0,,level,,26,0.000261688,0.000320113,0.0,0.0,2176
21041,2024-01-04 20:30:00,6,La Liga,522,Equipo histórico 522,30,Barcelona,30,Barcelona,0,Jules Koundé_23_B,,,,,101,0.00223783,0.00075356,0.736,1.0,11254
21041,2024-01-04 20:30:00,6,La Liga,522,Equipo histórico 522,30,Barcelona,30,Barcelona,0,Lamine Yamal_19_B,75.0,,level,,26,0.00308054,0.000554778,0.0,0.0,7670
21041,2024-01-04 20:30:00,6,La Liga,522,Equipo histórico 522,30,Barcelona,30,Barcelona,0,Oriol Romeu_18_B,,,,,0,-4.63904e-06,0.000596374,0.0,0.0,1536
21041,2024-01-04 20:30:00,6,La Liga,522,Equipo histórico 522,30,Barcelona,30,Barcelona,0,Pau Cubarsí_2_B,,,,,0,0.000489738,0.000689197,0.0,0.0,6208
21041,2024-01-04 20:30:00,6,La Liga,522,Equipo histórico 522,30,Barcelona,30,Barcelona,0,Raphinha_11_B,,75.0,,level,75,0.00131215,0.000402672,0.736,1.0,8931
21041,2024-01-04 20:30:00,6,La Liga,522,Equipo histórico 522,30,Barcelona,30,Barcelona,0,Robert Lewandowski_9_B,,75.0,,level,75,-0.00130583,0.000914094,0.564,0.999,10145
21041,2024-01-04 20:30:00,6,La Liga,522,Equipo histórico 522,30,Barcelona,30,Barcelona,0,Ronald Araújo_4_B,,,,,101,0.00016609,0.000959492,0.736,1.0,6661
21041,2024-01-04 20:30:00,6,La Liga,522,Equipo histórico 522,30,Barcelona,30,Barcelona,0,Sergi Roberto_20_B,,81.0,,level,81,0.000651913,-0.000120976,0.0,0.0,2493
21041,2024-01-04 20:30:00,6,La Liga,522,Equipo histórico 522,30,Barcelona,30,Barcelona,0,Vitor Roque_19_B,81.0,,level,,20,0.000269556,0.000567539,0.0,0.0,433
21041,2024-01-04 20:30:00,6,La Liga,522,Equipo histórico 522,30,Barcelona,30,Barcelona,0,İlkay Gündoğan_22_B,,,,,101,0.000780872,-0.000346235,0.0,0.0,4232
26566,2024-01-06 21:30:00,17,Copa del Rey,1,Unknown Team X,31,Real Madrid,31,Real Madrid,0,Andriy Lunin_13_RM,,,,,0,0.00135314,0.00113184,0.0,0.0,4637
26566,2024-01-06 21:30:00,17,Copa del Rey,1,Unknown Team X,31,Real Madrid,31,Real Madrid,0,Antonio Rüdiger_22_RM,,,,,0,0.00101494,0.000618977,0.0,0.0,10666
26566,2024-01-06 21:30:00,17,Copa del Rey,1,Unknown Team X,31,Real Madrid,31,Real Madrid,0,Arda Güler_15_RM,,,,,58,7.01941e-05,-0.000836821,0.211,0.452,2380
26566,2024-01-06 21:30:00,17,Copa del Rey,1,Unknown Team X,31,Real Madrid,31,Real Madrid,0,Brahim Díaz_21_RM,,,,,90,0.00321062,-0.000354507,0.082,0.176,4411
26566,2024-01-06 21:30:00,17,Copa del Rey,1,Unknown Team X,31,Real Madrid,31,Real Madrid,0,Dani Carvajal_2_RM,,,,,0,0.000618357,0.000728238,0.196,0.42,6003
26566,2024-01-06 21:30:00,17,Copa del Rey,1,Unknown Team X,31,Real Madrid,31,Real Madrid,0,Dani Ceballos_19_RM,,,,,90,0.0010414,0.00086943,0.0,0.0,4606
26566,2024-01-06 21:30:00,17,Copa del Rey,1,Unknown Team X,31,Real Madrid,31,Real Madrid,0,Eduardo Camavinga_6_RM,,,,,58,0.000527662,0.000882211,0.0,0.0,7525
26566,2024-01-06 21:30:00,17,Copa del Rey,1,Unknown Team X,31,Real Madrid,31,Real Madrid,0,Federico Valverde_8_RM,,,,,32,0.00109636,0.00134977,0.264,0.565,11707
26566,2024-01-06 21:30:00,17,Copa del Rey,1,Unknown Team X,31,Real Madrid,31,Real Madrid,0,Fran Garcia_20_RM,,,,,90,0.00151615,4.55278e-05,0.0,0.0,4807
26566,2024-01-06 21:30:00,17,Copa del Rey,1,Unknown Team X,31,Real Madrid,31,Real Madrid,0,Joselu_14_RM,,,,,90,1.52568e-05,0.000834196,0.0,0.0,2277
26566,2024-01-06 21:30:00,17,Copa del Rey,1,Unknown Team X,31,Real Madrid,31,Real Madrid,0,Jude Bellingham_5_RM,,,,,0,0.00112068,-0.000274762,0.0,0.0,7793
26566,2024-01-06 21:30:00,17,Copa del Rey,1,Unknown Team X,31,Real Madrid,31,Real Madrid,0,Kepa Arrizabalaga_25_RM,,,,,90,-0.00025058,0.000481202,0.0,0.0,1754
26566,2024-01-06 21:30:00,17,Copa del Rey,1,Unknown Team X,31,Real Madrid,31,Real Madrid,0,Luka Modrić_10_RM,,,,,0,0.00146142,0.000547068,0.0,0.0,6907
26566,2024-01-06 21:30:00,17,Copa del Rey,1,Unknown Team X,31,Real Madrid,31,Real Madrid,0,Mario Martín_28_RM,,,,,21,3.74778e-05,-0.000238432,0.0,0.0,39
26566,2024-01-06 21:30:00,17,Copa del Rey,1,Unknown Team X,31,Real Madrid,31,Real Madrid,0,Nacho_6_RM,,,,,90,0.00147031,0.000367155,0.0,0.0,5214
26566,2024-01-06 21:30:00,17,Copa del Rey,1,Unknown Team X,31,Real Madrid,31,Real Madrid,0,Nicolás Paz_32_RM,,,,,69,-0.00019203,0.000218314,0.0,0.0,148
26566,2024-01-06 21:30:00,17,Copa del Rey,1,Unknown Team X,31,Real Madrid,31,Real Madrid,0,Rodrygo_11_RM,,,,,32,0.000204649,0.000315861,0.182,0.389,9181
26566,2024-01-06 21:30:00,17,Copa del Rey,1,Unknown Team X,31,Real Madrid,31,Real Madrid,0,Álvaro Rodríguez_29_RM,,,,,11,-0.000543337,0.00019577,0.0,0.0,139
26574,2024-01-07 21:00:00,17,Copa del Rey,1,Unknown Team X,30,Barcelona,30,Barcelona,0,Andreas Christensen_15_B,,,,,63,-0.000657376,0.000304607,0.172,0.304,4789
26574,2024-01-07 21:00:00,17,Copa del Rey,1,Unknown Team X,30,Barcelona,30,Barcelona,0,Fermin López_16_B,,,,,90,-0.000980475,6.51575e-05,0.728,1.0,4228
26574,2024-01-07 21:00:00,17,Copa del Rey,1,Unknown Team X,30,Barcelona,30,Barcelona,0,Ferrán Torres_7_B,,,,,90,0.000824349,-0.000703702,0.18,0.318,5186
26574,2024-01-07 21:00:00,17,Copa del Rey,1,Unknown Team X,30,Barcelona,30,Barcelona,0,Frenkie de Jong_21_B,,,,,90,0.00304554,-0.000291865,0.736,1.0,7300
26574,2024-01-07 21:00:00,17,Copa del Rey,1,Unknown Team X,30,Barcelona,30,Barcelona,0,Héctor Fort_32_B,,,,,90,-0.000463914,-0.000603466,0.0,0.0,1296
26574,2024-01-07 21:00:00,17,Copa del Rey,1,Unknown Team X,30,Barcelona,30,Barcelona,0,Iñaki Peña_13_B,,,,,90,0.001789,-0.000771425,0.0,0.0,3754
26574,2024-01-07 21:00:00,17,Copa del Rey,1,Unknown Team X,30,Barcelona,30,Barcelona,0,Iñigo Martínez_5_B,,,,,11,0.00172975,0.000118759,0.0,0.0,5736
26574,2024-01-07 21:00:00,17,Copa del Rey,1,Unknown Team X,30,Barcelona,30,Barcelona,0,João Félix_14_B,,,,,71,0.000261688,0.000320113,0.0,0.0,2176
26574,2024-01-07 21:00:00,17,Copa del Rey,1,Unknown Team X,30,Barcelona,30,Barcelona,0,Jules Koundé_23_B,,,,,90,0.00223783,0.00075356,0.736,1.0,11254
26574,2024-01-07 21:00:00,17,Copa del Rey,1,Unknown Team X,30,Barcelona,30,Barcelona,0,Marc Casado_17_B,,,,,0,0.00126044,0.000330566,0.008,0.014,2412
26574,2024-01-07 21:00:00,17,Copa del Rey,1,Unknown Team X,30,Barcelona,30,Barcelona,0,Oriol Romeu_18_B,,,,,71,-4.63904e-06,0.000596374,0.0,0.0,1536
26574,2024-01-07 21:00:00,17,Copa del Rey,1,Unknown Team X,30,Barcelona,30,Barcelona,0,Pau Cubarsí_2_B,,,,,0,0.000489738,0.000689197,0.0,0.0,6208
26574,2024-01-07 21:00:00,17,Copa del Rey,1,Unknown Team X,30,Barcelona,30,Barcelona,0,Raphinha_11_B,,,,,63,0.00131215,0.000402672,0.736,1.0,8931
26574,2024-01-07 21:00:00,17,Copa del Rey,1,Unknown Team X,30,Barcelona,30,Barcelona,0,Robert Lewandowski_9_B,,,,,19,-0.00130583,0.000914094,0.564,0.999,10145
26574,2024-01-07 21:00:00,17,Copa del Rey,1,Unknown Team X,30,Barcelona,30,Barcelona,0,Ronald Araújo_4_B,,,,,90,0.00016609,0.000959492,0.736,1.0,6661
26574,2024-01-07 21:00:00,17,Copa del Rey,1,Unknown Team X,30,Barcelona,30,Barcelona,0,Sergi Roberto_20_B,,,,,16,0.000651913,-0.000120976,0.0,0.0,2493
26574,2024-01-07 21:00:00,17,Copa del Rey,1,Unknown Team X,30,Barcelona,30,Barcelona,0,Vitor Roque_19_B,,,,,27,0.000269556,0.000567539,0.0,0.0,433
26574,2024-01-07 21:00:00,17,Copa del Rey,1,Unknown Team X,30,Barcelona,30,Barcelona,0,İlkay Gündoğan_22_B,,,,,19,0.000780872,-0.000346235,0.0,0.0,4232
26583,2024-01-18 19:30:00,17,Copa del Rey,1,Unknown Team X,30,Barcelona,30,Barcelona,0,Alejandro Balde_3_B,,,,,90,0.00209699,0.000618303,0.0,0.0,7371
26583,2024-01-18 19:30:00,17,Copa del Rey,1,Unknown Team X,30,Barcelona,30,Barcelona,0,Andreas Christensen_15_B,,,,,45,-0.000657376,0.000304607,0.172,0.304,4789
26583,2024-01-18 19:30:00,17,Copa del Rey,1,Unknown Team X,30,Barcelona,30,Barcelona,0,Fermin López_16_B,,,,,60,-0.000980475,6.51575e-05,0.728,1.0,4228
26583,2024-01-18 19:30:00,17,Copa del Rey,1,Unknown Team X,30,Barcelona,30,Barcelona,0,Ferrán Torres_7_B,,,,,81,0.000824349,-0.000703702,0.18,0.318,5186
26583,2024-01-18 19:30:00,17,Copa del Rey,1,Unknown Team X,30,Barcelona,30,Barcelona,0,Frenkie de Jong_21_B,,,,,90,0.00304554,-0.000291865,0.736,1.0,7300
26583,2024-01-18 19:30:00,17,Copa del Rey,1,Unknown Team X,30,Barcelona,30,Barcelona,0,Héctor Fort_32_B,,,,,0,-0.000463914,-0.000603466,0.0,0.0,1296
26583,2024-01-18 19:30:00,17,Copa del Rey,1,Unknown Team X,30,Barcelona,30,Barcelona,0,Iñaki Peña_13_B,,,,,90,0.001789,-0.000771425,0.0,0.0,3754
26583,2024-01-18 19:30:00,17,Copa del Rey,1,Unknown Team X,30,Barcelona,30,Barcelona,0,João Félix_14_B,,,,,60,0.000261688,0.000320113,0.0,0.0,2176
26583,2024-01-18 19:30:00,17,Copa del Rey,1,Unknown Team X,30,Barcelona,30,Barcelona,0,Jules Koundé_23_B,,,,,90,0.00223783,0.00075356,0.736,1.0,11254
26583,2024-01-18 19:30:00,17,Copa del Rey,1,Unknown Team X,30,Barcelona,30,Barcelona,0,Marc Casado_17_B,,,,,0,0.00126044,0.000330566,0.008,0.014,2412
26583,2024-01-18 19:30:00,17,Copa del Rey,1,Unknown Team X,30,Barcelona,30,Barcelona,0,Marc Guiu_38_B,,,,,60,-9.68217e-05,-4.26897e-05,0.0,0.0,193
26583,2024-01-18 19:30:00,17,Copa del Rey,1,Unknown Team X,30,Barcelona,30,Barcelona,0,Oriol Romeu_18_B,,,,,90,-4.63904e-06,0.000596374,0.0,0.0,1536
26583,2024-01-18 19:30:00,17,Copa del Rey,1,Unknown Team X,30,Barcelona,30,Barcelona,0,Pau Cubarsí_2_B,,,,,45,0.000489738,0.000689197,0.0,0.0,6208
26583,2024-01-18 19:30:00,17,Copa del Rey,1,Unknown Team X,30,Barcelona,30,Barcelona,0,Pedri_8_B,,,,,30,-0.000452767,-0.000759786,0.736,1.0,7907
26583,2024-01-18 19:30:00,17,Copa del Rey,1,Unknown Team X,30,Barcelona,30,Barcelona,0,Robert Lewandowski_9_B,,,,,30,-0.00130583,0.000914094,0.564,0.999,10145
26583,2024-01-18 19:30:00,17,Copa del Rey,1,Unknown Team X,30,Barcelona,30,Barcelona,0,Sergi Roberto_20_B,,,,,90,0.000651913,-0.000120976,0.0,0.0,2493
26583,2024-01-18 19:30:00,17,Copa del Rey,1,Unknown Team X,30,Barcelona,30,Barcelona,0,Vitor Roque_19_B,,,,,9,0.000269556,0.000567539,0.0,0.0,433
26583,2024-01-18 19:30:00,17,Copa del Rey,1,Unknown Team X,30,Barcelona,30,Barcelona,0,İlkay Gündoğan_22_B,,,,,30,0.000780872,-0.000346235,0.0,0.0,4232
26584,2024-01-18 21:30:00,17,Copa del Rey,39,Atlético Madrid,31,Real Madrid,31,Real Madrid,0,Andriy Lunin_13_RM,,,,,120,0.00135314,0.00113184,0.0,0.0,4637
26584,2024-01-18 21:30:00,17,Copa del Rey,39,Atlético Madrid,31,Real Madrid,31,Real Madrid,0,Antonio Rüdiger_22_RM,,,,,120,0.00101494,0.000618977,0.0,0.0,10666
26584,2024-01-18 21:30:00,17,Copa del Rey,39,Atlético Madrid,31,Real Madrid,31,Real Madrid,0,Arda Güler_15_RM,,,,,0,7.01941e-05,-0.000836821,0.211,0.452,2380
26584,2024-01-18 21:30:00,17,Copa del Rey,39,Atlético Madrid,31,Real Madrid,31,Real Madrid,0,Aurélien Tchouaméni_14_RM,,,,,48,-0.000603586,0.00091019,0.264,0.565,8572
26584,2024-01-18 21:30:00,17,Copa del Rey,39,Atlético Madrid,31,Real Madrid,31,Real Madrid,0,Brahim Díaz_21_RM,,,,,55,0.00321062,-0.000354507,0.082,0.176,4411
26584,2024-01-18 21:30:00,17,Copa del Rey,39,Atlético Madrid,31,Real Madrid,31,Real Madrid,0,Dani Carvajal_2_RM,,,,,120,0.000618357,0.000728238,0.196,0.42,6003
26584,2024-01-18 21:30:00,17,Copa del Rey,39,Atlético Madrid,31,Real Madrid,31,Real Madrid,0,Dani Ceballos_19_RM,,,,,15,0.0010414,0.00086943,0.0,0.0,4606
26584,2024-01-18 21:30:00,17,Copa del Rey,39,Atlético Madrid,31,Real Madrid,31,Real Madrid,0,Eduardo Camavinga_6_RM,,,,,104,0.000527662,0.000882211,0.0,0.0,7525
26584,2024-01-18 21:30:00,17,Copa del Rey,39,Atlético Madrid,31,Real Madrid,31,Real Madrid,0,Federico Valverde_8_RM,,,,,72,0.00109636,0.00134977,0.264,0.565,11707
26584,2024-01-18 21:30:00,17,Copa del Rey,39,Atlético Madrid,31,Real Madrid,31,Real Madrid,0,Ferland Mendy_23_RM,,,,,65,-0.00165897,0.000241543,0.0,0.0,5435
26584,2024-01-18 21:30:00,17,Copa del Rey,39,Atlético Madrid,31,Real Madrid,31,Real Madrid,0,Fran Garcia_20_RM,,,,,16,0.00151615,4.55278e-05,0.0,0.0,4807
26584,2024-01-18 21:30:00,17,Copa del Rey,39,Atlético Madrid,31,Real Madrid,31,Real Madrid,0,Joselu_14_RM,,,,,41,1.52568e-05,0.000834196,0.0,0.0,2277
26584,2024-01-18 21:30:00,17,Copa del Rey,39,Atlético Madrid,31,Real Madrid,31,Real Madrid,0,Jude Bellingham_5_RM,,,,,120,0.00112068,-0.000274762,0.0,0.0,7793
26584,2024-01-18 21:30:00,17,Copa del Rey,39,Atlético Madrid,31,Real Madrid,31,Real Madrid,0,Kepa Arrizabalaga_25_RM,,,,,0,-0.00025058,0.000481202,0.0,0.0,1754
26584,2024-01-18 21:30:00,17,Copa del Rey,39,Atlético Madrid,31,Real Madrid,31,Real Madrid,0,Luka Modrić_10_RM,,,,,65,0.00146142,0.000547068,0.0,0.0,6907
26584,2024-01-18 21:30:00,17,Copa del Rey,39,Atlético Madrid,31,Real Madrid,31,Real Madrid,0,Mario Martín_28_RM,,,,,0,3.74778e-05,-0.000238432,0.0,0.0,39
26584,2024-01-18 21:30:00,17,Copa del Rey,39,Atlético Madrid,31,Real Madrid,31,Real Madrid,0,Nacho_6_RM,,,,,105,0.00147031,0.000367155,0.0,0.0,5214
26584,2024-01-18 21:30:00,17,Copa del Rey,39,Atlético Madrid,31,Real Madrid,31,Real Madrid,0,Rodrygo_11_RM,,,,,79,0.000204649,0.000315861,0.182,0.389,9181
26584,2024-01-18 21:30:00,17,Copa del Rey,39,Atlético Madrid,31,Real Madrid,31,Real Madrid,0,Toni Kroos_8_RM,,,,,55,0.000529318,0.000493378,0.0,0.0,5337
26584,2024-01-18 21:30:00,17,Copa del Rey,39,Atlético Madrid,31,Real Madrid,31,Real Madrid,0,Vinicius Júnior_7_RM,,,,,120,-0.00186706,0.000820191,0.082,0.176,9694
21055,2024-01-21 16:15:00,6,La Liga,31,Real Madrid,362,Equipo histórico 362,31,Real Madrid,1,Andriy Lunin_13_RM,,,,,0,0.00135314,0.00113184,0.0,0.0,4637
21055,2024-01-21 16:15:00,6,La Liga,31,Real Madrid,362,Equipo histórico 362,31,Real Madrid,1,Antonio Rüdiger_22_RM,,,,,108,0.00101494,0.000618977,0.0,0.0,10666
21055,2024-01-21 16:15:00,6,La Liga,31,Real Madrid,362,Equipo histórico 362,31,Real Madrid,1,Arda Güler_15_RM,,,,,0,7.01941e-05,-0.000836821,0.211,0.452,2380
21055,2024-01-21 16:15:00,6,La Liga,31,Real Madrid,362,Equipo histórico 362,31,Real Madrid,1,Aurélien Tchouaméni_14_RM,,,,,108,-0.000603586,0.00091019,0.264,0.565,8572
21055,2024-01-21 16:15:00,6,La Liga,31,Real Madrid,362,Equipo histórico 362,31,Real Madrid,1,Brahim Díaz_21_RM,50.0,,trailing,,58,0.00321062,-0.000354507,0.082,0.176,4411
21055,2024-01-21 16:15:00,6,La Liga,31,Real Madrid,362,Equipo histórico 362,31,Real Madrid,1,Dani Carvajal_2_RM,,,,,108,0.000618357,0.000728238,0.196,0.42,6003
21055,2024-01-21 16:15:00,6,La Liga,31,Real Madrid,362,Equipo histórico 362,31,Real Madrid,1,Dani Ceballos_19_RM,74.0,,level,,34,0.0010414,0.00086943,0.0,0.0,4606
21055,2024-01-21 16:15:00,6,La Liga,31,Real Madrid,362,Equipo histórico 362,31,Real Madrid,1,Eduardo Camavinga_6_RM,86.0,,level,,22,0.000527662,0.000882211,0.0,0.0,7525
21055,2024-01-21 16:15:00,6,La Liga,31,Real Madrid,362,Equipo histórico 362,31,Real Madrid,1,Federico Valverde_8_RM,,74.0,,level,74,0.00109636,0.00134977,0.264,0.565,11707
21055,2024-01-21 16:15:00,6,La Liga,31,Real Madrid,362,Equipo histórico 362,31,Real Madrid,1,Ferland Mendy_23_RM,,50.0,,trailing,50,-0.00165897,0.000241543,0.0,0.0,5435
21055,2024-01-21 16:15:00,6,La Liga,31,Real Madrid,362,Equipo histórico 362,31,Real Madrid,1,Fran Garcia_20_RM,50.0,,trailing,,58,0.00151615,4.55278e-05,0.0,0.0,4807
21055,2024-01-21 16:15:00,6,La Liga,31,Real Madrid,362,Equipo histórico 362,31,Real Madrid,1,Joselu_14_RM,50.0,,trailing,,58,1.52568e-05,0.000834196,0.0,0.0,2277
21055,2024-01-21 16:15:00,6,La Liga,31,Real Madrid,362,Equipo histórico 362,31,Real Madrid,1,Jude Bellingham_5_RM,,,,,108,0.00112068,-0.000274762,0.0,0.0,7793
21055,2024-01-21 16:15:00,6,La Liga,31,Real Madrid,362,Equipo histórico 362,31,Real Madrid,1,Kepa Arrizabalaga_25_RM,,,,,108,-0.00025058,0.000481202,0.0,0.0,1754
21055,2024-01-21 16:15:00,6,La Liga,31,Real Madrid,362,Equipo histórico 362,31,Real Madrid,1,Lucas Vázquez_17_RM,,,,,0,0.00132007,-0.000853061,0.0,0.0,6072
21055,2024-01-21 16:15:00,6,La Liga,31,Real Madrid,362,Equipo histórico 362,31,Real Madrid,1,Luka Modrić_10_RM,,,,,0,0.00146142,0.000547068,0.0,0.0,6907
21055,2024-01-21 16:15:00,6,La Liga,31,Real Madrid,362,Equipo histórico 362,31,Real Madrid,1,Nacho_6_RM,,50.0,,trailing,50,0.00147031,0.000367155,0.0,0.0,5214
21055,2024-01-21 16:15:00,6,La Liga,31,Real Madrid,362,Equipo histórico 362,31,Real Madrid,1,Rodrygo_11_RM,,50.0,,trailing,50,0.000204649,0.000315861,0.182,0.389,9181
21055,2024-01-21 16:15:00,6,La Liga,31,Real Madrid,362,Equipo histórico 362,31,Real Madrid,1,Toni Kroos_8_RM,,86.0,,level,86,0.000529318,0.000493378,0.0,0.0,5337
21055,2024-01-21 16:15:00,6,La Liga,31,Real Madrid,362,Equipo histórico 362,31,Real Madrid,1,Vinicius Júnior_7_RM,,,,,108,-0.00186706,0.000820191,0.082,0.176,9694
21056,2024-01-21 18:30:00,6,La Liga,27,Equipo histórico 27,30,Barcelona,30,Barcelona,0,Alejandro Balde_3_B,,,,,96,0.00209699,0.000618303,0.0,0.0,7371
21056,2024-01-21 18:30:00,6,La Liga,27,Equipo histórico 27,30,Barcelona,30,Barcelona,0,Fermin López_16_B,71.0,,level,,25,-0.000980475,6.51575e-05,0.728,1.0,4228
21056,2024-01-21 18:30:00,6,La Liga,27,Equipo histórico 27,30,Barcelona,30,Barcelona,0,Ferrán Torres_7_B,,,,,96,0.000824349,-0.000703702,0.18,0.318,5186
21056,2024-01-21 18:30:00,6,La Liga,27,Equipo histórico 27,30,Barcelona,30,Barcelona,0,Frenkie de Jong_21_B,,,,,96,0.00304554,-0.000291865,0.736,1.0,7300
21056,2024-01-21 18:30:00,6,La Liga,27,Equipo histórico 27,30,Barcelona,30,Barcelona,0,Héctor Fort_32_B,,,,,0,-0.000463914,-0.000603466,0.0,0.0,1296
21056,2024-01-21 18:30:00,6,La Liga,27,Equipo histórico 27,30,Barcelona,30,Barcelona,0,Iñaki Peña_13_B,,,,,96,0.001789,-0.000771425,0.0,0.0,3754
21056,2024-01-21 18:30:00,6,La Liga,27,Equipo histórico 27,30,Barcelona,30,Barcelona,0,João Félix_14_B,81.0,,level,,15,0.000261688,0.000320113,0.0,0.0,2176
21056,2024-01-21 18:30:00,6,La Liga,27,Equipo histórico 27,30,Barcelona,30,Barcelona,0,Jules Koundé_23_B,,,,,96,0.00223783,0.00075356,0.736,1.0,11254
21056,2024-01-21 18:30:00,6,La Liga,27,Equipo histórico 27,30,Barcelona,30,Barcelona,0,Lamine Yamal_19_B,,,,,96,0.00308054,0.000554778,0.0,0.0,7670
21056,2024-01-21 18:30:00,6,La Liga,27,Equipo histórico 27,30,Barcelona,30,Barcelona,0,Marc Guiu_38_B,,,,,0,-9.68217e-05,-4.26897e-05,0.0,0.0,193
21056,2024-01-21 18:30:00,6,La Liga,27,Equipo histórico 27,30,Barcelona,30,Barcelona,0,Oriol Romeu_18_B,,,,,0,-4.63904e-06,0.000596374,0.0,0.0,1536
21056,2024-01-21 18:30:00,6,La Liga,27,Equipo histórico 27,30,Barcelona,30,Barcelona,0,Pau Cubarsí_2_B,,81.0,,level,81,0.000489738,0.000689197,0.0,0.0,6208
21056,2024-01-21 18:30:00,6,La Liga,27,Equipo histórico 27,30,Barcelona,30,Barcelona,0,Pedri_8_B,,71.0,,level,71,-0.000452767,-0.000759786,0.736,1.0,7907
21056,2024-01-21 18:30:00,6,La Liga,27,Equipo histórico 27,30,Barcelona,30,Barcelona,0,Robert Lewandowski_9_B,,63.0,,level,63,-0.00130583,0.000914094,0.564,0.999,10145
21056,2024-01-21 18:30:00,6,La Liga,27,Equipo histórico 27,30,Barcelona,30,Barcelona,0,Ronald Araújo_4_B,,,,,96,0.00016609,0.000959492,0.736,1.0,6661
21056,2024-01-21 18:30:00,6,La Liga,27,Equipo histórico 27,30,Barcelona,30,Barcelona,0,Sergi Roberto_20_B,,,,,0,0.000651913,-0.000120976,0.0,0.0,2493
21056,2024-01-21 18:30:00,6,La Liga,27,Equipo histórico 27,30,Barcelona,30,Barcelona,0,Vitor Roque_19_B,63.0,,level,,33,0.000269556,0.000567539,0.0,0.0,433
21056,2024-01-21 18:30:00,6,La Liga,27,Equipo histórico 27,30,Barcelona,30,Barcelona,0,İlkay Gündoğan_22_B,,,,,96,0.000780872,-0.000346235,0.0,0.0,4232
26587,2024-01-24 21:30:00,17,Copa del Rey,33,Athletic Club,30,Barcelona,30,Barcelona,0,Alejandro Balde_3_B,,,,,22,0.00209699,0.000618303,0.0,0.0,7371
26587,2024-01-24 21:30:00,17,Copa del Rey,33,Athletic Club,30,Barcelona,30,Barcelona,0,Andreas Christensen_15_B,,,,,69,-0.000657376,0.000304607,0.172,0.304,4789
26587,2024-01-24 21:30:00,17,Copa del Rey,33,Athletic Club,30,Barcelona,30,Barcelona,0,Fermin López_16_B,,,,,0,-0.000980475,6.51575e-05,0.728,1.0,4228
26587,2024-01-24 21:30:00,17,Copa del Rey,33,Athletic Club,30,Barcelona,30,Barcelona,0,Ferrán Torres_7_B,,,,,120,0.000824349,-0.000703702,0.18,0.318,5186
26587,2024-01-24 21:30:00,17,Copa del Rey,33,Athletic Club,30,Barcelona,30,Barcelona,0,Frenkie de Jong_21_B,,,,,120,0.00304554,-0.000291865,0.736,1.0,7300
26587,2024-01-24 21:30:00,17,Copa del Rey,33,Athletic Club,30,Barcelona,30,Barcelona,0,Héctor Fort_32_B,,,,,98,-0.000463914,-0.000603466,0.0,0.0,1296
26587,2024-01-24 21:30:00,17,Copa del Rey,33,Athletic Club,30,Barcelona,30,Barcelona,0,Iñaki Peña_13_B,,,,,120,0.001789,-0.000771425,0.0,0.0,3754
26587,2024-01-24 21:30:00,17,Copa del Rey,33,Athletic Club,30,Barcelona,30,Barcelona,0,João Cancelo_2_B,,,,,0,0.000109913,5.3432e-05,0.0,0.0,3488
26587,2024-01-24 21:30:00,17,Copa del Rey,33,Athletic Club,30,Barcelona,30,Barcelona,0,João Félix_14_B,,,,,43,0.000261688,0.000320113,0.0,0.0,2176
26587,2024-01-24 21:30:00,17,Copa del Rey,33,Athletic Club,30,Barcelona,30,Barcelona,0,Jules Koundé_23_B,,,,,120,0.00223783,0.00075356,0.736,1.0,11254
26587,2024-01-24 21:30:00,17,Copa del Rey,33,Athletic Club,30,Barcelona,30,Barcelona,0,Lamine Yamal_19_B,,,,,104,0.00308054,0.000554778,0.0,0.0,7670
26587,2024-01-24 21:30:00,17,Copa del Rey,33,Athletic Club,30,Barcelona,30,Barcelona,0,Marc Guiu_38_B,,,,,16,-9.68217e-05,-4.26897e-05,0.0,0.0,193
26587,2024-01-24 21:30:00,17,Copa del Rey,33,Athletic Club,30,Barcelona,30,Barcelona,0,Oriol Romeu_18_B,,,,,0,-4.63904e-06,0.000596374,0.0,0.0,1536
26587,2024-01-24 21:30:00,17,Copa del Rey,33,Athletic Club,30,Barcelona,30,Barcelona,0,Pau Cubarsí_2_B,,,,,51,0.000489738,0.000689197,0.0,0.0,6208
26587,2024-01-24 21:30:00,17,Copa del Rey,33,Athletic Club,30,Barcelona,30,Barcelona,0,Pedri_8_B,,,,,98,-0.000452767,-0.000759786,0.736,1.0,7907
26587,2024-01-24 21:30:00,17,Copa del Rey,33,Athletic Club,30,Barcelona,30,Barcelona,0,Robert Lewandowski_9_B,,,,,77,-0.00130583,0.000914094,0.564,0.999,10145
26587,2024-01-24 21:30:00,17,Copa del Rey,33,Athletic Club,30,Barcelona,30,Barcelona,0,Ronald Araújo_4_B,,,,,120,0.00016609,0.000959492,0.736,1.0,6661
26587,2024-01-24 21:30:00,17,Copa del Rey,33,Athletic Club,30,Barcelona,30,Barcelona,0,Sergi Roberto_20_B,,,,,22,0.000651913,-0.000120976,0.0,0.0,2493
26587,2024-01-24 21:30:00,17,Copa del Rey,33,Athletic Club,30,Barcelona,30,Barcelona,0,Vitor Roque_19_B,,,,,0,0.000269556,0.000567539,0.0,0.0,433
26587,2024-01-24 21:30:00,17,Copa del Rey,33,Athletic Club,30,Barcelona,30,Barcelona,0,İlkay Gündoğan_22_B,,,,,120,0.000780872,-0.000346235,0.0,0.0,4232
21061,2024-01-27 15:15:00,6,La Liga,522,Equipo histórico 522,31,Real Madrid,31,Real Madrid,0,Andriy Lunin_13_RM,,,,,99,0.00135314,0.00113184,0.0,0.0,4637
21061,2024-01-27 15:15:00,6,La Liga,522,Equipo histórico 522,31,Real Madrid,31,Real Madrid,0,Antonio Rüdiger_22_RM,,,,,99,0.00101494,0.000618977,0.0,0.0,10666
21061,2024-01-27 15:15:00,6,La Liga,522,Equipo histórico 522,31,Real Madrid,31,Real Madrid,0,Arda Güler_15_RM,81.0,,level,,18,7.01941e-05,-0.000836821,0.211,0.452,2380
21061,2024-01-27 15:15:00,6,La Liga,522,Equipo histórico 522,31,Real Madrid,31,Real Madrid,0,Aurélien Tchouaméni_14_RM,81.0,,level,,18,-0.000603586,0.00091019,0.264,0.565,8572
21061,2024-01-27 15:15:00,6,La Liga,522,Equipo histórico 522,31,Real Madrid,31,Real Madrid,0,Brahim Díaz_21_RM,,59.0,,trailing,59,0.00321062,-0.000354507,0.082,0.176,4411
21061,2024-01-27 15:15:00,6,La Liga,522,Equipo histórico 522,31,Real Madrid,31,Real Madrid,0,Dani Carvajal_2_RM,,,,,99,0.000618357,0.000728238,0.196,0.42,6003
21061,2024-01-27 15:15:00,6,La Liga,522,Equipo histórico 522,31,Real Madrid,31,Real Madrid,0,Dani Ceballos_19_RM,,59.0,,trailing,59,0.0010414,0.00086943,0.0,0.0,4606
21061,2024-01-27 15:15:00,6,La Liga,522,Equipo histórico 522,31,Real Madrid,31,Real Madrid,0,Eduardo Camavinga_6_RM,,81.0,,level,81,0.000527662,0.000882211,0.0,0.0,7525
21061,2024-01-27 15:15:00,6,La Liga,522,Equipo histórico 522,31,Real Madrid,31,Real Madrid,0,Federico Valverde_8_RM,59.0,,trailing,,40,0.00109636,0.00134977,0.264,0.565,11707
21061,2024-01-27 15:15:00,6,La Liga,522,Equipo histórico 522,31,Real Madrid,31,Real Madrid,0,Ferland Mendy_23_RM,90.0,,leading,,9,-0.00165897,0.000241543,0.0,0.0,5435
21061,2024-01-27 15:15:00,6,La Liga,522,Equipo histórico 522,31,Real Madrid,31,Real Madrid,0,Fran Garcia_20_RM,,,,,99,0.00151615,4.55278e-05,0.0,0.0,4807
21061,2024-01-27 15:15:00,6,La Liga,522,Equipo histórico 522,31,Real Madrid,31,Real Madrid,0,Joselu_14_RM,59.0,,trailing,,40,1.52568e-05,0.000834196,0.0,0.0,2277
21061,2024-01-27 15:15:00,6,La Liga,522,Equipo histórico 522,31,Real Madrid,31,Real Madrid,0,Kepa Arrizabalaga_25_RM,,,,,0,-0.00025058,0.000481202,0.0,0.0,1754
21061,2024-01-27 15:15:00,6,La Liga,522,Equipo histórico 522,31,Real Madrid,31,Real Madrid,0,Lucas Vázquez_17_RM,,,,,0,0.00132007,-0.000853061,0.0,0.0,6072
21061,2024-01-27 15:15:00,6,La Liga,522,Equipo histórico 522,31,Real Madrid,31,Real Madrid,0,Luka Modrić_10_RM,,,,,0,0.00146142,0.000547068,0.0,0.0,6907
21061,2024-01-27 15:15:00,6,La Liga,522,Equipo histórico 522,31,Real Madrid,31,Real Madrid,0,Nacho_6_RM,,,,,99,0.00147031,0.000367155,0.0,0.0,5214
21061,2024-01-27 15:15:00,6,La Liga,522,Equipo histórico 522,31,Real Madrid,31,Real Madrid,0,Rodrygo_11_RM,,81.0,,level,81,0.000204649,0.000315861,0.182,0.389,9181
21061,2024-01-27 15:15:00,6,La Liga,522,Equipo histórico 522,31,Real Madrid,31,Real Madrid,0,Toni Kroos_8_RM,,,,,99,0.000529318,0.000493378,0.0,0.0,5337
21061,2024-01-27 15:15:00,6,La Liga,522,Equipo histórico 522,31,Real Madrid,31,Real Madrid,0,Vinicius Júnior_7_RM,,90.0,,leading,90,-0.00186706,0.000820191,0.082,0.176,9694
21062,2024-01-27 18:30:00,6,La Liga,30,Barcelona,23,Villarreal,30,Barcelona,1,Andreas Christensen_15_B,,47.0,,trailing,47,-0.000657376,0.000304607,0.172,0.304,4789
21062,2024-01-27 18:30:00,6,La Liga,30,Barcelona,23,Villarreal,30,Barcelona,1,Fermin López_16_B,,,,,0,-0.000980475,6.51575e-05,0.728,1.0,4228
21062,2024-01-27 18:30:00,6,La Liga,30,Barcelona,23,Villarreal,30,Barcelona,1,Ferrán Torres_7_B,59.0,,trailing,,44,0.000824349,-0.000703702,0.18,0.318,5186
21062,2024-01-27 18:30:00,6,La Liga,30,Barcelona,23,Villarreal,30,Barcelona,1,Frenkie de Jong_21_B,,,,,103,0.00304554,-0.000291865,0.736,1.0,7300
21062,2024-01-27 18:30:00,6,La Liga,30,Barcelona,23,Villarreal,30,Barcelona,1,Héctor Fort_32_B,,47.0,,trailing,47,-0.000463914,-0.000603466,0.0,0.0,1296
21062,2024-01-27 18:30:00,6,La Liga,30,Barcelona,23,Villarreal,30,Barcelona,1,Iñaki Peña_13_B,,,,,103,0.001789,-0.000771425,0.0,0.0,3754
21062,2024-01-27 18:30:00,6,La Liga,30,Barcelona,23,Villarreal,30,Barcelona,1,João Cancelo_2_B,47.0,,trailing,,56,0.000109913,5.3432e-05,0.0,0.0,3488
21062,2024-01-27 18:30:00,6,La Liga,30,Barcelona,23,Villarreal,30,Barcelona,1,João Félix_14_B,,59.0,,trailing,59,0.000261688,0.000320113,0.0,0.0,2176
21062,2024-01-27 18:30:00,6,La Liga,30,Barcelona,23,Villarreal,30,Barcelona,1,Jules Koundé_23_B,,,,,103,0.00223783,0.00075356,0.736,1.0,11254
21062,2024-01-27 18:30:00,6,La Liga,30,Barcelona,23,Villarreal,30,Barcelona,1,Lamine Yamal_19_B,,,,,103,0.00308054,0.000554778,0.0,0.0,7670
21062,2024-01-27 18:30:00,6,La Liga,30,Barcelona,23,Villarreal,30,Barcelona,1,Marc Casado_17_B,,,,,0,0.00126044,0.000330566,0.008,0.014,2412
21062,2024-01-27 18:30:00,6,La Liga,30,Barcelona,23,Villarreal,30,Barcelona,1,Marc Guiu_38_B,,,,,0,-9.68217e-05,-4.26897e-05,0.0,0.0,193
21062,2024-01-27 18:30:00,6,La Liga,30,Barcelona,23,Villarreal,30,Barcelona,1,Oriol Romeu_18_B,,47.0,,trailing,47,-4.63904e-06,0.000596374,0.0,0.0,1536
21062,2024-01-27 18:30:00,6,La Liga,30,Barcelona,23,Villarreal,30,Barcelona,1,Pau Cubarsí_2_B,47.0,,trailing,,56,0.000489738,0.000689197,0.0,0.0,6208
21062,2024-01-27 18:30:00,6,La Liga,30,Barcelona,23,Villarreal,30,Barcelona,1,Pedri_8_B,47.0,,trailing,,56,-0.000452767,-0.000759786,0.736,1.0,7907
21062,2024-01-27 18:30:00,6,La Liga,30,Barcelona,23,Villarreal,30,Barcelona,1,Robert Lewandowski_9_B,,78.0,,leading,78,-0.00130583,0.000914094,0.564,0.999,10145
21062,2024-01-27 18:30:00,6,La Liga,30,Barcelona,23,Villarreal,30,Barcelona,1,Ronald Araújo_4_B,,,,,103,0.00016609,0.000959492,0.736,1.0,6661
21062,2024-01-27 18:30:00,6,La Liga,30,Barcelona,23,Villarreal,30,Barcelona,1,Vitor Roque_19_B,78.0,,leading,,25,0.000269556,0.000567539,0.0,0.0,433
21062,2024-01-27 18:30:00,6,La Liga,30,Barcelona,23,Villarreal,30,Barcelona,1,İlkay Gündoğan_22_B,,,,,103,0.000780872,-0.000346235,0.0,0.0,4232
21069,2024-01-31 19:00:00,6,La Liga,30,Barcelona,29,Osasuna,30,Barcelona,1,Andreas Christensen_15_B,,,,,0,-0.000657376,0.000304607,0.172,0.304,4789
21069,2024-01-31 19:00:00,6,La Liga,30,Barcelona,29,Osasuna,30,Barcelona,1,Fermin López_16_B,7.0,64.0,level,leading,57,-0.000980475,6.51575e-05,0.728,1.0,4228
21069,2024-01-31 19:00:00,6,La Liga,30,Barcelona,29,Osasuna,30,Barcelona,1,Ferrán Torres_7_B,,7.0,,level,7,0.000824349,-0.000703702,0.18,0.318,5186
21069,2024-01-31 19:00:00,6,La Liga,30,Barcelona,29,Osasuna,30,Barcelona,1,Frenkie de Jong_21_B,,,,,96,0.00304554,-0.000291865,0.736,1.0,7300
21069,2024-01-31 19:00:00,6,La Liga,30,Barcelona,29,Osasuna,30,Barcelona,1,Héctor Fort_32_B,,,,,0,-0.000463914,-0.000603466,0.0,0.0,1296
21069,2024-01-31 19:00:00,6,La Liga,30,Barcelona,29,Osasuna,30,Barcelona,1,Iñaki Peña_13_B,,,,,96,0.001789,-0.000771425,0.0,0.0,3754
21069,2024-01-31 19:00:00,6,La Liga,30,Barcelona,29,Osasuna,30,Barcelona,1,João Cancelo_2_B,,,,,96,0.000109913,5.3432e-05,0.0,0.0,3488
21069,2024-01-31 19:00:00,6,La Liga,30,Barcelona,29,Osasuna,30,Barcelona,1,Jules Koundé_23_B,,,,,96,0.00223783,0.00075356,0.736,1.0,11254
21069,2024-01-31 19:00:00,6,La Liga,30,Barcelona,29,Osasuna,30,Barcelona,1,Lamine Yamal_19_B,,,,,96,0.00308054,0.000554778,0.0,0.0,7670
21069,2024-01-31 19:00:00,6,La Liga,30,Barcelona,29,Osasuna,30,Barcelona,1,Marc Casado_17_B,,,,,0,0.00126044,0.000330566,0.008,0.014,2412
21069,2024-01-31 19:00:00,6,La Liga,30,Barcelona,29,Osasuna,30,Barcelona,1,Oriol Romeu_18_B,79.0,,leading,,17,-4.63904e-06,0.000596374,0.0,0.0,1536
21069,2024-01-31 19:00:00,6,La Liga,30,Barcelona,29,Osasuna,30,Barcelona,1,Pau Cubarsí_2_B,,,,,96,0.000489738,0.000689197,0.0,0.0,6208
21069,2024-01-31 19:00:00,6,La Liga,30,Barcelona,29,Osasuna,30,Barcelona,1,Pedri_8_B,,79.0,,leading,79,-0.000452767,-0.000759786,0.736,1.0,7907
21069,2024-01-31 19:00:00,6,La Liga,30,Barcelona,29,Osasuna,30,Barcelona,1,Robert Lewandowski_9_B,,,,,96,-0.00130583,0.000914094,0.564,0.999,10145
21069,2024-01-31 19:00:00,6,La Liga,30,Barcelona,29,Osasuna,30,Barcelona,1,Ronald Araújo_4_B,,,,,96,0.00016609,0.000959492,0.736,1.0,6661
21069,2024-01-31 19:00:00,6,La Liga,30,Barcelona,29,Osasuna,30,Barcelona,1,Vitor Roque_19_B,64.0,,leading,,32,0.000269556,0.000567539,0.0,0.0,433
21069,2024-01-31 19:00:00,6,La Liga,30,Barcelona,29,Osasuna,30,Barcelona,1,İlkay Gündoğan_22_B,,,,,96,0.000780872,-0.000346235,0.0,0.0,4232
21071,2024-02-01 21:00:00,6,La Liga,24,Getafe,31,Real Madrid,31,Real Madrid,0,Andriy Lunin_13_RM,,,,,96,0.00135314,0.00113184,0.0,0.0,4637
21071,2024-02-01 21:00:00,6,La Liga,24,Getafe,31,Real Madrid,31,Real Madrid,0,Antonio Rüdiger_22_RM,,50.0,,leading,50,0.00101494,0.000618977,0.0,0.0,10666
21071,2024-02-01 21:00:00,6,La Liga,24,Getafe,31,Real Madrid,31,Real Madrid,0,Arda Güler_15_RM,,,,,0,7.01941e-05,-0.000836821,0.211,0.452,2380
21071,2024-02-01 21:00:00,6,La Liga,24,Getafe,31,Real Madrid,31,Real Madrid,0,Aurélien Tchouaméni_14_RM,,,,,96,-0.000603586,0.00091019,0.264,0.565,8572
21071,2024-02-01 21:00:00,6,La Liga,24,Getafe,31,Real Madrid,31,Real Madrid,0,Brahim Díaz_21_RM,92.0,,leading,,4,0.00321062,-0.000354507,0.082,0.176,4411
21071,2024-02-01 21:00:00,6,La Liga,24,Getafe,31,Real Madrid,31,Real Madrid,0,Dani Carvajal_2_RM,92.0,,leading,,4,0.000618357,0.000728238,0.196,0.42,6003
21071,2024-02-01 21:00:00,6,La Liga,24,Getafe,31,Real Madrid,31,Real Madrid,0,Dani Ceballos_19_RM,,,,,0,0.0010414,0.00086943,0.0,0.0,4606
21071,2024-02-01 21:00:00,6,La Liga,24,Getafe,31,Real Madrid,31,Real Madrid,0,Eduardo Camavinga_6_RM,50.0,,leading,,46,0.000527662,0.000882211,0.0,0.0,7525
21071,2024-02-01 21:00:00,6,La Liga,24,Getafe,31,Real Madrid,31,Real Madrid,0,Federico Valverde_8_RM,,,,,96,0.00109636,0.00134977,0.264,0.565,11707
21071,2024-02-01 21:00:00,6,La Liga,24,Getafe,31,Real Madrid,31,Real Madrid,0,Ferland Mendy_23_RM,,,,,96,-0.00165897,0.000241543,0.0,0.0,5435
21071,2024-02-01 21:00:00,6,La Liga,24,Getafe,31,Real Madrid,31,Real Madrid,0,Fran Garcia_20_RM,,,,,0,0.00151615,4.55278e-05,0.0,0.0,4807
21071,2024-02-01 21:00:00,6,La Liga,24,Getafe,31,Real Madrid,31,Real Madrid,0,Joselu_14_RM,,92.0,,leading,92,1.52568e-05,0.000834196,0.0,0.0,2277
21071,2024-02-01 21:00:00,6,La Liga,24,Getafe,31,Real Madrid,31,Real Madrid,0,Jude Bellingham_5_RM,,92.0,,leading,92,0.00112068,-0.000274762,0.0,0.0,7793
21071,2024-02-01 21:00:00,6,La Liga,24,Getafe,31,Real Madrid,31,Real Madrid,0,Kepa Arrizabalaga_25_RM,,,,,0,-0.00025058,0.000481202,0.0,0.0,1754
21071,2024-02-01 21:00:00,6,La Liga,24,Getafe,31,Real Madrid,31,Real Madrid,0,Lucas Vázquez_17_RM,,,,,96,0.00132007,-0.000853061,0.0,0.0,6072
21071,2024-02-01 21:00:00,6,La Liga,24,Getafe,31,Real Madrid,31,Real Madrid,0,Luka Modrić_10_RM,,,,,96,0.00146142,0.000547068,0.0,0.0,6907
21071,2024-02-01 21:00:00,6,La Liga,24,Getafe,31,Real Madrid,31,Real Madrid,0,Nacho_6_RM,,,,,96,0.00147031,0.000367155,0.0,0.0,5214
21071,2024-02-01 21:00:00,6,La Liga,24,Getafe,31,Real Madrid,31,Real Madrid,0,Rodrygo_11_RM,79.0,,leading,,17,0.000204649,0.000315861,0.182,0.389,9181
21071,2024-02-01 21:00:00,6,La Liga,24,Getafe,31,Real Madrid,31,Real Madrid,0,Toni Kroos_8_RM,,,,,0,0.000529318,0.000493378,0.0,0.0,5337
21071,2024-02-01 21:00:00,6,La Liga,24,Getafe,31,Real Madrid,31,Real Madrid,0,Vinicius Júnior_7_RM,,79.0,,leading,79,-0.00186706,0.000820191,0.082,0.176,9694
21075,2024-02-03 18:30:00,6,La Liga,523,Alavés,30,Barcelona,30,Barcelona,0,Andreas Christensen_15_B,,82.0,,leading,82,-0.000657376,0.000304607,0.172,0.304,4789
21075,2024-02-03 18:30:00,6,La Liga,523,Alavés,30,Barcelona,30,Barcelona,0,Fermin López_16_B,74.0,,leading,,23,-0.000980475,6.51575e-05,0.728,1.0,4228
21075,2024-02-03 18:30:00,6,La Liga,523,Alavés,30,Barcelona,30,Barcelona,0,Frenkie de Jong_21_B,,,,,97,0.00304554,-0.000291865,0.736,1.0,7300
21075,2024-02-03 18:30:00,6,La Liga,523,Alavés,30,Barcelona,30,Barcelona,0,Héctor Fort_32_B,46.0,,leading,,51,-0.000463914,-0.000603466,0.0,0.0,1296
21075,2024-02-03 18:30:00,6,La Liga,523,Alavés,30,Barcelona,30,Barcelona,0,Iñaki Peña_13_B,,,,,97,0.001789,-0.000771425,0.0,0.0,3754
21075,2024-02-03 18:30:00,6,La Liga,523,Alavés,30,Barcelona,30,Barcelona,0,Iñigo Martínez_5_B,82.0,,leading,,15,0.00172975,0.000118759,0.0,0.0,5736
21075,2024-02-03 18:30:00,6,La Liga,523,Alavés,30,Barcelona,30,Barcelona,0,João Cancelo_2_B,,46.0,,leading,46,0.000109913,5.3432e-05,0.0,0.0,3488
21075,2024-02-03 18:30:00,6,La Liga,523,Alavés,30,Barcelona,30,Barcelona,0,Jules Koundé_23_B,,,,,97,0.00223783,0.00075356,0.736,1.0,11254
21075,2024-02-03 18:30:00,6,La Liga,523,Alavés,30,Barcelona,30,Barcelona,0,Lamine Yamal_19_B,,,,,97,0.00308054,0.000554778,0.0,0.0,7670
21075,2024-02-03 18:30:00,6,La Liga,523,Alavés,30,Barcelona,30,Barcelona,0,Marc Casado_17_B,,,,,0,0.00126044,0.000330566,0.008,0.014,2412
21075,2024-02-03 18:30:00,6,La Liga,523,Alavés,30,Barcelona,30,Barcelona,0,Marc Guiu_38_B,,,,,0,-9.68217e-05,-4.26897e-05,0.0,0.0,193
21075,2024-02-03 18:30:00,6,La Liga,523,Alavés,30,Barcelona,30,Barcelona,0,Oriol Romeu_18_B,83.0,,leading,,14,-4.63904e-06,0.000596374,0.0,0.0,1536
21075,2024-02-03 18:30:00,6,La Liga,523,Alavés,30,Barcelona,30,Barcelona,0,Pau Cubarsí_2_B,,83.0,,leading,83,0.000489738,0.000689197,0.0,0.0,6208
21075,2024-02-03 18:30:00,6,La Liga,523,Alavés,30,Barcelona,30,Barcelona,0,Pedri_8_B,,74.0,,leading,74,-0.000452767,-0.000759786,0.736,1.0,7907
21075,2024-02-03 18:30:00,6,La Liga,523,Alavés,30,Barcelona,30,Barcelona,0,Robert Lewandowski_9_B,,,,,97,-0.00130583,0.000914094,0.564,0.999,10145
21075,2024-02-03 18:30:00,6,La Liga,523,Alavés,30,Barcelona,30,Barcelona,0,Ronald Araújo_4_B,,,,,97,0.00016609,0.000959492,0.736,1.0,6661
21075,2024-02-03 18:30:00,6,La Liga,523,Alavés,30,Barcelona,30,Barcelona,0,Vitor Roque_19_B,59.0,,leading,,38,0.000269556,0.000567539,0.0,0.0,433
21075,2024-02-03 18:30:00,6,La Liga,523,Alavés,30,Barcelona,30,Barcelona,0,İlkay Gündoğan_22_B,,59.0,,leading,59,0.000780872,-0.000346235,0.0,0.0,4232
21080,2024-02-04 21:00:00,6,La Liga,31,Real Madrid,39,Atlético Madrid,31,Real Madrid,1,Andriy Lunin_13_RM,,,,,96,0.00135314,0.00113184,0.0,0.0,4637
21080,2024-02-04 21:00:00,6,La Liga,31,Real Madrid,39,Atlético Madrid,31,Real Madrid,1,Arda Güler_15_RM,,,,,0,7.01941e-05,-0.000836821,0.211,0.452,2380
21080,2024-02-04 21:00:00,6,La Liga,31,Real Madrid,39,Atlético Madrid,31,Real Madrid,1,Brahim Díaz_21_RM,,72.0,,leading,72,0.00321062,-0.000354507,0.082,0.176,4411
21080,2024-02-04 21:00:00,6,La Liga,31,Real Madrid,39,Atlético Madrid,31,Real Madrid,1,Dani Carvajal_2_RM,,,,,96,0.000618357,0.000728238,0.196,0.42,6003
21080,2024-02-04 21:00:00,6,La Liga,31,Real Madrid,39,Atlético Madrid,31,Real Madrid,1,Dani Ceballos_19_RM,89.0,,leading,,7,0.0010414,0.00086943,0.0,0.0,4606
21080,2024-02-04 21:00:00,6,La Liga,31,Real Madrid,39,Atlético Madrid,31,Real Madrid,1,Eduardo Camavinga_6_RM,,,,,96,0.000527662,0.000882211,0.0,0.0,7525
21080,2024-02-04 21:00:00,6,La Liga,31,Real Madrid,39,Atlético Madrid,31,Real Madrid,1,Federico Valverde_8_RM,,,,,96,0.00109636,0.00134977,0.264,0.565,11707
21080,2024-02-04 21:00:00,6,La Liga,31,Real Madrid,39,Atlético Madrid,31,Real Madrid,1,Ferland Mendy_23_RM,,,,,96,-0.00165897,0.000241543,0.0,0.0,5435
21080,2024-02-04 21:00:00,6,La Liga,31,Real Madrid,39,Atlético Madrid,31,Real Madrid,1,Fran Garcia_20_RM,,,,,0,0.00151615,4.55278e-05,0.0,0.0,4807
21080,2024-02-04 21:00:00,6,La Liga,31,Real Madrid,39,Atlético Madrid,31,Real Madrid,1,Joselu_14_RM,72.0,,leading,,24,1.52568e-05,0.000834196,0.0,0.0,2277
21080,2024-02-04 21:00:00,6,La Liga,31,Real Madrid,39,Atlético Madrid,31,Real Madrid,1,Jude Bellingham_5_RM,,89.0,,leading,89,0.00112068,-0.000274762,0.0,0.0,7793
21080,2024-02-04 21:00:00,6,La Liga,31,Real Madrid,39,Atlético Madrid,31,Real Madrid,1,Kepa Arrizabalaga_25_RM,,,,,0,-0.00025058,0.000481202,0.0,0.0,1754
21080,2024-02-04 21:00:00,6,La Liga,31,Real Madrid,39,Atlético Madrid,31,Real Madrid,1,Lucas Vázquez_17_RM,,,,,96,0.00132007,-0.000853061,0.0,0.0,6072
21080,2024-02-04 21:00:00,6,La Liga,31,Real Madrid,39,Atlético Madrid,31,Real Madrid,1,Luka Modrić_10_RM,77.0,,leading,,19,0.00146142,0.000547068,0.0,0.0,6907
21080,2024-02-04 21:00:00,6,La Liga,31,Real Madrid,39,Atlético Madrid,31,Real Madrid,1,Nacho_6_RM,,,,,96,0.00147031,0.000367155,0.0,0.0,5214
21080,2024-02-04 21:00:00,6,La Liga,31,Real Madrid,39,Atlético Madrid,31,Real Madrid,1,Rodrygo_11_RM,,77.0,,leading,77,0.000204649,0.000315861,0.182,0.389,9181
21080,2024-02-04 21:00:00,6,La Liga,31,Real Madrid,39,Atlético Madrid,31,Real Madrid,1,Toni Kroos_8_RM,,,,,96,0.000529318,0.000493378,0.0,0.0,5337
21080,2024-02-04 21:00:00,6,La Liga,31,Real Madrid,39,Atlético Madrid,31,Real Madrid,1,Vinicius Júnior_7_RM,,,,,0,-0.00186706,0.000820191,0.082,0.176,9694
21085,2024-02-10 18:30:00,6,La Liga,31,Real Madrid,363,Girona,31,Real Madrid,1,Andriy Lunin_13_RM,,,,,95,0.00135314,0.00113184,0.0,0.0,4637
21085,2024-02-10 18:30:00,6,La Liga,31,Real Madrid,363,Girona,31,Real Madrid,1,Arda Güler_15_RM,81.0,,leading,,14,7.01941e-05,-0.000836821,0.211,0.452,2380
21085,2024-02-10 18:30:00,6,La Liga,31,Real Madrid,363,Girona,31,Real Madrid,1,Aurélien Tchouaméni_14_RM,,,,,95,-0.000603586,0.00091019,0.264,0.565,8572
21085,2024-02-10 18:30:00,6,La Liga,31,Real Madrid,363,Girona,31,Real Madrid,1,Brahim Díaz_21_RM,61.0,,leading,,34,0.00321062,-0.000354507,0.082,0.176,4411
21085,2024-02-10 18:30:00,6,La Liga,31,Real Madrid,363,Girona,31,Real Madrid,1,Dani Carvajal_2_RM,,,,,95,0.000618357,0.000728238,0.196,0.42,6003
21085,2024-02-10 18:30:00,6,La Liga,31,Real Madrid,363,Girona,31,Real Madrid,1,Dani Ceballos_19_RM,,,,,0,0.0010414,0.00086943,0.0,0.0,4606
21085,2024-02-10 18:30:00,6,La Liga,31,Real Madrid,363,Girona,31,Real Madrid,1,Eduardo Camavinga_6_RM,,,,,95,0.000527662,0.000882211,0.0,0.0,7525
21085,2024-02-10 18:30:00,6,La Liga,31,Real Madrid,363,Girona,31,Real Madrid,1,Federico Valverde_8_RM,,,,,95,0.00109636,0.00134977,0.264,0.565,11707
21085,2024-02-10 18:30:00,6,La Liga,31,Real Madrid,363,Girona,31,Real Madrid,1,Ferland Mendy_23_RM,,81.0,,leading,81,-0.00165897,0.000241543,0.0,0.0,5435
21085,2024-02-10 18:30:00,6,La Liga,31,Real Madrid,363,Girona,31,Real Madrid,1,Fran Garcia_20_RM,81.0,,leading,,14,0.00151615,4.55278e-05,0.0,0.0,4807
21085,2024-02-10 18:30:00,6,La Liga,31,Real Madrid,363,Girona,31,Real Madrid,1,Joselu_14_RM,74.0,,leading,,21,1.52568e-05,0.000834196,0.0,0.0,2277
21085,2024-02-10 18:30:00,6,La Liga,31,Real Madrid,363,Girona,31,Real Madrid,1,Jude Bellingham_5_RM,,61.0,,leading,61,0.00112068,-0.000274762,0.0,0.0,7793
21085,2024-02-10 18:30:00,6,La Liga,31,Real Madrid,363,Girona,31,Real Madrid,1,Kepa Arrizabalaga_25_RM,,,,,0,-0.00025058,0.000481202,0.0,0.0,1754
21085,2024-02-10 18:30:00,6,La Liga,31,Real Madrid,363,Girona,31,Real Madrid,1,Lucas Vázquez_17_RM,,,,,95,0.00132007,-0.000853061,0.0,0.0,6072
21085,2024-02-10 18:30:00,6,La Liga,31,Real Madrid,363,Girona,31,Real Madrid,1,Luka Modrić_10_RM,74.0,,leading,,21,0.00146142,0.000547068,0.0,0.0,6907
21085,2024-02-10 18:30:00,6,La Liga,31,Real Madrid,363,Girona,31,Real Madrid,1,Rodrygo_11_RM,,74.0,,leading,74,0.000204649,0.000315861,0.182,0.389,9181
21085,2024-02-10 18:30:00,6,La Liga,31,Real Madrid,363,Girona,31,Real Madrid,1,Toni Kroos_8_RM,,74.0,,leading,74,0.000529318,0.000493378,0.0,0.0,5337
21085,2024-02-10 18:30:00,6,La Liga,31,Real Madrid,363,Girona,31,Real Madrid,1,Vinicius Júnior_7_RM,,81.0,,leading,81,-0.00186706,0.000820191,0.082,0.176,9694
21090,2024-02-11 21:00:00,6,La Liga,30,Barcelona,524,Equipo histórico 524,30,Barcelona,1,Andreas Christensen_15_B,,67.0,,trailing,67,-0.000657376,0.000304607,0.172,0.304,4789
21090,2024-02-11 21:00:00,6,La Liga,30,Barcelona,524,Equipo histórico 524,30,Barcelona,1,Fermin López_16_B,67.0,,trailing,,29,-0.000980475,6.51575e-05,0.728,1.0,4228
21090,2024-02-11 21:00:00,6,La Liga,30,Barcelona,524,Equipo histórico 524,30,Barcelona,1,Frenkie de Jong_21_B,,,,,96,0.00304554,-0.000291865,0.736,1.0,7300
21090,2024-02-11 21:00:00,6,La Liga,30,Barcelona,524,Equipo histórico 524,30,Barcelona,1,Héctor Fort_32_B,,,,,0,-0.000463914,-0.000603466,0.0,0.0,1296
21090,2024-02-11 21:00:00,6,La Liga,30,Barcelona,524,Equipo histórico 524,30,Barcelona,1,Iñaki Peña_13_B,,,,,0,0.001789,-0.000771425,0.0,0.0,3754
21090,2024-02-11 21:00:00,6,La Liga,30,Barcelona,524,Equipo histórico 524,30,Barcelona,1,Iñigo Martínez_5_B,,,,,96,0.00172975,0.000118759,0.0,0.0,5736
21090,2024-02-11 21:00:00,6,La Liga,30,Barcelona,524,Equipo histórico 524,30,Barcelona,1,João Cancelo_2_B,,75.0,,trailing,75,0.000109913,5.3432e-05,0.0,0.0,3488
21090,2024-02-11 21:00:00,6,La Liga,30,Barcelona,524,Equipo histórico 524,30,Barcelona,1,Jules Koundé_23_B,,,,,96,0.00223783,0.00075356,0.736,1.0,11254
21090,2024-02-11 21:00:00,6,La Liga,30,Barcelona,524,Equipo histórico 524,30,Barcelona,1,Lamine Yamal_19_B,,,,,96,0.00308054,0.000554778,0.0,0.0,7670
21090,2024-02-11 21:00:00,6,La Liga,30,Barcelona,524,Equipo histórico 524,30,Barcelona,1,Marc Casado_17_B,,,,,0,0.00126044,0.000330566,0.008,0.014,2412
21090,2024-02-11 21:00:00,6,La Liga,30,Barcelona,524,Equipo histórico 524,30,Barcelona,1,Marc Guiu_38_B,89.0,,level,,7,-9.68217e-05,-4.26897e-05,0.0,0.0,193
21090,2024-02-11 21:00:00,6,La Liga,30,Barcelona,524,Equipo histórico 524,30,Barcelona,1,Marc-André ter Stegen_1_B,,,,,96,-0.000183835,0.000794651,0.0,0.0,6921
21090,2024-02-11 21:00:00,6,La Liga,30,Barcelona,524,Equipo histórico 524,30,Barcelona,1,Pau Cubarsí_2_B,,,,,96,0.000489738,0.000689197,0.0,0.0,6208
21090,2024-02-11 21:00:00,6,La Liga,30,Barcelona,524,Equipo histórico 524,30,Barcelona,1,Pedri_8_B,,89.0,,level,89,-0.000452767,-0.000759786,0.736,1.0,7907
21090,2024-02-11 21:00:00,6,La Liga,30,Barcelona,524,Equipo histórico 524,30,Barcelona,1,Raphinha_11_B,75.0,,trailing,,21,0.00131215,0.000402672,0.736,1.0,8931
21090,2024-02-11 21:00:00,6,La Liga,30,Barcelona,524,Equipo histórico 524,30,Barcelona,1,Robert Lewandowski_9_B,,,,,96,-0.00130583,0.000914094,0.564,0.999,10145
21090,2024-02-11 21:00:00,6,La Liga,30,Barcelona,524,Equipo histórico 524,30,Barcelona,1,Ronald Araújo_4_B,,,,,0,0.00016609,0.000959492,0.736,1.0,6661
21090,2024-02-11 21:00:00,6,La Liga,30,Barcelona,524,Equipo histórico 524,30,Barcelona,1,İlkay Gündoğan_22_B,,,,,96,0.000780872,-0.000346235,0.0,0.0,4232
24820,2024-02-13 21:00:00,13,Champions League,47,RB Leipzig,31,Real Madrid,31,Real Madrid,0,Andriy Lunin_13_RM,,,,,90,0.00135314,0.00113184,0.0,0.0,4637
24820,2024-02-13 21:00:00,13,Champions League,47,RB Leipzig,31,Real Madrid,31,Real Madrid,0,Arda Güler_15_RM,,,,,0,7.01941e-05,-0.000836821,0.211,0.452,2380
24820,2024-02-13 21:00:00,13,Champions League,47,RB Leipzig,31,Real Madrid,31,Real Madrid,0,Aurélien Tchouaméni_14_RM,,,,,90,-0.000603586,0.00091019,0.264,0.565,8572
24820,2024-02-13 21:00:00,13,Champions League,47,RB Leipzig,31,Real Madrid,31,Real Madrid,0,Brahim Díaz_21_RM,,,,,83,0.00321062,-0.000354507,0.082,0.176,4411
24820,2024-02-13 21:00:00,13,Champions League,47,RB Leipzig,31,Real Madrid,31,Real Madrid,0,Dani Carvajal_2_RM,,,,,90,0.000618357,0.000728238,0.196,0.42,6003
24820,2024-02-13 21:00:00,13,Champions League,47,RB Leipzig,31,Real Madrid,31,Real Madrid,0,Dani Ceballos_19_RM,,,,,0,0.0010414,0.00086943,0.0,0.0,4606
24820,2024-02-13 21:00:00,13,Champions League,47,RB Leipzig,31,Real Madrid,31,Real Madrid,0,Eduardo Camavinga_6_RM,,,,,90,0.000527662,0.000882211,0.0,0.0,7525
24820,2024-02-13 21:00:00,13,Champions League,47,RB Leipzig,31,Real Madrid,31,Real Madrid,0,Federico Valverde_8_RM,,,,,90,0.00109636,0.00134977,0.264,0.565,11707
24820,2024-02-13 21:00:00,13,Champions League,47,RB Leipzig,31,Real Madrid,31,Real Madrid,0,Ferland Mendy_23_RM,,,,,90,-0.00165897,0.000241543,0.0,0.0,5435
24820,2024-02-13 21:00:00,13,Champions League,47,RB Leipzig,31,Real Madrid,31,Real Madrid,0,Fran Garcia_20_RM,,,,,0,0.00151615,4.55278e-05,0.0,0.0,4807
24820,2024-02-13 21:00:00,13,Champions League,47,RB Leipzig,31,Real Madrid,31,Real Madrid,0,Joselu_14_RM,,,,,7,1.52568e-05,0.000834196,0.0,0.0,2277
24820,2024-02-13 21:00:00,13,Champions League,47,RB Leipzig,31,Real Madrid,31,Real Madrid,0,Kepa Arrizabalaga_25_RM,,,,,0,-0.00025058,0.000481202,0.0,0.0,1754
24820,2024-02-13 21:00:00,13,Champions League,47,RB Leipzig,31,Real Madrid,31,Real Madrid,0,Lucas Vázquez_17_RM,,,,,7,0.00132007,-0.000853061,0.0,0.0,6072
24820,2024-02-13 21:00:00,13,Champions League,47,RB Leipzig,31,Real Madrid,31,Real Madrid,0,Luka Modrić_10_RM,,,,,0,0.00146142,0.000547068,0.0,0.0,6907
24820,2024-02-13 21:00:00,13,Champions League,47,RB Leipzig,31,Real Madrid,31,Real Madrid,0,Mario Martín_28_RM,,,,,0,3.74778e-05,-0.000238432,0.0,0.0,39
24820,2024-02-13 21:00:00,13,Champions League,47,RB Leipzig,31,Real Madrid,31,Real Madrid,0,Nacho_6_RM,,,,,90,0.00147031,0.000367155,0.0,0.0,5214
24820,2024-02-13 21:00:00,13,Champions League,47,RB Leipzig,31,Real Madrid,31,Real Madrid,0,Nicolás Paz_32_RM,,,,,0,-0.00019203,0.000218314,0.0,0.0,148
24820,2024-02-13 21:00:00,13,Champions League,47,RB Leipzig,31,Real Madrid,31,Real Madrid,0,Rodrygo_11_RM,,,,,83,0.000204649,0.000315861,0.182,0.389,9181
24820,2024-02-13 21:00:00,13,Champions League,47,RB Leipzig,31,Real Madrid,31,Real Madrid,0,Toni Kroos_8_RM,,,,,90,0.000529318,0.000493378,0.0,0.0,5337
24820,2024-02-13 21:00:00,13,Champions League,47,RB Leipzig,31,Real Madrid,31,Real Madrid,0,Vinicius Júnior_7_RM,,,,,90,-0.00186706,0.000820191,0.082,0.176,9694
21095,2024-02-17 18:30:00,6,La Liga,25,Celta Vigo,30,Barcelona,30,Barcelona,0,Andreas Christensen_15_B,,59.0,,level,59,-0.000657376,0.000304607,0.172,0.304,4789
21095,2024-02-17 18:30:00,6,La Liga,25,Celta Vigo,30,Barcelona,30,Barcelona,0,Fermin López_16_B,76.0,,level,,26,-0.000980475,6.51575e-05,0.728,1.0,4228
21095,2024-02-17 18:30:00,6,La Liga,25,Celta Vigo,30,Barcelona,30,Barcelona,0,Frenkie de Jong_21_B,,,,,102,0.00304554,-0.000291865,0.736,1.0,7300
21095,2024-02-17 18:30:00,6,La Liga,25,Celta Vigo,30,Barcelona,30,Barcelona,0,Héctor Fort_32_B,,,,,0,-0.000463914,-0.000603466,0.0,0.0,1296
21095,2024-02-17 18:30:00,6,La Liga,25,Celta Vigo,30,Barcelona,30,Barcelona,0,Iñaki Peña_13_B,,,,,0,0.001789,-0.000771425,0.0,0.0,3754
21095,2024-02-17 18:30:00,6,La Liga,25,Celta Vigo,30,Barcelona,30,Barcelona,0,Iñigo Martínez_5_B,47.0,,level,,55,0.00172975,0.000118759,0.0,0.0,5736
21095,2024-02-17 18:30:00,6,La Liga,25,Celta Vigo,30,Barcelona,30,Barcelona,0,João Cancelo_2_B,,,,,102,0.000109913,5.3432e-05,0.0,0.0,3488
21095,2024-02-17 18:30:00,6,La Liga,25,Celta Vigo,30,Barcelona,30,Barcelona,0,Jules Koundé_23_B,,,,,102,0.00223783,0.00075356,0.736,1.0,11254
21095,2024-02-17 18:30:00,6,La Liga,25,Celta Vigo,30,Barcelona,30,Barcelona,0,Lamine Yamal_19_B,,100.0,,leading,100,0.00308054,0.000554778,0.0,0.0,7670
21095,2024-02-17 18:30:00,6,La Liga,25,Celta Vigo,30,Barcelona,30,Barcelona,0,Marc Casado_17_B,,,,,0,0.00126044,0.000330566,0.008,0.014,2412
21095,2024-02-17 18:30:00,6,La Liga,25,Celta Vigo,30,Barcelona,30,Barcelona,0,Marc Guiu_38_B,,,,,0,-9.68217e-05,-4.26897e-05,0.0,0.0,193
21095,2024-02-17 18:30:00,6,La Liga,25,Celta Vigo,30,Barcelona,30,Barcelona,0,Marc-André ter Stegen_1_B,,,,,102,-0.000183835,0.000794651,0.0,0.0,6921
21095,2024-02-17 18:30:00,6,La Liga,25,Celta Vigo,30,Barcelona,30,Barcelona,0,Oriol Romeu_18_B,100.0,,leading,,2,-4.63904e-06,0.000596374,0.0,0.0,1536
21095,2024-02-17 18:30:00,6,La Liga,25,Celta Vigo,30,Barcelona,30,Barcelona,0,Pau Cubarsí_2_B,,,,,102,0.000489738,0.000689197,0.0,0.0,6208
21095,2024-02-17 18:30:00,6,La Liga,25,Celta Vigo,30,Barcelona,30,Barcelona,0,Pedri_8_B,,76.0,,level,76,-0.000452767,-0.000759786,0.736,1.0,7907
21095,2024-02-17 18:30:00,6,La Liga,25,Celta Vigo,30,Barcelona,30,Barcelona,0,Raphinha_11_B,59.0,,level,,43,0.00131215,0.000402672,0.736,1.0,8931
21095,2024-02-17 18:30:00,6,La Liga,25,Celta Vigo,30,Barcelona,30,Barcelona,0,Robert Lewandowski_9_B,,,,,102,-0.00130583,0.000914094,0.564,0.999,10145
21095,2024-02-17 18:30:00,6,La Liga,25,Celta Vigo,30,Barcelona,30,Barcelona,0,Ronald Araújo_4_B,,47.0,,level,47,0.00016609,0.000959492,0.736,1.0,6661
21095,2024-02-17 18:30:00,6,La Liga,25,Celta Vigo,30,Barcelona,30,Barcelona,0,Vitor Roque_19_B,,59.0,,level,59,0.000269556,0.000567539,0.0,0.0,433
21095,2024-02-17 18:30:00,6,La Liga,25,Celta Vigo,30,Barcelona,30,Barcelona,0,İlkay Gündoğan_22_B,59.0,,level,,43,0.000780872,-0.000346235,0.0,0.0,4232
21097,2024-02-18 14:00:00,6,La Liga,202,Rayo Vallecano,31,Real Madrid,31,Real Madrid,0,Andriy Lunin_13_RM,,,,,99,0.00135314,0.00113184,0.0,0.0,4637
21097,2024-02-18 14:00:00,6,La Liga,202,Rayo Vallecano,31,Real Madrid,31,Real Madrid,0,Arda Güler_15_RM,91.0,,level,,8,7.01941e-05,-0.000836821,0.211,0.452,2380
21097,2024-02-18 14:00:00,6,La Liga,202,Rayo Vallecano,31,Real Madrid,31,Real Madrid,0,Aurélien Tchouaméni_14_RM,,,,,99,-0.000603586,0.00091019,0.264,0.565,8572
21097,2024-02-18 14:00:00,6,La Liga,202,Rayo Vallecano,31,Real Madrid,31,Real Madrid,0,Brahim Díaz_21_RM,,74.0,,level,74,0.00321062,-0.000354507,0.082,0.176,4411
21097,2024-02-18 14:00:00,6,La Liga,202,Rayo Vallecano,31,Real Madrid,31,Real Madrid,0,Dani Carvajal_2_RM,79.0,,level,,20,0.000618357,0.000728238,0.196,0.42,6003
21097,2024-02-18 14:00:00,6,La Liga,202,Rayo Vallecano,31,Real Madrid,31,Real Madrid,0,Dani Ceballos_19_RM,,,,,0,0.0010414,0.00086943,0.0,0.0,4606
21097,2024-02-18 14:00:00,6,La Liga,202,Rayo Vallecano,31,Real Madrid,31,Real Madrid,0,Eduardo Camavinga_6_RM,,74.0,,level,74,0.000527662,0.000882211,0.0,0.0,7525
21097,2024-02-18 14:00:00,6,La Liga,202,Rayo Vallecano,31,Real Madrid,31,Real Madrid,0,Federico Valverde_8_RM,,,,,99,0.00109636,0.00134977,0.264,0.565,11707
21097,2024-02-18 14:00:00,6,La Liga,202,Rayo Vallecano,31,Real Madrid,31,Real Madrid,0,Fran Garcia_20_RM,,,,,99,0.00151615,4.55278e-05,0.0,0.0,4807
21097,2024-02-18 14:00:00,6,La Liga,202,Rayo Vallecano,31,Real Madrid,31,Real Madrid,0,Joselu_14_RM,,,,,99,1.52568e-05,0.000834196,0.0,0.0,2277
21097,2024-02-18 14:00:00,6,La Liga,202,Rayo Vallecano,31,Real Madrid,31,Real Madrid,0,Kepa Arrizabalaga_25_RM,,,,,0,-0.00025058,0.000481202,0.0,0.0,1754
21097,2024-02-18 14:00:00,6,La Liga,202,Rayo Vallecano,31,Real Madrid,31,Real Madrid,0,Lucas Vázquez_17_RM,,79.0,,level,79,0.00132007,-0.000853061,0.0,0.0,6072
21097,2024-02-18 14:00:00,6,La Liga,202,Rayo Vallecano,31,Real Madrid,31,Real Madrid,0,Luka Modrić_10_RM,,91.0,,level,91,0.00146142,0.000547068,0.0,0.0,6907
21097,2024-02-18 14:00:00,6,La Liga,202,Rayo Vallecano,31,Real Madrid,31,Real Madrid,0,Nacho_6_RM,,,,,99,0.00147031,0.000367155,0.0,0.0,5214
21097,2024-02-18 14:00:00,6,La Liga,202,Rayo Vallecano,31,Real Madrid,31,Real Madrid,0,Rodrygo_11_RM,74.0,,level,,25,0.000204649,0.000315861,0.182,0.389,9181
21097,2024-02-18 14:00:00,6,La Liga,202,Rayo Vallecano,31,Real Madrid,31,Real Madrid,0,Toni Kroos_8_RM,74.0,,level,,25,0.000529318,0.000493378,0.0,0.0,5337
21097,2024-02-18 14:00:00,6,La Liga,202,Rayo Vallecano,31,Real Madrid,31,Real Madrid,0,Vinicius Júnior_7_RM,,,,,99,-0.00186706,0.000820191,0.082,0.176,9694
24826,2024-02-21 21:00:00,13,Champions League,71,Napoli,30,Barcelona,30,Barcelona,0,Andreas Christensen_15_B,,,,,85,-0.000657376,0.000304607,0.172,0.304,4789
24826,2024-02-21 21:00:00,13,Champions League,71,Napoli,30,Barcelona,30,Barcelona,0,Frenkie de Jong_21_B,,,,,90,0.00304554,-0.000291865,0.736,1.0,7300
24826,2024-02-21 21:00:00,13,Champions League,71,Napoli,30,Barcelona,30,Barcelona,0,Héctor Fort_32_B,,,,,0,-0.000463914,-0.000603466,0.0,0.0,1296
24826,2024-02-21 21:00:00,13,Champions League,71,Napoli,30,Barcelona,30,Barcelona,0,Iñaki Peña_13_B,,,,,0,0.001789,-0.000771425,0.0,0.0,3754
24826,2024-02-21 21:00:00,13,Champions League,71,Napoli,30,Barcelona,30,Barcelona,0,Iñigo Martínez_5_B,,,,,90,0.00172975,0.000118759,0.0,0.0,5736
24826,2024-02-21 21:00:00,13,Champions League,71,Napoli,30,Barcelona,30,Barcelona,0,João Cancelo_2_B,,,,,90,0.000109913,5.3432e-05,0.0,0.0,3488
24826,2024-02-21 21:00:00,13,Champions League,71,Napoli,30,Barcelona,30,Barcelona,0,João Félix_14_B,,,,,5,0.000261688,0.000320113,0.0,0.0,2176
24826,2024-02-21 21:00:00,13,Champions League,71,Napoli,30,Barcelona,30,Barcelona,0,Jules Koundé_23_B,,,,,90,0.00223783,0.00075356,0.736,1.0,11254
24826,2024-02-21 21:00:00,13,Champions League,71,Napoli,30,Barcelona,30,Barcelona,0,Lamine Yamal_19_B,,,,,79,0.00308054,0.000554778,0.0,0.0,7670
24826,2024-02-21 21:00:00,13,Champions League,71,Napoli,30,Barcelona,30,Barcelona,0,Marc Casado_17_B,,,,,0,0.00126044,0.000330566,0.008,0.014,2412
24826,2024-02-21 21:00:00,13,Champions League,71,Napoli,30,Barcelona,30,Barcelona,0,Marc Guiu_38_B,,,,,0,-9.68217e-05,-4.26897e-05,0.0,0.0,193
24826,2024-02-21 21:00:00,13,Champions League,71,Napoli,30,Barcelona,30,Barcelona,0,Marc-André ter Stegen_1_B,,,,,90,-0.000183835,0.000794651,0.0,0.0,6921
24826,2024-02-21 21:00:00,13,Champions League,71,Napoli,30,Barcelona,30,Barcelona,0,Oriol Romeu_18_B,,,,,5,-4.63904e-06,0.000596374,0.0,0.0,1536
24826,2024-02-21 21:00:00,13,Champions League,71,Napoli,30,Barcelona,30,Barcelona,0,Pau Cubarsí_2_B,,,,,0,0.000489738,0.000689197,0.0,0.0,6208
24826,2024-02-21 21:00:00,13,Champions League,71,Napoli,30,Barcelona,30,Barcelona,0,Pedri_8_B,,,,,85,-0.000452767,-0.000759786,0.736,1.0,7907
24826,2024-02-21 21:00:00,13,Champions League,71,Napoli,30,Barcelona,30,Barcelona,0,Raphinha_11_B,,,,,11,0.00131215,0.000402672,0.736,1.0,8931
24826,2024-02-21 21:00:00,13,Champions League,71,Napoli,30,Barcelona,30,Barcelona,0,Robert Lewandowski_9_B,,,,,90,-0.00130583,0.000914094,0.564,0.999,10145
24826,2024-02-21 21:00:00,13,Champions League,71,Napoli,30,Barcelona,30,Barcelona,0,Ronald Araújo_4_B,,,,,90,0.00016609,0.000959492,0.736,1.0,6661
24826,2024-02-21 21:00:00,13,Champions League,71,Napoli,30,Barcelona,30,Barcelona,0,Sergi Roberto_20_B,,,,,0,0.000651913,-0.000120976,0.0,0.0,2493
24826,2024-02-21 21:00:00,13,Champions League,71,Napoli,30,Barcelona,30,Barcelona,0,Vitor Roque_19_B,,,,,0,0.000269556,0.000567539,0.0,0.0,433
24826,2024-02-21 21:00:00,13,Champions League,71,Napoli,30,Barcelona,30,Barcelona,0,İlkay Gündoğan_22_B,,,,,90,0.000780872,-0.000346235,0.0,0.0,4232
21103,2024-02-24 16:15:00,6,La Liga,30,Barcelona,24,Getafe,30,Barcelona,1,Andreas Christensen_15_B,,77.0,,leading,77,-0.000657376,0.000304607,0.172,0.304,4789
21103,2024-02-24 16:15:00,6,La Liga,30,Barcelona,24,Getafe,30,Barcelona,1,Fermin López_16_B,63.0,,leading,,28,-0.000980475,6.51575e-05,0.728,1.0,4228
21103,2024-02-24 16:15:00,6,La Liga,30,Barcelona,24,Getafe,30,Barcelona,1,Frenkie de Jong_21_B,,,,,91,0.00304554,-0.000291865,0.736,1.0,7300
21103,2024-02-24 16:15:00,6,La Liga,30,Barcelona,24,Getafe,30,Barcelona,1,Héctor Fort_32_B,84.0,,leading,,7,-0.000463914,-0.000603466,0.0,0.0,1296
21103,2024-02-24 16:15:00,6,La Liga,30,Barcelona,24,Getafe,30,Barcelona,1,Iñaki Peña_13_B,,,,,0,0.001789,-0.000771425,0.0,0.0,3754
21103,2024-02-24 16:15:00,6,La Liga,30,Barcelona,24,Getafe,30,Barcelona,1,Iñigo Martínez_5_B,,,,,0,0.00172975,0.000118759,0.0,0.0,5736
21103,2024-02-24 16:15:00,6,La Liga,30,Barcelona,24,Getafe,30,Barcelona,1,João Cancelo_2_B,,84.0,,leading,84,0.000109913,5.3432e-05,0.0,0.0,3488
21103,2024-02-24 16:15:00,6,La Liga,30,Barcelona,24,Getafe,30,Barcelona,1,João Félix_14_B,,63.0,,leading,63,0.000261688,0.000320113,0.0,0.0,2176
21103,2024-02-24 16:15:00,6,La Liga,30,Barcelona,24,Getafe,30,Barcelona,1,Jules Koundé_23_B,,,,,91,0.00223783,0.00075356,0.736,1.0,11254
21103,2024-02-24 16:15:00,6,La Liga,30,Barcelona,24,Getafe,30,Barcelona,1,Lamine Yamal_19_B,,,,,0,0.00308054,0.000554778,0.0,0.0,7670
21103,2024-02-24 16:15:00,6,La Liga,30,Barcelona,24,Getafe,30,Barcelona,1,Marc Guiu_38_B,,,,,0,-9.68217e-05,-4.26897e-05,0.0,0.0,193
21103,2024-02-24 16:15:00,6,La Liga,30,Barcelona,24,Getafe,30,Barcelona,1,Marc-André ter Stegen_1_B,,,,,91,-0.000183835,0.000794651,0.0,0.0,6921
21103,2024-02-24 16:15:00,6,La Liga,30,Barcelona,24,Getafe,30,Barcelona,1,Oriol Romeu_18_B,77.0,,leading,,14,-4.63904e-06,0.000596374,0.0,0.0,1536
21103,2024-02-24 16:15:00,6,La Liga,30,Barcelona,24,Getafe,30,Barcelona,1,Pau Cubarsí_2_B,,,,,91,0.000489738,0.000689197,0.0,0.0,6208
21103,2024-02-24 16:15:00,6,La Liga,30,Barcelona,24,Getafe,30,Barcelona,1,Pedri_8_B,83.0,,leading,,8,-0.000452767,-0.000759786,0.736,1.0,7907
21103,2024-02-24 16:15:00,6,La Liga,30,Barcelona,24,Getafe,30,Barcelona,1,Raphinha_11_B,,77.0,,leading,77,0.00131215,0.000402672,0.736,1.0,8931
21103,2024-02-24 16:15:00,6,La Liga,30,Barcelona,24,Getafe,30,Barcelona,1,Robert Lewandowski_9_B,,,,,91,-0.00130583,0.000914094,0.564,0.999,10145
21103,2024-02-24 16:15:00,6,La Liga,30,Barcelona,24,Getafe,30,Barcelona,1,Ronald Araújo_4_B,,,,,91,0.00016609,0.000959492,0.736,1.0,6661
21103,2024-02-24 16:15:00,6,La Liga,30,Barcelona,24,Getafe,30,Barcelona,1,Sergi Roberto_20_B,,,,,0,0.000651913,-0.000120976,0.0,0.0,2493
21103,2024-02-24 16:15:00,6,La Liga,30,Barcelona,24,Getafe,30,Barcelona,1,Vitor Roque_19_B,77.0,,leading,,14,0.000269556,0.000567539,0.0,0.0,433
21103,2024-02-24 16:15:00,6,La Liga,30,Barcelona,24,Getafe,30,Barcelona,1,İlkay Gündoğan_22_B,,83.0,,leading,83,0.000780872,-0.000346235,0.0,0.0,4232
21109,2024-02-25 21:00:00,6,La Liga,31,Real Madrid,32,Sevilla,31,Real Madrid,1,Andriy Lunin_13_RM,,,,,100,0.00135314,0.00113184,0.0,0.0,4637
21109,2024-02-25 21:00:00,6,La Liga,31,Real Madrid,32,Sevilla,31,Real Madrid,1,Antonio Rüdiger_22_RM,,,,,100,0.00101494,0.000618977,0.0,0.0,10666
21109,2024-02-25 21:00:00,6,La Liga,31,Real Madrid,32,Sevilla,31,Real Madrid,1,Arda Güler_15_RM,,,,,0,7.01941e-05,-0.000836821,0.211,0.452,2380
21109,2024-02-25 21:00:00,6,La Liga,31,Real Madrid,32,Sevilla,31,Real Madrid,1,Aurélien Tchouaméni_14_RM,,,,,100,-0.000603586,0.00091019,0.264,0.565,8572
21109,2024-02-25 21:00:00,6,La Liga,31,Real Madrid,32,Sevilla,31,Real Madrid,1,Brahim Díaz_21_RM,,92.0,,leading,92,0.00321062,-0.000354507,0.082,0.176,4411
21109,2024-02-25 21:00:00,6,La Liga,31,Real Madrid,32,Sevilla,31,Real Madrid,1,Dani Ceballos_19_RM,92.0,,leading,,8,0.0010414,0.00086943,0.0,0.0,4606
21109,2024-02-25 21:00:00,6,La Liga,31,Real Madrid,32,Sevilla,31,Real Madrid,1,Federico Valverde_8_RM,,,,,100,0.00109636,0.00134977,0.264,0.565,11707
21109,2024-02-25 21:00:00,6,La Liga,31,Real Madrid,32,Sevilla,31,Real Madrid,1,Ferland Mendy_23_RM,,,,,100,-0.00165897,0.000241543,0.0,0.0,5435
21109,2024-02-25 21:00:00,6,La Liga,31,Real Madrid,32,Sevilla,31,Real Madrid,1,Fran Garcia_20_RM,,,,,0,0.00151615,4.55278e-05,0.0,0.0,4807
21109,2024-02-25 21:00:00,6,La Liga,31,Real Madrid,32,Sevilla,31,Real Madrid,1,Kepa Arrizabalaga_25_RM,,,,,0,-0.00025058,0.000481202,0.0,0.0,1754
21109,2024-02-25 21:00:00,6,La Liga,31,Real Madrid,32,Sevilla,31,Real Madrid,1,Lucas Vázquez_17_RM,,,,,100,0.00132007,-0.000853061,0.0,0.0,6072
21109,2024-02-25 21:00:00,6,La Liga,31,Real Madrid,32,Sevilla,31,Real Madrid,1,Luka Modrić_10_RM,77.0,,level,,23,0.00146142,0.000547068,0.0,0.0,6907
21109,2024-02-25 21:00:00,6,La Liga,31,Real Madrid,32,Sevilla,31,Real Madrid,1,Nacho_6_RM,,77.0,,level,77,0.00147031,0.000367155,0.0,0.0,5214
21109,2024-02-25 21:00:00,6,La Liga,31,Real Madrid,32,Sevilla,31,Real Madrid,1,Rodrygo_11_RM,,96.0,,leading,96,0.000204649,0.000315861,0.182,0.389,9181
21109,2024-02-25 21:00:00,6,La Liga,31,Real Madrid,32,Sevilla,31,Real Madrid,1,Toni Kroos_8_RM,,,,,100,0.000529318,0.000493378,0.0,0.0,5337
21109,2024-02-25 21:00:00,6,La Liga,31,Real Madrid,32,Sevilla,31,Real Madrid,1,Vinicius Júnior_7_RM,,,,,100,-0.00186706,0.000820191,0.082,0.176,9694
21109,2024-02-25 21:00:00,6,La Liga,31,Real Madrid,32,Sevilla,31,Real Madrid,1,Álvaro Rodríguez_29_RM,96.0,,leading,,4,-0.000543337,0.00019577,0.0,0.0,139
21115,2024-03-02 21:00:00,6,La Liga,37,Valencia,31,Real Madrid,31,Real Madrid,0,Andriy Lunin_13_RM,,,,,104,0.00135314,0.00113184,0.0,0.0,4637
21115,2024-03-02 21:00:00,6,La Liga,37,Valencia,31,Real Madrid,31,Real Madrid,0,Antonio Rüdiger_22_RM,,,,,104,0.00101494,0.000618977,0.0,0.0,10666
21115,2024-03-02 21:00:00,6,La Liga,37,Valencia,31,Real Madrid,31,Real Madrid,0,Arda Güler_15_RM,,,,,0,7.01941e-05,-0.000836821,0.211,0.452,2380
21115,2024-03-02 21:00:00,6,La Liga,37,Valencia,31,Real Madrid,31,Real Madrid,0,Aurélien Tchouaméni_14_RM,,,,,104,-0.000603586,0.00091019,0.264,0.565,8572
21115,2024-03-02 21:00:00,6,La Liga,37,Valencia,31,Real Madrid,31,Real Madrid,0,Brahim Díaz_21_RM,68.0,,trailing,,36,0.00321062,-0.000354507,0.082,0.176,4411
21115,2024-03-02 21:00:00,6,La Liga,37,Valencia,31,Real Madrid,31,Real Madrid,0,Dani Carvajal_2_RM,,,,,104,0.000618357,0.000728238,0.196,0.42,6003
21115,2024-03-02 21:00:00,6,La Liga,37,Valencia,31,Real Madrid,31,Real Madrid,0,Dani Ceballos_19_RM,,,,,0,0.0010414,0.00086943,0.0,0.0,4606
21115,2024-03-02 21:00:00,6,La Liga,37,Valencia,31,Real Madrid,31,Real Madrid,0,Eduardo Camavinga_6_RM,,77.0,,level,77,0.000527662,0.000882211,0.0,0.0,7525
21115,2024-03-02 21:00:00,6,La Liga,37,Valencia,31,Real Madrid,31,Real Madrid,0,Federico Valverde_8_RM,,91.0,,level,91,0.00109636,0.00134977,0.264,0.565,11707
21115,2024-03-02 21:00:00,6,La Liga,37,Valencia,31,Real Madrid,31,Real Madrid,0,Ferland Mendy_23_RM,,77.0,,level,77,-0.00165897,0.000241543,0.0,0.0,5435
21115,2024-03-02 21:00:00,6,La Liga,37,Valencia,31,Real Madrid,31,Real Madrid,0,Fran Garcia_20_RM,77.0,,level,,27,0.00151615,4.55278e-05,0.0,0.0,4807
21115,2024-03-02 21:00:00,6,La Liga,37,Valencia,31,Real Madrid,31,Real Madrid,0,Joselu_14_RM,77.0,,level,,27,1.52568e-05,0.000834196,0.0,0.0,2277
21115,2024-03-02 21:00:00,6,La Liga,37,Valencia,31,Real Madrid,31,Real Madrid,0,Jude Bellingham_5_RM,,,,,104,0.00112068,-0.000274762,0.0,0.0,7793
21115,2024-03-02 21:00:00,6,La Liga,37,Valencia,31,Real Madrid,31,Real Madrid,0,Kepa Arrizabalaga_25_RM,,,,,0,-0.00025058,0.000481202,0.0,0.0,1754
21115,2024-03-02 21:00:00,6,La Liga,37,Valencia,31,Real Madrid,31,Real Madrid,0,Lucas Vázquez_17_RM,,,,,0,0.00132007,-0.000853061,0.0,0.0,6072
21115,2024-03-02 21:00:00,6,La Liga,37,Valencia,31,Real Madrid,31,Real Madrid,0,Luka Modrić_10_RM,68.0,,trailing,,36,0.00146142,0.000547068,0.0,0.0,6907
21115,2024-03-02 21:00:00,6,La Liga,37,Valencia,31,Real Madrid,31,Real Madrid,0,Nacho_6_RM,91.0,,level,,13,0.00147031,0.000367155,0.0,0.0,5214
21115,2024-03-02 21:00:00,6,La Liga,37,Valencia,31,Real Madrid,31,Real Madrid,0,Rodrygo_11_RM,,68.0,,trailing,68,0.000204649,0.000315861,0.182,0.389,9181
21115,2024-03-02 21:00:00,6,La Liga,37,Valencia,31,Real Madrid,31,Real Madrid,0,Toni Kroos_8_RM,,68.0,,trailing,68,0.000529318,0.000493378,0.0,0.0,5337
21115,2024-03-02 21:00:00,6,La Liga,37,Valencia,31,Real Madrid,31,Real Madrid,0,Vinicius Júnior_7_RM,,,,,104,-0.00186706,0.000820191,0.082,0.176,9694
21119,2024-03-03 21:00:00,6,La Liga,33,Athletic Club,30,Barcelona,30,Barcelona,0,Andreas Christensen_15_B,,80.0,,level,80,-0.000657376,0.000304607,0.172,0.304,4789
21119,2024-03-03 21:00:00,6,La Liga,33,Athletic Club,30,Barcelona,30,Barcelona,0,Fermin López_16_B,26.0,,level,,70,-0.000980475,6.51575e-05,0.728,1.0,4228
21119,2024-03-03 21:00:00,6,La Liga,33,Athletic Club,30,Barcelona,30,Barcelona,0,Frenkie de Jong_21_B,,26.0,,level,26,0.00304554,-0.000291865,0.736,1.0,7300
21119,2024-03-03 21:00:00,6,La Liga,33,Athletic Club,30,Barcelona,30,Barcelona,0,Héctor Fort_32_B,,,,,0,-0.000463914,-0.000603466,0.0,0.0,1296
21119,2024-03-03 21:00:00,6,La Liga,33,Athletic Club,30,Barcelona,30,Barcelona,0,Iñaki Peña_13_B,,,,,0,0.001789,-0.000771425,0.0,0.0,3754
21119,2024-03-03 21:00:00,6,La Liga,33,Athletic Club,30,Barcelona,30,Barcelona,0,Iñigo Martínez_5_B,80.0,,level,,16,0.00172975,0.000118759,0.0,0.0,5736
21119,2024-03-03 21:00:00,6,La Liga,33,Athletic Club,30,Barcelona,30,Barcelona,0,João Cancelo_2_B,,,,,96,0.000109913,5.3432e-05,0.0,0.0,3488
21119,2024-03-03 21:00:00,6,La Liga,33,Athletic Club,30,Barcelona,30,Barcelona,0,João Félix_14_B,80.0,,level,,16,0.000261688,0.000320113,0.0,0.0,2176
21119,2024-03-03 21:00:00,6,La Liga,33,Athletic Club,30,Barcelona,30,Barcelona,0,Jules Koundé_23_B,,,,,96,0.00223783,0.00075356,0.736,1.0,11254
21119,2024-03-03 21:00:00,6,La Liga,33,Athletic Club,30,Barcelona,30,Barcelona,0,Lamine Yamal_19_B,45.0,,level,,51,0.00308054,0.000554778,0.0,0.0,7670
21119,2024-03-03 21:00:00,6,La Liga,33,Athletic Club,30,Barcelona,30,Barcelona,0,Marc Guiu_38_B,,,,,0,-9.68217e-05,-4.26897e-05,0.0,0.0,193
21119,2024-03-03 21:00:00,6,La Liga,33,Athletic Club,30,Barcelona,30,Barcelona,0,Marc-André ter Stegen_1_B,,,,,96,-0.000183835,0.000794651,0.0,0.0,6921
21119,2024-03-03 21:00:00,6,La Liga,33,Athletic Club,30,Barcelona,30,Barcelona,0,Oriol Romeu_18_B,80.0,,level,,16,-4.63904e-06,0.000596374,0.0,0.0,1536
21119,2024-03-03 21:00:00,6,La Liga,33,Athletic Club,30,Barcelona,30,Barcelona,0,Pau Cubarsí_2_B,,80.0,,level,80,0.000489738,0.000689197,0.0,0.0,6208
21119,2024-03-03 21:00:00,6,La Liga,33,Athletic Club,30,Barcelona,30,Barcelona,0,Pedri_8_B,,45.0,,level,45,-0.000452767,-0.000759786,0.736,1.0,7907
21119,2024-03-03 21:00:00,6,La Liga,33,Athletic Club,30,Barcelona,30,Barcelona,0,Raphinha_11_B,,80.0,,level,80,0.00131215,0.000402672,0.736,1.0,8931
21119,2024-03-03 21:00:00,6,La Liga,33,Athletic Club,30,Barcelona,30,Barcelona,0,Robert Lewandowski_9_B,,,,,96,-0.00130583,0.000914094,0.564,0.999,10145
21119,2024-03-03 21:00:00,6,La Liga,33,Athletic Club,30,Barcelona,30,Barcelona,0,Ronald Araújo_4_B,,,,,96,0.00016609,0.000959492,0.736,1.0,6661
21119,2024-03-03 21:00:00,6,La Liga,33,Athletic Club,30,Barcelona,30,Barcelona,0,Sergi Roberto_20_B,,,,,0,0.000651913,-0.000120976,0.0,0.0,2493
21119,2024-03-03 21:00:00,6,La Liga,33,Athletic Club,30,Barcelona,30,Barcelona,0,Vitor Roque_19_B,,,,,0,0.000269556,0.000567539,0.0,0.0,433
21119,2024-03-03 21:00:00,6,La Liga,33,Athletic Club,30,Barcelona,30,Barcelona,0,İlkay Gündoğan_22_B,,,,,96,0.000780872,-0.000346235,0.0,0.0,4232
24830,2024-03-06 21:00:00,13,Champions League,31,Real Madrid,47,RB Leipzig,31,Real Madrid,1,Andriy Lunin_13_RM,,,,,90,0.00135314,0.00113184,0.0,0.0,4637
24830,2024-03-06 21:00:00,13,Champions League,31,Real Madrid,47,RB Leipzig,31,Real Madrid,1,Antonio Rüdiger_22_RM,,,,,90,0.00101494,0.000618977,0.0,0.0,10666
24830,2024-03-06 21:00:00,13,Champions League,31,Real Madrid,47,RB Leipzig,31,Real Madrid,1,Arda Güler_15_RM,,,,,0,7.01941e-05,-0.000836821,0.211,0.452,2380
24830,2024-03-06 21:00:00,13,Champions League,31,Real Madrid,47,RB Leipzig,31,Real Madrid,1,Aurélien Tchouaméni_14_RM,,,,,90,-0.000603586,0.00091019,0.264,0.565,8572
24830,2024-03-06 21:00:00,13,Champions League,31,Real Madrid,47,RB Leipzig,31,Real Madrid,1,Brahim Díaz_21_RM,,,,,0,0.00321062,-0.000354507,0.082,0.176,4411
24830,2024-03-06 21:00:00,13,Champions League,31,Real Madrid,47,RB Leipzig,31,Real Madrid,1,Dani Carvajal_2_RM,,,,,90,0.000618357,0.000728238,0.196,0.42,6003
24830,2024-03-06 21:00:00,13,Champions League,31,Real Madrid,47,RB Leipzig,31,Real Madrid,1,Dani Ceballos_19_RM,,,,,0,0.0010414,0.00086943,0.0,0.0,4606
24830,2024-03-06 21:00:00,13,Champions League,31,Real Madrid,47,RB Leipzig,31,Real Madrid,1,Eduardo Camavinga_6_RM,,,,,45,0.000527662,0.000882211,0.0,0.0,7525
24830,2024-03-06 21:00:00,13,Champions League,31,Real Madrid,47,RB Leipzig,31,Real Madrid,1,Federico Valverde_8_RM,,,,,90,0.00109636,0.00134977,0.264,0.565,11707
24830,2024-03-06 21:00:00,13,Champions League,31,Real Madrid,47,RB Leipzig,31,Real Madrid,1,Ferland Mendy_23_RM,,,,,90,-0.00165897,0.000241543,0.0,0.0,5435
24830,2024-03-06 21:00:00,13,Champions League,31,Real Madrid,47,RB Leipzig,31,Real Madrid,1,Fran Garcia_20_RM,,,,,0,0.00151615,4.55278e-05,0.0,0.0,4807
24830,2024-03-06 21:00:00,13,Champions League,31,Real Madrid,47,RB Leipzig,31,Real Madrid,1,Joselu_14_RM,,,,,6,1.52568e-05,0.000834196,0.0,0.0,2277
24830,2024-03-06 21:00:00,13,Champions League,31,Real Madrid,47,RB Leipzig,31,Real Madrid,1,Jude Bellingham_5_RM,,,,,84,0.00112068,-0.000274762,0.0,0.0,7793
24830,2024-03-06 21:00:00,13,Champions League,31,Real Madrid,47,RB Leipzig,31,Real Madrid,1,Kepa Arrizabalaga_25_RM,,,,,0,-0.00025058,0.000481202,0.0,0.0,1754
24830,2024-03-06 21:00:00,13,Champions League,31,Real Madrid,47,RB Leipzig,31,Real Madrid,1,Lucas Vázquez_17_RM,,,,,0,0.00132007,-0.000853061,0.0,0.0,6072
24830,2024-03-06 21:00:00,13,Champions League,31,Real Madrid,47,RB Leipzig,31,Real Madrid,1,Luka Modrić_10_RM,,,,,14,0.00146142,0.000547068,0.0,0.0,6907
24830,2024-03-06 21:00:00,13,Champions League,31,Real Madrid,47,RB Leipzig,31,Real Madrid,1,Nacho_6_RM,,,,,90,0.00147031,0.000367155,0.0,0.0,5214
24830,2024-03-06 21:00:00,13,Champions League,31,Real Madrid,47,RB Leipzig,31,Real Madrid,1,Rodrygo_11_RM,,,,,45,0.000204649,0.000315861,0.182,0.389,9181
24830,2024-03-06 21:00:00,13,Champions League,31,Real Madrid,47,RB Leipzig,31,Real Madrid,1,Toni Kroos_8_RM,,,,,76,0.000529318,0.000493378,0.0,0.0,5337
24830,2024-03-06 21:00:00,13,Champions League,31,Real Madrid,47,RB Leipzig,31,Real Madrid,1,Vinicius Júnior_7_RM,,,,,90,-0.00186706,0.000820191,0.082,0.176,9694
21121,2024-03-08 21:00:00,6,La Liga,30,Barcelona,201,Mallorca,30,Barcelona,1,Andreas Christensen_15_B,,,,,93,-0.000657376,0.000304607,0.172,0.304,4789
21121,2024-03-08 21:00:00,6,La Liga,30,Barcelona,201,Mallorca,30,Barcelona,1,Fermin López_16_B,37.0,,level,,56,-0.000980475,6.51575e-05,0.728,1.0,4228
21121,2024-03-08 21:00:00,6,La Liga,30,Barcelona,201,Mallorca,30,Barcelona,1,Héctor Fort_32_B,,,,,0,-0.000463914,-0.000603466,0.0,0.0,1296
21121,2024-03-08 21:00:00,6,La Liga,30,Barcelona,201,Mallorca,30,Barcelona,1,Iñaki Peña_13_B,,,,,0,0.001789,-0.000771425,0.0,0.0,3754
21121,2024-03-08 21:00:00,6,La Liga,30,Barcelona,201,Mallorca,30,Barcelona,1,Iñigo Martínez_5_B,,,,,93,0.00172975,0.000118759,0.0,0.0,5736
21121,2024-03-08 21:00:00,6,La Liga,30,Barcelona,201,Mallorca,30,Barcelona,1,João Cancelo_2_B,,,,,93,0.000109913,5.3432e-05,0.0,0.0,3488
21121,2024-03-08 21:00:00,6,La Liga,30,Barcelona,201,Mallorca,30,Barcelona,1,João Félix_14_B,,62.0,,level,62,0.000261688,0.000320113,0.0,0.0,2176
21121,2024-03-08 21:00:00,6,La Liga,30,Barcelona,201,Mallorca,30,Barcelona,1,Jules Koundé_23_B,,,,,93,0.00223783,0.00075356,0.736,1.0,11254
21121,2024-03-08 21:00:00,6,La Liga,30,Barcelona,201,Mallorca,30,Barcelona,1,Lamine Yamal_19_B,,,,,93,0.00308054,0.000554778,0.0,0.0,7670
21121,2024-03-08 21:00:00,6,La Liga,30,Barcelona,201,Mallorca,30,Barcelona,1,Marc Casado_17_B,,,,,0,0.00126044,0.000330566,0.008,0.014,2412
21121,2024-03-08 21:00:00,6,La Liga,30,Barcelona,201,Mallorca,30,Barcelona,1,Marc Guiu_38_B,,61.0,,level,61,-9.68217e-05,-4.26897e-05,0.0,0.0,193
21121,2024-03-08 21:00:00,6,La Liga,30,Barcelona,201,Mallorca,30,Barcelona,1,Marc-André ter Stegen_1_B,,,,,93,-0.000183835,0.000794651,0.0,0.0,6921
21121,2024-03-08 21:00:00,6,La Liga,30,Barcelona,201,Mallorca,30,Barcelona,1,Oriol Romeu_18_B,87.0,,leading,,6,-4.63904e-06,0.000596374,0.0,0.0,1536
21121,2024-03-08 21:00:00,6,La Liga,30,Barcelona,201,Mallorca,30,Barcelona,1,Pau Cubarsí_2_B,,,,,93,0.000489738,0.000689197,0.0,0.0,6208
21121,2024-03-08 21:00:00,6,La Liga,30,Barcelona,201,Mallorca,30,Barcelona,1,Raphinha_11_B,,37.0,,level,37,0.00131215,0.000402672,0.736,1.0,8931
21121,2024-03-08 21:00:00,6,La Liga,30,Barcelona,201,Mallorca,30,Barcelona,1,Robert Lewandowski_9_B,61.0,,level,,32,-0.00130583,0.000914094,0.564,0.999,10145
21121,2024-03-08 21:00:00,6,La Liga,30,Barcelona,201,Mallorca,30,Barcelona,1,Sergi Roberto_20_B,,,,,0,0.000651913,-0.000120976,0.0,0.0,2493
21121,2024-03-08 21:00:00,6,La Liga,30,Barcelona,201,Mallorca,30,Barcelona,1,Vitor Roque_19_B,62.0,,level,,31,0.000269556,0.000567539,0.0,0.0,433
21121,2024-03-08 21:00:00,6,La Liga,30,Barcelona,201,Mallorca,30,Barcelona,1,İlkay Gündoğan_22_B,,87.0,,leading,87,0.000780872,-0.000346235,0.0,0.0,4232
21128,2024-03-10 18:30:00,6,La Liga,31,Real Madrid,25,Celta Vigo,31,Real Madrid,1,Andriy Lunin_13_RM,,,,,96,0.00135314,0.00113184,0.0,0.0,4637
21128,2024-03-10 18:30:00,6,La Liga,31,Real Madrid,25,Celta Vigo,31,Real Madrid,1,Antonio Rüdiger_22_RM,,,,,96,0.00101494,0.000618977,0.0,0.0,10666
21128,2024-03-10 18:30:00,6,La Liga,31,Real Madrid,25,Celta Vigo,31,Real Madrid,1,Arda Güler_15_RM,91.0,,leading,,5,7.01941e-05,-0.000836821,0.211,0.452,2380
21128,2024-03-10 18:30:00,6,La Liga,31,Real Madrid,25,Celta Vigo,31,Real Madrid,1,Aurélien Tchouaméni_14_RM,85.0,,leading,,11,-0.000603586,0.00091019,0.264,0.565,8572
21128,2024-03-10 18:30:00,6,La Liga,31,Real Madrid,25,Celta Vigo,31,Real Madrid,1,Brahim Díaz_21_RM,,85.0,,leading,85,0.00321062,-0.000354507,0.082,0.176,4411
21128,2024-03-10 18:30:00,6,La Liga,31,Real Madrid,25,Celta Vigo,31,Real Madrid,1,Dani Carvajal_2_RM,,,,,0,0.000618357,0.000728238,0.196,0.42,6003
21128,2024-03-10 18:30:00,6,La Liga,31,Real Madrid,25,Celta Vigo,31,Real Madrid,1,Dani Ceballos_19_RM,90.0,,leading,,6,0.0010414,0.00086943,0.0,0.0,4606
21128,2024-03-10 18:30:00,6,La Liga,31,Real Madrid,25,Celta Vigo,31,Real Madrid,1,Eduardo Camavinga_6_RM,,90.0,,leading,90,0.000527662,0.000882211,0.0,0.0,7525
21128,2024-03-10 18:30:00,6,La Liga,31,Real Madrid,25,Celta Vigo,31,Real Madrid,1,Federico Valverde_8_RM,,,,,96,0.00109636,0.00134977,0.264,0.565,11707
21128,2024-03-10 18:30:00,6,La Liga,31,Real Madrid,25,Celta Vigo,31,Real Madrid,1,Ferland Mendy_23_RM,,,,,96,-0.00165897,0.000241543,0.0,0.0,5435
21128,2024-03-10 18:30:00,6,La Liga,31,Real Madrid,25,Celta Vigo,31,Real Madrid,1,Fran Garcia_20_RM,,,,,0,0.00151615,4.55278e-05,0.0,0.0,4807
21128,2024-03-10 18:30:00,6,La Liga,31,Real Madrid,25,Celta Vigo,31,Real Madrid,1,Joselu_14_RM,76.0,,leading,,20,1.52568e-05,0.000834196,0.0,0.0,2277
21128,2024-03-10 18:30:00,6,La Liga,31,Real Madrid,25,Celta Vigo,31,Real Madrid,1,Kepa Arrizabalaga_25_RM,,,,,0,-0.00025058,0.000481202,0.0,0.0,1754
21128,2024-03-10 18:30:00,6,La Liga,31,Real Madrid,25,Celta Vigo,31,Real Madrid,1,Lucas Vázquez_17_RM,,,,,96,0.00132007,-0.000853061,0.0,0.0,6072
21128,2024-03-10 18:30:00,6,La Liga,31,Real Madrid,25,Celta Vigo,31,Real Madrid,1,Luka Modrić_10_RM,,85.0,,leading,85,0.00146142,0.000547068,0.0,0.0,6907
21128,2024-03-10 18:30:00,6,La Liga,31,Real Madrid,25,Celta Vigo,31,Real Madrid,1,Nacho_6_RM,,,,,96,0.00147031,0.000367155,0.0,0.0,5214
21128,2024-03-10 18:30:00,6,La Liga,31,Real Madrid,25,Celta Vigo,31,Real Madrid,1,Rodrygo_11_RM,,76.0,,leading,76,0.000204649,0.000315861,0.182,0.389,9181
21128,2024-03-10 18:30:00,6,La Liga,31,Real Madrid,25,Celta Vigo,31,Real Madrid,1,Toni Kroos_8_RM,85.0,,leading,,11,0.000529318,0.000493378,0.0,0.0,5337
21128,2024-03-10 18:30:00,6,La Liga,31,Real Madrid,25,Celta Vigo,31,Real Madrid,1,Vinicius Júnior_7_RM,,91.0,,leading,91,-0.00186706,0.000820191,0.082,0.176,9694
24832,2024-03-12 21:00:00,13,Champions League,30,Barcelona,71,Napoli,30,Barcelona,1,Andreas Christensen_15_B,,,,,60,-0.000657376,0.000304607,0.172,0.304,4789
24832,2024-03-12 21:00:00,13,Champions League,30,Barcelona,71,Napoli,30,Barcelona,1,Héctor Fort_32_B,,,,,0,-0.000463914,-0.000603466,0.0,0.0,1296
24832,2024-03-12 21:00:00,13,Champions League,30,Barcelona,71,Napoli,30,Barcelona,1,Iñaki Peña_13_B,,,,,0,0.001789,-0.000771425,0.0,0.0,3754
24832,2024-03-12 21:00:00,13,Champions League,30,Barcelona,71,Napoli,30,Barcelona,1,Iñigo Martínez_5_B,,,,,0,0.00172975,0.000118759,0.0,0.0,5736
24832,2024-03-12 21:00:00,13,Champions League,30,Barcelona,71,Napoli,30,Barcelona,1,João Cancelo_2_B,,,,,90,0.000109913,5.3432e-05,0.0,0.0,3488
24832,2024-03-12 21:00:00,13,Champions League,30,Barcelona,71,Napoli,30,Barcelona,1,João Félix_14_B,,,,,10,0.000261688,0.000320113,0.0,0.0,2176
24832,2024-03-12 21:00:00,13,Champions League,30,Barcelona,71,Napoli,30,Barcelona,1,Jules Koundé_23_B,,,,,90,0.00223783,0.00075356,0.736,1.0,11254
24832,2024-03-12 21:00:00,13,Champions League,30,Barcelona,71,Napoli,30,Barcelona,1,Lamine Yamal_19_B,,,,,90,0.00308054,0.000554778,0.0,0.0,7670
24832,2024-03-12 21:00:00,13,Champions League,30,Barcelona,71,Napoli,30,Barcelona,1,Marc Casado_17_B,,,,,0,0.00126044,0.000330566,0.008,0.014,2412
24832,2024-03-12 21:00:00,13,Champions League,30,Barcelona,71,Napoli,30,Barcelona,1,Marc Guiu_38_B,,,,,0,-9.68217e-05,-4.26897e-05,0.0,0.0,193
24832,2024-03-12 21:00:00,13,Champions League,30,Barcelona,71,Napoli,30,Barcelona,1,Marc-André ter Stegen_1_B,,,,,90,-0.000183835,0.000794651,0.0,0.0,6921
24832,2024-03-12 21:00:00,13,Champions League,30,Barcelona,71,Napoli,30,Barcelona,1,Oriol Romeu_18_B,,,,,30,-4.63904e-06,0.000596374,0.0,0.0,1536
24832,2024-03-12 21:00:00,13,Champions League,30,Barcelona,71,Napoli,30,Barcelona,1,Pau Cubarsí_2_B,,,,,90,0.000489738,0.000689197,0.0,0.0,6208
24832,2024-03-12 21:00:00,13,Champions League,30,Barcelona,71,Napoli,30,Barcelona,1,Raphinha_11_B,,,,,80,0.00131215,0.000402672,0.736,1.0,8931
24832,2024-03-12 21:00:00,13,Champions League,30,Barcelona,71,Napoli,30,Barcelona,1,Robert Lewandowski_9_B,,,,,90,-0.00130583,0.000914094,0.564,0.999,10145
24832,2024-03-12 21:00:00,13,Champions League,30,Barcelona,71,Napoli,30,Barcelona,1,Ronald Araújo_4_B,,,,,90,0.00016609,0.000959492,0.736,1.0,6661
24832,2024-03-12 21:00:00,13,Champions League,30,Barcelona,71,Napoli,30,Barcelona,1,Sergi Roberto_20_B,,,,,31,0.000651913,-0.000120976,0.0,0.0,2493
24832,2024-03-12 21:00:00,13,Champions League,30,Barcelona,71,Napoli,30,Barcelona,1,Vitor Roque_19_B,,,,,0,0.000269556,0.000567539,0.0,0.0,433
24832,2024-03-12 21:00:00,13,Champions League,30,Barcelona,71,Napoli,30,Barcelona,1,İlkay Gündoğan_22_B,,,,,90,0.000780872,-0.000346235,0.0,0.0,4232
21133,2024-03-16 16:15:00,6,La Liga,29,Osasuna,31,Real Madrid,31,Real Madrid,0,Andriy Lunin_13_RM,,,,,94,0.00135314,0.00113184,0.0,0.0,4637
21133,2024-03-16 16:15:00,6,La Liga,29,Osasuna,31,Real Madrid,31,Real Madrid,0,Antonio Rüdiger_22_RM,,,,,94,0.00101494,0.000618977,0.0,0.0,10666
21133,2024-03-16 16:15:00,6,La Liga,29,Osasuna,31,Real Madrid,31,Real Madrid,0,Arda Güler_15_RM,85.0,,leading,,9,7.01941e-05,-0.000836821,0.211,0.452,2380
21133,2024-03-16 16:15:00,6,La Liga,29,Osasuna,31,Real Madrid,31,Real Madrid,0,Aurélien Tchouaméni_14_RM,,,,,94,-0.000603586,0.00091019,0.264,0.565,8572
21133,2024-03-16 16:15:00,6,La Liga,29,Osasuna,31,Real Madrid,31,Real Madrid,0,Brahim Díaz_21_RM,,72.0,,leading,72,0.00321062,-0.000354507,0.082,0.176,4411
21133,2024-03-16 16:15:00,6,La Liga,29,Osasuna,31,Real Madrid,31,Real Madrid,0,Dani Carvajal_2_RM,,,,,94,0.000618357,0.000728238,0.196,0.42,6003
21133,2024-03-16 16:15:00,6,La Liga,29,Osasuna,31,Real Madrid,31,Real Madrid,0,Eduardo Camavinga_6_RM,,72.0,,leading,72,0.000527662,0.000882211,0.0,0.0,7525
21133,2024-03-16 16:15:00,6,La Liga,29,Osasuna,31,Real Madrid,31,Real Madrid,0,Federico Valverde_8_RM,,,,,94,0.00109636,0.00134977,0.264,0.565,11707
21133,2024-03-16 16:15:00,6,La Liga,29,Osasuna,31,Real Madrid,31,Real Madrid,0,Ferland Mendy_23_RM,,85.0,,leading,85,-0.00165897,0.000241543,0.0,0.0,5435
21133,2024-03-16 16:15:00,6,La Liga,29,Osasuna,31,Real Madrid,31,Real Madrid,0,Fran Garcia_20_RM,85.0,,leading,,9,0.00151615,4.55278e-05,0.0,0.0,4807
21133,2024-03-16 16:15:00,6,La Liga,29,Osasuna,31,Real Madrid,31,Real Madrid,0,Kepa Arrizabalaga_25_RM,,,,,0,-0.00025058,0.000481202,0.0,0.0,1754
21133,2024-03-16 16:15:00,6,La Liga,29,Osasuna,31,Real Madrid,31,Real Madrid,0,Lucas Vázquez_17_RM,77.0,,leading,,17,0.00132007,-0.000853061,0.0,0.0,6072
21133,2024-03-16 16:15:00,6,La Liga,29,Osasuna,31,Real Madrid,31,Real Madrid,0,Luka Modrić_10_RM,72.0,,leading,,22,0.00146142,0.000547068,0.0,0.0,6907
21133,2024-03-16 16:15:00,6,La Liga,29,Osasuna,31,Real Madrid,31,Real Madrid,0,Nacho_6_RM,72.0,,leading,,22,0.00147031,0.000367155,0.0,0.0,5214
21133,2024-03-16 16:15:00,6,La Liga,29,Osasuna,31,Real Madrid,31,Real Madrid,0,Rodrygo_11_RM,,,,,94,0.000204649,0.000315861,0.182,0.389,9181
21133,2024-03-16 16:15:00,6,La Liga,29,Osasuna,31,Real Madrid,31,Real Madrid,0,Toni Kroos_8_RM,,77.0,,leading,77,0.000529318,0.000493378,0.0,0.0,5337
21133,2024-03-16 16:15:00,6,La Liga,29,Osasuna,31,Real Madrid,31,Real Madrid,0,Vinicius Júnior_7_RM,,85.0,,leading,85,-0.00186706,0.000820191,0.082,0.176,9694
21140,2024-03-17 21:00:00,6,La Liga,39,Atlético Madrid,30,Barcelona,30,Barcelona,0,Andreas Christensen_15_B,,,,,0,-0.000657376,0.000304607,0.172,0.304,4789
21140,2024-03-17 21:00:00,6,La Liga,39,Atlético Madrid,30,Barcelona,30,Barcelona,0,Fermin López_16_B,,82.0,,leading,82,-0.000980475,6.51575e-05,0.728,1.0,4228
21140,2024-03-17 21:00:00,6,La Liga,39,Atlético Madrid,30,Barcelona,30,Barcelona,0,Héctor Fort_32_B,,82.0,,leading,82,-0.000463914,-0.000603466,0.0,0.0,1296
21140,2024-03-17 21:00:00,6,La Liga,39,Atlético Madrid,30,Barcelona,30,Barcelona,0,Iñaki Peña_13_B,,,,,0,0.001789,-0.000771425,0.0,0.0,3754
21140,2024-03-17 21:00:00,6,La Liga,39,Atlético Madrid,30,Barcelona,30,Barcelona,0,Iñigo Martínez_5_B,82.0,,leading,,13,0.00172975,0.000118759,0.0,0.0,5736
21140,2024-03-17 21:00:00,6,La Liga,39,Atlético Madrid,30,Barcelona,30,Barcelona,0,João Félix_14_B,,77.0,,leading,77,0.000261688,0.000320113,0.0,0.0,2176
21140,2024-03-17 21:00:00,6,La Liga,39,Atlético Madrid,30,Barcelona,30,Barcelona,0,Jules Koundé_23_B,,,,,95,0.00223783,0.00075356,0.736,1.0,11254
21140,2024-03-17 21:00:00,6,La Liga,39,Atlético Madrid,30,Barcelona,30,Barcelona,0,Lamine Yamal_19_B,60.0,,leading,,35,0.00308054,0.000554778,0.0,0.0,7670
21140,2024-03-17 21:00:00,6,La Liga,39,Atlético Madrid,30,Barcelona,30,Barcelona,0,Marc Casado_17_B,82.0,,leading,,13,0.00126044,0.000330566,0.008,0.014,2412
21140,2024-03-17 21:00:00,6,La Liga,39,Atlético Madrid,30,Barcelona,30,Barcelona,0,Marc Guiu_38_B,,,,,0,-9.68217e-05,-4.26897e-05,0.0,0.0,193
21140,2024-03-17 21:00:00,6,La Liga,39,Atlético Madrid,30,Barcelona,30,Barcelona,0,Marc-André ter Stegen_1_B,,,,,95,-0.000183835,0.000794651,0.0,0.0,6921
21140,2024-03-17 21:00:00,6,La Liga,39,Atlético Madrid,30,Barcelona,30,Barcelona,0,Marcos Alonso_17_B,,,,,0,-9.54486e-05,8.02717e-05,0.0,0.0,1526
21140,2024-03-17 21:00:00,6,La Liga,39,Atlético Madrid,30,Barcelona,30,Barcelona,0,Oriol Romeu_18_B,77.0,,leading,,18,-4.63904e-06,0.000596374,0.0,0.0,1536
21140,2024-03-17 21:00:00,6,La Liga,39,Atlético Madrid,30,Barcelona,30,Barcelona,0,Pau Cubarsí_2_B,,,,,95,0.000489738,0.000689197,0.0,0.0,6208
21140,2024-03-17 21:00:00,6,La Liga,39,Atlético Madrid,30,Barcelona,30,Barcelona,0,Raphinha_11_B,,60.0,,leading,60,0.00131215,0.000402672,0.736,1.0,8931
21140,2024-03-17 21:00:00,6,La Liga,39,Atlético Madrid,30,Barcelona,30,Barcelona,0,Robert Lewandowski_9_B,,,,,95,-0.00130583,0.000914094,0.564,0.999,10145
21140,2024-03-17 21:00:00,6,La Liga,39,Atlético Madrid,30,Barcelona,30,Barcelona,0,Ronald Araújo_4_B,,,,,95,0.00016609,0.000959492,0.736,1.0,6661
21140,2024-03-17 21:00:00,6,La Liga,39,Atlético Madrid,30,Barcelona,30,Barcelona,0,Sergi Roberto_20_B,,77.0,,leading,77,0.000651913,-0.000120976,0.0,0.0,2493
21140,2024-03-17 21:00:00,6,La Liga,39,Atlético Madrid,30,Barcelona,30,Barcelona,0,Vitor Roque_19_B,77.0,,leading,,18,0.000269556,0.000567539,0.0,0.0,433
21140,2024-03-17 21:00:00,6,La Liga,39,Atlético Madrid,30,Barcelona,30,Barcelona,0,İlkay Gündoğan_22_B,,,,,95,0.000780872,-0.000346235,0.0,0.0,4232
21145,2024-03-30 21:00:00,6,La Liga,30,Barcelona,522,Equipo histórico 522,30,Barcelona,1,Fermin López_16_B,,61.0,,leading,61,-0.000980475,6.51575e-05,0.728,1.0,4228
21145,2024-03-30 21:00:00,6,La Liga,30,Barcelona,522,Equipo histórico 522,30,Barcelona,1,Ferrán Torres_7_B,76.0,,leading,,19,0.000824349,-0.000703702,0.18,0.318,5186
21145,2024-03-30 21:00:00,6,La Liga,30,Barcelona,522,Equipo histórico 522,30,Barcelona,1,Héctor Fort_32_B,,,,,0,-0.000463914,-0.000603466,0.0,0.0,1296
21145,2024-03-30 21:00:00,6,La Liga,30,Barcelona,522,Equipo histórico 522,30,Barcelona,1,Iñaki Peña_13_B,,,,,0,0.001789,-0.000771425,0.0,0.0,3754
21145,2024-03-30 21:00:00,6,La Liga,30,Barcelona,522,Equipo histórico 522,30,Barcelona,1,Iñigo Martínez_5_B,,,,,95,0.00172975,0.000118759,0.0,0.0,5736
21145,2024-03-30 21:00:00,6,La Liga,30,Barcelona,522,Equipo histórico 522,30,Barcelona,1,João Cancelo_2_B,,,,,95,0.000109913,5.3432e-05,0.0,0.0,3488
21145,2024-03-30 21:00:00,6,La Liga,30,Barcelona,522,Equipo histórico 522,30,Barcelona,1,João Félix_14_B,61.0,,leading,,34,0.000261688,0.000320113,0.0,0.0,2176
21145,2024-03-30 21:00:00,6,La Liga,30,Barcelona,522,Equipo histórico 522,30,Barcelona,1,Jules Koundé_23_B,,,,,95,0.00223783,0.00075356,0.736,1.0,11254
21145,2024-03-30 21:00:00,6,La Liga,30,Barcelona,522,Equipo histórico 522,30,Barcelona,1,Lamine Yamal_19_B,,76.0,,leading,76,0.00308054,0.000554778,0.0,0.0,7670
21145,2024-03-30 21:00:00,6,La Liga,30,Barcelona,522,Equipo histórico 522,30,Barcelona,1,Marc Casado_17_B,,,,,0,0.00126044,0.000330566,0.008,0.014,2412
21145,2024-03-30 21:00:00,6,La Liga,30,Barcelona,522,Equipo histórico 522,30,Barcelona,1,Marc Guiu_38_B,,,,,0,-9.68217e-05,-4.26897e-05,0.0,0.0,193
21145,2024-03-30 21:00:00,6,La Liga,30,Barcelona,522,Equipo histórico 522,30,Barcelona,1,Marc-André ter Stegen_1_B,,,,,95,-0.000183835,0.000794651,0.0,0.0,6921
21145,2024-03-30 21:00:00,6,La Liga,30,Barcelona,522,Equipo histórico 522,30,Barcelona,1,Marcos Alonso_17_B,,,,,0,-9.54486e-05,8.02717e-05,0.0,0.0,1526
21145,2024-03-30 21:00:00,6,La Liga,30,Barcelona,522,Equipo histórico 522,30,Barcelona,1,Oriol Romeu_18_B,86.0,,leading,,9,-4.63904e-06,0.000596374,0.0,0.0,1536
21145,2024-03-30 21:00:00,6,La Liga,30,Barcelona,522,Equipo histórico 522,30,Barcelona,1,Pau Cubarsí_2_B,,,,,95,0.000489738,0.000689197,0.0,0.0,6208
21145,2024-03-30 21:00:00,6,La Liga,30,Barcelona,522,Equipo histórico 522,30,Barcelona,1,Raphinha_11_B,,,,,95,0.00131215,0.000402672,0.736,1.0,8931
21145,2024-03-30 21:00:00,6,La Liga,30,Barcelona,522,Equipo histórico 522,30,Barcelona,1,Robert Lewandowski_9_B,,86.0,,leading,86,-0.00130583,0.000914094,0.564,0.999,10145
21145,2024-03-30 21:00:00,6,La Liga,30,Barcelona,522,Equipo histórico 522,30,Barcelona,1,Ronald Araújo_4_B,,,,,0,0.00016609,0.000959492,0.736,1.0,6661
21145,2024-03-30 21:00:00,6,La Liga,30,Barcelona,522,Equipo histórico 522,30,Barcelona,1,Sergi Roberto_20_B,,86.0,,leading,86,0.000651913,-0.000120976,0.0,0.0,2493
21145,2024-03-30 21:00:00,6,La Liga,30,Barcelona,522,Equipo histórico 522,30,Barcelona,1,Vitor Roque_19_B,86.0,,leading,,9,0.000269556,0.000567539,0.0,0.0,433
21145,2024-03-30 21:00:00,6,La Liga,30,Barcelona,522,Equipo histórico 522,30,Barcelona,1,İlkay Gündoğan_22_B,,,,,95,0.000780872,-0.000346235,0.0,0.0,4232
21149,2024-03-31 21:00:00,6,La Liga,31,Real Madrid,33,Athletic Club,31,Real Madrid,1,Andriy Lunin_13_RM,,,,,93,0.00135314,0.00113184,0.0,0.0,4637
21149,2024-03-31 21:00:00,6,La Liga,31,Real Madrid,33,Athletic Club,31,Real Madrid,1,Antonio Rüdiger_22_RM,,,,,93,0.00101494,0.000618977,0.0,0.0,10666
21149,2024-03-31 21:00:00,6,La Liga,31,Real Madrid,33,Athletic Club,31,Real Madrid,1,Arda Güler_15_RM,,,,,0,7.01941e-05,-0.000836821,0.211,0.452,2380
21149,2024-03-31 21:00:00,6,La Liga,31,Real Madrid,33,Athletic Club,31,Real Madrid,1,Aurélien Tchouaméni_14_RM,,,,,93,-0.000603586,0.00091019,0.264,0.565,8572
21149,2024-03-31 21:00:00,6,La Liga,31,Real Madrid,33,Athletic Club,31,Real Madrid,1,Brahim Díaz_21_RM,,73.0,,leading,73,0.00321062,-0.000354507,0.082,0.176,4411
21149,2024-03-31 21:00:00,6,La Liga,31,Real Madrid,33,Athletic Club,31,Real Madrid,1,Dani Carvajal_2_RM,,93.0,,leading,93,0.000618357,0.000728238,0.196,0.42,6003
21149,2024-03-31 21:00:00,6,La Liga,31,Real Madrid,33,Athletic Club,31,Real Madrid,1,Dani Ceballos_19_RM,,,,,0,0.0010414,0.00086943,0.0,0.0,4606
21149,2024-03-31 21:00:00,6,La Liga,31,Real Madrid,33,Athletic Club,31,Real Madrid,1,Eduardo Camavinga_6_RM,82.0,,leading,,11,0.000527662,0.000882211,0.0,0.0,7525
21149,2024-03-31 21:00:00,6,La Liga,31,Real Madrid,33,Athletic Club,31,Real Madrid,1,Federico Valverde_8_RM,,82.0,,leading,82,0.00109636,0.00134977,0.264,0.565,11707
21149,2024-03-31 21:00:00,6,La Liga,31,Real Madrid,33,Athletic Club,31,Real Madrid,1,Ferland Mendy_23_RM,,,,,93,-0.00165897,0.000241543,0.0,0.0,5435
21149,2024-03-31 21:00:00,6,La Liga,31,Real Madrid,33,Athletic Club,31,Real Madrid,1,Fran Garcia_20_RM,,,,,0,0.00151615,4.55278e-05,0.0,0.0,4807
21149,2024-03-31 21:00:00,6,La Liga,31,Real Madrid,33,Athletic Club,31,Real Madrid,1,Joselu_14_RM,73.0,,leading,,20,1.52568e-05,0.000834196,0.0,0.0,2277
21149,2024-03-31 21:00:00,6,La Liga,31,Real Madrid,33,Athletic Club,31,Real Madrid,1,Jude Bellingham_5_RM,,,,,93,0.00112068,-0.000274762,0.0,0.0,7793
21149,2024-03-31 21:00:00,6,La Liga,31,Real Madrid,33,Athletic Club,31,Real Madrid,1,Kepa Arrizabalaga_25_RM,,,,,0,-0.00025058,0.000481202,0.0,0.0,1754
21149,2024-03-31 21:00:00,6,La Liga,31,Real Madrid,33,Athletic Club,31,Real Madrid,1,Lucas Vázquez_17_RM,82.0,,leading,,11,0.00132007,-0.000853061,0.0,0.0,6072
21149,2024-03-31 21:00:00,6,La Liga,31,Real Madrid,33,Athletic Club,31,Real Madrid,1,Luka Modrić_10_RM,82.0,,leading,,11,0.00146142,0.000547068,0.0,0.0,6907
21149,2024-03-31 21:00:00,6,La Liga,31,Real Madrid,33,Athletic Club,31,Real Madrid,1,Nacho_6_RM,,,,,93,0.00147031,0.000367155,0.0,0.0,5214
21149,2024-03-31 21:00:00,6,La Liga,31,Real Madrid,33,Athletic Club,31,Real Madrid,1,Rodrygo_11_RM,,82.0,,leading,82,0.000204649,0.000315861,0.182,0.389,9181
21149,2024-03-31 21:00:00,6,La Liga,31,Real Madrid,33,Athletic Club,31,Real Madrid,1,Toni Kroos_8_RM,,82.0,,leading,82,0.000529318,0.000493378,0.0,0.0,5337
21149,2024-03-31 21:00:00,6,La Liga,31,Real Madrid,33,Athletic Club,31,Real Madrid,1,Éder Militão_3_RM,93.0,,leading,,0,0.000207186,0.000444794,0.264,0.565,4777
24836,2024-04-09 21:00:00,13,Champions League,31,Real Madrid,19,Manchester City,31,Real Madrid,1,Andriy Lunin_13_RM,,,,,90,0.00135314,0.00113184,0.0,0.0,4637
24836,2024-04-09 21:00:00,13,Champions League,31,Real Madrid,19,Manchester City,31,Real Madrid,1,Antonio Rüdiger_22_RM,,,,,90,0.00101494,0.000618977,0.0,0.0,10666
24836,2024-04-09 21:00:00,13,Champions League,31,Real Madrid,19,Manchester City,31,Real Madrid,1,Arda Güler_15_RM,,,,,0,7.01941e-05,-0.000836821,0.211,0.452,2380
24836,2024-04-09 21:00:00,13,Champions League,31,Real Madrid,19,Manchester City,31,Real Madrid,1,Aurélien Tchouaméni_14_RM,,,,,90,-0.000603586,0.00091019,0.264,0.565,8572
24836,2024-04-09 21:00:00,13,Champions League,31,Real Madrid,19,Manchester City,31,Real Madrid,1,Brahim Díaz_21_RM,,,,,19,0.00321062,-0.000354507,0.082,0.176,4411
24836,2024-04-09 21:00:00,13,Champions League,31,Real Madrid,19,Manchester City,31,Real Madrid,1,Dani Carvajal_2_RM,,,,,90,0.000618357,0.000728238,0.196,0.42,6003
24836,2024-04-09 21:00:00,13,Champions League,31,Real Madrid,19,Manchester City,31,Real Madrid,1,Dani Ceballos_19_RM,,,,,0,0.0010414,0.00086943,0.0,0.0,4606
24836,2024-04-09 21:00:00,13,Champions League,31,Real Madrid,19,Manchester City,31,Real Madrid,1,Eduardo Camavinga_6_RM,,,,,90,0.000527662,0.000882211,0.0,0.0,7525
24836,2024-04-09 21:00:00,13,Champions League,31,Real Madrid,19,Manchester City,31,Real Madrid,1,Federico Valverde_8_RM,,,,,90,0.00109636,0.00134977,0.264,0.565,11707
24836,2024-04-09 21:00:00,13,Champions League,31,Real Madrid,19,Manchester City,31,Real Madrid,1,Ferland Mendy_23_RM,,,,,90,-0.00165897,0.000241543,0.0,0.0,5435
24836,2024-04-09 21:00:00,13,Champions League,31,Real Madrid,19,Manchester City,31,Real Madrid,1,Fran Garcia_20_RM,,,,,0,0.00151615,4.55278e-05,0.0,0.0,4807
24836,2024-04-09 21:00:00,13,Champions League,31,Real Madrid,19,Manchester City,31,Real Madrid,1,Joselu_14_RM,,,,,5,1.52568e-05,0.000834196,0.0,0.0,2277
24836,2024-04-09 21:00:00,13,Champions League,31,Real Madrid,19,Manchester City,31,Real Madrid,1,Jude Bellingham_5_RM,,,,,90,0.00112068,-0.000274762,0.0,0.0,7793
24836,2024-04-09 21:00:00,13,Champions League,31,Real Madrid,19,Manchester City,31,Real Madrid,1,Kepa Arrizabalaga_25_RM,,,,,0,-0.00025058,0.000481202,0.0,0.0,1754
24836,2024-04-09 21:00:00,13,Champions League,31,Real Madrid,19,Manchester City,31,Real Madrid,1,Lucas Vázquez_17_RM,,,,,0,0.00132007,-0.000853061,0.0,0.0,6072
24836,2024-04-09 21:00:00,13,Champions League,31,Real Madrid,19,Manchester City,31,Real Madrid,1,Luka Modrić_10_RM,,,,,19,0.00146142,0.000547068,0.0,0.0,6907
24836,2024-04-09 21:00:00,13,Champions League,31,Real Madrid,19,Manchester City,31,Real Madrid,1,Nacho_6_RM,,,,,0,0.00147031,0.000367155,0.0,0.0,5214
24836,2024-04-09 21:00:00,13,Champions League,31,Real Madrid,19,Manchester City,31,Real Madrid,1,Rodrygo_11_RM,,,,,71,0.000204649,0.000315861,0.182,0.389,9181
24836,2024-04-09 21:00:00,13,Champions League,31,Real Madrid,19,Manchester City,31,Real Madrid,1,Toni Kroos_8_RM,,,,,71,0.000529318,0.000493378,0.0,0.0,5337
24836,2024-04-09 21:00:00,13,Champions League,31,Real Madrid,19,Manchester City,31,Real Madrid,1,Vinicius Júnior_7_RM,,,,,85,-0.00186706,0.000820191,0.082,0.176,9694
24836,2024-04-09 21:00:00,13,Champions League,31,Real Madrid,19,Manchester City,31,Real Madrid,1,Éder Militão_3_RM,,,,,0,0.000207186,0.000444794,0.264,0.565,4777
24838,2024-04-10 21:00:00,13,Champions League,96,Equipo histórico 96,30,Barcelona,30,Barcelona,0,Andreas Christensen_15_B,,,,,15,-0.000657376,0.000304607,0.172,0.304,4789
24838,2024-04-10 21:00:00,13,Champions League,96,Equipo histórico 96,30,Barcelona,30,Barcelona,0,Ferrán Torres_7_B,,,,,15,0.000824349,-0.000703702,0.18,0.318,5186
24838,2024-04-10 21:00:00,13,Champions League,96,Equipo histórico 96,30,Barcelona,30,Barcelona,0,Frenkie de Jong_21_B,,,,,75,0.00304554,-0.000291865,0.736,1.0,7300
24838,2024-04-10 21:00:00,13,Champions League,96,Equipo histórico 96,30,Barcelona,30,Barcelona,0,Héctor Fort_32_B,,,,,0,-0.000463914,-0.000603466,0.0,0.0,1296
24838,2024-04-10 21:00:00,13,Champions League,96,Equipo histórico 96,30,Barcelona,30,Barcelona,0,Iñaki Peña_13_B,,,,,0,0.001789,-0.000771425,0.0,0.0,3754
24838,2024-04-10 21:00:00,13,Champions League,96,Equipo histórico 96,30,Barcelona,30,Barcelona,0,Iñigo Martínez_5_B,,,,,0,0.00172975,0.000118759,0.0,0.0,5736
24838,2024-04-10 21:00:00,13,Champions League,96,Equipo histórico 96,30,Barcelona,30,Barcelona,0,João Cancelo_2_B,,,,,90,0.000109913,5.3432e-05,0.0,0.0,3488
24838,2024-04-10 21:00:00,13,Champions League,96,Equipo histórico 96,30,Barcelona,30,Barcelona,0,João Félix_14_B,,,,,30,0.000261688,0.000320113,0.0,0.0,2176
24838,2024-04-10 21:00:00,13,Champions League,96,Equipo histórico 96,30,Barcelona,30,Barcelona,0,Jules Koundé_23_B,,,,,90,0.00223783,0.00075356,0.736,1.0,11254
24838,2024-04-10 21:00:00,13,Champions League,96,Equipo histórico 96,30,Barcelona,30,Barcelona,0,Lamine Yamal_19_B,,,,,60,0.00308054,0.000554778,0.0,0.0,7670
24838,2024-04-10 21:00:00,13,Champions League,96,Equipo histórico 96,30,Barcelona,30,Barcelona,0,Marc-André ter Stegen_1_B,,,,,90,-0.000183835,0.000794651,0.0,0.0,6921
24838,2024-04-10 21:00:00,13,Champions League,96,Equipo histórico 96,30,Barcelona,30,Barcelona,0,Marcos Alonso_17_B,,,,,0,-9.54486e-05,8.02717e-05,0.0,0.0,1526
24838,2024-04-10 21:00:00,13,Champions League,96,Equipo histórico 96,30,Barcelona,30,Barcelona,0,Oriol Romeu_18_B,,,,,0,-4.63904e-06,0.000596374,0.0,0.0,1536
24838,2024-04-10 21:00:00,13,Champions League,96,Equipo histórico 96,30,Barcelona,30,Barcelona,0,Pau Cubarsí_2_B,,,,,90,0.000489738,0.000689197,0.0,0.0,6208
24838,2024-04-10 21:00:00,13,Champions League,96,Equipo histórico 96,30,Barcelona,30,Barcelona,0,Pedri_8_B,,,,,30,-0.000452767,-0.000759786,0.736,1.0,7907
24838,2024-04-10 21:00:00,13,Champions League,96,Equipo histórico 96,30,Barcelona,30,Barcelona,0,Raphinha_11_B,,,,,75,0.00131215,0.000402672,0.736,1.0,8931
24838,2024-04-10 21:00:00,13,Champions League,96,Equipo histórico 96,30,Barcelona,30,Barcelona,0,Robert Lewandowski_9_B,,,,,90,-0.00130583,0.000914094,0.564,0.999,10145
24838,2024-04-10 21:00:00,13,Champions League,96,Equipo histórico 96,30,Barcelona,30,Barcelona,0,Ronald Araújo_4_B,,,,,90,0.00016609,0.000959492,0.736,1.0,6661
24838,2024-04-10 21:00:00,13,Champions League,96,Equipo histórico 96,30,Barcelona,30,Barcelona,0,Sergi Roberto_20_B,,,,,60,0.000651913,-0.000120976,0.0,0.0,2493
24838,2024-04-10 21:00:00,13,Champions League,96,Equipo histórico 96,30,Barcelona,30,Barcelona,0,Vitor Roque_19_B,,,,,0,0.000269556,0.000567539,0.0,0.0,433
24838,2024-04-10 21:00:00,13,Champions League,96,Equipo histórico 96,30,Barcelona,30,Barcelona,0,İlkay Gündoğan_22_B,,,,,85,0.000780872,-0.000346235,0.0,0.0,4232
21155,2024-04-13 18:30:00,6,La Liga,201,Mallorca,31,Real Madrid,31,Real Madrid,0,Andriy Lunin_13_RM,,,,,95,0.00135314,0.00113184,0.0,0.0,4637
21155,2024-04-13 18:30:00,6,La Liga,201,Mallorca,31,Real Madrid,31,Real Madrid,0,Antonio Rüdiger_22_RM,,,,,95,0.00101494,0.000618977,0.0,0.0,10666
21155,2024-04-13 18:30:00,6,La Liga,201,Mallorca,31,Real Madrid,31,Real Madrid,0,Arda Güler_15_RM,,,,,0,7.01941e-05,-0.000836821,0.211,0.452,2380
21155,2024-04-13 18:30:00,6,La Liga,201,Mallorca,31,Real Madrid,31,Real Madrid,0,Aurélien Tchouaméni_14_RM,,,,,95,-0.000603586,0.00091019,0.264,0.565,8572
21155,2024-04-13 18:30:00,6,La Liga,201,Mallorca,31,Real Madrid,31,Real Madrid,0,Brahim Díaz_21_RM,,63.0,,leading,63,0.00321062,-0.000354507,0.082,0.176,4411
21155,2024-04-13 18:30:00,6,La Liga,201,Mallorca,31,Real Madrid,31,Real Madrid,0,Dani Carvajal_2_RM,86.0,,leading,,9,0.000618357,0.000728238,0.196,0.42,6003
21155,2024-04-13 18:30:00,6,La Liga,201,Mallorca,31,Real Madrid,31,Real Madrid,0,Dani Ceballos_19_RM,,,,,0,0.0010414,0.00086943,0.0,0.0,4606
21155,2024-04-13 18:30:00,6,La Liga,201,Mallorca,31,Real Madrid,31,Real Madrid,0,Eduardo Camavinga_6_RM,64.0,,leading,,31,0.000527662,0.000882211,0.0,0.0,7525
21155,2024-04-13 18:30:00,6,La Liga,201,Mallorca,31,Real Madrid,31,Real Madrid,0,Federico Valverde_8_RM,,,,,95,0.00109636,0.00134977,0.264,0.565,11707
21155,2024-04-13 18:30:00,6,La Liga,201,Mallorca,31,Real Madrid,31,Real Madrid,0,Ferland Mendy_23_RM,,,,,95,-0.00165897,0.000241543,0.0,0.0,5435
21155,2024-04-13 18:30:00,6,La Liga,201,Mallorca,31,Real Madrid,31,Real Madrid,0,Fran Garcia_20_RM,,,,,0,0.00151615,4.55278e-05,0.0,0.0,4807
21155,2024-04-13 18:30:00,6,La Liga,201,Mallorca,31,Real Madrid,31,Real Madrid,0,Joselu_14_RM,,,,,95,1.52568e-05,0.000834196,0.0,0.0,2277
21155,2024-04-13 18:30:00,6,La Liga,201,Mallorca,31,Real Madrid,31,Real Madrid,0,Jude Bellingham_5_RM,,64.0,,leading,64,0.00112068,-0.000274762,0.0,0.0,7793
21155,2024-04-13 18:30:00,6,La Liga,201,Mallorca,31,Real Madrid,31,Real Madrid,0,Kepa Arrizabalaga_25_RM,,,,,0,-0.00025058,0.000481202,0.0,0.0,1754
21155,2024-04-13 18:30:00,6,La Liga,201,Mallorca,31,Real Madrid,31,Real Madrid,0,Lucas Vázquez_17_RM,,90.0,,leading,90,0.00132007,-0.000853061,0.0,0.0,6072
21155,2024-04-13 18:30:00,6,La Liga,201,Mallorca,31,Real Madrid,31,Real Madrid,0,Luka Modrić_10_RM,,86.0,,leading,86,0.00146142,0.000547068,0.0,0.0,6907
21155,2024-04-13 18:30:00,6,La Liga,201,Mallorca,31,Real Madrid,31,Real Madrid,0,Nacho_6_RM,,,,,95,0.00147031,0.000367155,0.0,0.0,5214
21155,2024-04-13 18:30:00,6,La Liga,201,Mallorca,31,Real Madrid,31,Real Madrid,0,Rodrygo_11_RM,,,,,0,0.000204649,0.000315861,0.182,0.389,9181
21155,2024-04-13 18:30:00,6,La Liga,201,Mallorca,31,Real Madrid,31,Real Madrid,0,Toni Kroos_8_RM,,,,,0,0.000529318,0.000493378,0.0,0.0,5337
21155,2024-04-13 18:30:00,6,La Liga,201,Mallorca,31,Real Madrid,31,Real Madrid,0,Vinicius Júnior_7_RM,63.0,,leading,,32,-0.00186706,0.000820191,0.082,0.176,9694
21155,2024-04-13 18:30:00,6,La Liga,201,Mallorca,31,Real Madrid,31,Real Madrid,0,Éder Militão_3_RM,90.0,,leading,,5,0.000207186,0.000444794,0.264,0.565,4777
21156,2024-04-13 21:00:00,6,La Liga,21,Equipo histórico 21,30,Barcelona,30,Barcelona,0,Andreas Christensen_15_B,,63.0,,leading,63,-0.000657376,0.000304607,0.172,0.304,4789
21156,2024-04-13 21:00:00,6,La Liga,21,Equipo histórico 21,30,Barcelona,30,Barcelona,0,Fermin López_16_B,,81.0,,leading,81,-0.000980475,6.51575e-05,0.728,1.0,4228
21156,2024-04-13 21:00:00,6,La Liga,21,Equipo histórico 21,30,Barcelona,30,Barcelona,0,Ferrán Torres_7_B,,,,,92,0.000824349,-0.000703702,0.18,0.318,5186
21156,2024-04-13 21:00:00,6,La Liga,21,Equipo histórico 21,30,Barcelona,30,Barcelona,0,Frenkie de Jong_21_B,,,,,0,0.00304554,-0.000291865,0.736,1.0,7300
21156,2024-04-13 21:00:00,6,La Liga,21,Equipo histórico 21,30,Barcelona,30,Barcelona,0,Héctor Fort_32_B,,63.0,,leading,63,-0.000463914,-0.000603466,0.0,0.0,1296
21156,2024-04-13 21:00:00,6,La Liga,21,Equipo histórico 21,30,Barcelona,30,Barcelona,0,Iñaki Peña_13_B,,,,,0,0.001789,-0.000771425,0.0,0.0,3754
21156,2024-04-13 21:00:00,6,La Liga,21,Equipo histórico 21,30,Barcelona,30,Barcelona,0,João Félix_14_B,,86.0,,leading,86,0.000261688,0.000320113,0.0,0.0,2176
21156,2024-04-13 21:00:00,6,La Liga,21,Equipo histórico 21,30,Barcelona,30,Barcelona,0,Jules Koundé_23_B,63.0,,leading,,29,0.00223783,0.00075356,0.736,1.0,11254
21156,2024-04-13 21:00:00,6,La Liga,21,Equipo histórico 21,30,Barcelona,30,Barcelona,0,Lamine Yamal_19_B,63.0,,leading,,29,0.00308054,0.000554778,0.0,0.0,7670
21156,2024-04-13 21:00:00,6,La Liga,21,Equipo histórico 21,30,Barcelona,30,Barcelona,0,Marc Casado_17_B,86.0,,leading,,6,0.00126044,0.000330566,0.008,0.014,2412
21156,2024-04-13 21:00:00,6,La Liga,21,Equipo histórico 21,30,Barcelona,30,Barcelona,0,Marc Guiu_38_B,,,,,0,-9.68217e-05,-4.26897e-05,0.0,0.0,193
21156,2024-04-13 21:00:00,6,La Liga,21,Equipo histórico 21,30,Barcelona,30,Barcelona,0,Marc-André ter Stegen_1_B,,,,,92,-0.000183835,0.000794651,0.0,0.0,6921
21156,2024-04-13 21:00:00,6,La Liga,21,Equipo histórico 21,30,Barcelona,30,Barcelona,0,Marcos Alonso_17_B,,,,,92,-9.54486e-05,8.02717e-05,0.0,0.0,1526
21156,2024-04-13 21:00:00,6,La Liga,21,Equipo histórico 21,30,Barcelona,30,Barcelona,0,Oriol Romeu_18_B,,,,,92,-4.63904e-06,0.000596374,0.0,0.0,1536
21156,2024-04-13 21:00:00,6,La Liga,21,Equipo histórico 21,30,Barcelona,30,Barcelona,0,Pau Cubarsí_2_B,,,,,92,0.000489738,0.000689197,0.0,0.0,6208
21156,2024-04-13 21:00:00,6,La Liga,21,Equipo histórico 21,30,Barcelona,30,Barcelona,0,Pedri_8_B,63.0,,leading,,29,-0.000452767,-0.000759786,0.736,1.0,7907
21156,2024-04-13 21:00:00,6,La Liga,21,Equipo histórico 21,30,Barcelona,30,Barcelona,0,Raphinha_11_B,81.0,,leading,,11,0.00131215,0.000402672,0.736,1.0,8931
21156,2024-04-13 21:00:00,6,La Liga,21,Equipo histórico 21,30,Barcelona,30,Barcelona,0,Ronald Araújo_4_B,,,,,0,0.00016609,0.000959492,0.736,1.0,6661
21156,2024-04-13 21:00:00,6,La Liga,21,Equipo histórico 21,30,Barcelona,30,Barcelona,0,Sergi Roberto_20_B,,,,,92,0.000651913,-0.000120976,0.0,0.0,2493
21156,2024-04-13 21:00:00,6,La Liga,21,Equipo histórico 21,30,Barcelona,30,Barcelona,0,Vitor Roque_19_B,,63.0,,leading,63,0.000269556,0.000567539,0.0,0.0,433
21156,2024-04-13 21:00:00,6,La Liga,21,Equipo histórico 21,30,Barcelona,30,Barcelona,0,İlkay Gündoğan_22_B,,,,,0,0.000780872,-0.000346235,0.0,0.0,4232
24839,2024-04-16 21:00:00,13,Champions League,30,Barcelona,96,Equipo histórico 96,30,Barcelona,1,Ferrán Torres_7_B,,,,,29,0.000824349,-0.000703702,0.18,0.318,5186
24839,2024-04-16 21:00:00,13,Champions League,30,Barcelona,96,Equipo histórico 96,30,Barcelona,1,Frenkie de Jong_21_B,,,,,81,0.00304554,-0.000291865,0.736,1.0,7300
24839,2024-04-16 21:00:00,13,Champions League,30,Barcelona,96,Equipo histórico 96,30,Barcelona,1,Héctor Fort_32_B,,,,,0,-0.000463914,-0.000603466,0.0,0.0,1296
24839,2024-04-16 21:00:00,13,Champions League,30,Barcelona,96,Equipo histórico 96,30,Barcelona,1,Iñaki Peña_13_B,,,,,0,0.001789,-0.000771425,0.0,0.0,3754
24839,2024-04-16 21:00:00,13,Champions League,30,Barcelona,96,Equipo histórico 96,30,Barcelona,1,Iñigo Martínez_5_B,,,,,57,0.00172975,0.000118759,0.0,0.0,5736
24839,2024-04-16 21:00:00,13,Champions League,30,Barcelona,96,Equipo histórico 96,30,Barcelona,1,João Cancelo_2_B,,,,,81,0.000109913,5.3432e-05,0.0,0.0,3488
24839,2024-04-16 21:00:00,13,Champions League,30,Barcelona,96,Equipo histórico 96,30,Barcelona,1,João Félix_14_B,,,,,9,0.000261688,0.000320113,0.0,0.0,2176
24839,2024-04-16 21:00:00,13,Champions League,30,Barcelona,96,Equipo histórico 96,30,Barcelona,1,Jules Koundé_23_B,,,,,90,0.00223783,0.00075356,0.736,1.0,11254
24839,2024-04-16 21:00:00,13,Champions League,30,Barcelona,96,Equipo histórico 96,30,Barcelona,1,Lamine Yamal_19_B,,,,,33,0.00308054,0.000554778,0.0,0.0,7670
24839,2024-04-16 21:00:00,13,Champions League,30,Barcelona,96,Equipo histórico 96,30,Barcelona,1,Marc Casado_17_B,,,,,0,0.00126044,0.000330566,0.008,0.014,2412
24839,2024-04-16 21:00:00,13,Champions League,30,Barcelona,96,Equipo histórico 96,30,Barcelona,1,Marc Guiu_38_B,,,,,0,-9.68217e-05,-4.26897e-05,0.0,0.0,193
24839,2024-04-16 21:00:00,13,Champions League,30,Barcelona,96,Equipo histórico 96,30,Barcelona,1,Marc-André ter Stegen_1_B,,,,,90,-0.000183835,0.000794651,0.0,0.0,6921
24839,2024-04-16 21:00:00,13,Champions League,30,Barcelona,96,Equipo histórico 96,30,Barcelona,1,Marcos Alonso_17_B,,,,,0,-9.54486e-05,8.02717e-05,0.0,0.0,1526
24839,2024-04-16 21:00:00,13,Champions League,30,Barcelona,96,Equipo histórico 96,30,Barcelona,1,Oriol Romeu_18_B,,,,,0,-4.63904e-06,0.000596374,0.0,0.0,1536
24839,2024-04-16 21:00:00,13,Champions League,30,Barcelona,96,Equipo histórico 96,30,Barcelona,1,Pau Cubarsí_2_B,,,,,90,0.000489738,0.000689197,0.0,0.0,6208
24839,2024-04-16 21:00:00,13,Champions League,30,Barcelona,96,Equipo histórico 96,30,Barcelona,1,Pedri_8_B,,,,,61,-0.000452767,-0.000759786,0.736,1.0,7907
24839,2024-04-16 21:00:00,13,Champions League,30,Barcelona,96,Equipo histórico 96,30,Barcelona,1,Raphinha_11_B,,,,,90,0.00131215,0.000402672,0.736,1.0,8931
24839,2024-04-16 21:00:00,13,Champions League,30,Barcelona,96,Equipo histórico 96,30,Barcelona,1,Robert Lewandowski_9_B,,,,,90,-0.00130583,0.000914094,0.564,0.999,10145
24839,2024-04-16 21:00:00,13,Champions League,30,Barcelona,96,Equipo histórico 96,30,Barcelona,1,Ronald Araújo_4_B,,,,,28,0.00016609,0.000959492,0.736,1.0,6661
24839,2024-04-16 21:00:00,13,Champions League,30,Barcelona,96,Equipo histórico 96,30,Barcelona,1,Vitor Roque_19_B,,,,,0,0.000269556,0.000567539,0.0,0.0,433
24839,2024-04-16 21:00:00,13,Champions League,30,Barcelona,96,Equipo histórico 96,30,Barcelona,1,İlkay Gündoğan_22_B,,,,,90,0.000780872,-0.000346235,0.0,0.0,4232
24841,2024-04-17 20:00:00,13,Champions League,19,Manchester City,31,Real Madrid,31,Real Madrid,0,Andriy Lunin_13_RM,,,,,120,0.00135314,0.00113184,0.0,0.0,4637
24841,2024-04-17 20:00:00,13,Champions League,19,Manchester City,31,Real Madrid,31,Real Madrid,0,Antonio Rüdiger_22_RM,,,,,120,0.00101494,0.000618977,0.0,0.0,10666
24841,2024-04-17 20:00:00,13,Champions League,19,Manchester City,31,Real Madrid,31,Real Madrid,0,Arda Güler_15_RM,,,,,0,7.01941e-05,-0.000836821,0.211,0.452,2380
24841,2024-04-17 20:00:00,13,Champions League,19,Manchester City,31,Real Madrid,31,Real Madrid,0,Brahim Díaz_21_RM,,,,,37,0.00321062,-0.000354507,0.082,0.176,4411
24841,2024-04-17 20:00:00,13,Champions League,19,Manchester City,31,Real Madrid,31,Real Madrid,0,Dani Carvajal_2_RM,,,,,109,0.000618357,0.000728238,0.196,0.42,6003
24841,2024-04-17 20:00:00,13,Champions League,19,Manchester City,31,Real Madrid,31,Real Madrid,0,Dani Ceballos_19_RM,,,,,0,0.0010414,0.00086943,0.0,0.0,4606
24841,2024-04-17 20:00:00,13,Champions League,19,Manchester City,31,Real Madrid,31,Real Madrid,0,Eduardo Camavinga_6_RM,,,,,120,0.000527662,0.000882211,0.0,0.0,7525
24841,2024-04-17 20:00:00,13,Champions League,19,Manchester City,31,Real Madrid,31,Real Madrid,0,Federico Valverde_8_RM,,,,,120,0.00109636,0.00134977,0.264,0.565,11707
24841,2024-04-17 20:00:00,13,Champions League,19,Manchester City,31,Real Madrid,31,Real Madrid,0,Ferland Mendy_23_RM,,,,,120,-0.00165897,0.000241543,0.0,0.0,5435
24841,2024-04-17 20:00:00,13,Champions League,19,Manchester City,31,Real Madrid,31,Real Madrid,0,Fran Garcia_20_RM,,,,,0,0.00151615,4.55278e-05,0.0,0.0,4807
24841,2024-04-17 20:00:00,13,Champions League,19,Manchester City,31,Real Madrid,31,Real Madrid,0,Joselu_14_RM,,,,,0,1.52568e-05,0.000834196,0.0,0.0,2277
24841,2024-04-17 20:00:00,13,Champions League,19,Manchester City,31,Real Madrid,31,Real Madrid,0,Jude Bellingham_5_RM,,,,,120,0.00112068,-0.000274762,0.0,0.0,7793
24841,2024-04-17 20:00:00,13,Champions League,19,Manchester City,31,Real Madrid,31,Real Madrid,0,Kepa Arrizabalaga_25_RM,,,,,0,-0.00025058,0.000481202,0.0,0.0,1754
24841,2024-04-17 20:00:00,13,Champions League,19,Manchester City,31,Real Madrid,31,Real Madrid,0,Lucas Vázquez_17_RM,,,,,19,0.00132007,-0.000853061,0.0,0.0,6072
24841,2024-04-17 20:00:00,13,Champions League,19,Manchester City,31,Real Madrid,31,Real Madrid,0,Luka Modrić_10_RM,,,,,42,0.00146142,0.000547068,0.0,0.0,6907
24841,2024-04-17 20:00:00,13,Champions League,19,Manchester City,31,Real Madrid,31,Real Madrid,0,Nacho_6_RM,,,,,120,0.00147031,0.000367155,0.0,0.0,5214
24841,2024-04-17 20:00:00,13,Champions League,19,Manchester City,31,Real Madrid,31,Real Madrid,0,Rodrygo_11_RM,,,,,83,0.000204649,0.000315861,0.182,0.389,9181
24841,2024-04-17 20:00:00,13,Champions League,19,Manchester City,31,Real Madrid,31,Real Madrid,0,Toni Kroos_8_RM,,,,,78,0.000529318,0.000493378,0.0,0.0,5337
24841,2024-04-17 20:00:00,13,Champions League,19,Manchester City,31,Real Madrid,31,Real Madrid,0,Vinicius Júnior_7_RM,,,,,101,-0.00186706,0.000820191,0.082,0.176,9694
24841,2024-04-17 20:00:00,13,Champions League,19,Manchester City,31,Real Madrid,31,Real Madrid,0,Éder Militão_3_RM,,,,,11,0.000207186,0.000444794,0.264,0.565,4777
21170,2024-04-21 21:00:00,6,La Liga,31,Real Madrid,30,Barcelona,30,Barcelona,0,Andreas Christensen_15_B,,53.0,,level,53,-0.000657376,0.000304607,0.172,0.304,4789
21170,2024-04-21 21:00:00,6,La Liga,31,Real Madrid,30,Barcelona,30,Barcelona,0,Fermin López_16_B,53.0,,level,,49,-0.000980475,6.51575e-05,0.728,1.0,4228
21170,2024-04-21 21:00:00,6,La Liga,31,Real Madrid,30,Barcelona,30,Barcelona,0,Ferrán Torres_7_B,72.0,,leading,,30,0.000824349,-0.000703702,0.18,0.318,5186
21170,2024-04-21 21:00:00,6,La Liga,31,Real Madrid,30,Barcelona,30,Barcelona,0,Frenkie de Jong_21_B,,59.0,,level,59,0.00304554,-0.000291865,0.736,1.0,7300
21170,2024-04-21 21:00:00,6,La Liga,31,Real Madrid,30,Barcelona,30,Barcelona,0,Héctor Fort_32_B,,,,,0,-0.000463914,-0.000603466,0.0,0.0,1296
21170,2024-04-21 21:00:00,6,La Liga,31,Real Madrid,30,Barcelona,30,Barcelona,0,Iñaki Peña_13_B,,,,,0,0.001789,-0.000771425,0.0,0.0,3754
21170,2024-04-21 21:00:00,6,La Liga,31,Real Madrid,30,Barcelona,30,Barcelona,0,Iñigo Martínez_5_B,,,,,0,0.00172975,0.000118759,0.0,0.0,5736
21170,2024-04-21 21:00:00,6,La Liga,31,Real Madrid,30,Barcelona,30,Barcelona,0,João Cancelo_2_B,,,,,102,0.000109913,5.3432e-05,0.0,0.0,3488
21170,2024-04-21 21:00:00,6,La Liga,31,Real Madrid,30,Barcelona,30,Barcelona,0,João Félix_14_B,71.0,,leading,,31,0.000261688,0.000320113,0.0,0.0,2176
21170,2024-04-21 21:00:00,6,La Liga,31,Real Madrid,30,Barcelona,30,Barcelona,0,Jules Koundé_23_B,,,,,102,0.00223783,0.00075356,0.736,1.0,11254
21170,2024-04-21 21:00:00,6,La Liga,31,Real Madrid,30,Barcelona,30,Barcelona,0,Lamine Yamal_19_B,,,,,102,0.00308054,0.000554778,0.0,0.0,7670
21170,2024-04-21 21:00:00,6,La Liga,31,Real Madrid,30,Barcelona,30,Barcelona,0,Marc-André ter Stegen_1_B,,,,,102,-0.000183835,0.000794651,0.0,0.0,6921
21170,2024-04-21 21:00:00,6,La Liga,31,Real Madrid,30,Barcelona,30,Barcelona,0,Marcos Alonso_17_B,,,,,0,-9.54486e-05,8.02717e-05,0.0,0.0,1526
21170,2024-04-21 21:00:00,6,La Liga,31,Real Madrid,30,Barcelona,30,Barcelona,0,Oriol Romeu_18_B,,,,,0,-4.63904e-06,0.000596374,0.0,0.0,1536
21170,2024-04-21 21:00:00,6,La Liga,31,Real Madrid,30,Barcelona,30,Barcelona,0,Pau Cubarsí_2_B,,,,,102,0.000489738,0.000689197,0.0,0.0,6208
21170,2024-04-21 21:00:00,6,La Liga,31,Real Madrid,30,Barcelona,30,Barcelona,0,Pedri_8_B,59.0,,level,,43,-0.000452767,-0.000759786,0.736,1.0,7907
21170,2024-04-21 21:00:00,6,La Liga,31,Real Madrid,30,Barcelona,30,Barcelona,0,Raphinha_11_B,,72.0,,leading,72,0.00131215,0.000402672,0.736,1.0,8931
21170,2024-04-21 21:00:00,6,La Liga,31,Real Madrid,30,Barcelona,30,Barcelona,0,Robert Lewandowski_9_B,,71.0,,leading,71,-0.00130583,0.000914094,0.564,0.999,10145
21170,2024-04-21 21:00:00,6,La Liga,31,Real Madrid,30,Barcelona,30,Barcelona,0,Ronald Araújo_4_B,,,,,102,0.00016609,0.000959492,0.736,1.0,6661
21170,2024-04-21 21:00:00,6,La Liga,31,Real Madrid,30,Barcelona,30,Barcelona,0,Sergi Roberto_20_B,,,,,0,0.000651913,-0.000120976,0.0,0.0,2493
21170,2024-04-21 21:00:00,6,La Liga,31,Real Madrid,30,Barcelona,30,Barcelona,0,Vitor Roque_19_B,,,,,0,0.000269556,0.000567539,0.0,0.0,433
21170,2024-04-21 21:00:00,6,La Liga,31,Real Madrid,30,Barcelona,30,Barcelona,0,İlkay Gündoğan_22_B,,,,,102,0.000780872,-0.000346235,0.0,0.0,4232
21170,2024-04-21 21:00:00,6,La Liga,31,Real Madrid,30,Barcelona,31,Real Madrid,1,Andriy Lunin_13_RM,,,,,102,0.00135314,0.00113184,0.0,0.0,4637
21170,2024-04-21 21:00:00,6,La Liga,31,Real Madrid,30,Barcelona,31,Real Madrid,1,Antonio Rüdiger_22_RM,,,,,102,0.00101494,0.000618977,0.0,0.0,10666
21170,2024-04-21 21:00:00,6,La Liga,31,Real Madrid,30,Barcelona,31,Real Madrid,1,Arda Güler_15_RM,,,,,0,7.01941e-05,-0.000836821,0.211,0.452,2380
21170,2024-04-21 21:00:00,6,La Liga,31,Real Madrid,30,Barcelona,31,Real Madrid,1,Aurélien Tchouaméni_14_RM,,,,,102,-0.000603586,0.00091019,0.264,0.565,8572
21170,2024-04-21 21:00:00,6,La Liga,31,Real Madrid,30,Barcelona,31,Real Madrid,1,Brahim Díaz_21_RM,78.0,,level,,24,0.00321062,-0.000354507,0.082,0.176,4411
21170,2024-04-21 21:00:00,6,La Liga,31,Real Madrid,30,Barcelona,31,Real Madrid,1,Dani Carvajal_2_RM,,,,,0,0.000618357,0.000728238,0.196,0.42,6003
21170,2024-04-21 21:00:00,6,La Liga,31,Real Madrid,30,Barcelona,31,Real Madrid,1,Dani Ceballos_19_RM,,,,,0,0.0010414,0.00086943,0.0,0.0,4606
21170,2024-04-21 21:00:00,6,La Liga,31,Real Madrid,30,Barcelona,31,Real Madrid,1,Eduardo Camavinga_6_RM,,78.0,,level,78,0.000527662,0.000882211,0.0,0.0,7525
21170,2024-04-21 21:00:00,6,La Liga,31,Real Madrid,30,Barcelona,31,Real Madrid,1,Federico Valverde_8_RM,,,,,102,0.00109636,0.00134977,0.264,0.565,11707
21170,2024-04-21 21:00:00,6,La Liga,31,Real Madrid,30,Barcelona,31,Real Madrid,1,Ferland Mendy_23_RM,,,,,0,-0.00165897,0.000241543,0.0,0.0,5435
21170,2024-04-21 21:00:00,6,La Liga,31,Real Madrid,30,Barcelona,31,Real Madrid,1,Fran Garcia_20_RM,78.0,,level,,24,0.00151615,4.55278e-05,0.0,0.0,4807
21170,2024-04-21 21:00:00,6,La Liga,31,Real Madrid,30,Barcelona,31,Real Madrid,1,Joselu_14_RM,89.0,,level,,13,1.52568e-05,0.000834196,0.0,0.0,2277
21170,2024-04-21 21:00:00,6,La Liga,31,Real Madrid,30,Barcelona,31,Real Madrid,1,Jude Bellingham_5_RM,,,,,102,0.00112068,-0.000274762,0.0,0.0,7793
21170,2024-04-21 21:00:00,6,La Liga,31,Real Madrid,30,Barcelona,31,Real Madrid,1,Kepa Arrizabalaga_25_RM,,,,,0,-0.00025058,0.000481202,0.0,0.0,1754
21170,2024-04-21 21:00:00,6,La Liga,31,Real Madrid,30,Barcelona,31,Real Madrid,1,Lucas Vázquez_17_RM,,,,,102,0.00132007,-0.000853061,0.0,0.0,6072
21170,2024-04-21 21:00:00,6,La Liga,31,Real Madrid,30,Barcelona,31,Real Madrid,1,Luka Modrić_10_RM,,,,,102,0.00146142,0.000547068,0.0,0.0,6907
21170,2024-04-21 21:00:00,6,La Liga,31,Real Madrid,30,Barcelona,31,Real Madrid,1,Nacho_6_RM,,,,,0,0.00147031,0.000367155,0.0,0.0,5214
21170,2024-04-21 21:00:00,6,La Liga,31,Real Madrid,30,Barcelona,31,Real Madrid,1,Rodrygo_11_RM,,81.0,,level,81,0.000204649,0.000315861,0.182,0.389,9181
21170,2024-04-21 21:00:00,6,La Liga,31,Real Madrid,30,Barcelona,31,Real Madrid,1,Toni Kroos_8_RM,,78.0,,level,78,0.000529318,0.000493378,0.0,0.0,5337
21170,2024-04-21 21:00:00,6,La Liga,31,Real Madrid,30,Barcelona,31,Real Madrid,1,Vinicius Júnior_7_RM,,89.0,,level,89,-0.00186706,0.000820191,0.082,0.176,9694
21170,2024-04-21 21:00:00,6,La Liga,31,Real Madrid,30,Barcelona,31,Real Madrid,1,Éder Militão_3_RM,81.0,,level,,21,0.000207186,0.000444794,0.264,0.565,4777
21172,2024-04-26 21:00:00,6,La Liga,38,Real Sociedad,31,Real Madrid,31,Real Madrid,0,Andriy Lunin_13_RM,,,,,0,0.00135314,0.00113184,0.0,0.0,4637
21172,2024-04-26 21:00:00,6,La Liga,38,Real Sociedad,31,Real Madrid,31,Real Madrid,0,Antonio Rüdiger_22_RM,76.0,,leading,,19,0.00101494,0.000618977,0.0,0.0,10666
21172,2024-04-26 21:00:00,6,La Liga,38,Real Sociedad,31,Real Madrid,31,Real Madrid,0,Arda Güler_15_RM,,68.0,,leading,68,7.01941e-05,-0.000836821,0.211,0.452,2380
21172,2024-04-26 21:00:00,6,La Liga,38,Real Sociedad,31,Real Madrid,31,Real Madrid,0,Aurélien Tchouaméni_14_RM,,,,,95,-0.000603586,0.00091019,0.264,0.565,8572
21172,2024-04-26 21:00:00,6,La Liga,38,Real Sociedad,31,Real Madrid,31,Real Madrid,0,Brahim Díaz_21_RM,,76.0,,leading,76,0.00321062,-0.000354507,0.082,0.176,4411
21172,2024-04-26 21:00:00,6,La Liga,38,Real Sociedad,31,Real Madrid,31,Real Madrid,0,Dani Carvajal_2_RM,,,,,95,0.000618357,0.000728238,0.196,0.42,6003
21172,2024-04-26 21:00:00,6,La Liga,38,Real Sociedad,31,Real Madrid,31,Real Madrid,0,Dani Ceballos_19_RM,,68.0,,leading,68,0.0010414,0.00086943,0.0,0.0,4606
21172,2024-04-26 21:00:00,6,La Liga,38,Real Sociedad,31,Real Madrid,31,Real Madrid,0,Eduardo Camavinga_6_RM,76.0,,leading,,19,0.000527662,0.000882211,0.0,0.0,7525
21172,2024-04-26 21:00:00,6,La Liga,38,Real Sociedad,31,Real Madrid,31,Real Madrid,0,Federico Valverde_8_RM,68.0,,leading,,27,0.00109636,0.00134977,0.264,0.565,11707
21172,2024-04-26 21:00:00,6,La Liga,38,Real Sociedad,31,Real Madrid,31,Real Madrid,0,Fran Garcia_20_RM,,76.0,,leading,76,0.00151615,4.55278e-05,0.0,0.0,4807
21172,2024-04-26 21:00:00,6,La Liga,38,Real Sociedad,31,Real Madrid,31,Real Madrid,0,Joselu_14_RM,,,,,95,1.52568e-05,0.000834196,0.0,0.0,2277
21172,2024-04-26 21:00:00,6,La Liga,38,Real Sociedad,31,Real Madrid,31,Real Madrid,0,Jude Bellingham_5_RM,,,,,0,0.00112068,-0.000274762,0.0,0.0,7793
21172,2024-04-26 21:00:00,6,La Liga,38,Real Sociedad,31,Real Madrid,31,Real Madrid,0,Kepa Arrizabalaga_25_RM,,,,,95,-0.00025058,0.000481202,0.0,0.0,1754
21172,2024-04-26 21:00:00,6,La Liga,38,Real Sociedad,31,Real Madrid,31,Real Madrid,0,Lucas Vázquez_17_RM,84.0,,leading,,11,0.00132007,-0.000853061,0.0,0.0,6072
21172,2024-04-26 21:00:00,6,La Liga,38,Real Sociedad,31,Real Madrid,31,Real Madrid,0,Luka Modrić_10_RM,,84.0,,leading,84,0.00146142,0.000547068,0.0,0.0,6907
21172,2024-04-26 21:00:00,6,La Liga,38,Real Sociedad,31,Real Madrid,31,Real Madrid,0,Nacho_6_RM,,,,,95,0.00147031,0.000367155,0.0,0.0,5214
21172,2024-04-26 21:00:00,6,La Liga,38,Real Sociedad,31,Real Madrid,31,Real Madrid,0,Toni Kroos_8_RM,,,,,0,0.000529318,0.000493378,0.0,0.0,5337
21172,2024-04-26 21:00:00,6,La Liga,38,Real Sociedad,31,Real Madrid,31,Real Madrid,0,Vinicius Júnior_7_RM,68.0,,leading,,27,-0.00186706,0.000820191,0.082,0.176,9694
21172,2024-04-26 21:00:00,6,La Liga,38,Real Sociedad,31,Real Madrid,31,Real Madrid,0,Éder Militão_3_RM,,,,,95,0.000207186,0.000444794,0.264,0.565,4777
21181,2024-04-29 21:00:00,6,La Liga,30,Barcelona,37,Valencia,30,Barcelona,1,Andreas Christensen_15_B,,55.0,,level,55,-0.000657376,0.000304607,0.172,0.304,4789
21181,2024-04-29 21:00:00,6,La Liga,30,Barcelona,37,Valencia,30,Barcelona,1,Fermin López_16_B,,82.0,,leading,82,-0.000980475,6.51575e-05,0.728,1.0,4228
21181,2024-04-29 21:00:00,6,La Liga,30,Barcelona,37,Valencia,30,Barcelona,1,Ferrán Torres_7_B,89.0,,leading,,13,0.000824349,-0.000703702,0.18,0.318,5186
21181,2024-04-29 21:00:00,6,La Liga,30,Barcelona,37,Valencia,30,Barcelona,1,Héctor Fort_32_B,,,,,0,-0.000463914,-0.000603466,0.0,0.0,1296
21181,2024-04-29 21:00:00,6,La Liga,30,Barcelona,37,Valencia,30,Barcelona,1,Iñaki Peña_13_B,,,,,0,0.001789,-0.000771425,0.0,0.0,3754
21181,2024-04-29 21:00:00,6,La Liga,30,Barcelona,37,Valencia,30,Barcelona,1,Iñigo Martínez_5_B,55.0,,level,,47,0.00172975,0.000118759,0.0,0.0,5736
21181,2024-04-29 21:00:00,6,La Liga,30,Barcelona,37,Valencia,30,Barcelona,1,João Cancelo_2_B,,89.0,,leading,89,0.000109913,5.3432e-05,0.0,0.0,3488
21181,2024-04-29 21:00:00,6,La Liga,30,Barcelona,37,Valencia,30,Barcelona,1,João Félix_14_B,75.0,,level,,27,0.000261688,0.000320113,0.0,0.0,2176
21181,2024-04-29 21:00:00,6,La Liga,30,Barcelona,37,Valencia,30,Barcelona,1,Jules Koundé_23_B,,,,,102,0.00223783,0.00075356,0.736,1.0,11254
21181,2024-04-29 21:00:00,6,La Liga,30,Barcelona,37,Valencia,30,Barcelona,1,Lamine Yamal_19_B,,,,,102,0.00308054,0.000554778,0.0,0.0,7670
21181,2024-04-29 21:00:00,6,La Liga,30,Barcelona,37,Valencia,30,Barcelona,1,Marc Casado_17_B,,,,,0,0.00126044,0.000330566,0.008,0.014,2412
21181,2024-04-29 21:00:00,6,La Liga,30,Barcelona,37,Valencia,30,Barcelona,1,Marc-André ter Stegen_1_B,,,,,102,-0.000183835,0.000794651,0.0,0.0,6921
21181,2024-04-29 21:00:00,6,La Liga,30,Barcelona,37,Valencia,30,Barcelona,1,Marcos Alonso_17_B,,,,,0,-9.54486e-05,8.02717e-05,0.0,0.0,1526
21181,2024-04-29 21:00:00,6,La Liga,30,Barcelona,37,Valencia,30,Barcelona,1,Oriol Romeu_18_B,,,,,0,-4.63904e-06,0.000596374,0.0,0.0,1536
21181,2024-04-29 21:00:00,6,La Liga,30,Barcelona,37,Valencia,30,Barcelona,1,Pau Cubarsí_2_B,,55.0,,level,55,0.000489738,0.000689197,0.0,0.0,6208
21181,2024-04-29 21:00:00,6,La Liga,30,Barcelona,37,Valencia,30,Barcelona,1,Pedri_8_B,82.0,,leading,,20,-0.000452767,-0.000759786,0.736,1.0,7907
21181,2024-04-29 21:00:00,6,La Liga,30,Barcelona,37,Valencia,30,Barcelona,1,Raphinha_11_B,,75.0,,level,75,0.00131215,0.000402672,0.736,1.0,8931
21181,2024-04-29 21:00:00,6,La Liga,30,Barcelona,37,Valencia,30,Barcelona,1,Robert Lewandowski_9_B,,,,,102,-0.00130583,0.000914094,0.564,0.999,10145
21181,2024-04-29 21:00:00,6,La Liga,30,Barcelona,37,Valencia,30,Barcelona,1,Ronald Araújo_4_B,,,,,102,0.00016609,0.000959492,0.736,1.0,6661
21181,2024-04-29 21:00:00,6,La Liga,30,Barcelona,37,Valencia,30,Barcelona,1,Sergi Roberto_20_B,55.0,,level,,47,0.000651913,-0.000120976,0.0,0.0,2493
21181,2024-04-29 21:00:00,6,La Liga,30,Barcelona,37,Valencia,30,Barcelona,1,Vitor Roque_19_B,,,,,0,0.000269556,0.000567539,0.0,0.0,433
21181,2024-04-29 21:00:00,6,La Liga,30,Barcelona,37,Valencia,30,Barcelona,1,İlkay Gündoğan_22_B,,,,,102,0.000780872,-0.000346235,0.0,0.0,4232
24843,2024-04-30 21:00:00,13,Champions League,40,Bayern Munich,31,Real Madrid,31,Real Madrid,0,Andriy Lunin_13_RM,,,,,90,0.00135314,0.00113184,0.0,0.0,4637
24843,2024-04-30 21:00:00,13,Champions League,40,Bayern Munich,31,Real Madrid,31,Real Madrid,0,Antonio Rüdiger_22_RM,,,,,90,0.00101494,0.000618977,0.0,0.0,10666
24843,2024-04-30 21:00:00,13,Champions League,40,Bayern Munich,31,Real Madrid,31,Real Madrid,0,Arda Güler_15_RM,,,,,0,7.01941e-05,-0.000836821,0.211,0.452,2380
24843,2024-04-30 21:00:00,13,Champions League,40,Bayern Munich,31,Real Madrid,31,Real Madrid,0,Aurélien Tchouaméni_14_RM,,,,,90,-0.000603586,0.00091019,0.264,0.565,8572
24843,2024-04-30 21:00:00,13,Champions League,40,Bayern Munich,31,Real Madrid,31,Real Madrid,0,Brahim Díaz_21_RM,,,,,15,0.00321062,-0.000354507,0.082,0.176,4411
24843,2024-04-30 21:00:00,13,Champions League,40,Bayern Munich,31,Real Madrid,31,Real Madrid,0,Dani Ceballos_19_RM,,,,,0,0.0010414,0.00086943,0.0,0.0,4606
24843,2024-04-30 21:00:00,13,Champions League,40,Bayern Munich,31,Real Madrid,31,Real Madrid,0,Eduardo Camavinga_6_RM,,,,,26,0.000527662,0.000882211,0.0,0.0,7525
24843,2024-04-30 21:00:00,13,Champions League,40,Bayern Munich,31,Real Madrid,31,Real Madrid,0,Federico Valverde_8_RM,,,,,90,0.00109636,0.00134977,0.264,0.565,11707
24843,2024-04-30 21:00:00,13,Champions League,40,Bayern Munich,31,Real Madrid,31,Real Madrid,0,Ferland Mendy_23_RM,,,,,90,-0.00165897,0.000241543,0.0,0.0,5435
24843,2024-04-30 21:00:00,13,Champions League,40,Bayern Munich,31,Real Madrid,31,Real Madrid,0,Fran Garcia_20_RM,,,,,0,0.00151615,4.55278e-05,0.0,0.0,4807
24843,2024-04-30 21:00:00,13,Champions League,40,Bayern Munich,31,Real Madrid,31,Real Madrid,0,Joselu_14_RM,,,,,4,1.52568e-05,0.000834196,0.0,0.0,2277
24843,2024-04-30 21:00:00,13,Champions League,40,Bayern Munich,31,Real Madrid,31,Real Madrid,0,Jude Bellingham_5_RM,,,,,74,0.00112068,-0.000274762,0.0,0.0,7793
24843,2024-04-30 21:00:00,13,Champions League,40,Bayern Munich,31,Real Madrid,31,Real Madrid,0,Kepa Arrizabalaga_25_RM,,,,,0,-0.00025058,0.000481202,0.0,0.0,1754
24843,2024-04-30 21:00:00,13,Champions League,40,Bayern Munich,31,Real Madrid,31,Real Madrid,0,Lucas Vázquez_17_RM,,,,,90,0.00132007,-0.000853061,0.0,0.0,6072
24843,2024-04-30 21:00:00,13,Champions League,40,Bayern Munich,31,Real Madrid,31,Real Madrid,0,Luka Modrić_10_RM,,,,,16,0.00146142,0.000547068,0.0,0.0,6907
24843,2024-04-30 21:00:00,13,Champions League,40,Bayern Munich,31,Real Madrid,31,Real Madrid,0,Nacho_6_RM,,,,,64,0.00147031,0.000367155,0.0,0.0,5214
24843,2024-04-30 21:00:00,13,Champions League,40,Bayern Munich,31,Real Madrid,31,Real Madrid,0,Rodrygo_11_RM,,,,,86,0.000204649,0.000315861,0.182,0.389,9181
24843,2024-04-30 21:00:00,13,Champions League,40,Bayern Munich,31,Real Madrid,31,Real Madrid,0,Thibaut Courtois_1_RM,,,,,0,0.000111719,-0.000758962,0.264,0.565,7657
24843,2024-04-30 21:00:00,13,Champions League,40,Bayern Munich,31,Real Madrid,31,Real Madrid,0,Toni Kroos_8_RM,,,,,75,0.000529318,0.000493378,0.0,0.0,5337
24843,2024-04-30 21:00:00,13,Champions League,40,Bayern Munich,31,Real Madrid,31,Real Madrid,0,Vinicius Júnior_7_RM,,,,,90,-0.00186706,0.000820191,0.082,0.176,9694
24843,2024-04-30 21:00:00,13,Champions League,40,Bayern Munich,31,Real Madrid,31,Real Madrid,0,Éder Militão_3_RM,,,,,0,0.000207186,0.000444794,0.264,0.565,4777
21184,2024-05-04 16:15:00,6,La Liga,31,Real Madrid,21,Equipo histórico 21,31,Real Madrid,1,Andriy Lunin_13_RM,,,,,0,0.00135314,0.00113184,0.0,0.0,4637
21184,2024-05-04 16:15:00,6,La Liga,31,Real Madrid,21,Equipo histórico 21,31,Real Madrid,1,Antonio Rüdiger_22_RM,,,,,0,0.00101494,0.000618977,0.0,0.0,10666
21184,2024-05-04 16:15:00,6,La Liga,31,Real Madrid,21,Equipo histórico 21,31,Real Madrid,1,Arda Güler_15_RM,,66.0,,leading,66,7.01941e-05,-0.000836821,0.211,0.452,2380
21184,2024-05-04 16:15:00,6,La Liga,31,Real Madrid,21,Equipo histórico 21,31,Real Madrid,1,Aurélien Tchouaméni_14_RM,,,,,0,-0.000603586,0.00091019,0.264,0.565,8572
21184,2024-05-04 16:15:00,6,La Liga,31,Real Madrid,21,Equipo histórico 21,31,Real Madrid,1,Brahim Díaz_21_RM,,73.0,,leading,73,0.00321062,-0.000354507,0.082,0.176,4411
21184,2024-05-04 16:15:00,6,La Liga,31,Real Madrid,21,Equipo histórico 21,31,Real Madrid,1,Dani Carvajal_2_RM,,,,,93,0.000618357,0.000728238,0.196,0.42,6003
21184,2024-05-04 16:15:00,6,La Liga,31,Real Madrid,21,Equipo histórico 21,31,Real Madrid,1,Dani Ceballos_19_RM,,,,,93,0.0010414,0.00086943,0.0,0.0,4606
21184,2024-05-04 16:15:00,6,La Liga,31,Real Madrid,21,Equipo histórico 21,31,Real Madrid,1,Eduardo Camavinga_6_RM,,80.0,,leading,80,0.000527662,0.000882211,0.0,0.0,7525
21184,2024-05-04 16:15:00,6,La Liga,31,Real Madrid,21,Equipo histórico 21,31,Real Madrid,1,Federico Valverde_8_RM,80.0,,leading,,13,0.00109636,0.00134977,0.264,0.565,11707
21184,2024-05-04 16:15:00,6,La Liga,31,Real Madrid,21,Equipo histórico 21,31,Real Madrid,1,Ferland Mendy_23_RM,,,,,0,-0.00165897,0.000241543,0.0,0.0,5435
21184,2024-05-04 16:15:00,6,La Liga,31,Real Madrid,21,Equipo histórico 21,31,Real Madrid,1,Fran Garcia_20_RM,,,,,93,0.00151615,4.55278e-05,0.0,0.0,4807
21184,2024-05-04 16:15:00,6,La Liga,31,Real Madrid,21,Equipo histórico 21,31,Real Madrid,1,Joselu_14_RM,,,,,93,1.52568e-05,0.000834196,0.0,0.0,2277
21184,2024-05-04 16:15:00,6,La Liga,31,Real Madrid,21,Equipo histórico 21,31,Real Madrid,1,Jude Bellingham_5_RM,66.0,,leading,,27,0.00112068,-0.000274762,0.0,0.0,7793
21184,2024-05-04 16:15:00,6,La Liga,31,Real Madrid,21,Equipo histórico 21,31,Real Madrid,1,Kepa Arrizabalaga_25_RM,,,,,0,-0.00025058,0.000481202,0.0,0.0,1754
21184,2024-05-04 16:15:00,6,La Liga,31,Real Madrid,21,Equipo histórico 21,31,Real Madrid,1,Lucas Vázquez_17_RM,,,,,0,0.00132007,-0.000853061,0.0,0.0,6072
21184,2024-05-04 16:15:00,6,La Liga,31,Real Madrid,21,Equipo histórico 21,31,Real Madrid,1,Luka Modrić_10_RM,,,,,93,0.00146142,0.000547068,0.0,0.0,6907
21184,2024-05-04 16:15:00,6,La Liga,31,Real Madrid,21,Equipo histórico 21,31,Real Madrid,1,Nacho_6_RM,,,,,93,0.00147031,0.000367155,0.0,0.0,5214
21184,2024-05-04 16:15:00,6,La Liga,31,Real Madrid,21,Equipo histórico 21,31,Real Madrid,1,Rodrygo_11_RM,,,,,0,0.000204649,0.000315861,0.182,0.389,9181
21184,2024-05-04 16:15:00,6,La Liga,31,Real Madrid,21,Equipo histórico 21,31,Real Madrid,1,Thibaut Courtois_1_RM,,,,,93,0.000111719,-0.000758962,0.264,0.565,7657
21184,2024-05-04 16:15:00,6,La Liga,31,Real Madrid,21,Equipo histórico 21,31,Real Madrid,1,Toni Kroos_8_RM,,,,,0,0.000529318,0.000493378,0.0,0.0,5337
21184,2024-05-04 16:15:00,6,La Liga,31,Real Madrid,21,Equipo histórico 21,31,Real Madrid,1,Vinicius Júnior_7_RM,73.0,,leading,,20,-0.00186706,0.000820191,0.082,0.176,9694
21184,2024-05-04 16:15:00,6,La Liga,31,Real Madrid,21,Equipo histórico 21,31,Real Madrid,1,Éder Militão_3_RM,,,,,93,0.000207186,0.000444794,0.264,0.565,4777
21185,2024-05-04 18:30:00,6,La Liga,363,Girona,30,Barcelona,30,Barcelona,0,Andreas Christensen_15_B,,70.0,,trailing,70,-0.000657376,0.000304607,0.172,0.304,4789
21185,2024-05-04 18:30:00,6,La Liga,363,Girona,30,Barcelona,30,Barcelona,0,Fermin López_16_B,,70.0,,trailing,70,-0.000980475,6.51575e-05,0.728,1.0,4228
21185,2024-05-04 18:30:00,6,La Liga,363,Girona,30,Barcelona,30,Barcelona,0,Ferrán Torres_7_B,80.0,,trailing,,14,0.000824349,-0.000703702,0.18,0.318,5186
21185,2024-05-04 18:30:00,6,La Liga,363,Girona,30,Barcelona,30,Barcelona,0,Héctor Fort_32_B,,,,,0,-0.000463914,-0.000603466,0.0,0.0,1296
21185,2024-05-04 18:30:00,6,La Liga,363,Girona,30,Barcelona,30,Barcelona,0,Iñaki Peña_13_B,,,,,0,0.001789,-0.000771425,0.0,0.0,3754
21185,2024-05-04 18:30:00,6,La Liga,363,Girona,30,Barcelona,30,Barcelona,0,Iñigo Martínez_5_B,,,,,0,0.00172975,0.000118759,0.0,0.0,5736
21185,2024-05-04 18:30:00,6,La Liga,363,Girona,30,Barcelona,30,Barcelona,0,João Cancelo_2_B,,,,,94,0.000109913,5.3432e-05,0.0,0.0,3488
21185,2024-05-04 18:30:00,6,La Liga,363,Girona,30,Barcelona,30,Barcelona,0,João Félix_14_B,85.0,,trailing,,9,0.000261688,0.000320113,0.0,0.0,2176
21185,2024-05-04 18:30:00,6,La Liga,363,Girona,30,Barcelona,30,Barcelona,0,Jules Koundé_23_B,,,,,94,0.00223783,0.00075356,0.736,1.0,11254
21185,2024-05-04 18:30:00,6,La Liga,363,Girona,30,Barcelona,30,Barcelona,0,Lamine Yamal_19_B,,85.0,,trailing,85,0.00308054,0.000554778,0.0,0.0,7670
21185,2024-05-04 18:30:00,6,La Liga,363,Girona,30,Barcelona,30,Barcelona,0,Marc-André ter Stegen_1_B,,,,,94,-0.000183835,0.000794651,0.0,0.0,6921
21185,2024-05-04 18:30:00,6,La Liga,363,Girona,30,Barcelona,30,Barcelona,0,Marcos Alonso_17_B,,,,,0,-9.54486e-05,8.02717e-05,0.0,0.0,1526
21185,2024-05-04 18:30:00,6,La Liga,363,Girona,30,Barcelona,30,Barcelona,0,Oriol Romeu_18_B,80.0,,trailing,,14,-4.63904e-06,0.000596374,0.0,0.0,1536
21185,2024-05-04 18:30:00,6,La Liga,363,Girona,30,Barcelona,30,Barcelona,0,Pau Cubarsí_2_B,,,,,94,0.000489738,0.000689197,0.0,0.0,6208
21185,2024-05-04 18:30:00,6,La Liga,363,Girona,30,Barcelona,30,Barcelona,0,Pedri_8_B,70.0,,trailing,,24,-0.000452767,-0.000759786,0.736,1.0,7907
21185,2024-05-04 18:30:00,6,La Liga,363,Girona,30,Barcelona,30,Barcelona,0,Raphinha_11_B,70.0,,trailing,,24,0.00131215,0.000402672,0.736,1.0,8931
21185,2024-05-04 18:30:00,6,La Liga,363,Girona,30,Barcelona,30,Barcelona,0,Robert Lewandowski_9_B,,80.0,,trailing,80,-0.00130583,0.000914094,0.564,0.999,10145
21185,2024-05-04 18:30:00,6,La Liga,363,Girona,30,Barcelona,30,Barcelona,0,Ronald Araújo_4_B,,,,,94,0.00016609,0.000959492,0.736,1.0,6661
21185,2024-05-04 18:30:00,6,La Liga,363,Girona,30,Barcelona,30,Barcelona,0,Sergi Roberto_20_B,,80.0,,trailing,80,0.000651913,-0.000120976,0.0,0.0,2493
21185,2024-05-04 18:30:00,6,La Liga,363,Girona,30,Barcelona,30,Barcelona,0,Vitor Roque_19_B,,,,,0,0.000269556,0.000567539,0.0,0.0,433
21185,2024-05-04 18:30:00,6,La Liga,363,Girona,30,Barcelona,30,Barcelona,0,İlkay Gündoğan_22_B,,,,,94,0.000780872,-0.000346235,0.0,0.0,4232
24846,2024-05-08 21:00:00,13,Champions League,31,Real Madrid,40,Bayern Munich,31,Real Madrid,1,Andriy Lunin_13_RM,,,,,90,0.00135314,0.00113184,0.0,0.0,4637
24846,2024-05-08 21:00:00,13,Champions League,31,Real Madrid,40,Bayern Munich,31,Real Madrid,1,Antonio Rüdiger_22_RM,,,,,90,0.00101494,0.000618977,0.0,0.0,10666
24846,2024-05-08 21:00:00,13,Champions League,31,Real Madrid,40,Bayern Munich,31,Real Madrid,1,Arda Güler_15_RM,,,,,0,7.01941e-05,-0.000836821,0.211,0.452,2380
24846,2024-05-08 21:00:00,13,Champions League,31,Real Madrid,40,Bayern Munich,31,Real Madrid,1,Aurélien Tchouaméni_14_RM,,,,,69,-0.000603586,0.00091019,0.264,0.565,8572
24846,2024-05-08 21:00:00,13,Champions League,31,Real Madrid,40,Bayern Munich,31,Real Madrid,1,Brahim Díaz_21_RM,,,,,10,0.00321062,-0.000354507,0.082,0.176,4411
24846,2024-05-08 21:00:00,13,Champions League,31,Real Madrid,40,Bayern Munich,31,Real Madrid,1,Dani Carvajal_2_RM,,,,,90,0.000618357,0.000728238,0.196,0.42,6003
24846,2024-05-08 21:00:00,13,Champions League,31,Real Madrid,40,Bayern Munich,31,Real Madrid,1,Dani Ceballos_19_RM,,,,,0,0.0010414,0.00086943,0.0,0.0,4606
24846,2024-05-08 21:00:00,13,Champions League,31,Real Madrid,40,Bayern Munich,31,Real Madrid,1,Eduardo Camavinga_6_RM,,,,,21,0.000527662,0.000882211,0.0,0.0,7525
24846,2024-05-08 21:00:00,13,Champions League,31,Real Madrid,40,Bayern Munich,31,Real Madrid,1,Federico Valverde_8_RM,,,,,80,0.00109636,0.00134977,0.264,0.565,11707
24846,2024-05-08 21:00:00,13,Champions League,31,Real Madrid,40,Bayern Munich,31,Real Madrid,1,Ferland Mendy_23_RM,,,,,90,-0.00165897,0.000241543,0.0,0.0,5435
24846,2024-05-08 21:00:00,13,Champions League,31,Real Madrid,40,Bayern Munich,31,Real Madrid,1,Fran Garcia_20_RM,,,,,0,0.00151615,4.55278e-05,0.0,0.0,4807
24846,2024-05-08 21:00:00,13,Champions League,31,Real Madrid,40,Bayern Munich,31,Real Madrid,1,Joselu_14_RM,,,,,10,1.52568e-05,0.000834196,0.0,0.0,2277
24846,2024-05-08 21:00:00,13,Champions League,31,Real Madrid,40,Bayern Munich,31,Real Madrid,1,Jude Bellingham_5_RM,,,,,89,0.00112068,-0.000274762,0.0,0.0,7793
24846,2024-05-08 21:00:00,13,Champions League,31,Real Madrid,40,Bayern Munich,31,Real Madrid,1,Kepa Arrizabalaga_25_RM,,,,,0,-0.00025058,0.000481202,0.0,0.0,1754
24846,2024-05-08 21:00:00,13,Champions League,31,Real Madrid,40,Bayern Munich,31,Real Madrid,1,Lucas Vázquez_17_RM,,,,,0,0.00132007,-0.000853061,0.0,0.0,6072
24846,2024-05-08 21:00:00,13,Champions League,31,Real Madrid,40,Bayern Munich,31,Real Madrid,1,Luka Modrić_10_RM,,,,,22,0.00146142,0.000547068,0.0,0.0,6907
24846,2024-05-08 21:00:00,13,Champions League,31,Real Madrid,40,Bayern Munich,31,Real Madrid,1,Nacho_6_RM,,,,,90,0.00147031,0.000367155,0.0,0.0,5214
24846,2024-05-08 21:00:00,13,Champions League,31,Real Madrid,40,Bayern Munich,31,Real Madrid,1,Rodrygo_11_RM,,,,,80,0.000204649,0.000315861,0.182,0.389,9181
24846,2024-05-08 21:00:00,13,Champions League,31,Real Madrid,40,Bayern Munich,31,Real Madrid,1,Thibaut Courtois_1_RM,,,,,0,0.000111719,-0.000758962,0.264,0.565,7657
24846,2024-05-08 21:00:00,13,Champions League,31,Real Madrid,40,Bayern Munich,31,Real Madrid,1,Toni Kroos_8_RM,,,,,68,0.000529318,0.000493378,0.0,0.0,5337
24846,2024-05-08 21:00:00,13,Champions League,31,Real Madrid,40,Bayern Munich,31,Real Madrid,1,Vinicius Júnior_7_RM,,,,,90,-0.00186706,0.000820191,0.082,0.176,9694
24846,2024-05-08 21:00:00,13,Champions League,31,Real Madrid,40,Bayern Munich,31,Real Madrid,1,Éder Militão_3_RM,,,,,1,0.000207186,0.000444794,0.264,0.565,4777
21195,2024-05-11 18:30:00,6,La Liga,524,Equipo histórico 524,31,Real Madrid,31,Real Madrid,0,Andriy Lunin_13_RM,,,,,0,0.00135314,0.00113184,0.0,0.0,4637
21195,2024-05-11 18:30:00,6,La Liga,524,Equipo histórico 524,31,Real Madrid,31,Real Madrid,0,Antonio Rüdiger_22_RM,,72.0,,leading,72,0.00101494,0.000618977,0.0,0.0,10666
21195,2024-05-11 18:30:00,6,La Liga,524,Equipo histórico 524,31,Real Madrid,31,Real Madrid,0,Arda Güler_15_RM,,,,,92,7.01941e-05,-0.000836821,0.211,0.452,2380
21195,2024-05-11 18:30:00,6,La Liga,524,Equipo histórico 524,31,Real Madrid,31,Real Madrid,0,Brahim Díaz_21_RM,,,,,92,0.00321062,-0.000354507,0.082,0.176,4411
21195,2024-05-11 18:30:00,6,La Liga,524,Equipo histórico 524,31,Real Madrid,31,Real Madrid,0,Dani Carvajal_2_RM,,,,,0,0.000618357,0.000728238,0.196,0.42,6003
21195,2024-05-11 18:30:00,6,La Liga,524,Equipo histórico 524,31,Real Madrid,31,Real Madrid,0,Dani Ceballos_19_RM,,,,,92,0.0010414,0.00086943,0.0,0.0,4606
21195,2024-05-11 18:30:00,6,La Liga,524,Equipo histórico 524,31,Real Madrid,31,Real Madrid,0,Eduardo Camavinga_6_RM,,,,,92,0.000527662,0.000882211,0.0,0.0,7525
21195,2024-05-11 18:30:00,6,La Liga,524,Equipo histórico 524,31,Real Madrid,31,Real Madrid,0,Federico Valverde_8_RM,,,,,0,0.00109636,0.00134977,0.264,0.565,11707
21195,2024-05-11 18:30:00,6,La Liga,524,Equipo histórico 524,31,Real Madrid,31,Real Madrid,0,Ferland Mendy_23_RM,,,,,0,-0.00165897,0.000241543,0.0,0.0,5435
21195,2024-05-11 18:30:00,6,La Liga,524,Equipo histórico 524,31,Real Madrid,31,Real Madrid,0,Fran Garcia_20_RM,,,,,92,0.00151615,4.55278e-05,0.0,0.0,4807
21195,2024-05-11 18:30:00,6,La Liga,524,Equipo histórico 524,31,Real Madrid,31,Real Madrid,0,Joselu_14_RM,,,,,92,1.52568e-05,0.000834196,0.0,0.0,2277
21195,2024-05-11 18:30:00,6,La Liga,524,Equipo histórico 524,31,Real Madrid,31,Real Madrid,0,Jude Bellingham_5_RM,,,,,0,0.00112068,-0.000274762,0.0,0.0,7793
21195,2024-05-11 18:30:00,6,La Liga,524,Equipo histórico 524,31,Real Madrid,31,Real Madrid,0,Kepa Arrizabalaga_25_RM,,,,,0,-0.00025058,0.000481202,0.0,0.0,1754
21195,2024-05-11 18:30:00,6,La Liga,524,Equipo histórico 524,31,Real Madrid,31,Real Madrid,0,Lucas Vázquez_17_RM,,,,,92,0.00132007,-0.000853061,0.0,0.0,6072
21195,2024-05-11 18:30:00,6,La Liga,524,Equipo histórico 524,31,Real Madrid,31,Real Madrid,0,Luka Modrić_10_RM,,72.0,,leading,72,0.00146142,0.000547068,0.0,0.0,6907
21195,2024-05-11 18:30:00,6,La Liga,524,Equipo histórico 524,31,Real Madrid,31,Real Madrid,0,Nacho_6_RM,72.0,,leading,,20,0.00147031,0.000367155,0.0,0.0,5214
21195,2024-05-11 18:30:00,6,La Liga,524,Equipo histórico 524,31,Real Madrid,31,Real Madrid,0,Rodrygo_11_RM,,,,,0,0.000204649,0.000315861,0.182,0.389,9181
21195,2024-05-11 18:30:00,6,La Liga,524,Equipo histórico 524,31,Real Madrid,31,Real Madrid,0,Thibaut Courtois_1_RM,,,,,92,0.000111719,-0.000758962,0.264,0.565,7657
21195,2024-05-11 18:30:00,6,La Liga,524,Equipo histórico 524,31,Real Madrid,31,Real Madrid,0,Toni Kroos_8_RM,72.0,,leading,,20,0.000529318,0.000493378,0.0,0.0,5337
21195,2024-05-11 18:30:00,6,La Liga,524,Equipo histórico 524,31,Real Madrid,31,Real Madrid,0,Vinicius Júnior_7_RM,,,,,0,-0.00186706,0.000820191,0.082,0.176,9694
21195,2024-05-11 18:30:00,6,La Liga,524,Equipo histórico 524,31,Real Madrid,31,Real Madrid,0,Éder Militão_3_RM,,,,,92,0.000207186,0.000444794,0.264,0.565,4777
21201,2024-05-13 21:00:00,6,La Liga,30,Barcelona,38,Real Sociedad,30,Barcelona,1,Andreas Christensen_15_B,,70.0,,leading,70,-0.000657376,0.000304607,0.172,0.304,4789
21201,2024-05-13 21:00:00,6,La Liga,30,Barcelona,38,Real Sociedad,30,Barcelona,1,Fermin López_16_B,70.0,,leading,,25,-0.000980475,6.51575e-05,0.728,1.0,4228
21201,2024-05-13 21:00:00,6,La Liga,30,Barcelona,38,Real Sociedad,30,Barcelona,1,Ferrán Torres_7_B,76.0,,leading,,19,0.000824349,-0.000703702,0.18,0.318,5186
21201,2024-05-13 21:00:00,6,La Liga,30,Barcelona,38,Real Sociedad,30,Barcelona,1,Héctor Fort_32_B,,,,,0,-0.000463914,-0.000603466,0.0,0.0,1296
21201,2024-05-13 21:00:00,6,La Liga,30,Barcelona,38,Real Sociedad,30,Barcelona,1,Iñaki Peña_13_B,,,,,0,0.001789,-0.000771425,0.0,0.0,3754
21201,2024-05-13 21:00:00,6,La Liga,30,Barcelona,38,Real Sociedad,30,Barcelona,1,Iñigo Martínez_5_B,,,,,95,0.00172975,0.000118759,0.0,0.0,5736
21201,2024-05-13 21:00:00,6,La Liga,30,Barcelona,38,Real Sociedad,30,Barcelona,1,João Cancelo_2_B,,,,,95,0.000109913,5.3432e-05,0.0,0.0,3488
21201,2024-05-13 21:00:00,6,La Liga,30,Barcelona,38,Real Sociedad,30,Barcelona,1,João Félix_14_B,,,,,0,0.000261688,0.000320113,0.0,0.0,2176
21201,2024-05-13 21:00:00,6,La Liga,30,Barcelona,38,Real Sociedad,30,Barcelona,1,Jules Koundé_23_B,,,,,95,0.00223783,0.00075356,0.736,1.0,11254
21201,2024-05-13 21:00:00,6,La Liga,30,Barcelona,38,Real Sociedad,30,Barcelona,1,Lamine Yamal_19_B,,,,,95,0.00308054,0.000554778,0.0,0.0,7670
21201,2024-05-13 21:00:00,6,La Liga,30,Barcelona,38,Real Sociedad,30,Barcelona,1,Marc-André ter Stegen_1_B,,,,,95,-0.000183835,0.000794651,0.0,0.0,6921
21201,2024-05-13 21:00:00,6,La Liga,30,Barcelona,38,Real Sociedad,30,Barcelona,1,Marcos Alonso_17_B,,,,,0,-9.54486e-05,8.02717e-05,0.0,0.0,1526
21201,2024-05-13 21:00:00,6,La Liga,30,Barcelona,38,Real Sociedad,30,Barcelona,1,Oriol Romeu_18_B,95.0,,leading,,0,-4.63904e-06,0.000596374,0.0,0.0,1536
21201,2024-05-13 21:00:00,6,La Liga,30,Barcelona,38,Real Sociedad,30,Barcelona,1,Pau Cubarsí_2_B,,,,,95,0.000489738,0.000689197,0.0,0.0,6208
21201,2024-05-13 21:00:00,6,La Liga,30,Barcelona,38,Real Sociedad,30,Barcelona,1,Pedri_8_B,,70.0,,leading,70,-0.000452767,-0.000759786,0.736,1.0,7907
21201,2024-05-13 21:00:00,6,La Liga,30,Barcelona,38,Real Sociedad,30,Barcelona,1,Raphinha_11_B,,,,,95,0.00131215,0.000402672,0.736,1.0,8931
21201,2024-05-13 21:00:00,6,La Liga,30,Barcelona,38,Real Sociedad,30,Barcelona,1,Robert Lewandowski_9_B,,76.0,,leading,76,-0.00130583,0.000914094,0.564,0.999,10145
21201,2024-05-13 21:00:00,6,La Liga,30,Barcelona,38,Real Sociedad,30,Barcelona,1,Ronald Araújo_4_B,,,,,0,0.00016609,0.000959492,0.736,1.0,6661
21201,2024-05-13 21:00:00,6,La Liga,30,Barcelona,38,Real Sociedad,30,Barcelona,1,Sergi Roberto_20_B,70.0,,leading,,25,0.000651913,-0.000120976,0.0,0.0,2493
21201,2024-05-13 21:00:00,6,La Liga,30,Barcelona,38,Real Sociedad,30,Barcelona,1,Vitor Roque_19_B,,,,,0,0.000269556,0.000567539,0.0,0.0,433
21201,2024-05-13 21:00:00,6,La Liga,30,Barcelona,38,Real Sociedad,30,Barcelona,1,İlkay Gündoğan_22_B,,95.0,,leading,95,0.000780872,-0.000346235,0.0,0.0,4232
21203,2024-05-14 21:30:00,6,La Liga,31,Real Madrid,523,Alavés,31,Real Madrid,1,Andriy Lunin_13_RM,,,,,0,0.00135314,0.00113184,0.0,0.0,4637
21203,2024-05-14 21:30:00,6,La Liga,31,Real Madrid,523,Alavés,31,Real Madrid,1,Antonio Rüdiger_22_RM,75.0,,leading,,20,0.00101494,0.000618977,0.0,0.0,10666
21203,2024-05-14 21:30:00,6,La Liga,31,Real Madrid,523,Alavés,31,Real Madrid,1,Arda Güler_15_RM,65.0,,leading,,30,7.01941e-05,-0.000836821,0.211,0.452,2380
21203,2024-05-14 21:30:00,6,La Liga,31,Real Madrid,523,Alavés,31,Real Madrid,1,Brahim Díaz_21_RM,,,,,0,0.00321062,-0.000354507,0.082,0.176,4411
21203,2024-05-14 21:30:00,6,La Liga,31,Real Madrid,523,Alavés,31,Real Madrid,1,Dani Carvajal_2_RM,,,,,95,0.000618357,0.000728238,0.196,0.42,6003
21203,2024-05-14 21:30:00,6,La Liga,31,Real Madrid,523,Alavés,31,Real Madrid,1,Dani Ceballos_19_RM,75.0,,leading,,20,0.0010414,0.00086943,0.0,0.0,4606
21203,2024-05-14 21:30:00,6,La Liga,31,Real Madrid,523,Alavés,31,Real Madrid,1,Eduardo Camavinga_6_RM,,65.0,,leading,65,0.000527662,0.000882211,0.0,0.0,7525
21203,2024-05-14 21:30:00,6,La Liga,31,Real Madrid,523,Alavés,31,Real Madrid,1,Federico Valverde_8_RM,,85.0,,leading,85,0.00109636,0.00134977,0.264,0.565,11707
21203,2024-05-14 21:30:00,6,La Liga,31,Real Madrid,523,Alavés,31,Real Madrid,1,Ferland Mendy_23_RM,,,,,95,-0.00165897,0.000241543,0.0,0.0,5435
21203,2024-05-14 21:30:00,6,La Liga,31,Real Madrid,523,Alavés,31,Real Madrid,1,Fran Garcia_20_RM,,,,,0,0.00151615,4.55278e-05,0.0,0.0,4807
21203,2024-05-14 21:30:00,6,La Liga,31,Real Madrid,523,Alavés,31,Real Madrid,1,Joselu_14_RM,,,,,0,1.52568e-05,0.000834196,0.0,0.0,2277
21203,2024-05-14 21:30:00,6,La Liga,31,Real Madrid,523,Alavés,31,Real Madrid,1,Jude Bellingham_5_RM,,,,,95,0.00112068,-0.000274762,0.0,0.0,7793
21203,2024-05-14 21:30:00,6,La Liga,31,Real Madrid,523,Alavés,31,Real Madrid,1,Kepa Arrizabalaga_25_RM,,,,,0,-0.00025058,0.000481202,0.0,0.0,1754
21203,2024-05-14 21:30:00,6,La Liga,31,Real Madrid,523,Alavés,31,Real Madrid,1,Lucas Vázquez_17_RM,,,,,0,0.00132007,-0.000853061,0.0,0.0,6072
21203,2024-05-14 21:30:00,6,La Liga,31,Real Madrid,523,Alavés,31,Real Madrid,1,Luka Modrić_10_RM,,,,,0,0.00146142,0.000547068,0.0,0.0,6907
21203,2024-05-14 21:30:00,6,La Liga,31,Real Madrid,523,Alavés,31,Real Madrid,1,Mario Martín_28_RM,85.0,,leading,,10,3.74778e-05,-0.000238432,0.0,0.0,39
21203,2024-05-14 21:30:00,6,La Liga,31,Real Madrid,523,Alavés,31,Real Madrid,1,Nacho_6_RM,,,,,95,0.00147031,0.000367155,0.0,0.0,5214
21203,2024-05-14 21:30:00,6,La Liga,31,Real Madrid,523,Alavés,31,Real Madrid,1,Rodrygo_11_RM,,,,,95,0.000204649,0.000315861,0.182,0.389,9181
21203,2024-05-14 21:30:00,6,La Liga,31,Real Madrid,523,Alavés,31,Real Madrid,1,Thibaut Courtois_1_RM,,,,,95,0.000111719,-0.000758962,0.264,0.565,7657
21203,2024-05-14 21:30:00,6,La Liga,31,Real Madrid,523,Alavés,31,Real Madrid,1,Toni Kroos_8_RM,,75.0,,leading,75,0.000529318,0.000493378,0.0,0.0,5337
21203,2024-05-14 21:30:00,6,La Liga,31,Real Madrid,523,Alavés,31,Real Madrid,1,Vinicius Júnior_7_RM,,,,,95,-0.00186706,0.000820191,0.082,0.176,9694
21203,2024-05-14 21:30:00,6,La Liga,31,Real Madrid,523,Alavés,31,Real Madrid,1,Éder Militão_3_RM,,75.0,,leading,75,0.000207186,0.000444794,0.264,0.565,4777
21210,2024-05-16 21:30:00,6,La Liga,362,Equipo histórico 362,30,Barcelona,30,Barcelona,0,Andreas Christensen_15_B,71.0,,leading,,23,-0.000657376,0.000304607,0.172,0.304,4789
21210,2024-05-16 21:30:00,6,La Liga,362,Equipo histórico 362,30,Barcelona,30,Barcelona,0,Fermin López_16_B,,,,,94,-0.000980475,6.51575e-05,0.728,1.0,4228
21210,2024-05-16 21:30:00,6,La Liga,362,Equipo histórico 362,30,Barcelona,30,Barcelona,0,Ferrán Torres_7_B,,75.0,,leading,75,0.000824349,-0.000703702,0.18,0.318,5186
21210,2024-05-16 21:30:00,6,La Liga,362,Equipo histórico 362,30,Barcelona,30,Barcelona,0,Héctor Fort_32_B,,75.0,,leading,75,-0.000463914,-0.000603466,0.0,0.0,1296
21210,2024-05-16 21:30:00,6,La Liga,362,Equipo histórico 362,30,Barcelona,30,Barcelona,0,Iñaki Peña_13_B,,,,,0,0.001789,-0.000771425,0.0,0.0,3754
21210,2024-05-16 21:30:00,6,La Liga,362,Equipo histórico 362,30,Barcelona,30,Barcelona,0,Iñigo Martínez_5_B,,,,,94,0.00172975,0.000118759,0.0,0.0,5736
21210,2024-05-16 21:30:00,6,La Liga,362,Equipo histórico 362,30,Barcelona,30,Barcelona,0,João Cancelo_2_B,75.0,,leading,,19,0.000109913,5.3432e-05,0.0,0.0,3488
21210,2024-05-16 21:30:00,6,La Liga,362,Equipo histórico 362,30,Barcelona,30,Barcelona,0,João Félix_14_B,71.0,,leading,,23,0.000261688,0.000320113,0.0,0.0,2176
21210,2024-05-16 21:30:00,6,La Liga,362,Equipo histórico 362,30,Barcelona,30,Barcelona,0,Jules Koundé_23_B,,,,,94,0.00223783,0.00075356,0.736,1.0,11254
21210,2024-05-16 21:30:00,6,La Liga,362,Equipo histórico 362,30,Barcelona,30,Barcelona,0,Lamine Yamal_19_B,,,,,94,0.00308054,0.000554778,0.0,0.0,7670
21210,2024-05-16 21:30:00,6,La Liga,362,Equipo histórico 362,30,Barcelona,30,Barcelona,0,Marc Casado_17_B,,,,,0,0.00126044,0.000330566,0.008,0.014,2412
21210,2024-05-16 21:30:00,6,La Liga,362,Equipo histórico 362,30,Barcelona,30,Barcelona,0,Marc-André ter Stegen_1_B,,,,,94,-0.000183835,0.000794651,0.0,0.0,6921
21210,2024-05-16 21:30:00,6,La Liga,362,Equipo histórico 362,30,Barcelona,30,Barcelona,0,Marcos Alonso_17_B,,,,,0,-9.54486e-05,8.02717e-05,0.0,0.0,1526
21210,2024-05-16 21:30:00,6,La Liga,362,Equipo histórico 362,30,Barcelona,30,Barcelona,0,Oriol Romeu_18_B,85.0,,leading,,9,-4.63904e-06,0.000596374,0.0,0.0,1536
21210,2024-05-16 21:30:00,6,La Liga,362,Equipo histórico 362,30,Barcelona,30,Barcelona,0,Pau Cubarsí_2_B,,,,,94,0.000489738,0.000689197,0.0,0.0,6208
21210,2024-05-16 21:30:00,6,La Liga,362,Equipo histórico 362,30,Barcelona,30,Barcelona,0,Pedri_8_B,,85.0,,leading,85,-0.000452767,-0.000759786,0.736,1.0,7907
21210,2024-05-16 21:30:00,6,La Liga,362,Equipo histórico 362,30,Barcelona,30,Barcelona,0,Raphinha_11_B,,,,,0,0.00131215,0.000402672,0.736,1.0,8931
21210,2024-05-16 21:30:00,6,La Liga,362,Equipo histórico 362,30,Barcelona,30,Barcelona,0,Robert Lewandowski_9_B,,71.0,,leading,71,-0.00130583,0.000914094,0.564,0.999,10145
21210,2024-05-16 21:30:00,6,La Liga,362,Equipo histórico 362,30,Barcelona,30,Barcelona,0,Sergi Roberto_20_B,,71.0,,leading,71,0.000651913,-0.000120976,0.0,0.0,2493
21210,2024-05-16 21:30:00,6,La Liga,362,Equipo histórico 362,30,Barcelona,30,Barcelona,0,Vitor Roque_19_B,75.0,,leading,,19,0.000269556,0.000567539,0.0,0.0,433
21213,2024-05-19 19:00:00,6,La Liga,23,Villarreal,31,Real Madrid,31,Real Madrid,0,Andriy Lunin_13_RM,,,,,95,0.00135314,0.00113184,0.0,0.0,4637
21213,2024-05-19 19:00:00,6,La Liga,23,Villarreal,31,Real Madrid,31,Real Madrid,0,Antonio Rüdiger_22_RM,,,,,95,0.00101494,0.000618977,0.0,0.0,10666
21213,2024-05-19 19:00:00,6,La Liga,23,Villarreal,31,Real Madrid,31,Real Madrid,0,Arda Güler_15_RM,,,,,95,7.01941e-05,-0.000836821,0.211,0.452,2380
21213,2024-05-19 19:00:00,6,La Liga,23,Villarreal,31,Real Madrid,31,Real Madrid,0,Brahim Díaz_21_RM,,73.0,,level,73,0.00321062,-0.000354507,0.082,0.176,4411
21213,2024-05-19 19:00:00,6,La Liga,23,Villarreal,31,Real Madrid,31,Real Madrid,0,Dani Carvajal_2_RM,,,,,0,0.000618357,0.000728238,0.196,0.42,6003
21213,2024-05-19 19:00:00,6,La Liga,23,Villarreal,31,Real Madrid,31,Real Madrid,0,Dani Ceballos_19_RM,,,,,95,0.0010414,0.00086943,0.0,0.0,4606
21213,2024-05-19 19:00:00,6,La Liga,23,Villarreal,31,Real Madrid,31,Real Madrid,0,Eduardo Camavinga_6_RM,65.0,,level,,30,0.000527662,0.000882211,0.0,0.0,7525
21213,2024-05-19 19:00:00,6,La Liga,23,Villarreal,31,Real Madrid,31,Real Madrid,0,Federico Valverde_8_RM,,65.0,,level,65,0.00109636,0.00134977,0.264,0.565,11707
21213,2024-05-19 19:00:00,6,La Liga,23,Villarreal,31,Real Madrid,31,Real Madrid,0,Ferland Mendy_23_RM,,,,,0,-0.00165897,0.000241543,0.0,0.0,5435
21213,2024-05-19 19:00:00,6,La Liga,23,Villarreal,31,Real Madrid,31,Real Madrid,0,Fran Garcia_20_RM,,,,,95,0.00151615,4.55278e-05,0.0,0.0,4807
21213,2024-05-19 19:00:00,6,La Liga,23,Villarreal,31,Real Madrid,31,Real Madrid,0,Joselu_14_RM,,,,,95,1.52568e-05,0.000834196,0.0,0.0,2277
21213,2024-05-19 19:00:00,6,La Liga,23,Villarreal,31,Real Madrid,31,Real Madrid,0,Jude Bellingham_5_RM,,,,,0,0.00112068,-0.000274762,0.0,0.0,7793
21213,2024-05-19 19:00:00,6,La Liga,23,Villarreal,31,Real Madrid,31,Real Madrid,0,Kepa Arrizabalaga_25_RM,,,,,0,-0.00025058,0.000481202,0.0,0.0,1754
21213,2024-05-19 19:00:00,6,La Liga,23,Villarreal,31,Real Madrid,31,Real Madrid,0,Lucas Vázquez_17_RM,,,,,95,0.00132007,-0.000853061,0.0,0.0,6072
21213,2024-05-19 19:00:00,6,La Liga,23,Villarreal,31,Real Madrid,31,Real Madrid,0,Luka Modrić_10_RM,,87.0,,level,87,0.00146142,0.000547068,0.0,0.0,6907
21213,2024-05-19 19:00:00,6,La Liga,23,Villarreal,31,Real Madrid,31,Real Madrid,0,Mario Martín_28_RM,87.0,,level,,8,3.74778e-05,-0.000238432,0.0,0.0,39
21213,2024-05-19 19:00:00,6,La Liga,23,Villarreal,31,Real Madrid,31,Real Madrid,0,Nacho_6_RM,66.0,,level,,29,0.00147031,0.000367155,0.0,0.0,5214
21213,2024-05-19 19:00:00,6,La Liga,23,Villarreal,31,Real Madrid,31,Real Madrid,0,Rodrygo_11_RM,73.0,,level,,22,0.000204649,0.000315861,0.182,0.389,9181
21213,2024-05-19 19:00:00,6,La Liga,23,Villarreal,31,Real Madrid,31,Real Madrid,0,Thibaut Courtois_1_RM,,,,,0,0.000111719,-0.000758962,0.264,0.565,7657
21213,2024-05-19 19:00:00,6,La Liga,23,Villarreal,31,Real Madrid,31,Real Madrid,0,Toni Kroos_8_RM,,,,,0,0.000529318,0.000493378,0.0,0.0,5337
21213,2024-05-19 19:00:00,6,La Liga,23,Villarreal,31,Real Madrid,31,Real Madrid,0,Vinicius Júnior_7_RM,,,,,0,-0.00186706,0.000820191,0.082,0.176,9694
21213,2024-05-19 19:00:00,6,La Liga,23,Villarreal,31,Real Madrid,31,Real Madrid,0,Éder Militão_3_RM,,66.0,,level,66,0.000207186,0.000444794,0.264,0.565,4777
21217,2024-05-19 19:00:00,6,La Liga,30,Barcelona,202,Rayo Vallecano,30,Barcelona,1,Andreas Christensen_15_B,46.0,,leading,,48,-0.000657376,0.000304607,0.172,0.304,4789
21217,2024-05-19 19:00:00,6,La Liga,30,Barcelona,202,Rayo Vallecano,30,Barcelona,1,Fermin López_16_B,,62.0,,leading,62,-0.000980475,6.51575e-05,0.728,1.0,4228
21217,2024-05-19 19:00:00,6,La Liga,30,Barcelona,202,Rayo Vallecano,30,Barcelona,1,Ferrán Torres_7_B,,,,,0,0.000824349,-0.000703702,0.18,0.318,5186
21217,2024-05-19 19:00:00,6,La Liga,30,Barcelona,202,Rayo Vallecano,30,Barcelona,1,Héctor Fort_32_B,,,,,0,-0.000463914,-0.000603466,0.0,0.0,1296
21217,2024-05-19 19:00:00,6,La Liga,30,Barcelona,202,Rayo Vallecano,30,Barcelona,1,Iñaki Peña_13_B,,,,,0,0.001789,-0.000771425,0.0,0.0,3754
21217,2024-05-19 19:00:00,6,La Liga,30,Barcelona,202,Rayo Vallecano,30,Barcelona,1,Iñigo Martínez_5_B,,,,,94,0.00172975,0.000118759,0.0,0.0,5736
21217,2024-05-19 19:00:00,6,La Liga,30,Barcelona,202,Rayo Vallecano,30,Barcelona,1,João Cancelo_2_B,,,,,94,0.000109913,5.3432e-05,0.0,0.0,3488
21217,2024-05-19 19:00:00,6,La Liga,30,Barcelona,202,Rayo Vallecano,30,Barcelona,1,João Félix_14_B,62.0,,leading,,32,0.000261688,0.000320113,0.0,0.0,2176
21217,2024-05-19 19:00:00,6,La Liga,30,Barcelona,202,Rayo Vallecano,30,Barcelona,1,Jules Koundé_23_B,,,,,94,0.00223783,0.00075356,0.736,1.0,11254
21217,2024-05-19 19:00:00,6,La Liga,30,Barcelona,202,Rayo Vallecano,30,Barcelona,1,Lamine Yamal_19_B,,,,,94,0.00308054,0.000554778,0.0,0.0,7670
21217,2024-05-19 19:00:00,6,La Liga,30,Barcelona,202,Rayo Vallecano,30,Barcelona,1,Marc-André ter Stegen_1_B,,,,,94,-0.000183835,0.000794651,0.0,0.0,6921
21217,2024-05-19 19:00:00,6,La Liga,30,Barcelona,202,Rayo Vallecano,30,Barcelona,1,Marcos Alonso_17_B,,,,,0,-9.54486e-05,8.02717e-05,0.0,0.0,1526
21217,2024-05-19 19:00:00,6,La Liga,30,Barcelona,202,Rayo Vallecano,30,Barcelona,1,Oriol Romeu_18_B,,,,,0,-4.63904e-06,0.000596374,0.0,0.0,1536
21217,2024-05-19 19:00:00,6,La Liga,30,Barcelona,202,Rayo Vallecano,30,Barcelona,1,Pau Cubarsí_2_B,,62.0,,leading,62,0.000489738,0.000689197,0.0,0.0,6208
21217,2024-05-19 19:00:00,6,La Liga,30,Barcelona,202,Rayo Vallecano,30,Barcelona,1,Pedri_8_B,62.0,,leading,,32,-0.000452767,-0.000759786,0.736,1.0,7907
21217,2024-05-19 19:00:00,6,La Liga,30,Barcelona,202,Rayo Vallecano,30,Barcelona,1,Raphinha_11_B,,62.0,,leading,62,0.00131215,0.000402672,0.736,1.0,8931
21217,2024-05-19 19:00:00,6,La Liga,30,Barcelona,202,Rayo Vallecano,30,Barcelona,1,Robert Lewandowski_9_B,,79.0,,leading,79,-0.00130583,0.000914094,0.564,0.999,10145
21217,2024-05-19 19:00:00,6,La Liga,30,Barcelona,202,Rayo Vallecano,30,Barcelona,1,Ronald Araújo_4_B,62.0,,leading,,32,0.00016609,0.000959492,0.736,1.0,6661
21217,2024-05-19 19:00:00,6,La Liga,30,Barcelona,202,Rayo Vallecano,30,Barcelona,1,Sergi Roberto_20_B,,46.0,,leading,46,0.000651913,-0.000120976,0.0,0.0,2493
21217,2024-05-19 19:00:00,6,La Liga,30,Barcelona,202,Rayo Vallecano,30,Barcelona,1,Vitor Roque_19_B,79.0,,leading,,15,0.000269556,0.000567539,0.0,0.0,433
21217,2024-05-19 19:00:00,6,La Liga,30,Barcelona,202,Rayo Vallecano,30,Barcelona,1,İlkay Gündoğan_22_B,,,,,94,0.000780872,-0.000346235,0.0,0.0,4232
21227,2024-05-25 21:00:00,6,La Liga,31,Real Madrid,27,Equipo histórico 27,31,Real Madrid,1,Andriy Lunin_13_RM,,,,,0,0.00135314,0.00113184,0.0,0.0,4637
21227,2024-05-25 21:00:00,6,La Liga,31,Real Madrid,27,Equipo histórico 27,31,Real Madrid,1,Antonio Rüdiger_22_RM,,,,,90,0.00101494,0.000618977,0.0,0.0,10666
21227,2024-05-25 21:00:00,6,La Liga,31,Real Madrid,27,Equipo histórico 27,31,Real Madrid,1,Arda Güler_15_RM,,,,,0,7.01941e-05,-0.000836821,0.211,0.452,2380
21227,2024-05-25 21:00:00,6,La Liga,31,Real Madrid,27,Equipo histórico 27,31,Real Madrid,1,Brahim Díaz_21_RM,,,,,0,0.00321062,-0.000354507,0.082,0.176,4411
21227,2024-05-25 21:00:00,6,La Liga,31,Real Madrid,27,Equipo histórico 27,31,Real Madrid,1,Dani Carvajal_2_RM,,74.0,,level,74,0.000618357,0.000728238,0.196,0.42,6003
21227,2024-05-25 21:00:00,6,La Liga,31,Real Madrid,27,Equipo histórico 27,31,Real Madrid,1,Dani Ceballos_19_RM,87.0,,level,,3,0.0010414,0.00086943,0.0,0.0,4606
21227,2024-05-25 21:00:00,6,La Liga,31,Real Madrid,27,Equipo histórico 27,31,Real Madrid,1,Eduardo Camavinga_6_RM,,74.0,,level,74,0.000527662,0.000882211,0.0,0.0,7525
21227,2024-05-25 21:00:00,6,La Liga,31,Real Madrid,27,Equipo histórico 27,31,Real Madrid,1,Federico Valverde_8_RM,,,,,90,0.00109636,0.00134977,0.264,0.565,11707
21227,2024-05-25 21:00:00,6,La Liga,31,Real Madrid,27,Equipo histórico 27,31,Real Madrid,1,Ferland Mendy_23_RM,,,,,90,-0.00165897,0.000241543,0.0,0.0,5435
21227,2024-05-25 21:00:00,6,La Liga,31,Real Madrid,27,Equipo histórico 27,31,Real Madrid,1,Fran Garcia_20_RM,,,,,0,0.00151615,4.55278e-05,0.0,0.0,4807
21227,2024-05-25 21:00:00,6,La Liga,31,Real Madrid,27,Equipo histórico 27,31,Real Madrid,1,Joselu_14_RM,,,,,0,1.52568e-05,0.000834196,0.0,0.0,2277
21227,2024-05-25 21:00:00,6,La Liga,31,Real Madrid,27,Equipo histórico 27,31,Real Madrid,1,Jude Bellingham_5_RM,,,,,90,0.00112068,-0.000274762,0.0,0.0,7793
21227,2024-05-25 21:00:00,6,La Liga,31,Real Madrid,27,Equipo histórico 27,31,Real Madrid,1,Kepa Arrizabalaga_25_RM,63.0,,level,,27,-0.00025058,0.000481202,0.0,0.0,1754
21227,2024-05-25 21:00:00,6,La Liga,31,Real Madrid,27,Equipo histórico 27,31,Real Madrid,1,Lucas Vázquez_17_RM,74.0,,level,,16,0.00132007,-0.000853061,0.0,0.0,6072
21227,2024-05-25 21:00:00,6,La Liga,31,Real Madrid,27,Equipo histórico 27,31,Real Madrid,1,Luka Modrić_10_RM,74.0,,level,,16,0.00146142,0.000547068,0.0,0.0,6907
21227,2024-05-25 21:00:00,6,La Liga,31,Real Madrid,27,Equipo histórico 27,31,Real Madrid,1,Mario Martín_28_RM,,,,,0,3.74778e-05,-0.000238432,0.0,0.0,39
21227,2024-05-25 21:00:00,6,La Liga,31,Real Madrid,27,Equipo histórico 27,31,Real Madrid,1,Nacho_6_RM,,64.0,,level,64,0.00147031,0.000367155,0.0,0.0,5214
21227,2024-05-25 21:00:00,6,La Liga,31,Real Madrid,27,Equipo histórico 27,31,Real Madrid,1,Rodrygo_11_RM,,,,,90,0.000204649,0.000315861,0.182,0.389,9181
21227,2024-05-25 21:00:00,6,La Liga,31,Real Madrid,27,Equipo histórico 27,31,Real Madrid,1,Thibaut Courtois_1_RM,,63.0,,level,63,0.000111719,-0.000758962,0.264,0.565,7657
21227,2024-05-25 21:00:00,6,La Liga,31,Real Madrid,27,Equipo histórico 27,31,Real Madrid,1,Toni Kroos_8_RM,,87.0,,level,87,0.000529318,0.000493378,0.0,0.0,5337
21227,2024-05-25 21:00:00,6,La Liga,31,Real Madrid,27,Equipo histórico 27,31,Real Madrid,1,Vinicius Júnior_7_RM,,,,,90,-0.00186706,0.000820191,0.082,0.176,9694
21227,2024-05-25 21:00:00,6,La Liga,31,Real Madrid,27,Equipo histórico 27,31,Real Madrid,1,Éder Militão_3_RM,64.0,,level,,26,0.000207186,0.000444794,0.264,0.565,4777
21231,2024-05-26 21:00:00,6,La Liga,32,Sevilla,30,Barcelona,30,Barcelona,0,Andreas Christensen_15_B,,50.0,,level,50,-0.000657376,0.000304607,0.172,0.304,4789
21231,2024-05-26 21:00:00,6,La Liga,32,Sevilla,30,Barcelona,30,Barcelona,0,Fermin López_16_B,,79.0,,leading,79,-0.000980475,6.51575e-05,0.728,1.0,4228
21231,2024-05-26 21:00:00,6,La Liga,32,Sevilla,30,Barcelona,30,Barcelona,0,Ferrán Torres_7_B,66.0,,leading,,34,0.000824349,-0.000703702,0.18,0.318,5186
21231,2024-05-26 21:00:00,6,La Liga,32,Sevilla,30,Barcelona,30,Barcelona,0,Héctor Fort_32_B,88.0,,leading,,12,-0.000463914,-0.000603466,0.0,0.0,1296
21231,2024-05-26 21:00:00,6,La Liga,32,Sevilla,30,Barcelona,30,Barcelona,0,Iñaki Peña_13_B,,,,,0,0.001789,-0.000771425,0.0,0.0,3754
21231,2024-05-26 21:00:00,6,La Liga,32,Sevilla,30,Barcelona,30,Barcelona,0,Iñigo Martínez_5_B,,,,,100,0.00172975,0.000118759,0.0,0.0,5736
21231,2024-05-26 21:00:00,6,La Liga,32,Sevilla,30,Barcelona,30,Barcelona,0,João Cancelo_2_B,,88.0,,leading,88,0.000109913,5.3432e-05,0.0,0.0,3488
21231,2024-05-26 21:00:00,6,La Liga,32,Sevilla,30,Barcelona,30,Barcelona,0,João Félix_14_B,66.0,,leading,,34,0.000261688,0.000320113,0.0,0.0,2176
21231,2024-05-26 21:00:00,6,La Liga,32,Sevilla,30,Barcelona,30,Barcelona,0,Jules Koundé_23_B,,,,,100,0.00223783,0.00075356,0.736,1.0,11254
21231,2024-05-26 21:00:00,6,La Liga,32,Sevilla,30,Barcelona,30,Barcelona,0,Lamine Yamal_19_B,,66.0,,leading,66,0.00308054,0.000554778,0.0,0.0,7670
21231,2024-05-26 21:00:00,6,La Liga,32,Sevilla,30,Barcelona,30,Barcelona,0,Marc-André ter Stegen_1_B,,,,,100,-0.000183835,0.000794651,0.0,0.0,6921
21231,2024-05-26 21:00:00,6,La Liga,32,Sevilla,30,Barcelona,30,Barcelona,0,Oriol Romeu_18_B,50.0,,level,,50,-4.63904e-06,0.000596374,0.0,0.0,1536
21231,2024-05-26 21:00:00,6,La Liga,32,Sevilla,30,Barcelona,30,Barcelona,0,Pau Cubarsí_2_B,,,,,100,0.000489738,0.000689197,0.0,0.0,6208
21231,2024-05-26 21:00:00,6,La Liga,32,Sevilla,30,Barcelona,30,Barcelona,0,Pedri_8_B,,,,,100,-0.000452767,-0.000759786,0.736,1.0,7907
21231,2024-05-26 21:00:00,6,La Liga,32,Sevilla,30,Barcelona,30,Barcelona,0,Raphinha_11_B,,,,,0,0.00131215,0.000402672,0.736,1.0,8931
21231,2024-05-26 21:00:00,6,La Liga,32,Sevilla,30,Barcelona,30,Barcelona,0,Robert Lewandowski_9_B,,66.0,,leading,66,-0.00130583,0.000914094,0.564,0.999,10145
21231,2024-05-26 21:00:00,6,La Liga,32,Sevilla,30,Barcelona,30,Barcelona,0,Ronald Araújo_4_B,,,,,0,0.00016609,0.000959492,0.736,1.0,6661
21231,2024-05-26 21:00:00,6,La Liga,32,Sevilla,30,Barcelona,30,Barcelona,0,Sergi Roberto_20_B,,,,,0,0.000651913,-0.000120976,0.0,0.0,2493
21231,2024-05-26 21:00:00,6,La Liga,32,Sevilla,30,Barcelona,30,Barcelona,0,Vitor Roque_19_B,79.0,,leading,,21,0.000269556,0.000567539,0.0,0.0,433
21231,2024-05-26 21:00:00,6,La Liga,32,Sevilla,30,Barcelona,30,Barcelona,0,İlkay Gündoğan_22_B,,,,,100,0.000780872,-0.000346235,0.0,0.0,4232
24847,2024-06-01 20:00:00,13,Champions League,46,Dortmund,31,Real Madrid,31,Real Madrid,0,Andriy Lunin_13_RM,,,,,0,0.00135314,0.00113184,0.0,0.0,4637
24847,2024-06-01 20:00:00,13,Champions League,46,Dortmund,31,Real Madrid,31,Real Madrid,0,Antonio Rüdiger_22_RM,,,,,90,0.00101494,0.000618977,0.0,0.0,10666
24847,2024-06-01 20:00:00,13,Champions League,46,Dortmund,31,Real Madrid,31,Real Madrid,0,Arda Güler_15_RM,,,,,0,7.01941e-05,-0.000836821,0.211,0.452,2380
24847,2024-06-01 20:00:00,13,Champions League,46,Dortmund,31,Real Madrid,31,Real Madrid,0,Aurélien Tchouaméni_14_RM,,,,,0,-0.000603586,0.00091019,0.264,0.565,8572
24847,2024-06-01 20:00:00,13,Champions League,46,Dortmund,31,Real Madrid,31,Real Madrid,0,Brahim Díaz_21_RM,,,,,0,0.00321062,-0.000354507,0.082,0.176,4411
24847,2024-06-01 20:00:00,13,Champions League,46,Dortmund,31,Real Madrid,31,Real Madrid,0,Dani Carvajal_2_RM,,,,,90,0.000618357,0.000728238,0.196,0.42,6003
24847,2024-06-01 20:00:00,13,Champions League,46,Dortmund,31,Real Madrid,31,Real Madrid,0,Dani Ceballos_19_RM,,,,,0,0.0010414,0.00086943,0.0,0.0,4606
24847,2024-06-01 20:00:00,13,Champions League,46,Dortmund,31,Real Madrid,31,Real Madrid,0,David Alaba_4_RM,,,,,0,0.000547684,0.000271426,0.0,0.0,3366
24847,2024-06-01 20:00:00,13,Champions League,46,Dortmund,31,Real Madrid,31,Real Madrid,0,Eduardo Camavinga_6_RM,,,,,90,0.000527662,0.000882211,0.0,0.0,7525
24847,2024-06-01 20:00:00,13,Champions League,46,Dortmund,31,Real Madrid,31,Real Madrid,0,Federico Valverde_8_RM,,,,,90,0.00109636,0.00134977,0.264,0.565,11707
24847,2024-06-01 20:00:00,13,Champions League,46,Dortmund,31,Real Madrid,31,Real Madrid,0,Ferland Mendy_23_RM,,,,,90,-0.00165897,0.000241543,0.0,0.0,5435
24847,2024-06-01 20:00:00,13,Champions League,46,Dortmund,31,Real Madrid,31,Real Madrid,0,Fran Garcia_20_RM,,,,,0,0.00151615,4.55278e-05,0.0,0.0,4807
24847,2024-06-01 20:00:00,13,Champions League,46,Dortmund,31,Real Madrid,31,Real Madrid,0,Joselu_14_RM,,,,,6,1.52568e-05,0.000834196,0.0,0.0,2277
24847,2024-06-01 20:00:00,13,Champions League,46,Dortmund,31,Real Madrid,31,Real Madrid,0,Jude Bellingham_5_RM,,,,,84,0.00112068,-0.000274762,0.0,0.0,7793
24847,2024-06-01 20:00:00,13,Champions League,46,Dortmund,31,Real Madrid,31,Real Madrid,0,Kepa Arrizabalaga_25_RM,,,,,0,-0.00025058,0.000481202,0.0,0.0,1754
24847,2024-06-01 20:00:00,13,Champions League,46,Dortmund,31,Real Madrid,31,Real Madrid,0,Lucas Vázquez_17_RM,,,,,1,0.00132007,-0.000853061,0.0,0.0,6072
24847,2024-06-01 20:00:00,13,Champions League,46,Dortmund,31,Real Madrid,31,Real Madrid,0,Luka Modrić_10_RM,,,,,5,0.00146142,0.000547068,0.0,0.0,6907
24847,2024-06-01 20:00:00,13,Champions League,46,Dortmund,31,Real Madrid,31,Real Madrid,0,Nacho_6_RM,,,,,90,0.00147031,0.000367155,0.0,0.0,5214
24847,2024-06-01 20:00:00,13,Champions League,46,Dortmund,31,Real Madrid,31,Real Madrid,0,Rodrygo_11_RM,,,,,89,0.000204649,0.000315861,0.182,0.389,9181
24847,2024-06-01 20:00:00,13,Champions League,46,Dortmund,31,Real Madrid,31,Real Madrid,0,Thibaut Courtois_1_RM,,,,,90,0.000111719,-0.000758962,0.264,0.565,7657
24847,2024-06-01 20:00:00,13,Champions League,46,Dortmund,31,Real Madrid,31,Real Madrid,0,Toni Kroos_8_RM,,,,,85,0.000529318,0.000493378,0.0,0.0,5337
24847,2024-06-01 20:00:00,13,Champions League,46,Dortmund,31,Real Madrid,31,Real Madrid,0,Vinicius Júnior_7_RM,,,,,89,-0.00186706,0.000820191,0.082,0.176,9694
24847,2024-06-01 20:00:00,13,Champions League,46,Dortmund,31,Real Madrid,31,Real Madrid,0,Éder Militão_3_RM,,,,,1,0.000207186,0.000444794,0.264,0.565,4777
27713,2024-08-17 21:30:00,6,La Liga,37,Valencia,30,Barcelona,30,Barcelona,0,Alejandro Balde_3_B,,70.0,,leading,70,0.00209699,0.000618303,0.0,0.0,7371
27713,2024-08-17 21:30:00,6,La Liga,37,Valencia,30,Barcelona,30,Barcelona,0,Andreas Christensen_15_B,70.0,,leading,,30,-0.000657376,0.000304607,0.172,0.304,4789
27713,2024-08-17 21:30:00,6,La Liga,37,Valencia,30,Barcelona,30,Barcelona,0,Eric García_24_B,77.0,,leading,,23,0.00269696,0.00108346,0.082,0.145,3325
27713,2024-08-17 21:30:00,6,La Liga,37,Valencia,30,Barcelona,30,Barcelona,0,Ferrán Torres_7_B,,70.0,,leading,70,0.000824349,-0.000703702,0.18,0.318,5186
27713,2024-08-17 21:30:00,6,La Liga,37,Valencia,30,Barcelona,30,Barcelona,0,Gerard Martín_35_B,70.0,,leading,,30,0.000994252,0.000286335,0.0,0.0,1872
27713,2024-08-17 21:30:00,6,La Liga,37,Valencia,30,Barcelona,30,Barcelona,0,Héctor Fort_32_B,,,,,0,-0.000463914,-0.000603466,0.0,0.0,1296
27713,2024-08-17 21:30:00,6,La Liga,37,Valencia,30,Barcelona,30,Barcelona,0,Iñaki Peña_13_B,,,,,0,0.001789,-0.000771425,0.0,0.0,3754
27713,2024-08-17 21:30:00,6,La Liga,37,Valencia,30,Barcelona,30,Barcelona,0,Iñigo Martínez_5_B,,,,,100,0.00172975,0.000118759,0.0,0.0,5736
27713,2024-08-17 21:30:00,6,La Liga,37,Valencia,30,Barcelona,30,Barcelona,0,Jules Koundé_23_B,,,,,100,0.00223783,0.00075356,0.736,1.0,11254
27713,2024-08-17 21:30:00,6,La Liga,37,Valencia,30,Barcelona,30,Barcelona,0,Lamine Yamal_19_B,,92.0,,leading,92,0.00308054,0.000554778,0.0,0.0,7670
27713,2024-08-17 21:30:00,6,La Liga,37,Valencia,30,Barcelona,30,Barcelona,0,Marc Bernal_28_B,,77.0,,leading,77,0.000186952,0.000309312,0.0,0.0,267
27713,2024-08-17 21:30:00,6,La Liga,37,Valencia,30,Barcelona,30,Barcelona,0,Marc Casado_17_B,,,,,100,0.00126044,0.000330566,0.008,0.014,2412
27713,2024-08-17 21:30:00,6,La Liga,37,Valencia,30,Barcelona,30,Barcelona,0,Marc-André ter Stegen_1_B,,,,,100,-0.000183835,0.000794651,0.0,0.0,6921
27713,2024-08-17 21:30:00,6,La Liga,37,Valencia,30,Barcelona,30,Barcelona,0,Pablo Torre_14_B,,,,,0,0.000269459,-0.000418288,0.0,0.0,690
27713,2024-08-17 21:30:00,6,La Liga,37,Valencia,30,Barcelona,30,Barcelona,0,Pau Cubarsí_2_B,,70.0,,leading,70,0.000489738,0.000689197,0.0,0.0,6208
27713,2024-08-17 21:30:00,6,La Liga,37,Valencia,30,Barcelona,30,Barcelona,0,Pau Victor_18_B,92.0,,leading,,8,0.00344954,-0.00023187,0.0,0.013,524
27713,2024-08-17 21:30:00,6,La Liga,37,Valencia,30,Barcelona,30,Barcelona,0,Pedri_8_B,70.0,,leading,,30,-0.000452767,-0.000759786,0.736,1.0,7907
27713,2024-08-17 21:30:00,6,La Liga,37,Valencia,30,Barcelona,30,Barcelona,0,Raphinha_11_B,,,,,100,0.00131215,0.000402672,0.736,1.0,8931
27713,2024-08-17 21:30:00,6,La Liga,37,Valencia,30,Barcelona,30,Barcelona,0,Robert Lewandowski_9_B,,,,,100,-0.00130583,0.000914094,0.564,0.999,10145
27713,2024-08-17 21:30:00,6,La Liga,37,Valencia,30,Barcelona,30,Barcelona,0,Sergi Dominguez_36_B,,,,,0,0.000107451,-0.000938386,0.0,0.0,246
27715,2024-08-18 21:30:00,6,La Liga,201,Mallorca,31,Real Madrid,31,Real Madrid,0,Andriy Lunin_13_RM,,,,,0,0.00135314,0.00113184,0.0,0.0,4637
27715,2024-08-18 21:30:00,6,La Liga,201,Mallorca,31,Real Madrid,31,Real Madrid,0,Antonio Rüdiger_22_RM,,,,,100,0.00101494,0.000618977,0.0,0.0,10666
27715,2024-08-18 21:30:00,6,La Liga,201,Mallorca,31,Real Madrid,31,Real Madrid,0,Arda Güler_15_RM,91.0,,level,,9,7.01941e-05,-0.000836821,0.211,0.452,2380
27715,2024-08-18 21:30:00,6,La Liga,201,Mallorca,31,Real Madrid,31,Real Madrid,0,Aurélien Tchouaméni_14_RM,,66.0,,level,66,-0.000603586,0.00091019,0.264,0.565,8572
27715,2024-08-18 21:30:00,6,La Liga,201,Mallorca,31,Real Madrid,31,Real Madrid,0,Brahim Díaz_21_RM,91.0,,level,,9,0.00321062,-0.000354507,0.082,0.176,4411
27715,2024-08-18 21:30:00,6,La Liga,201,Mallorca,31,Real Madrid,31,Real Madrid,0,Dani Carvajal_2_RM,,90.0,,level,90,0.000618357,0.000728238,0.196,0.42,6003
27715,2024-08-18 21:30:00,6,La Liga,201,Mallorca,31,Real Madrid,31,Real Madrid,0,Dani Ceballos_19_RM,,,,,0,0.0010414,0.00086943,0.0,0.0,4606
27715,2024-08-18 21:30:00,6,La Liga,201,Mallorca,31,Real Madrid,31,Real Madrid,0,Endrick_16_RM,,,,,0,0.00034253,0.000427653,0.0,0.0,935
27715,2024-08-18 21:30:00,6,La Liga,201,Mallorca,31,Real Madrid,31,Real Madrid,0,Federico Valverde_8_RM,,,,,100,0.00109636,0.00134977,0.264,0.565,11707
27715,2024-08-18 21:30:00,6,La Liga,201,Mallorca,31,Real Madrid,31,Real Madrid,0,Ferland Mendy_23_RM,,,,,100,-0.00165897,0.000241543,0.0,0.0,5435
27715,2024-08-18 21:30:00,6,La Liga,201,Mallorca,31,Real Madrid,31,Real Madrid,0,Fran Garcia_20_RM,,,,,0,0.00151615,4.55278e-05,0.0,0.0,4807
27715,2024-08-18 21:30:00,6,La Liga,201,Mallorca,31,Real Madrid,31,Real Madrid,0,Fran_26_RM,,,,,0,0.000589259,3.17888e-05,0.0,0.0,101
27715,2024-08-18 21:30:00,6,La Liga,201,Mallorca,31,Real Madrid,31,Real Madrid,0,Jacobo Ramón_31_RM,,,,,0,-0.000368683,-0.000752092,0.0,0.0,322
27715,2024-08-18 21:30:00,6,La Liga,201,Mallorca,31,Real Madrid,31,Real Madrid,0,Jesús Vallejo_18_RM,,,,,0,-0.000301268,0.000142833,0.0,0.0,215
27715,2024-08-18 21:30:00,6,La Liga,201,Mallorca,31,Real Madrid,31,Real Madrid,0,Jude Bellingham_5_RM,,91.0,,level,91,0.00112068,-0.000274762,0.0,0.0,7793
27715,2024-08-18 21:30:00,6,La Liga,201,Mallorca,31,Real Madrid,31,Real Madrid,0,Kylian Mbappé_9_RM,,,,,100,0.00303121,2.59154e-05,0.0,0.0,4484
27715,2024-08-18 21:30:00,6,La Liga,201,Mallorca,31,Real Madrid,31,Real Madrid,0,Lucas Vázquez_17_RM,90.0,,level,,10,0.00132007,-0.000853061,0.0,0.0,6072
27715,2024-08-18 21:30:00,6,La Liga,201,Mallorca,31,Real Madrid,31,Real Madrid,0,Luka Modrić_10_RM,66.0,,level,,34,0.00146142,0.000547068,0.0,0.0,6907
27715,2024-08-18 21:30:00,6,La Liga,201,Mallorca,31,Real Madrid,31,Real Madrid,0,Rodrygo_11_RM,,,,,100,0.000204649,0.000315861,0.182,0.389,9181
27715,2024-08-18 21:30:00,6,La Liga,201,Mallorca,31,Real Madrid,31,Real Madrid,0,Thibaut Courtois_1_RM,,,,,100,0.000111719,-0.000758962,0.264,0.565,7657
27715,2024-08-18 21:30:00,6,La Liga,201,Mallorca,31,Real Madrid,31,Real Madrid,0,Vinicius Júnior_7_RM,,91.0,,level,91,-0.00186706,0.000820191,0.082,0.176,9694
27715,2024-08-18 21:30:00,6,La Liga,201,Mallorca,31,Real Madrid,31,Real Madrid,0,Éder Militão_3_RM,,,,,100,0.000207186,0.000444794,0.264,0.565,4777
27721,2024-08-24 19:00:00,6,La Liga,30,Barcelona,33,Athletic Club,30,Barcelona,1,Alejandro Balde_3_B,,95.0,,leading,95,0.00209699,0.000618303,0.0,0.0,7371
27721,2024-08-24 19:00:00,6,La Liga,30,Barcelona,33,Athletic Club,30,Barcelona,1,Eric García_24_B,87.0,,leading,,13,0.00269696,0.00108346,0.082,0.145,3325
27721,2024-08-24 19:00:00,6,La Liga,30,Barcelona,33,Athletic Club,30,Barcelona,1,Fermin López_16_B,67.0,,level,,33,-0.000980475,6.51575e-05,0.728,1.0,4228
27721,2024-08-24 19:00:00,6,La Liga,30,Barcelona,33,Athletic Club,30,Barcelona,1,Ferrán Torres_7_B,,67.0,,level,67,0.000824349,-0.000703702,0.18,0.318,5186
27721,2024-08-24 19:00:00,6,La Liga,30,Barcelona,33,Athletic Club,30,Barcelona,1,Gerard Martín_35_B,95.0,,leading,,5,0.000994252,0.000286335,0.0,0.0,1872
27721,2024-08-24 19:00:00,6,La Liga,30,Barcelona,33,Athletic Club,30,Barcelona,1,Héctor Fort_32_B,,,,,0,-0.000463914,-0.000603466,0.0,0.0,1296
27721,2024-08-24 19:00:00,6,La Liga,30,Barcelona,33,Athletic Club,30,Barcelona,1,Iñaki Peña_13_B,,,,,0,0.001789,-0.000771425,0.0,0.0,3754
27721,2024-08-24 19:00:00,6,La Liga,30,Barcelona,33,Athletic Club,30,Barcelona,1,Iñigo Martínez_5_B,,,,,100,0.00172975,0.000118759,0.0,0.0,5736
27721,2024-08-24 19:00:00,6,La Liga,30,Barcelona,33,Athletic Club,30,Barcelona,1,Jules Koundé_23_B,,,,,100,0.00223783,0.00075356,0.736,1.0,11254
27721,2024-08-24 19:00:00,6,La Liga,30,Barcelona,33,Athletic Club,30,Barcelona,1,Lamine Yamal_19_B,,95.0,,leading,95,0.00308054,0.000554778,0.0,0.0,7670
27721,2024-08-24 19:00:00,6,La Liga,30,Barcelona,33,Athletic Club,30,Barcelona,1,Marc Bernal_28_B,,87.0,,leading,87,0.000186952,0.000309312,0.0,0.0,267
27721,2024-08-24 19:00:00,6,La Liga,30,Barcelona,33,Athletic Club,30,Barcelona,1,Marc Casado_17_B,,,,,0,0.00126044,0.000330566,0.008,0.014,2412
27721,2024-08-24 19:00:00,6,La Liga,30,Barcelona,33,Athletic Club,30,Barcelona,1,Marc-André ter Stegen_1_B,,,,,100,-0.000183835,0.000794651,0.0,0.0,6921
27721,2024-08-24 19:00:00,6,La Liga,30,Barcelona,33,Athletic Club,30,Barcelona,1,Pablo Torre_14_B,,,,,0,0.000269459,-0.000418288,0.0,0.0,690
27721,2024-08-24 19:00:00,6,La Liga,30,Barcelona,33,Athletic Club,30,Barcelona,1,Pau Cubarsí_2_B,,,,,100,0.000489738,0.000689197,0.0,0.0,6208
27721,2024-08-24 19:00:00,6,La Liga,30,Barcelona,33,Athletic Club,30,Barcelona,1,Pau Victor_18_B,95.0,,leading,,5,0.00344954,-0.00023187,0.0,0.013,524
27721,2024-08-24 19:00:00,6,La Liga,30,Barcelona,33,Athletic Club,30,Barcelona,1,Pedri_8_B,,,,,100,-0.000452767,-0.000759786,0.736,1.0,7907
27721,2024-08-24 19:00:00,6,La Liga,30,Barcelona,33,Athletic Club,30,Barcelona,1,Raphinha_11_B,,,,,100,0.00131215,0.000402672,0.736,1.0,8931
27721,2024-08-24 19:00:00,6,La Liga,30,Barcelona,33,Athletic Club,30,Barcelona,1,Robert Lewandowski_9_B,,,,,100,-0.00130583,0.000914094,0.564,0.999,10145
27721,2024-08-24 19:00:00,6,La Liga,30,Barcelona,33,Athletic Club,30,Barcelona,1,Sergi Dominguez_36_B,,,,,0,0.000107451,-0.000938386,0.0,0.0,246
27724,2024-08-25 17:00:00,6,La Liga,31,Real Madrid,668,Equipo histórico 668,31,Real Madrid,1,Andriy Lunin_13_RM,,,,,0,0.00135314,0.00113184,0.0,0.0,4637
27724,2024-08-25 17:00:00,6,La Liga,31,Real Madrid,668,Equipo histórico 668,31,Real Madrid,1,Antonio Rüdiger_22_RM,,,,,96,0.00101494,0.000618977,0.0,0.0,10666
27724,2024-08-25 17:00:00,6,La Liga,31,Real Madrid,668,Equipo histórico 668,31,Real Madrid,1,Arda Güler_15_RM,,69.0,,leading,69,7.01941e-05,-0.000836821,0.211,0.452,2380
27724,2024-08-25 17:00:00,6,La Liga,31,Real Madrid,668,Equipo histórico 668,31,Real Madrid,1,Aurélien Tchouaméni_14_RM,,,,,96,-0.000603586,0.00091019,0.264,0.565,8572
27724,2024-08-25 17:00:00,6,La Liga,31,Real Madrid,668,Equipo histórico 668,31,Real Madrid,1,Brahim Díaz_21_RM,69.0,,leading,,27,0.00321062,-0.000354507,0.082,0.176,4411
27724,2024-08-25 17:00:00,6,La Liga,31,Real Madrid,668,Equipo histórico 668,31,Real Madrid,1,Dani Carvajal_2_RM,,,,,96,0.000618357,0.000728238,0.196,0.42,6003
27724,2024-08-25 17:00:00,6,La Liga,31,Real Madrid,668,Equipo histórico 668,31,Real Madrid,1,Dani Ceballos_19_RM,85.0,,leading,,11,0.0010414,0.00086943,0.0,0.0,4606
27724,2024-08-25 17:00:00,6,La Liga,31,Real Madrid,668,Equipo histórico 668,31,Real Madrid,1,Endrick_16_RM,86.0,,leading,,10,0.00034253,0.000427653,0.0,0.0,935
27724,2024-08-25 17:00:00,6,La Liga,31,Real Madrid,668,Equipo histórico 668,31,Real Madrid,1,Federico Valverde_8_RM,,,,,96,0.00109636,0.00134977,0.264,0.565,11707
27724,2024-08-25 17:00:00,6,La Liga,31,Real Madrid,668,Equipo histórico 668,31,Real Madrid,1,Fran Garcia_20_RM,,,,,96,0.00151615,4.55278e-05,0.0,0.0,4807
27724,2024-08-25 17:00:00,6,La Liga,31,Real Madrid,668,Equipo histórico 668,31,Real Madrid,1,Fran_26_RM,,,,,0,0.000589259,3.17888e-05,0.0,0.0,101
27724,2024-08-25 17:00:00,6,La Liga,31,Real Madrid,668,Equipo histórico 668,31,Real Madrid,1,Jacobo Ramón_31_RM,,,,,0,-0.000368683,-0.000752092,0.0,0.0,322
27724,2024-08-25 17:00:00,6,La Liga,31,Real Madrid,668,Equipo histórico 668,31,Real Madrid,1,Kylian Mbappé_9_RM,,86.0,,leading,86,0.00303121,2.59154e-05,0.0,0.0,4484
27724,2024-08-25 17:00:00,6,La Liga,31,Real Madrid,668,Equipo histórico 668,31,Real Madrid,1,Lucas Vázquez_17_RM,,,,,0,0.00132007,-0.000853061,0.0,0.0,6072
27724,2024-08-25 17:00:00,6,La Liga,31,Real Madrid,668,Equipo histórico 668,31,Real Madrid,1,Luka Modrić_10_RM,69.0,,leading,,27,0.00146142,0.000547068,0.0,0.0,6907
27724,2024-08-25 17:00:00,6,La Liga,31,Real Madrid,668,Equipo histórico 668,31,Real Madrid,1,Rodrygo_11_RM,,69.0,,leading,69,0.000204649,0.000315861,0.182,0.389,9181
27724,2024-08-25 17:00:00,6,La Liga,31,Real Madrid,668,Equipo histórico 668,31,Real Madrid,1,Thibaut Courtois_1_RM,,,,,96,0.000111719,-0.000758962,0.264,0.565,7657
27724,2024-08-25 17:00:00,6,La Liga,31,Real Madrid,668,Equipo histórico 668,31,Real Madrid,1,Vinicius Júnior_7_RM,,85.0,,leading,85,-0.00186706,0.000820191,0.082,0.176,9694
27724,2024-08-25 17:00:00,6,La Liga,31,Real Madrid,668,Equipo histórico 668,31,Real Madrid,1,Éder Militão_3_RM,,,,,96,0.000207186,0.000444794,0.264,0.565,4777
27730,2024-08-27 21:30:00,6,La Liga,202,Rayo Vallecano,30,Barcelona,30,Barcelona,0,Alejandro Balde_3_B,67.0,,level,,36,0.00209699,0.000618303,0.0,0.0,7371
27730,2024-08-27 21:30:00,6,La Liga,202,Rayo Vallecano,30,Barcelona,30,Barcelona,0,Dani Olmo_20_B,48.0,,trailing,,55,0.0012088,0.000304766,0.074,0.13,1994
27730,2024-08-27 21:30:00,6,La Liga,202,Rayo Vallecano,30,Barcelona,30,Barcelona,0,Fermin López_16_B,93.0,,leading,,10,-0.000980475,6.51575e-05,0.728,1.0,4228
27730,2024-08-27 21:30:00,6,La Liga,202,Rayo Vallecano,30,Barcelona,30,Barcelona,0,Ferrán Torres_7_B,,48.0,,trailing,48,0.000824349,-0.000703702,0.18,0.318,5186
27730,2024-08-27 21:30:00,6,La Liga,202,Rayo Vallecano,30,Barcelona,30,Barcelona,0,Gerard Martín_35_B,,67.0,,level,67,0.000994252,0.000286335,0.0,0.0,1872
27730,2024-08-27 21:30:00,6,La Liga,202,Rayo Vallecano,30,Barcelona,30,Barcelona,0,Héctor Fort_32_B,,,,,0,-0.000463914,-0.000603466,0.0,0.0,1296
27730,2024-08-27 21:30:00,6,La Liga,202,Rayo Vallecano,30,Barcelona,30,Barcelona,0,Iñaki Peña_13_B,,,,,0,0.001789,-0.000771425,0.0,0.0,3754
27730,2024-08-27 21:30:00,6,La Liga,202,Rayo Vallecano,30,Barcelona,30,Barcelona,0,Iñigo Martínez_5_B,,,,,103,0.00172975,0.000118759,0.0,0.0,5736
27730,2024-08-27 21:30:00,6,La Liga,202,Rayo Vallecano,30,Barcelona,30,Barcelona,0,Jules Koundé_23_B,,,,,103,0.00223783,0.00075356,0.736,1.0,11254
27730,2024-08-27 21:30:00,6,La Liga,202,Rayo Vallecano,30,Barcelona,30,Barcelona,0,Lamine Yamal_19_B,,98.0,,leading,98,0.00308054,0.000554778,0.0,0.0,7670
27730,2024-08-27 21:30:00,6,La Liga,202,Rayo Vallecano,30,Barcelona,30,Barcelona,0,Marc Bernal_28_B,,,,,103,0.000186952,0.000309312,0.0,0.0,267
27730,2024-08-27 21:30:00,6,La Liga,202,Rayo Vallecano,30,Barcelona,30,Barcelona,0,Marc Casado_17_B,,,,,0,0.00126044,0.000330566,0.008,0.014,2412
27730,2024-08-27 21:30:00,6,La Liga,202,Rayo Vallecano,30,Barcelona,30,Barcelona,0,Marc-André ter Stegen_1_B,,,,,103,-0.000183835,0.000794651,0.0,0.0,6921
27730,2024-08-27 21:30:00,6,La Liga,202,Rayo Vallecano,30,Barcelona,30,Barcelona,0,Pablo Torre_14_B,,,,,0,0.000269459,-0.000418288,0.0,0.0,690
27730,2024-08-27 21:30:00,6,La Liga,202,Rayo Vallecano,30,Barcelona,30,Barcelona,0,Pau Cubarsí_2_B,,,,,103,0.000489738,0.000689197,0.0,0.0,6208
27730,2024-08-27 21:30:00,6,La Liga,202,Rayo Vallecano,30,Barcelona,30,Barcelona,0,Pau Victor_18_B,98.0,,leading,,5,0.00344954,-0.00023187,0.0,0.013,524
27730,2024-08-27 21:30:00,6,La Liga,202,Rayo Vallecano,30,Barcelona,30,Barcelona,0,Pedri_8_B,,93.0,,leading,93,-0.000452767,-0.000759786,0.736,1.0,7907
27730,2024-08-27 21:30:00,6,La Liga,202,Rayo Vallecano,30,Barcelona,30,Barcelona,0,Raphinha_11_B,,,,,103,0.00131215,0.000402672,0.736,1.0,8931
27730,2024-08-27 21:30:00,6,La Liga,202,Rayo Vallecano,30,Barcelona,30,Barcelona,0,Robert Lewandowski_9_B,,,,,103,-0.00130583,0.000914094,0.564,0.999,10145
27730,2024-08-27 21:30:00,6,La Liga,202,Rayo Vallecano,30,Barcelona,30,Barcelona,0,Sergi Dominguez_36_B,,,,,0,0.000107451,-0.000938386,0.0,0.0,246
27736,2024-08-29 20:30:00,6,La Liga,522,Equipo histórico 522,31,Real Madrid,31,Real Madrid,0,Andriy Lunin_13_RM,,,,,0,0.00135314,0.00113184,0.0,0.0,4637
27736,2024-08-29 20:30:00,6,La Liga,522,Equipo histórico 522,31,Real Madrid,31,Real Madrid,0,Antonio Rüdiger_22_RM,,,,,94,0.00101494,0.000618977,0.0,0.0,10666
27736,2024-08-29 20:30:00,6,La Liga,522,Equipo histórico 522,31,Real Madrid,31,Real Madrid,0,Arda Güler_15_RM,65.0,,trailing,,29,7.01941e-05,-0.000836821,0.211,0.452,2380
27736,2024-08-29 20:30:00,6,La Liga,522,Equipo histórico 522,31,Real Madrid,31,Real Madrid,0,Aurélien Tchouaméni_14_RM,,,,,94,-0.000603586,0.00091019,0.264,0.565,8572
27736,2024-08-29 20:30:00,6,La Liga,522,Equipo histórico 522,31,Real Madrid,31,Real Madrid,0,Brahim Díaz_21_RM,,47.0,,trailing,47,0.00321062,-0.000354507,0.082,0.176,4411
27736,2024-08-29 20:30:00,6,La Liga,522,Equipo histórico 522,31,Real Madrid,31,Real Madrid,0,Dani Carvajal_2_RM,77.0,,level,,17,0.000618357,0.000728238,0.196,0.42,6003
27736,2024-08-29 20:30:00,6,La Liga,522,Equipo histórico 522,31,Real Madrid,31,Real Madrid,0,Dani Ceballos_19_RM,,,,,0,0.0010414,0.00086943,0.0,0.0,4606
27736,2024-08-29 20:30:00,6,La Liga,522,Equipo histórico 522,31,Real Madrid,31,Real Madrid,0,Endrick_16_RM,87.0,,level,,7,0.00034253,0.000427653,0.0,0.0,935
27736,2024-08-29 20:30:00,6,La Liga,522,Equipo histórico 522,31,Real Madrid,31,Real Madrid,0,Federico Valverde_8_RM,,,,,94,0.00109636,0.00134977,0.264,0.565,11707
27736,2024-08-29 20:30:00,6,La Liga,522,Equipo histórico 522,31,Real Madrid,31,Real Madrid,0,Ferland Mendy_23_RM,,47.0,,trailing,47,-0.00165897,0.000241543,0.0,0.0,5435
27736,2024-08-29 20:30:00,6,La Liga,522,Equipo histórico 522,31,Real Madrid,31,Real Madrid,0,Fran Garcia_20_RM,47.0,,trailing,,47,0.00151615,4.55278e-05,0.0,0.0,4807
27736,2024-08-29 20:30:00,6,La Liga,522,Equipo histórico 522,31,Real Madrid,31,Real Madrid,0,Fran_26_RM,,,,,0,0.000589259,3.17888e-05,0.0,0.0,101
27736,2024-08-29 20:30:00,6,La Liga,522,Equipo histórico 522,31,Real Madrid,31,Real Madrid,0,Jacobo Ramón_31_RM,,,,,0,-0.000368683,-0.000752092,0.0,0.0,322
27736,2024-08-29 20:30:00,6,La Liga,522,Equipo histórico 522,31,Real Madrid,31,Real Madrid,0,Kylian Mbappé_9_RM,,,,,94,0.00303121,2.59154e-05,0.0,0.0,4484
27736,2024-08-29 20:30:00,6,La Liga,522,Equipo histórico 522,31,Real Madrid,31,Real Madrid,0,Lucas Vázquez_17_RM,,77.0,,level,77,0.00132007,-0.000853061,0.0,0.0,6072
27736,2024-08-29 20:30:00,6,La Liga,522,Equipo histórico 522,31,Real Madrid,31,Real Madrid,0,Luka Modrić_10_RM,,65.0,,trailing,65,0.00146142,0.000547068,0.0,0.0,6907
27736,2024-08-29 20:30:00,6,La Liga,522,Equipo histórico 522,31,Real Madrid,31,Real Madrid,0,Rodrygo_11_RM,47.0,,trailing,,47,0.000204649,0.000315861,0.182,0.389,9181
27736,2024-08-29 20:30:00,6,La Liga,522,Equipo histórico 522,31,Real Madrid,31,Real Madrid,0,Thibaut Courtois_1_RM,,,,,94,0.000111719,-0.000758962,0.264,0.565,7657
27736,2024-08-29 20:30:00,6,La Liga,522,Equipo histórico 522,31,Real Madrid,31,Real Madrid,0,Vinicius Júnior_7_RM,,87.0,,level,87,-0.00186706,0.000820191,0.082,0.176,9694
27736,2024-08-29 20:30:00,6,La Liga,522,Equipo histórico 522,31,Real Madrid,31,Real Madrid,0,Éder Militão_3_RM,,,,,94,0.000207186,0.000444794,0.264,0.565,4777
27737,2024-08-31 17:00:00,6,La Liga,30,Barcelona,668,Equipo histórico 668,30,Barcelona,1,Alejandro Balde_3_B,,,,,94,0.00209699,0.000618303,0.0,0.0,7371
27737,2024-08-31 17:00:00,6,La Liga,30,Barcelona,668,Equipo histórico 668,30,Barcelona,1,Dani Olmo_20_B,,85.0,,leading,85,0.0012088,0.000304766,0.074,0.13,1994
27737,2024-08-31 17:00:00,6,La Liga,30,Barcelona,668,Equipo histórico 668,30,Barcelona,1,Eric García_24_B,63.0,,leading,,31,0.00269696,0.00108346,0.082,0.145,3325
27737,2024-08-31 17:00:00,6,La Liga,30,Barcelona,668,Equipo histórico 668,30,Barcelona,1,Fermin López_16_B,63.0,,leading,,31,-0.000980475,6.51575e-05,0.728,1.0,4228
27737,2024-08-31 17:00:00,6,La Liga,30,Barcelona,668,Equipo histórico 668,30,Barcelona,1,Ferrán Torres_7_B,75.0,,leading,,19,0.000824349,-0.000703702,0.18,0.318,5186
27737,2024-08-31 17:00:00,6,La Liga,30,Barcelona,668,Equipo histórico 668,30,Barcelona,1,Gerard Martín_35_B,,,,,0,0.000994252,0.000286335,0.0,0.0,1872
27737,2024-08-31 17:00:00,6,La Liga,30,Barcelona,668,Equipo histórico 668,30,Barcelona,1,Héctor Fort_32_B,,,,,0,-0.000463914,-0.000603466,0.0,0.0,1296
27737,2024-08-31 17:00:00,6,La Liga,30,Barcelona,668,Equipo histórico 668,30,Barcelona,1,Iñaki Peña_13_B,,,,,0,0.001789,-0.000771425,0.0,0.0,3754
27737,2024-08-31 17:00:00,6,La Liga,30,Barcelona,668,Equipo histórico 668,30,Barcelona,1,Iñigo Martínez_5_B,,,,,94,0.00172975,0.000118759,0.0,0.0,5736
27737,2024-08-31 17:00:00,6,La Liga,30,Barcelona,668,Equipo histórico 668,30,Barcelona,1,Jules Koundé_23_B,,,,,94,0.00223783,0.00075356,0.736,1.0,11254
27737,2024-08-31 17:00:00,6,La Liga,30,Barcelona,668,Equipo histórico 668,30,Barcelona,1,Lamine Yamal_19_B,,,,,94,0.00308054,0.000554778,0.0,0.0,7670
27737,2024-08-31 17:00:00,6,La Liga,30,Barcelona,668,Equipo histórico 668,30,Barcelona,1,Marc Casado_17_B,,63.0,,leading,63,0.00126044,0.000330566,0.008,0.014,2412
27737,2024-08-31 17:00:00,6,La Liga,30,Barcelona,668,Equipo histórico 668,30,Barcelona,1,Marc-André ter Stegen_1_B,,,,,94,-0.000183835,0.000794651,0.0,0.0,6921
27737,2024-08-31 17:00:00,6,La Liga,30,Barcelona,668,Equipo histórico 668,30,Barcelona,1,Pablo Torre_14_B,85.0,,leading,,9,0.000269459,-0.000418288,0.0,0.0,690
27737,2024-08-31 17:00:00,6,La Liga,30,Barcelona,668,Equipo histórico 668,30,Barcelona,1,Pau Cubarsí_2_B,,63.0,,leading,63,0.000489738,0.000689197,0.0,0.0,6208
27737,2024-08-31 17:00:00,6,La Liga,30,Barcelona,668,Equipo histórico 668,30,Barcelona,1,Pau Victor_18_B,,,,,0,0.00344954,-0.00023187,0.0,0.013,524
27737,2024-08-31 17:00:00,6,La Liga,30,Barcelona,668,Equipo histórico 668,30,Barcelona,1,Pedri_8_B,,63.0,,leading,63,-0.000452767,-0.000759786,0.736,1.0,7907
27737,2024-08-31 17:00:00,6,La Liga,30,Barcelona,668,Equipo histórico 668,30,Barcelona,1,Raphinha_11_B,,,,,94,0.00131215,0.000402672,0.736,1.0,8931
27737,2024-08-31 17:00:00,6,La Liga,30,Barcelona,668,Equipo histórico 668,30,Barcelona,1,Robert Lewandowski_9_B,,75.0,,leading,75,-0.00130583,0.000914094,0.564,0.999,10145
27737,2024-08-31 17:00:00,6,La Liga,30,Barcelona,668,Equipo histórico 668,30,Barcelona,1,Sergi Dominguez_36_B,63.0,,leading,,31,0.000107451,-0.000938386,0.0,0.0,246
27746,2024-09-01 21:30:00,6,La Liga,31,Real Madrid,27,Equipo histórico 27,31,Real Madrid,1,Andriy Lunin_13_RM,,,,,0,0.00135314,0.00113184,0.0,0.0,4637
27746,2024-09-01 21:30:00,6,La Liga,31,Real Madrid,27,Equipo histórico 27,31,Real Madrid,1,Antonio Rüdiger_22_RM,,,,,100,0.00101494,0.000618977,0.0,0.0,10666
27746,2024-09-01 21:30:00,6,La Liga,31,Real Madrid,27,Equipo histórico 27,31,Real Madrid,1,Arda Güler_15_RM,,,,,0,7.01941e-05,-0.000836821,0.211,0.452,2380
27746,2024-09-01 21:30:00,6,La Liga,31,Real Madrid,27,Equipo histórico 27,31,Real Madrid,1,Aurélien Tchouaméni_14_RM,,,,,100,-0.000603586,0.00091019,0.264,0.565,8572
27746,2024-09-01 21:30:00,6,La Liga,31,Real Madrid,27,Equipo histórico 27,31,Real Madrid,1,Brahim Díaz_21_RM,69.0,,leading,,31,0.00321062,-0.000354507,0.082,0.176,4411
27746,2024-09-01 21:30:00,6,La Liga,31,Real Madrid,27,Equipo histórico 27,31,Real Madrid,1,Dani Carvajal_2_RM,,,,,100,0.000618357,0.000728238,0.196,0.42,6003
27746,2024-09-01 21:30:00,6,La Liga,31,Real Madrid,27,Equipo histórico 27,31,Real Madrid,1,Dani Ceballos_19_RM,,69.0,,leading,69,0.0010414,0.00086943,0.0,0.0,4606
27746,2024-09-01 21:30:00,6,La Liga,31,Real Madrid,27,Equipo histórico 27,31,Real Madrid,1,Endrick_16_RM,93.0,,leading,,7,0.00034253,0.000427653,0.0,0.0,935
27746,2024-09-01 21:30:00,6,La Liga,31,Real Madrid,27,Equipo histórico 27,31,Real Madrid,1,Federico Valverde_8_RM,,,,,100,0.00109636,0.00134977,0.264,0.565,11707
27746,2024-09-01 21:30:00,6,La Liga,31,Real Madrid,27,Equipo histórico 27,31,Real Madrid,1,Ferland Mendy_23_RM,,69.0,,leading,69,-0.00165897,0.000241543,0.0,0.0,5435
27746,2024-09-01 21:30:00,6,La Liga,31,Real Madrid,27,Equipo histórico 27,31,Real Madrid,1,Fran Garcia_20_RM,69.0,,leading,,31,0.00151615,4.55278e-05,0.0,0.0,4807
27746,2024-09-01 21:30:00,6,La Liga,31,Real Madrid,27,Equipo histórico 27,31,Real Madrid,1,Fran_26_RM,,,,,0,0.000589259,3.17888e-05,0.0,0.0,101
27746,2024-09-01 21:30:00,6,La Liga,31,Real Madrid,27,Equipo histórico 27,31,Real Madrid,1,Jacobo Ramón_31_RM,,,,,0,-0.000368683,-0.000752092,0.0,0.0,322
27746,2024-09-01 21:30:00,6,La Liga,31,Real Madrid,27,Equipo histórico 27,31,Real Madrid,1,Kylian Mbappé_9_RM,,88.0,,leading,88,0.00303121,2.59154e-05,0.0,0.0,4484
27746,2024-09-01 21:30:00,6,La Liga,31,Real Madrid,27,Equipo histórico 27,31,Real Madrid,1,Lucas Vázquez_17_RM,,,,,0,0.00132007,-0.000853061,0.0,0.0,6072
27746,2024-09-01 21:30:00,6,La Liga,31,Real Madrid,27,Equipo histórico 27,31,Real Madrid,1,Luka Modrić_10_RM,88.0,,leading,,12,0.00146142,0.000547068,0.0,0.0,6907
27746,2024-09-01 21:30:00,6,La Liga,31,Real Madrid,27,Equipo histórico 27,31,Real Madrid,1,Rodrygo_11_RM,,93.0,,leading,93,0.000204649,0.000315861,0.182,0.389,9181
27746,2024-09-01 21:30:00,6,La Liga,31,Real Madrid,27,Equipo histórico 27,31,Real Madrid,1,Thibaut Courtois_1_RM,,,,,100,0.000111719,-0.000758962,0.264,0.565,7657
27746,2024-09-01 21:30:00,6,La Liga,31,Real Madrid,27,Equipo histórico 27,31,Real Madrid,1,Vinicius Júnior_7_RM,,,,,100,-0.00186706,0.000820191,0.082,0.176,9694
27746,2024-09-01 21:30:00,6,La Liga,31,Real Madrid,27,Equipo histórico 27,31,Real Madrid,1,Éder Militão_3_RM,,,,,100,0.000207186,0.000444794,0.264,0.565,4777
27751,2024-09-14 21:00:00,6,La Liga,38,Real Sociedad,31,Real Madrid,31,Real Madrid,0,Andriy Lunin_13_RM,,,,,0,0.00135314,0.00113184,0.0,0.0,4637
27751,2024-09-14 21:00:00,6,La Liga,38,Real Sociedad,31,Real Madrid,31,Real Madrid,0,Antonio Rüdiger_22_RM,,,,,97,0.00101494,0.000618977,0.0,0.0,10666
27751,2024-09-14 21:00:00,6,La Liga,38,Real Sociedad,31,Real Madrid,31,Real Madrid,0,Arda Güler_15_RM,,80.0,,leading,80,7.01941e-05,-0.000836821,0.211,0.452,2380
27751,2024-09-14 21:00:00,6,La Liga,38,Real Sociedad,31,Real Madrid,31,Real Madrid,0,Brahim Díaz_21_RM,,25.0,,level,25,0.00321062,-0.000354507,0.082,0.176,4411
27751,2024-09-14 21:00:00,6,La Liga,38,Real Sociedad,31,Real Madrid,31,Real Madrid,0,Chema_36_RM,,,,,0,-0.000144558,7.16954e-05,0.0,0.0,40
27751,2024-09-14 21:00:00,6,La Liga,38,Real Sociedad,31,Real Madrid,31,Real Madrid,0,Dani Carvajal_2_RM,,,,,97,0.000618357,0.000728238,0.196,0.42,6003
27751,2024-09-14 21:00:00,6,La Liga,38,Real Sociedad,31,Real Madrid,31,Real Madrid,0,Endrick_16_RM,93.0,,leading,,4,0.00034253,0.000427653,0.0,0.0,935
27751,2024-09-14 21:00:00,6,La Liga,38,Real Sociedad,31,Real Madrid,31,Real Madrid,0,Federico Valverde_8_RM,,,,,97,0.00109636,0.00134977,0.264,0.565,11707
27751,2024-09-14 21:00:00,6,La Liga,38,Real Sociedad,31,Real Madrid,31,Real Madrid,0,Ferland Mendy_23_RM,,,,,97,-0.00165897,0.000241543,0.0,0.0,5435
27751,2024-09-14 21:00:00,6,La Liga,38,Real Sociedad,31,Real Madrid,31,Real Madrid,0,Fran Garcia_20_RM,,,,,0,0.00151615,4.55278e-05,0.0,0.0,4807
27751,2024-09-14 21:00:00,6,La Liga,38,Real Sociedad,31,Real Madrid,31,Real Madrid,0,Jesús Vallejo_18_RM,,,,,0,-0.000301268,0.000142833,0.0,0.0,215
27751,2024-09-14 21:00:00,6,La Liga,38,Real Sociedad,31,Real Madrid,31,Real Madrid,0,Kylian Mbappé_9_RM,,93.0,,leading,93,0.00303121,2.59154e-05,0.0,0.0,4484
27751,2024-09-14 21:00:00,6,La Liga,38,Real Sociedad,31,Real Madrid,31,Real Madrid,0,Lucas Vázquez_17_RM,80.0,,leading,,17,0.00132007,-0.000853061,0.0,0.0,6072
27751,2024-09-14 21:00:00,6,La Liga,38,Real Sociedad,31,Real Madrid,31,Real Madrid,0,Luka Modrić_10_RM,,,,,97,0.00146142,0.000547068,0.0,0.0,6907
27751,2024-09-14 21:00:00,6,La Liga,38,Real Sociedad,31,Real Madrid,31,Real Madrid,0,Rodrygo_11_RM,25.0,,level,,72,0.000204649,0.000315861,0.182,0.389,9181
27751,2024-09-14 21:00:00,6,La Liga,38,Real Sociedad,31,Real Madrid,31,Real Madrid,0,Thibaut Courtois_1_RM,,,,,97,0.000111719,-0.000758962,0.264,0.565,7657
27751,2024-09-14 21:00:00,6,La Liga,38,Real Sociedad,31,Real Madrid,31,Real Madrid,0,Vinicius Júnior_7_RM,,,,,97,-0.00186706,0.000820191,0.082,0.176,9694
27751,2024-09-14 21:00:00,6,La Liga,38,Real Sociedad,31,Real Madrid,31,Real Madrid,0,Éder Militão_3_RM,,,,,97,0.000207186,0.000444794,0.264,0.565,4777
27753,2024-09-15 16:15:00,6,La Liga,363,Girona,30,Barcelona,30,Barcelona,0,Alejandro Balde_3_B,,,,,96,0.00209699,0.000618303,0.0,0.0,7371
27753,2024-09-15 16:15:00,6,La Liga,363,Girona,30,Barcelona,30,Barcelona,0,Dani Olmo_20_B,,61.0,,leading,61,0.0012088,0.000304766,0.074,0.13,1994
27753,2024-09-15 16:15:00,6,La Liga,363,Girona,30,Barcelona,30,Barcelona,0,Eric García_24_B,61.0,,leading,,35,0.00269696,0.00108346,0.082,0.145,3325
27753,2024-09-15 16:15:00,6,La Liga,363,Girona,30,Barcelona,30,Barcelona,0,Ferrán Torres_7_B,69.0,,leading,,27,0.000824349,-0.000703702,0.18,0.318,5186
27753,2024-09-15 16:15:00,6,La Liga,363,Girona,30,Barcelona,30,Barcelona,0,Gerard Martín_35_B,92.0,,leading,,4,0.000994252,0.000286335,0.0,0.0,1872
27753,2024-09-15 16:15:00,6,La Liga,363,Girona,30,Barcelona,30,Barcelona,0,Héctor Fort_32_B,61.0,,leading,,35,-0.000463914,-0.000603466,0.0,0.0,1296
27753,2024-09-15 16:15:00,6,La Liga,363,Girona,30,Barcelona,30,Barcelona,0,Iñaki Peña_13_B,,,,,0,0.001789,-0.000771425,0.0,0.0,3754
27753,2024-09-15 16:15:00,6,La Liga,363,Girona,30,Barcelona,30,Barcelona,0,Iñigo Martínez_5_B,,,,,96,0.00172975,0.000118759,0.0,0.0,5736
27753,2024-09-15 16:15:00,6,La Liga,363,Girona,30,Barcelona,30,Barcelona,0,Jules Koundé_23_B,,,,,96,0.00223783,0.00075356,0.736,1.0,11254
27753,2024-09-15 16:15:00,6,La Liga,363,Girona,30,Barcelona,30,Barcelona,0,Lamine Yamal_19_B,,92.0,,leading,92,0.00308054,0.000554778,0.0,0.0,7670
27753,2024-09-15 16:15:00,6,La Liga,363,Girona,30,Barcelona,30,Barcelona,0,Marc Casado_17_B,,,,,96,0.00126044,0.000330566,0.008,0.014,2412
27753,2024-09-15 16:15:00,6,La Liga,363,Girona,30,Barcelona,30,Barcelona,0,Marc-André ter Stegen_1_B,,,,,96,-0.000183835,0.000794651,0.0,0.0,6921
27753,2024-09-15 16:15:00,6,La Liga,363,Girona,30,Barcelona,30,Barcelona,0,Pablo Torre_14_B,,,,,0,0.000269459,-0.000418288,0.0,0.0,690
27753,2024-09-15 16:15:00,6,La Liga,363,Girona,30,Barcelona,30,Barcelona,0,Pau Cubarsí_2_B,,61.0,,leading,61,0.000489738,0.000689197,0.0,0.0,6208
27753,2024-09-15 16:15:00,6,La Liga,363,Girona,30,Barcelona,30,Barcelona,0,Pau Victor_18_B,69.0,,leading,,27,0.00344954,-0.00023187,0.0,0.013,524
27753,2024-09-15 16:15:00,6,La Liga,363,Girona,30,Barcelona,30,Barcelona,0,Pedri_8_B,,69.0,,leading,69,-0.000452767,-0.000759786,0.736,1.0,7907
27753,2024-09-15 16:15:00,6,La Liga,363,Girona,30,Barcelona,30,Barcelona,0,Raphinha_11_B,,,,,96,0.00131215,0.000402672,0.736,1.0,8931
27753,2024-09-15 16:15:00,6,La Liga,363,Girona,30,Barcelona,30,Barcelona,0,Robert Lewandowski_9_B,,69.0,,leading,69,-0.00130583,0.000914094,0.564,0.999,10145
27753,2024-09-15 16:15:00,6,La Liga,363,Girona,30,Barcelona,30,Barcelona,0,Sergi Dominguez_36_B,,,,,0,0.000107451,-0.000938386,0.0,0.0,246
31591,2024-09-17 21:00:00,13,Champions League,31,Real Madrid,44,Stuttgart,31,Real Madrid,1,Andriy Lunin_13_RM,,,,,0,0.00135314,0.00113184,0.0,0.0,4637
31591,2024-09-17 21:00:00,13,Champions League,31,Real Madrid,44,Stuttgart,31,Real Madrid,1,Antonio Rüdiger_22_RM,,,,,90,0.00101494,0.000618977,0.0,0.0,10666
31591,2024-09-17 21:00:00,13,Champions League,31,Real Madrid,44,Stuttgart,31,Real Madrid,1,Arda Güler_15_RM,,,,,16,7.01941e-05,-0.000836821,0.211,0.452,2380
31591,2024-09-17 21:00:00,13,Champions League,31,Real Madrid,44,Stuttgart,31,Real Madrid,1,Aurélien Tchouaméni_14_RM,,,,,69,-0.000603586,0.00091019,0.264,0.565,8572
31591,2024-09-17 21:00:00,13,Champions League,31,Real Madrid,44,Stuttgart,31,Real Madrid,1,Dani Carvajal_2_RM,,,,,90,0.000618357,0.000728238,0.196,0.42,6003
31591,2024-09-17 21:00:00,13,Champions League,31,Real Madrid,44,Stuttgart,31,Real Madrid,1,Endrick_16_RM,,,,,11,0.00034253,0.000427653,0.0,0.0,935
31591,2024-09-17 21:00:00,13,Champions League,31,Real Madrid,44,Stuttgart,31,Real Madrid,1,Federico Valverde_8_RM,,,,,90,0.00109636,0.00134977,0.264,0.565,11707
31591,2024-09-17 21:00:00,13,Champions League,31,Real Madrid,44,Stuttgart,31,Real Madrid,1,Ferland Mendy_23_RM,,,,,75,-0.00165897,0.000241543,0.0,0.0,5435
31591,2024-09-17 21:00:00,13,Champions League,31,Real Madrid,44,Stuttgart,31,Real Madrid,1,Fran Garcia_20_RM,,,,,15,0.00151615,4.55278e-05,0.0,0.0,4807
31591,2024-09-17 21:00:00,13,Champions League,31,Real Madrid,44,Stuttgart,31,Real Madrid,1,Fran_26_RM,,,,,0,0.000589259,3.17888e-05,0.0,0.0,101
31591,2024-09-17 21:00:00,13,Champions League,31,Real Madrid,44,Stuttgart,31,Real Madrid,1,Jesús Vallejo_18_RM,,,,,0,-0.000301268,0.000142833,0.0,0.0,215
31591,2024-09-17 21:00:00,13,Champions League,31,Real Madrid,44,Stuttgart,31,Real Madrid,1,Jude Bellingham_5_RM,,,,,79,0.00112068,-0.000274762,0.0,0.0,7793
31591,2024-09-17 21:00:00,13,Champions League,31,Real Madrid,44,Stuttgart,31,Real Madrid,1,Kylian Mbappé_9_RM,,,,,90,0.00303121,2.59154e-05,0.0,0.0,4484
31591,2024-09-17 21:00:00,13,Champions League,31,Real Madrid,44,Stuttgart,31,Real Madrid,1,Lucas Vázquez_17_RM,,,,,45,0.00132007,-0.000853061,0.0,0.0,6072
31591,2024-09-17 21:00:00,13,Champions League,31,Real Madrid,44,Stuttgart,31,Real Madrid,1,Luka Modrić_10_RM,,,,,21,0.00146142,0.000547068,0.0,0.0,6907
31591,2024-09-17 21:00:00,13,Champions League,31,Real Madrid,44,Stuttgart,31,Real Madrid,1,Rodrygo_11_RM,,,,,74,0.000204649,0.000315861,0.182,0.389,9181
31591,2024-09-17 21:00:00,13,Champions League,31,Real Madrid,44,Stuttgart,31,Real Madrid,1,Thibaut Courtois_1_RM,,,,,90,0.000111719,-0.000758962,0.264,0.565,7657
31591,2024-09-17 21:00:00,13,Champions League,31,Real Madrid,44,Stuttgart,31,Real Madrid,1,Vinicius Júnior_7_RM,,,,,90,-0.00186706,0.000820191,0.082,0.176,9694
31591,2024-09-17 21:00:00,13,Champions League,31,Real Madrid,44,Stuttgart,31,Real Madrid,1,Éder Militão_3_RM,,,,,45,0.000207186,0.000444794,0.264,0.565,4777
31602,2024-09-19 21:00:00,13,Champions League,81,Monaco,30,Barcelona,30,Barcelona,0,Alejandro Balde_3_B,,,,,87,0.00209699,0.000618303,0.0,0.0,7371
31602,2024-09-19 21:00:00,13,Champions League,81,Monaco,30,Barcelona,30,Barcelona,0,Ansu Fati_10_B,,,,,3,-0.000152001,0.000578713,0.0,0.0,1536
31602,2024-09-19 21:00:00,13,Champions League,81,Monaco,30,Barcelona,30,Barcelona,0,Eric García_24_B,,,,,9,0.00269696,0.00108346,0.082,0.145,3325
31602,2024-09-19 21:00:00,13,Champions League,81,Monaco,30,Barcelona,30,Barcelona,0,Ferrán Torres_7_B,,,,,11,0.000824349,-0.000703702,0.18,0.318,5186
31602,2024-09-19 21:00:00,13,Champions League,81,Monaco,30,Barcelona,30,Barcelona,0,Gerard Martín_35_B,,,,,11,0.000994252,0.000286335,0.0,0.0,1872
31602,2024-09-19 21:00:00,13,Champions League,81,Monaco,30,Barcelona,30,Barcelona,0,Héctor Fort_32_B,,,,,0,-0.000463914,-0.000603466,0.0,0.0,1296
31602,2024-09-19 21:00:00,13,Champions League,81,Monaco,30,Barcelona,30,Barcelona,0,Iñaki Peña_13_B,,,,,0,0.001789,-0.000771425,0.0,0.0,3754
31602,2024-09-19 21:00:00,13,Champions League,81,Monaco,30,Barcelona,30,Barcelona,0,Iñigo Martínez_5_B,,,,,90,0.00172975,0.000118759,0.0,0.0,5736
31602,2024-09-19 21:00:00,13,Champions League,81,Monaco,30,Barcelona,30,Barcelona,0,Jules Koundé_23_B,,,,,90,0.00223783,0.00075356,0.736,1.0,11254
31602,2024-09-19 21:00:00,13,Champions League,81,Monaco,30,Barcelona,30,Barcelona,0,Lamine Yamal_19_B,,,,,79,0.00308054,0.000554778,0.0,0.0,7670
31602,2024-09-19 21:00:00,13,Champions League,81,Monaco,30,Barcelona,30,Barcelona,0,Marc Casado_17_B,,,,,90,0.00126044,0.000330566,0.008,0.014,2412
31602,2024-09-19 21:00:00,13,Champions League,81,Monaco,30,Barcelona,30,Barcelona,0,Marc-André ter Stegen_1_B,,,,,90,-0.000183835,0.000794651,0.0,0.0,6921
31602,2024-09-19 21:00:00,13,Champions League,81,Monaco,30,Barcelona,30,Barcelona,0,Pablo Torre_14_B,,,,,8,0.000269459,-0.000418288,0.0,0.0,690
31602,2024-09-19 21:00:00,13,Champions League,81,Monaco,30,Barcelona,30,Barcelona,0,Pau Cubarsí_2_B,,,,,79,0.000489738,0.000689197,0.0,0.0,6208
31602,2024-09-19 21:00:00,13,Champions League,81,Monaco,30,Barcelona,30,Barcelona,0,Pau Victor_18_B,,,,,0,0.00344954,-0.00023187,0.0,0.013,524
31602,2024-09-19 21:00:00,13,Champions League,81,Monaco,30,Barcelona,30,Barcelona,0,Pedri_8_B,,,,,82,-0.000452767,-0.000759786,0.736,1.0,7907
31602,2024-09-19 21:00:00,13,Champions League,81,Monaco,30,Barcelona,30,Barcelona,0,Raphinha_11_B,,,,,90,0.00131215,0.000402672,0.736,1.0,8931
31602,2024-09-19 21:00:00,13,Champions League,81,Monaco,30,Barcelona,30,Barcelona,0,Robert Lewandowski_9_B,,,,,79,-0.00130583,0.000914094,0.564,0.999,10145
31602,2024-09-19 21:00:00,13,Champions League,81,Monaco,30,Barcelona,30,Barcelona,0,Sergi Dominguez_36_B,,,,,11,0.000107451,-0.000938386,0.0,0.0,246
27764,2024-09-21 21:00:00,6,La Liga,31,Real Madrid,666,Espanyol,31,Real Madrid,1,Andriy Lunin_13_RM,,,,,0,0.00135314,0.00113184,0.0,0.0,4637
27764,2024-09-21 21:00:00,6,La Liga,31,Real Madrid,666,Espanyol,31,Real Madrid,1,Antonio Rüdiger_22_RM,85.0,,leading,,9,0.00101494,0.000618977,0.0,0.0,10666
27764,2024-09-21 21:00:00,6,La Liga,31,Real Madrid,666,Espanyol,31,Real Madrid,1,Arda Güler_15_RM,,56.0,,trailing,56,7.01941e-05,-0.000836821,0.211,0.452,2380
27764,2024-09-21 21:00:00,6,La Liga,31,Real Madrid,666,Espanyol,31,Real Madrid,1,Aurélien Tchouaméni_14_RM,,,,,94,-0.000603586,0.00091019,0.264,0.565,8572
27764,2024-09-21 21:00:00,6,La Liga,31,Real Madrid,666,Espanyol,31,Real Madrid,1,Dani Carvajal_2_RM,,60.0,,level,60,0.000618357,0.000728238,0.196,0.42,6003
27764,2024-09-21 21:00:00,6,La Liga,31,Real Madrid,666,Espanyol,31,Real Madrid,1,Endrick_16_RM,85.0,,leading,,9,0.00034253,0.000427653,0.0,0.0,935
27764,2024-09-21 21:00:00,6,La Liga,31,Real Madrid,666,Espanyol,31,Real Madrid,1,Federico Valverde_8_RM,,,,,94,0.00109636,0.00134977,0.264,0.565,11707
27764,2024-09-21 21:00:00,6,La Liga,31,Real Madrid,666,Espanyol,31,Real Madrid,1,Ferland Mendy_23_RM,,,,,0,-0.00165897,0.000241543,0.0,0.0,5435
27764,2024-09-21 21:00:00,6,La Liga,31,Real Madrid,666,Espanyol,31,Real Madrid,1,Fran Garcia_20_RM,,,,,94,0.00151615,4.55278e-05,0.0,0.0,4807
27764,2024-09-21 21:00:00,6,La Liga,31,Real Madrid,666,Espanyol,31,Real Madrid,1,Fran_26_RM,,,,,0,0.000589259,3.17888e-05,0.0,0.0,101
27764,2024-09-21 21:00:00,6,La Liga,31,Real Madrid,666,Espanyol,31,Real Madrid,1,Jesús Vallejo_18_RM,,,,,0,-0.000301268,0.000142833,0.0,0.0,215
27764,2024-09-21 21:00:00,6,La Liga,31,Real Madrid,666,Espanyol,31,Real Madrid,1,Jude Bellingham_5_RM,,85.0,,leading,85,0.00112068,-0.000274762,0.0,0.0,7793
27764,2024-09-21 21:00:00,6,La Liga,31,Real Madrid,666,Espanyol,31,Real Madrid,1,Kylian Mbappé_9_RM,,,,,94,0.00303121,2.59154e-05,0.0,0.0,4484
27764,2024-09-21 21:00:00,6,La Liga,31,Real Madrid,666,Espanyol,31,Real Madrid,1,Lucas Vázquez_17_RM,60.0,,level,,34,0.00132007,-0.000853061,0.0,0.0,6072
27764,2024-09-21 21:00:00,6,La Liga,31,Real Madrid,666,Espanyol,31,Real Madrid,1,Luka Modrić_10_RM,,,,,94,0.00146142,0.000547068,0.0,0.0,6907
27764,2024-09-21 21:00:00,6,La Liga,31,Real Madrid,666,Espanyol,31,Real Madrid,1,Rodrygo_11_RM,,85.0,,leading,85,0.000204649,0.000315861,0.182,0.389,9181
27764,2024-09-21 21:00:00,6,La Liga,31,Real Madrid,666,Espanyol,31,Real Madrid,1,Thibaut Courtois_1_RM,,,,,94,0.000111719,-0.000758962,0.264,0.565,7657
27764,2024-09-21 21:00:00,6,La Liga,31,Real Madrid,666,Espanyol,31,Real Madrid,1,Vinicius Júnior_7_RM,56.0,,trailing,,38,-0.00186706,0.000820191,0.082,0.176,9694
27764,2024-09-21 21:00:00,6,La Liga,31,Real Madrid,666,Espanyol,31,Real Madrid,1,Éder Militão_3_RM,,,,,94,0.000207186,0.000444794,0.264,0.565,4777
27767,2024-09-22 18:30:00,6,La Liga,23,Villarreal,30,Barcelona,30,Barcelona,0,Alejandro Balde_3_B,,,,,0,0.00209699,0.000618303,0.0,0.0,7371
27767,2024-09-22 18:30:00,6,La Liga,23,Villarreal,30,Barcelona,30,Barcelona,0,Ansu Fati_10_B,,,,,0,-0.000152001,0.000578713,0.0,0.0,1536
27767,2024-09-22 18:30:00,6,La Liga,23,Villarreal,30,Barcelona,30,Barcelona,0,Eric García_24_B,,,,,98,0.00269696,0.00108346,0.082,0.145,3325
27767,2024-09-22 18:30:00,6,La Liga,23,Villarreal,30,Barcelona,30,Barcelona,0,Gerard Martín_35_B,,,,,98,0.000994252,0.000286335,0.0,0.0,1872
27767,2024-09-22 18:30:00,6,La Liga,23,Villarreal,30,Barcelona,30,Barcelona,0,Héctor Fort_32_B,86.0,,leading,,12,-0.000463914,-0.000603466,0.0,0.0,1296
27767,2024-09-22 18:30:00,6,La Liga,23,Villarreal,30,Barcelona,30,Barcelona,0,Iñaki Peña_13_B,53.0,,leading,,45,0.001789,-0.000771425,0.0,0.0,3754
27767,2024-09-22 18:30:00,6,La Liga,23,Villarreal,30,Barcelona,30,Barcelona,0,Iñigo Martínez_5_B,,86.0,,leading,86,0.00172975,0.000118759,0.0,0.0,5736
27767,2024-09-22 18:30:00,6,La Liga,23,Villarreal,30,Barcelona,30,Barcelona,0,Jules Koundé_23_B,,,,,98,0.00223783,0.00075356,0.736,1.0,11254
27767,2024-09-22 18:30:00,6,La Liga,23,Villarreal,30,Barcelona,30,Barcelona,0,Lamine Yamal_19_B,,,,,98,0.00308054,0.000554778,0.0,0.0,7670
27767,2024-09-22 18:30:00,6,La Liga,23,Villarreal,30,Barcelona,30,Barcelona,0,Marc Casado_17_B,64.0,,leading,,34,0.00126044,0.000330566,0.008,0.014,2412
27767,2024-09-22 18:30:00,6,La Liga,23,Villarreal,30,Barcelona,30,Barcelona,0,Marc-André ter Stegen_1_B,,53.0,,leading,53,-0.000183835,0.000794651,0.0,0.0,6921
27767,2024-09-22 18:30:00,6,La Liga,23,Villarreal,30,Barcelona,30,Barcelona,0,Pablo Torre_14_B,,64.0,,leading,64,0.000269459,-0.000418288,0.0,0.0,690
27767,2024-09-22 18:30:00,6,La Liga,23,Villarreal,30,Barcelona,30,Barcelona,0,Pau Cubarsí_2_B,64.0,,leading,,34,0.000489738,0.000689197,0.0,0.0,6208
27767,2024-09-22 18:30:00,6,La Liga,23,Villarreal,30,Barcelona,30,Barcelona,0,Pau Victor_18_B,64.0,,leading,,34,0.00344954,-0.00023187,0.0,0.013,524
27767,2024-09-22 18:30:00,6,La Liga,23,Villarreal,30,Barcelona,30,Barcelona,0,Pedri_8_B,,64.0,,leading,64,-0.000452767,-0.000759786,0.736,1.0,7907
27767,2024-09-22 18:30:00,6,La Liga,23,Villarreal,30,Barcelona,30,Barcelona,0,Raphinha_11_B,,,,,98,0.00131215,0.000402672,0.736,1.0,8931
27767,2024-09-22 18:30:00,6,La Liga,23,Villarreal,30,Barcelona,30,Barcelona,0,Robert Lewandowski_9_B,,,,,98,-0.00130583,0.000914094,0.564,0.999,10145
27767,2024-09-22 18:30:00,6,La Liga,23,Villarreal,30,Barcelona,30,Barcelona,0,Sergi Dominguez_36_B,,64.0,,leading,64,0.000107451,-0.000938386,0.0,0.0,246
27772,2024-09-24 21:00:00,6,La Liga,31,Real Madrid,523,Alavés,31,Real Madrid,1,Andriy Lunin_13_RM,,,,,0,0.00135314,0.00113184,0.0,0.0,4637
27772,2024-09-24 21:00:00,6,La Liga,31,Real Madrid,523,Alavés,31,Real Madrid,1,Antonio Rüdiger_22_RM,,,,,97,0.00101494,0.000618977,0.0,0.0,10666
27772,2024-09-24 21:00:00,6,La Liga,31,Real Madrid,523,Alavés,31,Real Madrid,1,Arda Güler_15_RM,81.0,,leading,,16,7.01941e-05,-0.000836821,0.211,0.452,2380
27772,2024-09-24 21:00:00,6,La Liga,31,Real Madrid,523,Alavés,31,Real Madrid,1,Aurélien Tchouaméni_14_RM,,,,,97,-0.000603586,0.00091019,0.264,0.565,8572
27772,2024-09-24 21:00:00,6,La Liga,31,Real Madrid,523,Alavés,31,Real Madrid,1,Endrick_16_RM,70.0,,leading,,27,0.00034253,0.000427653,0.0,0.0,935
27772,2024-09-24 21:00:00,6,La Liga,31,Real Madrid,523,Alavés,31,Real Madrid,1,Federico Valverde_8_RM,,70.0,,leading,70,0.00109636,0.00134977,0.264,0.565,11707
27772,2024-09-24 21:00:00,6,La Liga,31,Real Madrid,523,Alavés,31,Real Madrid,1,Ferland Mendy_23_RM,,,,,97,-0.00165897,0.000241543,0.0,0.0,5435
27772,2024-09-24 21:00:00,6,La Liga,31,Real Madrid,523,Alavés,31,Real Madrid,1,Fran Garcia_20_RM,91.0,,leading,,6,0.00151615,4.55278e-05,0.0,0.0,4807
27772,2024-09-24 21:00:00,6,La Liga,31,Real Madrid,523,Alavés,31,Real Madrid,1,Fran_26_RM,,,,,0,0.000589259,3.17888e-05,0.0,0.0,101
27772,2024-09-24 21:00:00,6,La Liga,31,Real Madrid,523,Alavés,31,Real Madrid,1,Jacobo Ramón_31_RM,,,,,0,-0.000368683,-0.000752092,0.0,0.0,322
27772,2024-09-24 21:00:00,6,La Liga,31,Real Madrid,523,Alavés,31,Real Madrid,1,Jesús Vallejo_18_RM,81.0,,leading,,16,-0.000301268,0.000142833,0.0,0.0,215
27772,2024-09-24 21:00:00,6,La Liga,31,Real Madrid,523,Alavés,31,Real Madrid,1,Jude Bellingham_5_RM,,,,,97,0.00112068,-0.000274762,0.0,0.0,7793
27772,2024-09-24 21:00:00,6,La Liga,31,Real Madrid,523,Alavés,31,Real Madrid,1,Kylian Mbappé_9_RM,,81.0,,leading,81,0.00303121,2.59154e-05,0.0,0.0,4484
27772,2024-09-24 21:00:00,6,La Liga,31,Real Madrid,523,Alavés,31,Real Madrid,1,Lucas Vázquez_17_RM,,,,,97,0.00132007,-0.000853061,0.0,0.0,6072
27772,2024-09-24 21:00:00,6,La Liga,31,Real Madrid,523,Alavés,31,Real Madrid,1,Luka Modrić_10_RM,70.0,,leading,,27,0.00146142,0.000547068,0.0,0.0,6907
27772,2024-09-24 21:00:00,6,La Liga,31,Real Madrid,523,Alavés,31,Real Madrid,1,Rodrygo_11_RM,,70.0,,leading,70,0.000204649,0.000315861,0.182,0.389,9181
27772,2024-09-24 21:00:00,6,La Liga,31,Real Madrid,523,Alavés,31,Real Madrid,1,Thibaut Courtois_1_RM,,,,,97,0.000111719,-0.000758962,0.264,0.565,7657
27772,2024-09-24 21:00:00,6,La Liga,31,Real Madrid,523,Alavés,31,Real Madrid,1,Vinicius Júnior_7_RM,,91.0,,leading,91,-0.00186706,0.000820191,0.082,0.176,9694
27772,2024-09-24 21:00:00,6,La Liga,31,Real Madrid,523,Alavés,31,Real Madrid,1,Éder Militão_3_RM,,81.0,,leading,81,0.000207186,0.000444794,0.264,0.565,4777
27774,2024-09-25 21:00:00,6,La Liga,30,Barcelona,24,Getafe,30,Barcelona,1,Alejandro Balde_3_B,,88.0,,leading,88,0.00209699,0.000618303,0.0,0.0,7371
27774,2024-09-25 21:00:00,6,La Liga,30,Barcelona,24,Getafe,30,Barcelona,1,Ansu Fati_10_B,,,,,0,-0.000152001,0.000578713,0.0,0.0,1536
27774,2024-09-25 21:00:00,6,La Liga,30,Barcelona,24,Getafe,30,Barcelona,1,Eric García_24_B,,,,,94,0.00269696,0.00108346,0.082,0.145,3325
27774,2024-09-25 21:00:00,6,La Liga,30,Barcelona,24,Getafe,30,Barcelona,1,Ferrán Torres_7_B,63.0,,leading,,31,0.000824349,-0.000703702,0.18,0.318,5186
27774,2024-09-25 21:00:00,6,La Liga,30,Barcelona,24,Getafe,30,Barcelona,1,Gerard Martín_35_B,88.0,,leading,,6,0.000994252,0.000286335,0.0,0.0,1872
27774,2024-09-25 21:00:00,6,La Liga,30,Barcelona,24,Getafe,30,Barcelona,1,Héctor Fort_32_B,88.0,,leading,,6,-0.000463914,-0.000603466,0.0,0.0,1296
27774,2024-09-25 21:00:00,6,La Liga,30,Barcelona,24,Getafe,30,Barcelona,1,Iñaki Peña_13_B,,,,,94,0.001789,-0.000771425,0.0,0.0,3754
27774,2024-09-25 21:00:00,6,La Liga,30,Barcelona,24,Getafe,30,Barcelona,1,Iñigo Martínez_5_B,,,,,94,0.00172975,0.000118759,0.0,0.0,5736
27774,2024-09-25 21:00:00,6,La Liga,30,Barcelona,24,Getafe,30,Barcelona,1,Jules Koundé_23_B,,,,,94,0.00223783,0.00075356,0.736,1.0,11254
27774,2024-09-25 21:00:00,6,La Liga,30,Barcelona,24,Getafe,30,Barcelona,1,Lamine Yamal_19_B,,,,,94,0.00308054,0.000554778,0.0,0.0,7670
27774,2024-09-25 21:00:00,6,La Liga,30,Barcelona,24,Getafe,30,Barcelona,1,Marc Casado_17_B,,,,,94,0.00126044,0.000330566,0.008,0.014,2412
27774,2024-09-25 21:00:00,6,La Liga,30,Barcelona,24,Getafe,30,Barcelona,1,Pablo Torre_14_B,,63.0,,leading,63,0.000269459,-0.000418288,0.0,0.0,690
27774,2024-09-25 21:00:00,6,La Liga,30,Barcelona,24,Getafe,30,Barcelona,1,Pau Cubarsí_2_B,,88.0,,leading,88,0.000489738,0.000689197,0.0,0.0,6208
27774,2024-09-25 21:00:00,6,La Liga,30,Barcelona,24,Getafe,30,Barcelona,1,Pau Victor_18_B,,,,,0,0.00344954,-0.00023187,0.0,0.013,524
27774,2024-09-25 21:00:00,6,La Liga,30,Barcelona,24,Getafe,30,Barcelona,1,Pedri_8_B,77.0,,leading,,17,-0.000452767,-0.000759786,0.736,1.0,7907
27774,2024-09-25 21:00:00,6,La Liga,30,Barcelona,24,Getafe,30,Barcelona,1,Raphinha_11_B,,,,,94,0.00131215,0.000402672,0.736,1.0,8931
27774,2024-09-25 21:00:00,6,La Liga,30,Barcelona,24,Getafe,30,Barcelona,1,Robert Lewandowski_9_B,,77.0,,leading,77,-0.00130583,0.000914094,0.564,0.999,10145
27774,2024-09-25 21:00:00,6,La Liga,30,Barcelona,24,Getafe,30,Barcelona,1,Sergi Dominguez_36_B,,,,,0,0.000107451,-0.000938386,0.0,0.0,246
27782,2024-09-28 21:00:00,6,La Liga,29,Osasuna,30,Barcelona,30,Barcelona,0,Alejandro Balde_3_B,72.0,,trailing,,27,0.00209699,0.000618303,0.0,0.0,7371
27782,2024-09-28 21:00:00,6,La Liga,29,Osasuna,30,Barcelona,30,Barcelona,0,Ansu Fati_10_B,,,,,0,-0.000152001,0.000578713,0.0,0.0,1536
27782,2024-09-28 21:00:00,6,La Liga,29,Osasuna,30,Barcelona,30,Barcelona,0,Eric García_24_B,,,,,99,0.00269696,0.00108346,0.082,0.145,3325
27782,2024-09-28 21:00:00,6,La Liga,29,Osasuna,30,Barcelona,30,Barcelona,0,Ferrán Torres_7_B,,,,,99,0.000824349,-0.000703702,0.18,0.318,5186
27782,2024-09-28 21:00:00,6,La Liga,29,Osasuna,30,Barcelona,30,Barcelona,0,Gerard Martín_35_B,,72.0,,trailing,72,0.000994252,0.000286335,0.0,0.0,1872
27782,2024-09-28 21:00:00,6,La Liga,29,Osasuna,30,Barcelona,30,Barcelona,0,Héctor Fort_32_B,87.0,,trailing,,12,-0.000463914,-0.000603466,0.0,0.0,1296
27782,2024-09-28 21:00:00,6,La Liga,29,Osasuna,30,Barcelona,30,Barcelona,0,Iñaki Peña_13_B,,,,,99,0.001789,-0.000771425,0.0,0.0,3754
27782,2024-09-28 21:00:00,6,La Liga,29,Osasuna,30,Barcelona,30,Barcelona,0,Iñigo Martínez_5_B,,,,,0,0.00172975,0.000118759,0.0,0.0,5736
27782,2024-09-28 21:00:00,6,La Liga,29,Osasuna,30,Barcelona,30,Barcelona,0,Jules Koundé_23_B,,,,,99,0.00223783,0.00075356,0.736,1.0,11254
27782,2024-09-28 21:00:00,6,La Liga,29,Osasuna,30,Barcelona,30,Barcelona,0,Lamine Yamal_19_B,61.0,,trailing,,38,0.00308054,0.000554778,0.0,0.0,7670
27782,2024-09-28 21:00:00,6,La Liga,29,Osasuna,30,Barcelona,30,Barcelona,0,Marc Casado_17_B,72.0,,trailing,,27,0.00126044,0.000330566,0.008,0.014,2412
27782,2024-09-28 21:00:00,6,La Liga,29,Osasuna,30,Barcelona,30,Barcelona,0,Pablo Torre_14_B,,61.0,,trailing,61,0.000269459,-0.000418288,0.0,0.0,690
27782,2024-09-28 21:00:00,6,La Liga,29,Osasuna,30,Barcelona,30,Barcelona,0,Pau Cubarsí_2_B,,,,,99,0.000489738,0.000689197,0.0,0.0,6208
27782,2024-09-28 21:00:00,6,La Liga,29,Osasuna,30,Barcelona,30,Barcelona,0,Pau Victor_18_B,,61.0,,trailing,61,0.00344954,-0.00023187,0.0,0.013,524
27782,2024-09-28 21:00:00,6,La Liga,29,Osasuna,30,Barcelona,30,Barcelona,0,Pedri_8_B,,,,,99,-0.000452767,-0.000759786,0.736,1.0,7907
27782,2024-09-28 21:00:00,6,La Liga,29,Osasuna,30,Barcelona,30,Barcelona,0,Raphinha_11_B,61.0,,trailing,,38,0.00131215,0.000402672,0.736,1.0,8931
27782,2024-09-28 21:00:00,6,La Liga,29,Osasuna,30,Barcelona,30,Barcelona,0,Robert Lewandowski_9_B,,72.0,,trailing,72,-0.00130583,0.000914094,0.564,0.999,10145
27782,2024-09-28 21:00:00,6,La Liga,29,Osasuna,30,Barcelona,30,Barcelona,0,Sergi Dominguez_36_B,,87.0,,trailing,87,0.000107451,-0.000938386,0.0,0.0,246
27786,2024-09-29 21:00:00,6,La Liga,39,Atlético Madrid,31,Real Madrid,31,Real Madrid,0,Andriy Lunin_13_RM,,,,,0,0.00135314,0.00113184,0.0,0.0,4637
27786,2024-09-29 21:00:00,6,La Liga,39,Atlético Madrid,31,Real Madrid,31,Real Madrid,0,Antonio Rüdiger_22_RM,,,,,100,0.00101494,0.000618977,0.0,0.0,10666
27786,2024-09-29 21:00:00,6,La Liga,39,Atlético Madrid,31,Real Madrid,31,Real Madrid,0,Arda Güler_15_RM,,,,,0,7.01941e-05,-0.000836821,0.211,0.452,2380
27786,2024-09-29 21:00:00,6,La Liga,39,Atlético Madrid,31,Real Madrid,31,Real Madrid,0,Aurélien Tchouaméni_14_RM,,,,,100,-0.000603586,0.00091019,0.264,0.565,8572
27786,2024-09-29 21:00:00,6,La Liga,39,Atlético Madrid,31,Real Madrid,31,Real Madrid,0,Dani Carvajal_2_RM,,,,,100,0.000618357,0.000728238,0.196,0.42,6003
27786,2024-09-29 21:00:00,6,La Liga,39,Atlético Madrid,31,Real Madrid,31,Real Madrid,0,Eduardo Camavinga_6_RM,,,,,0,0.000527662,0.000882211,0.0,0.0,7525
27786,2024-09-29 21:00:00,6,La Liga,39,Atlético Madrid,31,Real Madrid,31,Real Madrid,0,Endrick_16_RM,88.0,,leading,,12,0.00034253,0.000427653,0.0,0.0,935
27786,2024-09-29 21:00:00,6,La Liga,39,Atlético Madrid,31,Real Madrid,31,Real Madrid,0,Federico Valverde_8_RM,,,,,100,0.00109636,0.00134977,0.264,0.565,11707
27786,2024-09-29 21:00:00,6,La Liga,39,Atlético Madrid,31,Real Madrid,31,Real Madrid,0,Ferland Mendy_23_RM,,,,,100,-0.00165897,0.000241543,0.0,0.0,5435
27786,2024-09-29 21:00:00,6,La Liga,39,Atlético Madrid,31,Real Madrid,31,Real Madrid,0,Fran Garcia_20_RM,91.0,,leading,,9,0.00151615,4.55278e-05,0.0,0.0,4807
27786,2024-09-29 21:00:00,6,La Liga,39,Atlético Madrid,31,Real Madrid,31,Real Madrid,0,Fran_26_RM,,,,,0,0.000589259,3.17888e-05,0.0,0.0,101
27786,2024-09-29 21:00:00,6,La Liga,39,Atlético Madrid,31,Real Madrid,31,Real Madrid,0,Jacobo Ramón_31_RM,,,,,0,-0.000368683,-0.000752092,0.0,0.0,322
27786,2024-09-29 21:00:00,6,La Liga,39,Atlético Madrid,31,Real Madrid,31,Real Madrid,0,Jesús Vallejo_18_RM,,,,,0,-0.000301268,0.000142833,0.0,0.0,215
27786,2024-09-29 21:00:00,6,La Liga,39,Atlético Madrid,31,Real Madrid,31,Real Madrid,0,Jude Bellingham_5_RM,,,,,100,0.00112068,-0.000274762,0.0,0.0,7793
27786,2024-09-29 21:00:00,6,La Liga,39,Atlético Madrid,31,Real Madrid,31,Real Madrid,0,Lucas Vázquez_17_RM,87.0,,leading,,13,0.00132007,-0.000853061,0.0,0.0,6072
27786,2024-09-29 21:00:00,6,La Liga,39,Atlético Madrid,31,Real Madrid,31,Real Madrid,0,Luka Modrić_10_RM,,87.0,,leading,87,0.00146142,0.000547068,0.0,0.0,6907
27786,2024-09-29 21:00:00,6,La Liga,39,Atlético Madrid,31,Real Madrid,31,Real Madrid,0,Rodrygo_11_RM,,91.0,,leading,91,0.000204649,0.000315861,0.182,0.389,9181
27786,2024-09-29 21:00:00,6,La Liga,39,Atlético Madrid,31,Real Madrid,31,Real Madrid,0,Thibaut Courtois_1_RM,,,,,100,0.000111719,-0.000758962,0.264,0.565,7657
27786,2024-09-29 21:00:00,6,La Liga,39,Atlético Madrid,31,Real Madrid,31,Real Madrid,0,Vinicius Júnior_7_RM,,88.0,,leading,88,-0.00186706,0.000820191,0.082,0.176,9694
27786,2024-09-29 21:00:00,6,La Liga,39,Atlético Madrid,31,Real Madrid,31,Real Madrid,0,Éder Militão_3_RM,,,,,100,0.000207186,0.000444794,0.264,0.565,4777
31609,2024-10-01 21:00:00,13,Champions League,30,Barcelona,1,Unknown Team X,30,Barcelona,1,Alejandro Balde_3_B,,,,,90,0.00209699,0.000618303,0.0,0.0,7371
31609,2024-10-01 21:00:00,13,Champions League,30,Barcelona,1,Unknown Team X,30,Barcelona,1,Ansu Fati_10_B,,,,,27,-0.000152001,0.000578713,0.0,0.0,1536
31609,2024-10-01 21:00:00,13,Champions League,30,Barcelona,1,Unknown Team X,30,Barcelona,1,Ferrán Torres_7_B,,,,,90,0.000824349,-0.000703702,0.18,0.318,5186
31609,2024-10-01 21:00:00,13,Champions League,30,Barcelona,1,Unknown Team X,30,Barcelona,1,Frenkie de Jong_21_B,,,,,16,0.00304554,-0.000291865,0.736,1.0,7300
31609,2024-10-01 21:00:00,13,Champions League,30,Barcelona,1,Unknown Team X,30,Barcelona,1,Gerard Martín_35_B,,,,,0,0.000994252,0.000286335,0.0,0.0,1872
31609,2024-10-01 21:00:00,13,Champions League,30,Barcelona,1,Unknown Team X,30,Barcelona,1,Héctor Fort_32_B,,,,,27,-0.000463914,-0.000603466,0.0,0.0,1296
31609,2024-10-01 21:00:00,13,Champions League,30,Barcelona,1,Unknown Team X,30,Barcelona,1,Iñaki Peña_13_B,,,,,90,0.001789,-0.000771425,0.0,0.0,3754
31609,2024-10-01 21:00:00,13,Champions League,30,Barcelona,1,Unknown Team X,30,Barcelona,1,Iñigo Martínez_5_B,,,,,83,0.00172975,0.000118759,0.0,0.0,5736
31609,2024-10-01 21:00:00,13,Champions League,30,Barcelona,1,Unknown Team X,30,Barcelona,1,Jules Koundé_23_B,,,,,90,0.00223783,0.00075356,0.736,1.0,11254
31609,2024-10-01 21:00:00,13,Champions League,30,Barcelona,1,Unknown Team X,30,Barcelona,1,Lamine Yamal_19_B,,,,,74,0.00308054,0.000554778,0.0,0.0,7670
31609,2024-10-01 21:00:00,13,Champions League,30,Barcelona,1,Unknown Team X,30,Barcelona,1,Marc Casado_17_B,,,,,90,0.00126044,0.000330566,0.008,0.014,2412
31609,2024-10-01 21:00:00,13,Champions League,30,Barcelona,1,Unknown Team X,30,Barcelona,1,Pablo Torre_14_B,,,,,0,0.000269459,-0.000418288,0.0,0.0,690
31609,2024-10-01 21:00:00,13,Champions League,30,Barcelona,1,Unknown Team X,30,Barcelona,1,Pau Cubarsí_2_B,,,,,63,0.000489738,0.000689197,0.0,0.0,6208
31609,2024-10-01 21:00:00,13,Champions League,30,Barcelona,1,Unknown Team X,30,Barcelona,1,Pau Victor_18_B,,,,,16,0.00344954,-0.00023187,0.0,0.013,524
31609,2024-10-01 21:00:00,13,Champions League,30,Barcelona,1,Unknown Team X,30,Barcelona,1,Pedri_8_B,,,,,63,-0.000452767,-0.000759786,0.736,1.0,7907
31609,2024-10-01 21:00:00,13,Champions League,30,Barcelona,1,Unknown Team X,30,Barcelona,1,Raphinha_11_B,,,,,90,0.00131215,0.000402672,0.736,1.0,8931
31609,2024-10-01 21:00:00,13,Champions League,30,Barcelona,1,Unknown Team X,30,Barcelona,1,Robert Lewandowski_9_B,,,,,74,-0.00130583,0.000914094,0.564,0.999,10145
31609,2024-10-01 21:00:00,13,Champions League,30,Barcelona,1,Unknown Team X,30,Barcelona,1,Sergi Dominguez_36_B,,,,,0,0.000107451,-0.000938386,0.0,0.0,246
31623,2024-10-02 21:00:00,13,Champions League,80,Lille,31,Real Madrid,31,Real Madrid,0,Andriy Lunin_13_RM,,,,,90,0.00135314,0.00113184,0.0,0.0,4637
31623,2024-10-02 21:00:00,13,Champions League,80,Lille,31,Real Madrid,31,Real Madrid,0,Antonio Rüdiger_22_RM,,,,,90,0.00101494,0.000618977,0.0,0.0,10666
31623,2024-10-02 21:00:00,13,Champions League,80,Lille,31,Real Madrid,31,Real Madrid,0,Arda Güler_15_RM,,,,,24,7.01941e-05,-0.000836821,0.211,0.452,2380
31623,2024-10-02 21:00:00,13,Champions League,80,Lille,31,Real Madrid,31,Real Madrid,0,Aurélien Tchouaméni_14_RM,,,,,90,-0.000603586,0.00091019,0.264,0.565,8572
31623,2024-10-02 21:00:00,13,Champions League,80,Lille,31,Real Madrid,31,Real Madrid,0,Dani Carvajal_2_RM,,,,,90,0.000618357,0.000728238,0.196,0.42,6003
31623,2024-10-02 21:00:00,13,Champions League,80,Lille,31,Real Madrid,31,Real Madrid,0,Eduardo Camavinga_6_RM,,,,,66,0.000527662,0.000882211,0.0,0.0,7525
31623,2024-10-02 21:00:00,13,Champions League,80,Lille,31,Real Madrid,31,Real Madrid,0,Endrick_16_RM,,,,,56,0.00034253,0.000427653,0.0,0.0,935
31623,2024-10-02 21:00:00,13,Champions League,80,Lille,31,Real Madrid,31,Real Madrid,0,Federico Valverde_8_RM,,,,,90,0.00109636,0.00134977,0.264,0.565,11707
31623,2024-10-02 21:00:00,13,Champions League,80,Lille,31,Real Madrid,31,Real Madrid,0,Ferland Mendy_23_RM,,,,,45,-0.00165897,0.000241543,0.0,0.0,5435
31623,2024-10-02 21:00:00,13,Champions League,80,Lille,31,Real Madrid,31,Real Madrid,0,Fran Garcia_20_RM,,,,,45,0.00151615,4.55278e-05,0.0,0.0,4807
31623,2024-10-02 21:00:00,13,Champions League,80,Lille,31,Real Madrid,31,Real Madrid,0,Fran_26_RM,,,,,0,0.000589259,3.17888e-05,0.0,0.0,101
31623,2024-10-02 21:00:00,13,Champions League,80,Lille,31,Real Madrid,31,Real Madrid,0,Jacobo Ramón_31_RM,,,,,0,-0.000368683,-0.000752092,0.0,0.0,322
31623,2024-10-02 21:00:00,13,Champions League,80,Lille,31,Real Madrid,31,Real Madrid,0,Jesús Vallejo_18_RM,,,,,0,-0.000301268,0.000142833,0.0,0.0,215
31623,2024-10-02 21:00:00,13,Champions League,80,Lille,31,Real Madrid,31,Real Madrid,0,Jude Bellingham_5_RM,,,,,90,0.00112068,-0.000274762,0.0,0.0,7793
31623,2024-10-02 21:00:00,13,Champions League,80,Lille,31,Real Madrid,31,Real Madrid,0,Kylian Mbappé_9_RM,,,,,34,0.00303121,2.59154e-05,0.0,0.0,4484
31623,2024-10-02 21:00:00,13,Champions League,80,Lille,31,Real Madrid,31,Real Madrid,0,Lucas Vázquez_17_RM,,,,,0,0.00132007,-0.000853061,0.0,0.0,6072
31623,2024-10-02 21:00:00,13,Champions League,80,Lille,31,Real Madrid,31,Real Madrid,0,Luka Modrić_10_RM,,,,,34,0.00146142,0.000547068,0.0,0.0,6907
31623,2024-10-02 21:00:00,13,Champions League,80,Lille,31,Real Madrid,31,Real Madrid,0,Rodrygo_11_RM,,,,,0,0.000204649,0.000315861,0.182,0.389,9181
31623,2024-10-02 21:00:00,13,Champions League,80,Lille,31,Real Madrid,31,Real Madrid,0,Vinicius Júnior_7_RM,,,,,90,-0.00186706,0.000820191,0.082,0.176,9694
31623,2024-10-02 21:00:00,13,Champions League,80,Lille,31,Real Madrid,31,Real Madrid,0,Éder Militão_3_RM,,,,,56,0.000207186,0.000444794,0.264,0.565,4777
27793,2024-10-05 21:00:00,6,La Liga,31,Real Madrid,23,Villarreal,31,Real Madrid,1,Andriy Lunin_13_RM,,,,,92,0.00135314,0.00113184,0.0,0.0,4637
27793,2024-10-05 21:00:00,6,La Liga,31,Real Madrid,23,Villarreal,31,Real Madrid,1,Antonio Rüdiger_22_RM,,,,,92,0.00101494,0.000618977,0.0,0.0,10666
27793,2024-10-05 21:00:00,6,La Liga,31,Real Madrid,23,Villarreal,31,Real Madrid,1,Arda Güler_15_RM,79.0,,leading,,13,7.01941e-05,-0.000836821,0.211,0.452,2380
27793,2024-10-05 21:00:00,6,La Liga,31,Real Madrid,23,Villarreal,31,Real Madrid,1,Aurélien Tchouaméni_14_RM,,,,,92,-0.000603586,0.00091019,0.264,0.565,8572
27793,2024-10-05 21:00:00,6,La Liga,31,Real Madrid,23,Villarreal,31,Real Madrid,1,Dani Carvajal_2_RM,,,,,92,0.000618357,0.000728238,0.196,0.42,6003
27793,2024-10-05 21:00:00,6,La Liga,31,Real Madrid,23,Villarreal,31,Real Madrid,1,Dani Ceballos_19_RM,,,,,0,0.0010414,0.00086943,0.0,0.0,4606
27793,2024-10-05 21:00:00,6,La Liga,31,Real Madrid,23,Villarreal,31,Real Madrid,1,Eduardo Camavinga_6_RM,,71.0,,leading,71,0.000527662,0.000882211,0.0,0.0,7525
27793,2024-10-05 21:00:00,6,La Liga,31,Real Madrid,23,Villarreal,31,Real Madrid,1,Endrick_16_RM,,,,,0,0.00034253,0.000427653,0.0,0.0,935
27793,2024-10-05 21:00:00,6,La Liga,31,Real Madrid,23,Villarreal,31,Real Madrid,1,Federico Valverde_8_RM,,,,,92,0.00109636,0.00134977,0.264,0.565,11707
27793,2024-10-05 21:00:00,6,La Liga,31,Real Madrid,23,Villarreal,31,Real Madrid,1,Ferland Mendy_23_RM,,,,,92,-0.00165897,0.000241543,0.0,0.0,5435
27793,2024-10-05 21:00:00,6,La Liga,31,Real Madrid,23,Villarreal,31,Real Madrid,1,Fran Garcia_20_RM,,,,,0,0.00151615,4.55278e-05,0.0,0.0,4807
27793,2024-10-05 21:00:00,6,La Liga,31,Real Madrid,23,Villarreal,31,Real Madrid,1,Fran_26_RM,,,,,0,0.000589259,3.17888e-05,0.0,0.0,101
27793,2024-10-05 21:00:00,6,La Liga,31,Real Madrid,23,Villarreal,31,Real Madrid,1,Jacobo Ramón_31_RM,,,,,0,-0.000368683,-0.000752092,0.0,0.0,322
27793,2024-10-05 21:00:00,6,La Liga,31,Real Madrid,23,Villarreal,31,Real Madrid,1,Jesús Vallejo_18_RM,,,,,0,-0.000301268,0.000142833,0.0,0.0,215
27793,2024-10-05 21:00:00,6,La Liga,31,Real Madrid,23,Villarreal,31,Real Madrid,1,Jude Bellingham_5_RM,,,,,92,0.00112068,-0.000274762,0.0,0.0,7793
27793,2024-10-05 21:00:00,6,La Liga,31,Real Madrid,23,Villarreal,31,Real Madrid,1,Kylian Mbappé_9_RM,,71.0,,leading,71,0.00303121,2.59154e-05,0.0,0.0,4484
27793,2024-10-05 21:00:00,6,La Liga,31,Real Madrid,23,Villarreal,31,Real Madrid,1,Lucas Vázquez_17_RM,92.0,,leading,,0,0.00132007,-0.000853061,0.0,0.0,6072
27793,2024-10-05 21:00:00,6,La Liga,31,Real Madrid,23,Villarreal,31,Real Madrid,1,Luka Modrić_10_RM,,92.0,,leading,92,0.00146142,0.000547068,0.0,0.0,6907
27793,2024-10-05 21:00:00,6,La Liga,31,Real Madrid,23,Villarreal,31,Real Madrid,1,Rodrygo_11_RM,71.0,,leading,,21,0.000204649,0.000315861,0.182,0.389,9181
27793,2024-10-05 21:00:00,6,La Liga,31,Real Madrid,23,Villarreal,31,Real Madrid,1,Vinicius Júnior_7_RM,,79.0,,leading,79,-0.00186706,0.000820191,0.082,0.176,9694
27793,2024-10-05 21:00:00,6,La Liga,31,Real Madrid,23,Villarreal,31,Real Madrid,1,Éder Militão_3_RM,71.0,,leading,,21,0.000207186,0.000444794,0.264,0.565,4777
27795,2024-10-06 16:15:00,6,La Liga,523,Alavés,30,Barcelona,30,Barcelona,0,Alejandro Balde_3_B,,86.0,,leading,86,0.00209699,0.000618303,0.0,0.0,7371
27795,2024-10-06 16:15:00,6,La Liga,523,Alavés,30,Barcelona,30,Barcelona,0,Ansu Fati_10_B,72.0,,leading,,23,-0.000152001,0.000578713,0.0,0.0,1536
27795,2024-10-06 16:15:00,6,La Liga,523,Alavés,30,Barcelona,30,Barcelona,0,Eric García_24_B,6.0,,level,,89,0.00269696,0.00108346,0.082,0.145,3325
27795,2024-10-06 16:15:00,6,La Liga,523,Alavés,30,Barcelona,30,Barcelona,0,Ferrán Torres_7_B,,6.0,,level,6,0.000824349,-0.000703702,0.18,0.318,5186
27795,2024-10-06 16:15:00,6,La Liga,523,Alavés,30,Barcelona,30,Barcelona,0,Frenkie de Jong_21_B,86.0,,leading,,9,0.00304554,-0.000291865,0.736,1.0,7300
27795,2024-10-06 16:15:00,6,La Liga,523,Alavés,30,Barcelona,30,Barcelona,0,Gerard Martín_35_B,86.0,,leading,,9,0.000994252,0.000286335,0.0,0.0,1872
27795,2024-10-06 16:15:00,6,La Liga,523,Alavés,30,Barcelona,30,Barcelona,0,Héctor Fort_32_B,,72.0,,leading,72,-0.000463914,-0.000603466,0.0,0.0,1296
27795,2024-10-06 16:15:00,6,La Liga,523,Alavés,30,Barcelona,30,Barcelona,0,Iñaki Peña_13_B,,,,,95,0.001789,-0.000771425,0.0,0.0,3754
27795,2024-10-06 16:15:00,6,La Liga,523,Alavés,30,Barcelona,30,Barcelona,0,Iñigo Martínez_5_B,,86.0,,leading,86,0.00172975,0.000118759,0.0,0.0,5736
27795,2024-10-06 16:15:00,6,La Liga,523,Alavés,30,Barcelona,30,Barcelona,0,Jules Koundé_23_B,72.0,,leading,,23,0.00223783,0.00075356,0.736,1.0,11254
27795,2024-10-06 16:15:00,6,La Liga,523,Alavés,30,Barcelona,30,Barcelona,0,Lamine Yamal_19_B,,72.0,,leading,72,0.00308054,0.000554778,0.0,0.0,7670
27795,2024-10-06 16:15:00,6,La Liga,523,Alavés,30,Barcelona,30,Barcelona,0,Marc Casado_17_B,,,,,95,0.00126044,0.000330566,0.008,0.014,2412
27795,2024-10-06 16:15:00,6,La Liga,523,Alavés,30,Barcelona,30,Barcelona,0,Pablo Torre_14_B,,,,,0,0.000269459,-0.000418288,0.0,0.0,690
27795,2024-10-06 16:15:00,6,La Liga,523,Alavés,30,Barcelona,30,Barcelona,0,Pau Cubarsí_2_B,,,,,95,0.000489738,0.000689197,0.0,0.0,6208
27795,2024-10-06 16:15:00,6,La Liga,523,Alavés,30,Barcelona,30,Barcelona,0,Pau Victor_18_B,,,,,0,0.00344954,-0.00023187,0.0,0.013,524
27795,2024-10-06 16:15:00,6,La Liga,523,Alavés,30,Barcelona,30,Barcelona,0,Pedri_8_B,,,,,95,-0.000452767,-0.000759786,0.736,1.0,7907
27795,2024-10-06 16:15:00,6,La Liga,523,Alavés,30,Barcelona,30,Barcelona,0,Raphinha_11_B,,,,,95,0.00131215,0.000402672,0.736,1.0,8931
27795,2024-10-06 16:15:00,6,La Liga,523,Alavés,30,Barcelona,30,Barcelona,0,Robert Lewandowski_9_B,,,,,95,-0.00130583,0.000914094,0.564,0.999,10145
27795,2024-10-06 16:15:00,6,La Liga,523,Alavés,30,Barcelona,30,Barcelona,0,Sergi Dominguez_36_B,,,,,0,0.000107451,-0.000938386,0.0,0.0,246
27802,2024-10-19 21:00:00,6,La Liga,25,Celta Vigo,31,Real Madrid,31,Real Madrid,0,Andriy Lunin_13_RM,,,,,0,0.00135314,0.00113184,0.0,0.0,4637
27802,2024-10-19 21:00:00,6,La Liga,25,Celta Vigo,31,Real Madrid,31,Real Madrid,0,Antonio Rüdiger_22_RM,,,,,96,0.00101494,0.000618977,0.0,0.0,10666
27802,2024-10-19 21:00:00,6,La Liga,25,Celta Vigo,31,Real Madrid,31,Real Madrid,0,Arda Güler_15_RM,,,,,0,7.01941e-05,-0.000836821,0.211,0.452,2380
27802,2024-10-19 21:00:00,6,La Liga,25,Celta Vigo,31,Real Madrid,31,Real Madrid,0,Aurélien Tchouaméni_14_RM,,,,,96,-0.000603586,0.00091019,0.264,0.565,8572
27802,2024-10-19 21:00:00,6,La Liga,25,Celta Vigo,31,Real Madrid,31,Real Madrid,0,Dani Ceballos_19_RM,82.0,,leading,,14,0.0010414,0.00086943,0.0,0.0,4606
27802,2024-10-19 21:00:00,6,La Liga,25,Celta Vigo,31,Real Madrid,31,Real Madrid,0,Eduardo Camavinga_6_RM,,63.0,,level,63,0.000527662,0.000882211,0.0,0.0,7525
27802,2024-10-19 21:00:00,6,La Liga,25,Celta Vigo,31,Real Madrid,31,Real Madrid,0,Endrick_16_RM,,,,,0,0.00034253,0.000427653,0.0,0.0,935
27802,2024-10-19 21:00:00,6,La Liga,25,Celta Vigo,31,Real Madrid,31,Real Madrid,0,Federico Valverde_8_RM,,63.0,,level,63,0.00109636,0.00134977,0.264,0.565,11707
27802,2024-10-19 21:00:00,6,La Liga,25,Celta Vigo,31,Real Madrid,31,Real Madrid,0,Ferland Mendy_23_RM,70.0,,leading,,26,-0.00165897,0.000241543,0.0,0.0,5435
27802,2024-10-19 21:00:00,6,La Liga,25,Celta Vigo,31,Real Madrid,31,Real Madrid,0,Fran Garcia_20_RM,,70.0,,leading,70,0.00151615,4.55278e-05,0.0,0.0,4807
27802,2024-10-19 21:00:00,6,La Liga,25,Celta Vigo,31,Real Madrid,31,Real Madrid,0,Jesús Vallejo_18_RM,,,,,0,-0.000301268,0.000142833,0.0,0.0,215
27802,2024-10-19 21:00:00,6,La Liga,25,Celta Vigo,31,Real Madrid,31,Real Madrid,0,Jude Bellingham_5_RM,,,,,96,0.00112068,-0.000274762,0.0,0.0,7793
27802,2024-10-19 21:00:00,6,La Liga,25,Celta Vigo,31,Real Madrid,31,Real Madrid,0,Kylian Mbappé_9_RM,,82.0,,leading,82,0.00303121,2.59154e-05,0.0,0.0,4484
27802,2024-10-19 21:00:00,6,La Liga,25,Celta Vigo,31,Real Madrid,31,Real Madrid,0,Lucas Vázquez_17_RM,,,,,96,0.00132007,-0.000853061,0.0,0.0,6072
27802,2024-10-19 21:00:00,6,La Liga,25,Celta Vigo,31,Real Madrid,31,Real Madrid,0,Luka Modrić_10_RM,63.0,,level,,33,0.00146142,0.000547068,0.0,0.0,6907
27802,2024-10-19 21:00:00,6,La Liga,25,Celta Vigo,31,Real Madrid,31,Real Madrid,0,Rodrygo_11_RM,63.0,,level,,33,0.000204649,0.000315861,0.182,0.389,9181
27802,2024-10-19 21:00:00,6,La Liga,25,Celta Vigo,31,Real Madrid,31,Real Madrid,0,Thibaut Courtois_1_RM,,,,,96,0.000111719,-0.000758962,0.264,0.565,7657
27802,2024-10-19 21:00:00,6,La Liga,25,Celta Vigo,31,Real Madrid,31,Real Madrid,0,Vinicius Júnior_7_RM,,,,,96,-0.00186706,0.000820191,0.082,0.176,9694
27802,2024-10-19 21:00:00,6,La Liga,25,Celta Vigo,31,Real Madrid,31,Real Madrid,0,Éder Militão_3_RM,,,,,96,0.000207186,0.000444794,0.264,0.565,4777
27806,2024-10-20 21:00:00,6,La Liga,30,Barcelona,32,Sevilla,30,Barcelona,1,Alejandro Balde_3_B,,,,,94,0.00209699,0.000618303,0.0,0.0,7371
27806,2024-10-20 21:00:00,6,La Liga,30,Barcelona,32,Sevilla,30,Barcelona,1,Ansu Fati_10_B,,80.0,,leading,80,-0.000152001,0.000578713,0.0,0.0,1536
27806,2024-10-20 21:00:00,6,La Liga,30,Barcelona,32,Sevilla,30,Barcelona,1,Dani Olmo_20_B,,,,,0,0.0012088,0.000304766,0.074,0.13,1994
27806,2024-10-20 21:00:00,6,La Liga,30,Barcelona,32,Sevilla,30,Barcelona,1,Fermin López_16_B,70.0,,leading,,24,-0.000980475,6.51575e-05,0.728,1.0,4228
27806,2024-10-20 21:00:00,6,La Liga,30,Barcelona,32,Sevilla,30,Barcelona,1,Frenkie de Jong_21_B,,,,,0,0.00304554,-0.000291865,0.736,1.0,7300
27806,2024-10-20 21:00:00,6,La Liga,30,Barcelona,32,Sevilla,30,Barcelona,1,Gavi_6_B,87.0,,leading,,7,0.00196965,0.00152903,0.0,0.0,5150
27806,2024-10-20 21:00:00,6,La Liga,30,Barcelona,32,Sevilla,30,Barcelona,1,Gerard Martín_35_B,80.0,,leading,,14,0.000994252,0.000286335,0.0,0.0,1872
27806,2024-10-20 21:00:00,6,La Liga,30,Barcelona,32,Sevilla,30,Barcelona,1,Héctor Fort_32_B,,,,,0,-0.000463914,-0.000603466,0.0,0.0,1296
27806,2024-10-20 21:00:00,6,La Liga,30,Barcelona,32,Sevilla,30,Barcelona,1,Iñaki Peña_13_B,,,,,94,0.001789,-0.000771425,0.0,0.0,3754
27806,2024-10-20 21:00:00,6,La Liga,30,Barcelona,32,Sevilla,30,Barcelona,1,Iñigo Martínez_5_B,,,,,94,0.00172975,0.000118759,0.0,0.0,5736
27806,2024-10-20 21:00:00,6,La Liga,30,Barcelona,32,Sevilla,30,Barcelona,1,Jules Koundé_23_B,,,,,94,0.00223783,0.00075356,0.736,1.0,11254
27806,2024-10-20 21:00:00,6,La Liga,30,Barcelona,32,Sevilla,30,Barcelona,1,Lamine Yamal_19_B,,80.0,,leading,80,0.00308054,0.000554778,0.0,0.0,7670
27806,2024-10-20 21:00:00,6,La Liga,30,Barcelona,32,Sevilla,30,Barcelona,1,Marc Casado_17_B,,,,,94,0.00126044,0.000330566,0.008,0.014,2412
27806,2024-10-20 21:00:00,6,La Liga,30,Barcelona,32,Sevilla,30,Barcelona,1,Pablo Torre_14_B,80.0,,leading,,14,0.000269459,-0.000418288,0.0,0.0,690
27806,2024-10-20 21:00:00,6,La Liga,30,Barcelona,32,Sevilla,30,Barcelona,1,Pau Cubarsí_2_B,,,,,94,0.000489738,0.000689197,0.0,0.0,6208
27806,2024-10-20 21:00:00,6,La Liga,30,Barcelona,32,Sevilla,30,Barcelona,1,Pau Victor_18_B,70.0,,leading,,24,0.00344954,-0.00023187,0.0,0.013,524
27806,2024-10-20 21:00:00,6,La Liga,30,Barcelona,32,Sevilla,30,Barcelona,1,Pedri_8_B,,87.0,,leading,87,-0.000452767,-0.000759786,0.736,1.0,7907
27806,2024-10-20 21:00:00,6,La Liga,30,Barcelona,32,Sevilla,30,Barcelona,1,Raphinha_11_B,,70.0,,leading,70,0.00131215,0.000402672,0.736,1.0,8931
27806,2024-10-20 21:00:00,6,La Liga,30,Barcelona,32,Sevilla,30,Barcelona,1,Robert Lewandowski_9_B,,70.0,,leading,70,-0.00130583,0.000914094,0.564,0.999,10145
27806,2024-10-20 21:00:00,6,La Liga,30,Barcelona,32,Sevilla,30,Barcelona,1,Sergi Dominguez_36_B,,,,,0,0.000107451,-0.000938386,0.0,0.0,246
27806,2024-10-20 21:00:00,6,La Liga,30,Barcelona,32,Sevilla,30,Barcelona,1,Wojciech Szczęsny_25_B,,,,,0,0.000657671,0.000653952,0.0,0.0,2653
31630,2024-10-22 21:00:00,13,Champions League,31,Real Madrid,46,Dortmund,31,Real Madrid,1,Andriy Lunin_13_RM,,,,,0,0.00135314,0.00113184,0.0,0.0,4637
31630,2024-10-22 21:00:00,13,Champions League,31,Real Madrid,46,Dortmund,31,Real Madrid,1,Antonio Rüdiger_22_RM,,,,,90,0.00101494,0.000618977,0.0,0.0,10666
31630,2024-10-22 21:00:00,13,Champions League,31,Real Madrid,46,Dortmund,31,Real Madrid,1,Arda Güler_15_RM,,,,,1,7.01941e-05,-0.000836821,0.211,0.452,2380
31630,2024-10-22 21:00:00,13,Champions League,31,Real Madrid,46,Dortmund,31,Real Madrid,1,Aurélien Tchouaméni_14_RM,,,,,6,-0.000603586,0.00091019,0.264,0.565,8572
31630,2024-10-22 21:00:00,13,Champions League,31,Real Madrid,46,Dortmund,31,Real Madrid,1,Dani Ceballos_19_RM,,,,,1,0.0010414,0.00086943,0.0,0.0,4606
31630,2024-10-22 21:00:00,13,Champions League,31,Real Madrid,46,Dortmund,31,Real Madrid,1,Eduardo Camavinga_6_RM,,,,,20,0.000527662,0.000882211,0.0,0.0,7525
31630,2024-10-22 21:00:00,13,Champions League,31,Real Madrid,46,Dortmund,31,Real Madrid,1,Endrick_16_RM,,,,,0,0.00034253,0.000427653,0.0,0.0,935
31630,2024-10-22 21:00:00,13,Champions League,31,Real Madrid,46,Dortmund,31,Real Madrid,1,Federico Valverde_8_RM,,,,,90,0.00109636,0.00134977,0.264,0.565,11707
31630,2024-10-22 21:00:00,13,Champions League,31,Real Madrid,46,Dortmund,31,Real Madrid,1,Ferland Mendy_23_RM,,,,,90,-0.00165897,0.000241543,0.0,0.0,5435
31630,2024-10-22 21:00:00,13,Champions League,31,Real Madrid,46,Dortmund,31,Real Madrid,1,Fran Garcia_20_RM,,,,,0,0.00151615,4.55278e-05,0.0,0.0,4807
31630,2024-10-22 21:00:00,13,Champions League,31,Real Madrid,46,Dortmund,31,Real Madrid,1,Fran_26_RM,,,,,0,0.000589259,3.17888e-05,0.0,0.0,101
31630,2024-10-22 21:00:00,13,Champions League,31,Real Madrid,46,Dortmund,31,Real Madrid,1,Jesús Vallejo_18_RM,,,,,0,-0.000301268,0.000142833,0.0,0.0,215
31630,2024-10-22 21:00:00,13,Champions League,31,Real Madrid,46,Dortmund,31,Real Madrid,1,Jude Bellingham_5_RM,,,,,89,0.00112068,-0.000274762,0.0,0.0,7793
31630,2024-10-22 21:00:00,13,Champions League,31,Real Madrid,46,Dortmund,31,Real Madrid,1,Kylian Mbappé_9_RM,,,,,89,0.00303121,2.59154e-05,0.0,0.0,4484
31630,2024-10-22 21:00:00,13,Champions League,31,Real Madrid,46,Dortmund,31,Real Madrid,1,Lucas Vázquez_17_RM,,,,,90,0.00132007,-0.000853061,0.0,0.0,6072
31630,2024-10-22 21:00:00,13,Champions League,31,Real Madrid,46,Dortmund,31,Real Madrid,1,Luka Modrić_10_RM,,,,,70,0.00146142,0.000547068,0.0,0.0,6907
31630,2024-10-22 21:00:00,13,Champions League,31,Real Madrid,46,Dortmund,31,Real Madrid,1,Rodrygo_11_RM,,,,,84,0.000204649,0.000315861,0.182,0.389,9181
31630,2024-10-22 21:00:00,13,Champions League,31,Real Madrid,46,Dortmund,31,Real Madrid,1,Thibaut Courtois_1_RM,,,,,90,0.000111719,-0.000758962,0.264,0.565,7657
31630,2024-10-22 21:00:00,13,Champions League,31,Real Madrid,46,Dortmund,31,Real Madrid,1,Vinicius Júnior_7_RM,,,,,90,-0.00186706,0.000820191,0.082,0.176,9694
31630,2024-10-22 21:00:00,13,Champions League,31,Real Madrid,46,Dortmund,31,Real Madrid,1,Éder Militão_3_RM,,,,,90,0.000207186,0.000444794,0.264,0.565,4777
31639,2024-10-23 21:00:00,13,Champions League,30,Barcelona,40,Bayern Munich,30,Barcelona,1,Alejandro Balde_3_B,,,,,90,0.00209699,0.000618303,0.0,0.0,7371
31639,2024-10-23 21:00:00,13,Champions League,30,Barcelona,40,Bayern Munich,30,Barcelona,1,Ansu Fati_10_B,,,,,6,-0.000152001,0.000578713,0.0,0.0,1536
31639,2024-10-23 21:00:00,13,Champions League,30,Barcelona,40,Bayern Munich,30,Barcelona,1,Dani Olmo_20_B,,,,,15,0.0012088,0.000304766,0.074,0.13,1994
31639,2024-10-23 21:00:00,13,Champions League,30,Barcelona,40,Bayern Munich,30,Barcelona,1,Fermin López_16_B,,,,,60,-0.000980475,6.51575e-05,0.728,1.0,4228
31639,2024-10-23 21:00:00,13,Champions League,30,Barcelona,40,Bayern Munich,30,Barcelona,1,Frenkie de Jong_21_B,,,,,30,0.00304554,-0.000291865,0.736,1.0,7300
31639,2024-10-23 21:00:00,13,Champions League,30,Barcelona,40,Bayern Munich,30,Barcelona,1,Gavi_6_B,,,,,6,0.00196965,0.00152903,0.0,0.0,5150
31639,2024-10-23 21:00:00,13,Champions League,30,Barcelona,40,Bayern Munich,30,Barcelona,1,Gerard Martín_35_B,,,,,0,0.000994252,0.000286335,0.0,0.0,1872
31639,2024-10-23 21:00:00,13,Champions League,30,Barcelona,40,Bayern Munich,30,Barcelona,1,Héctor Fort_32_B,,,,,0,-0.000463914,-0.000603466,0.0,0.0,1296
31639,2024-10-23 21:00:00,13,Champions League,30,Barcelona,40,Bayern Munich,30,Barcelona,1,Iñaki Peña_13_B,,,,,90,0.001789,-0.000771425,0.0,0.0,3754
31639,2024-10-23 21:00:00,13,Champions League,30,Barcelona,40,Bayern Munich,30,Barcelona,1,Iñigo Martínez_5_B,,,,,90,0.00172975,0.000118759,0.0,0.0,5736
31639,2024-10-23 21:00:00,13,Champions League,30,Barcelona,40,Bayern Munich,30,Barcelona,1,Jules Koundé_23_B,,,,,90,0.00223783,0.00075356,0.736,1.0,11254
31639,2024-10-23 21:00:00,13,Champions League,30,Barcelona,40,Bayern Munich,30,Barcelona,1,Lamine Yamal_19_B,,,,,84,0.00308054,0.000554778,0.0,0.0,7670
31639,2024-10-23 21:00:00,13,Champions League,30,Barcelona,40,Bayern Munich,30,Barcelona,1,Marc Casado_17_B,,,,,90,0.00126044,0.000330566,0.008,0.014,2412
31639,2024-10-23 21:00:00,13,Champions League,30,Barcelona,40,Bayern Munich,30,Barcelona,1,Pablo Torre_14_B,,,,,0,0.000269459,-0.000418288,0.0,0.0,690
31639,2024-10-23 21:00:00,13,Champions League,30,Barcelona,40,Bayern Munich,30,Barcelona,1,Pau Cubarsí_2_B,,,,,90,0.000489738,0.000689197,0.0,0.0,6208
31639,2024-10-23 21:00:00,13,Champions League,30,Barcelona,40,Bayern Munich,30,Barcelona,1,Pau Victor_18_B,,,,,6,0.00344954,-0.00023187,0.0,0.013,524
31639,2024-10-23 21:00:00,13,Champions League,30,Barcelona,40,Bayern Munich,30,Barcelona,1,Pedri_8_B,,,,,84,-0.000452767,-0.000759786,0.736,1.0,7907
31639,2024-10-23 21:00:00,13,Champions League,30,Barcelona,40,Bayern Munich,30,Barcelona,1,Raphinha_11_B,,,,,75,0.00131215,0.000402672,0.736,1.0,8931
31639,2024-10-23 21:00:00,13,Champions League,30,Barcelona,40,Bayern Munich,30,Barcelona,1,Robert Lewandowski_9_B,,,,,84,-0.00130583,0.000914094,0.564,0.999,10145
31639,2024-10-23 21:00:00,13,Champions League,30,Barcelona,40,Bayern Munich,30,Barcelona,1,Sergi Dominguez_36_B,,,,,0,0.000107451,-0.000938386,0.0,0.0,246
31639,2024-10-23 21:00:00,13,Champions League,30,Barcelona,40,Bayern Munich,30,Barcelona,1,Wojciech Szczęsny_25_B,,,,,0,0.000657671,0.000653952,0.0,0.0,2653
27812,2024-10-26 21:00:00,6,La Liga,31,Real Madrid,30,Barcelona,30,Barcelona,0,Alejandro Balde_3_B,,,,,90,0.00209699,0.000618303,0.0,0.0,7371
27812,2024-10-26 21:00:00,6,La Liga,31,Real Madrid,30,Barcelona,30,Barcelona,0,Ansu Fati_10_B,,,,,0,-0.000152001,0.000578713,0.0,0.0,1536
27812,2024-10-26 21:00:00,6,La Liga,31,Real Madrid,30,Barcelona,30,Barcelona,0,Dani Olmo_20_B,65.0,,leading,,25,0.0012088,0.000304766,0.074,0.13,1994
27812,2024-10-26 21:00:00,6,La Liga,31,Real Madrid,30,Barcelona,30,Barcelona,0,Fermin López_16_B,,46.0,,level,46,-0.000980475,6.51575e-05,0.728,1.0,4228
27812,2024-10-26 21:00:00,6,La Liga,31,Real Madrid,30,Barcelona,30,Barcelona,0,Frenkie de Jong_21_B,46.0,,level,,44,0.00304554,-0.000291865,0.736,1.0,7300
27812,2024-10-26 21:00:00,6,La Liga,31,Real Madrid,30,Barcelona,30,Barcelona,0,Gavi_6_B,87.0,,leading,,3,0.00196965,0.00152903,0.0,0.0,5150
27812,2024-10-26 21:00:00,6,La Liga,31,Real Madrid,30,Barcelona,30,Barcelona,0,Gerard Martín_35_B,,,,,0,0.000994252,0.000286335,0.0,0.0,1872
27812,2024-10-26 21:00:00,6,La Liga,31,Real Madrid,30,Barcelona,30,Barcelona,0,Héctor Fort_32_B,,,,,0,-0.000463914,-0.000603466,0.0,0.0,1296
27812,2024-10-26 21:00:00,6,La Liga,31,Real Madrid,30,Barcelona,30,Barcelona,0,Iñaki Peña_13_B,,,,,90,0.001789,-0.000771425,0.0,0.0,3754
27812,2024-10-26 21:00:00,6,La Liga,31,Real Madrid,30,Barcelona,30,Barcelona,0,Iñigo Martínez_5_B,,,,,90,0.00172975,0.000118759,0.0,0.0,5736
27812,2024-10-26 21:00:00,6,La Liga,31,Real Madrid,30,Barcelona,30,Barcelona,0,Jules Koundé_23_B,,,,,90,0.00223783,0.00075356,0.736,1.0,11254
27812,2024-10-26 21:00:00,6,La Liga,31,Real Madrid,30,Barcelona,30,Barcelona,0,Lamine Yamal_19_B,,,,,90,0.00308054,0.000554778,0.0,0.0,7670
27812,2024-10-26 21:00:00,6,La Liga,31,Real Madrid,30,Barcelona,30,Barcelona,0,Marc Casado_17_B,,65.0,,leading,65,0.00126044,0.000330566,0.008,0.014,2412
27812,2024-10-26 21:00:00,6,La Liga,31,Real Madrid,30,Barcelona,30,Barcelona,0,Pablo Torre_14_B,,,,,0,0.000269459,-0.000418288,0.0,0.0,690
27812,2024-10-26 21:00:00,6,La Liga,31,Real Madrid,30,Barcelona,30,Barcelona,0,Pau Cubarsí_2_B,,,,,90,0.000489738,0.000689197,0.0,0.0,6208
27812,2024-10-26 21:00:00,6,La Liga,31,Real Madrid,30,Barcelona,30,Barcelona,0,Pau Victor_18_B,,,,,0,0.00344954,-0.00023187,0.0,0.013,524
27812,2024-10-26 21:00:00,6,La Liga,31,Real Madrid,30,Barcelona,30,Barcelona,0,Pedri_8_B,,87.0,,leading,87,-0.000452767,-0.000759786,0.736,1.0,7907
27812,2024-10-26 21:00:00,6,La Liga,31,Real Madrid,30,Barcelona,30,Barcelona,0,Raphinha_11_B,,,,,90,0.00131215,0.000402672,0.736,1.0,8931
27812,2024-10-26 21:00:00,6,La Liga,31,Real Madrid,30,Barcelona,30,Barcelona,0,Robert Lewandowski_9_B,,,,,90,-0.00130583,0.000914094,0.564,0.999,10145
27812,2024-10-26 21:00:00,6,La Liga,31,Real Madrid,30,Barcelona,30,Barcelona,0,Sergi Dominguez_36_B,,,,,0,0.000107451,-0.000938386,0.0,0.0,246
27812,2024-10-26 21:00:00,6,La Liga,31,Real Madrid,30,Barcelona,30,Barcelona,0,Wojciech Szczęsny_25_B,,,,,0,0.000657671,0.000653952,0.0,0.0,2653
27812,2024-10-26 21:00:00,6,La Liga,31,Real Madrid,30,Barcelona,31,Real Madrid,1,Andriy Lunin_13_RM,,,,,90,0.00135314,0.00113184,0.0,0.0,4637
27812,2024-10-26 21:00:00,6,La Liga,31,Real Madrid,30,Barcelona,31,Real Madrid,1,Antonio Rüdiger_22_RM,,,,,90,0.00101494,0.000618977,0.0,0.0,10666
27812,2024-10-26 21:00:00,6,La Liga,31,Real Madrid,30,Barcelona,31,Real Madrid,1,Arda Güler_15_RM,,,,,0,7.01941e-05,-0.000836821,0.211,0.452,2380
27812,2024-10-26 21:00:00,6,La Liga,31,Real Madrid,30,Barcelona,31,Real Madrid,1,Aurélien Tchouaméni_14_RM,,63.0,,trailing,63,-0.000603586,0.00091019,0.264,0.565,8572
27812,2024-10-26 21:00:00,6,La Liga,31,Real Madrid,30,Barcelona,31,Real Madrid,1,Brahim Díaz_21_RM,77.0,,trailing,,13,0.00321062,-0.000354507,0.082,0.176,4411
27812,2024-10-26 21:00:00,6,La Liga,31,Real Madrid,30,Barcelona,31,Real Madrid,1,Dani Ceballos_19_RM,,,,,0,0.0010414,0.00086943,0.0,0.0,4606
27812,2024-10-26 21:00:00,6,La Liga,31,Real Madrid,30,Barcelona,31,Real Madrid,1,Eduardo Camavinga_6_RM,,77.0,,trailing,77,0.000527662,0.000882211,0.0,0.0,7525
27812,2024-10-26 21:00:00,6,La Liga,31,Real Madrid,30,Barcelona,31,Real Madrid,1,Endrick_16_RM,,,,,0,0.00034253,0.000427653,0.0,0.0,935
27812,2024-10-26 21:00:00,6,La Liga,31,Real Madrid,30,Barcelona,31,Real Madrid,1,Federico Valverde_8_RM,,,,,90,0.00109636,0.00134977,0.264,0.565,11707
27812,2024-10-26 21:00:00,6,La Liga,31,Real Madrid,30,Barcelona,31,Real Madrid,1,Ferland Mendy_23_RM,,86.0,,trailing,86,-0.00165897,0.000241543,0.0,0.0,5435
27812,2024-10-26 21:00:00,6,La Liga,31,Real Madrid,30,Barcelona,31,Real Madrid,1,Fran Garcia_20_RM,86.0,,trailing,,4,0.00151615,4.55278e-05,0.0,0.0,4807
27812,2024-10-26 21:00:00,6,La Liga,31,Real Madrid,30,Barcelona,31,Real Madrid,1,Fran_26_RM,,,,,0,0.000589259,3.17888e-05,0.0,0.0,101
27812,2024-10-26 21:00:00,6,La Liga,31,Real Madrid,30,Barcelona,31,Real Madrid,1,Jesús Vallejo_18_RM,,,,,0,-0.000301268,0.000142833,0.0,0.0,215
27812,2024-10-26 21:00:00,6,La Liga,31,Real Madrid,30,Barcelona,31,Real Madrid,1,Jude Bellingham_5_RM,,,,,90,0.00112068,-0.000274762,0.0,0.0,7793
27812,2024-10-26 21:00:00,6,La Liga,31,Real Madrid,30,Barcelona,31,Real Madrid,1,Kylian Mbappé_9_RM,,,,,90,0.00303121,2.59154e-05,0.0,0.0,4484
27812,2024-10-26 21:00:00,6,La Liga,31,Real Madrid,30,Barcelona,31,Real Madrid,1,Lucas Vázquez_17_RM,,,,,90,0.00132007,-0.000853061,0.0,0.0,6072
27812,2024-10-26 21:00:00,6,La Liga,31,Real Madrid,30,Barcelona,31,Real Madrid,1,Luka Modrić_10_RM,63.0,,trailing,,27,0.00146142,0.000547068,0.0,0.0,6907
27812,2024-10-26 21:00:00,6,La Liga,31,Real Madrid,30,Barcelona,31,Real Madrid,1,Vinicius Júnior_7_RM,,,,,90,-0.00186706,0.000820191,0.082,0.176,9694
27812,2024-10-26 21:00:00,6,La Liga,31,Real Madrid,30,Barcelona,31,Real Madrid,1,Éder Militão_3_RM,,,,,90,0.000207186,0.000444794,0.264,0.565,4777
27822,2024-11-03 16:15:00,6,La Liga,30,Barcelona,666,Espanyol,30,Barcelona,1,Alejandro Balde_3_B,,,,,91,0.00209699,0.000618303,0.0,0.0,7371
27822,2024-11-03 16:15:00,6,La Liga,30,Barcelona,666,Espanyol,30,Barcelona,1,Ansu Fati_10_B,85.0,,leading,,6,-0.000152001,0.000578713,0.0,0.0,1536
27822,2024-11-03 16:15:00,6,La Liga,30,Barcelona,666,Espanyol,30,Barcelona,1,Dani Olmo_20_B,,56.0,,leading,56,0.0012088,0.000304766,0.074,0.13,1994
27822,2024-11-03 16:15:00,6,La Liga,30,Barcelona,666,Espanyol,30,Barcelona,1,Fermin López_16_B,56.0,,leading,,35,-0.000980475,6.51575e-05,0.728,1.0,4228
27822,2024-11-03 16:15:00,6,La Liga,30,Barcelona,666,Espanyol,30,Barcelona,1,Frenkie de Jong_21_B,56.0,,leading,,35,0.00304554,-0.000291865,0.736,1.0,7300
27822,2024-11-03 16:15:00,6,La Liga,30,Barcelona,666,Espanyol,30,Barcelona,1,Gavi_6_B,85.0,,leading,,6,0.00196965,0.00152903,0.0,0.0,5150
27822,2024-11-03 16:15:00,6,La Liga,30,Barcelona,666,Espanyol,30,Barcelona,1,Gerard Martín_35_B,,,,,0,0.000994252,0.000286335,0.0,0.0,1872
27822,2024-11-03 16:15:00,6,La Liga,30,Barcelona,666,Espanyol,30,Barcelona,1,Héctor Fort_32_B,,78.0,,leading,78,-0.000463914,-0.000603466,0.0,0.0,1296
27822,2024-11-03 16:15:00,6,La Liga,30,Barcelona,666,Espanyol,30,Barcelona,1,Iñaki Peña_13_B,,,,,91,0.001789,-0.000771425,0.0,0.0,3754
27822,2024-11-03 16:15:00,6,La Liga,30,Barcelona,666,Espanyol,30,Barcelona,1,Iñigo Martínez_5_B,,,,,91,0.00172975,0.000118759,0.0,0.0,5736
27822,2024-11-03 16:15:00,6,La Liga,30,Barcelona,666,Espanyol,30,Barcelona,1,Jules Koundé_23_B,78.0,,leading,,13,0.00223783,0.00075356,0.736,1.0,11254
27822,2024-11-03 16:15:00,6,La Liga,30,Barcelona,666,Espanyol,30,Barcelona,1,Lamine Yamal_19_B,,,,,91,0.00308054,0.000554778,0.0,0.0,7670
27822,2024-11-03 16:15:00,6,La Liga,30,Barcelona,666,Espanyol,30,Barcelona,1,Marc Casado_17_B,,56.0,,leading,56,0.00126044,0.000330566,0.008,0.014,2412
27822,2024-11-03 16:15:00,6,La Liga,30,Barcelona,666,Espanyol,30,Barcelona,1,Pablo Torre_14_B,,,,,0,0.000269459,-0.000418288,0.0,0.0,690
27822,2024-11-03 16:15:00,6,La Liga,30,Barcelona,666,Espanyol,30,Barcelona,1,Pau Cubarsí_2_B,,,,,91,0.000489738,0.000689197,0.0,0.0,6208
27822,2024-11-03 16:15:00,6,La Liga,30,Barcelona,666,Espanyol,30,Barcelona,1,Pau Victor_18_B,,,,,0,0.00344954,-0.00023187,0.0,0.013,524
27822,2024-11-03 16:15:00,6,La Liga,30,Barcelona,666,Espanyol,30,Barcelona,1,Pedri_8_B,,85.0,,leading,85,-0.000452767,-0.000759786,0.736,1.0,7907
27822,2024-11-03 16:15:00,6,La Liga,30,Barcelona,666,Espanyol,30,Barcelona,1,Raphinha_11_B,,85.0,,leading,85,0.00131215,0.000402672,0.736,1.0,8931
27822,2024-11-03 16:15:00,6,La Liga,30,Barcelona,666,Espanyol,30,Barcelona,1,Robert Lewandowski_9_B,,,,,91,-0.00130583,0.000914094,0.564,0.999,10145
27822,2024-11-03 16:15:00,6,La Liga,30,Barcelona,666,Espanyol,30,Barcelona,1,Sergi Dominguez_36_B,,,,,0,0.000107451,-0.000938386,0.0,0.0,246
27822,2024-11-03 16:15:00,6,La Liga,30,Barcelona,666,Espanyol,30,Barcelona,1,Wojciech Szczęsny_25_B,,,,,0,0.000657671,0.000653952,0.0,0.0,2653
31648,2024-11-05 21:00:00,13,Champions League,31,Real Madrid,64,Milan,31,Real Madrid,1,Andriy Lunin_13_RM,,,,,90,0.00135314,0.00113184,0.0,0.0,4637
31648,2024-11-05 21:00:00,13,Champions League,31,Real Madrid,64,Milan,31,Real Madrid,1,Antonio Rüdiger_22_RM,,,,,90,0.00101494,0.000618977,0.0,0.0,10666
31648,2024-11-05 21:00:00,13,Champions League,31,Real Madrid,64,Milan,31,Real Madrid,1,Arda Güler_15_RM,,,,,0,7.01941e-05,-0.000836821,0.211,0.452,2380
31648,2024-11-05 21:00:00,13,Champions League,31,Real Madrid,64,Milan,31,Real Madrid,1,Aurélien Tchouaméni_14_RM,,,,,45,-0.000603586,0.00091019,0.264,0.565,8572
31648,2024-11-05 21:00:00,13,Champions League,31,Real Madrid,64,Milan,31,Real Madrid,1,Brahim Díaz_21_RM,,,,,45,0.00321062,-0.000354507,0.082,0.176,4411
31648,2024-11-05 21:00:00,13,Champions League,31,Real Madrid,64,Milan,31,Real Madrid,1,Dani Ceballos_19_RM,,,,,28,0.0010414,0.00086943,0.0,0.0,4606
31648,2024-11-05 21:00:00,13,Champions League,31,Real Madrid,64,Milan,31,Real Madrid,1,Eduardo Camavinga_6_RM,,,,,45,0.000527662,0.000882211,0.0,0.0,7525
31648,2024-11-05 21:00:00,13,Champions League,31,Real Madrid,64,Milan,31,Real Madrid,1,Endrick_16_RM,,,,,0,0.00034253,0.000427653,0.0,0.0,935
31648,2024-11-05 21:00:00,13,Champions League,31,Real Madrid,64,Milan,31,Real Madrid,1,Federico Valverde_8_RM,,,,,45,0.00109636,0.00134977,0.264,0.565,11707
31648,2024-11-05 21:00:00,13,Champions League,31,Real Madrid,64,Milan,31,Real Madrid,1,Ferland Mendy_23_RM,,,,,73,-0.00165897,0.000241543,0.0,0.0,5435
31648,2024-11-05 21:00:00,13,Champions League,31,Real Madrid,64,Milan,31,Real Madrid,1,Fran Garcia_20_RM,,,,,17,0.00151615,4.55278e-05,0.0,0.0,4807
31648,2024-11-05 21:00:00,13,Champions League,31,Real Madrid,64,Milan,31,Real Madrid,1,Fran_26_RM,,,,,0,0.000589259,3.17888e-05,0.0,0.0,101
31648,2024-11-05 21:00:00,13,Champions League,31,Real Madrid,64,Milan,31,Real Madrid,1,Jesús Vallejo_18_RM,,,,,0,-0.000301268,0.000142833,0.0,0.0,215
31648,2024-11-05 21:00:00,13,Champions League,31,Real Madrid,64,Milan,31,Real Madrid,1,Jude Bellingham_5_RM,,,,,73,0.00112068,-0.000274762,0.0,0.0,7793
31648,2024-11-05 21:00:00,13,Champions League,31,Real Madrid,64,Milan,31,Real Madrid,1,Kylian Mbappé_9_RM,,,,,90,0.00303121,2.59154e-05,0.0,0.0,4484
31648,2024-11-05 21:00:00,13,Champions League,31,Real Madrid,64,Milan,31,Real Madrid,1,Lucas Vázquez_17_RM,,,,,90,0.00132007,-0.000853061,0.0,0.0,6072
31648,2024-11-05 21:00:00,13,Champions League,31,Real Madrid,64,Milan,31,Real Madrid,1,Luka Modrić_10_RM,,,,,62,0.00146142,0.000547068,0.0,0.0,6907
31648,2024-11-05 21:00:00,13,Champions League,31,Real Madrid,64,Milan,31,Real Madrid,1,Rodrygo_11_RM,,,,,17,0.000204649,0.000315861,0.182,0.389,9181
31648,2024-11-05 21:00:00,13,Champions League,31,Real Madrid,64,Milan,31,Real Madrid,1,Vinicius Júnior_7_RM,,,,,90,-0.00186706,0.000820191,0.082,0.176,9694
31648,2024-11-05 21:00:00,13,Champions League,31,Real Madrid,64,Milan,31,Real Madrid,1,Éder Militão_3_RM,,,,,90,0.000207186,0.000444794,0.264,0.565,4777
31655,2024-11-06 21:00:00,13,Champions League,1,Unknown Team X,30,Barcelona,30,Barcelona,0,Alejandro Balde_3_B,,,,,0,0.00209699,0.000618303,0.0,0.0,7371
31655,2024-11-06 21:00:00,13,Champions League,1,Unknown Team X,30,Barcelona,30,Barcelona,0,Ansu Fati_10_B,,,,,0,-0.000152001,0.000578713,0.0,0.0,1536
31655,2024-11-06 21:00:00,13,Champions League,1,Unknown Team X,30,Barcelona,30,Barcelona,0,Dani Olmo_20_B,,,,,33,0.0012088,0.000304766,0.074,0.13,1994
31655,2024-11-06 21:00:00,13,Champions League,1,Unknown Team X,30,Barcelona,30,Barcelona,0,Fermin López_16_B,,,,,33,-0.000980475,6.51575e-05,0.728,1.0,4228
31655,2024-11-06 21:00:00,13,Champions League,1,Unknown Team X,30,Barcelona,30,Barcelona,0,Frenkie de Jong_21_B,,,,,67,0.00304554,-0.000291865,0.736,1.0,7300
31655,2024-11-06 21:00:00,13,Champions League,1,Unknown Team X,30,Barcelona,30,Barcelona,0,Gavi_6_B,,,,,23,0.00196965,0.00152903,0.0,0.0,5150
31655,2024-11-06 21:00:00,13,Champions League,1,Unknown Team X,30,Barcelona,30,Barcelona,0,Gerard Martín_35_B,,,,,90,0.000994252,0.000286335,0.0,0.0,1872
31655,2024-11-06 21:00:00,13,Champions League,1,Unknown Team X,30,Barcelona,30,Barcelona,0,Héctor Fort_32_B,,,,,0,-0.000463914,-0.000603466,0.0,0.0,1296
31655,2024-11-06 21:00:00,13,Champions League,1,Unknown Team X,30,Barcelona,30,Barcelona,0,Iñaki Peña_13_B,,,,,90,0.001789,-0.000771425,0.0,0.0,3754
31655,2024-11-06 21:00:00,13,Champions League,1,Unknown Team X,30,Barcelona,30,Barcelona,0,Iñigo Martínez_5_B,,,,,90,0.00172975,0.000118759,0.0,0.0,5736
31655,2024-11-06 21:00:00,13,Champions League,1,Unknown Team X,30,Barcelona,30,Barcelona,0,Jules Koundé_23_B,,,,,90,0.00223783,0.00075356,0.736,1.0,11254
31655,2024-11-06 21:00:00,13,Champions League,1,Unknown Team X,30,Barcelona,30,Barcelona,0,Lamine Yamal_19_B,,,,,90,0.00308054,0.000554778,0.0,0.0,7670
31655,2024-11-06 21:00:00,13,Champions League,1,Unknown Team X,30,Barcelona,30,Barcelona,0,Marc Casado_17_B,,,,,90,0.00126044,0.000330566,0.008,0.014,2412
31655,2024-11-06 21:00:00,13,Champions League,1,Unknown Team X,30,Barcelona,30,Barcelona,0,Pablo Torre_14_B,,,,,0,0.000269459,-0.000418288,0.0,0.0,690
31655,2024-11-06 21:00:00,13,Champions League,1,Unknown Team X,30,Barcelona,30,Barcelona,0,Pau Cubarsí_2_B,,,,,66,0.000489738,0.000689197,0.0,0.0,6208
31655,2024-11-06 21:00:00,13,Champions League,1,Unknown Team X,30,Barcelona,30,Barcelona,0,Pau Victor_18_B,,,,,13,0.00344954,-0.00023187,0.0,0.013,524
31655,2024-11-06 21:00:00,13,Champions League,1,Unknown Team X,30,Barcelona,30,Barcelona,0,Pedri_8_B,,,,,57,-0.000452767,-0.000759786,0.736,1.0,7907
31655,2024-11-06 21:00:00,13,Champions League,1,Unknown Team X,30,Barcelona,30,Barcelona,0,Raphinha_11_B,,,,,57,0.00131215,0.000402672,0.736,1.0,8931
31655,2024-11-06 21:00:00,13,Champions League,1,Unknown Team X,30,Barcelona,30,Barcelona,0,Robert Lewandowski_9_B,,,,,77,-0.00130583,0.000914094,0.564,0.999,10145
31655,2024-11-06 21:00:00,13,Champions League,1,Unknown Team X,30,Barcelona,30,Barcelona,0,Sergi Dominguez_36_B,,,,,24,0.000107451,-0.000938386,0.0,0.0,246
31655,2024-11-06 21:00:00,13,Champions League,1,Unknown Team X,30,Barcelona,30,Barcelona,0,Wojciech Szczęsny_25_B,,,,,0,0.000657671,0.000653952,0.0,0.0,2653
27827,2024-11-09 14:00:00,6,La Liga,31,Real Madrid,29,Osasuna,31,Real Madrid,1,Andriy Lunin_13_RM,,,,,99,0.00135314,0.00113184,0.0,0.0,4637
27827,2024-11-09 14:00:00,6,La Liga,31,Real Madrid,29,Osasuna,31,Real Madrid,1,Antonio Rüdiger_22_RM,,,,,99,0.00101494,0.000618977,0.0,0.0,10666
27827,2024-11-09 14:00:00,6,La Liga,31,Real Madrid,29,Osasuna,31,Real Madrid,1,Arda Güler_15_RM,80.0,,leading,,19,7.01941e-05,-0.000836821,0.211,0.452,2380
27827,2024-11-09 14:00:00,6,La Liga,31,Real Madrid,29,Osasuna,31,Real Madrid,1,Brahim Díaz_21_RM,20.0,,level,,79,0.00321062,-0.000354507,0.082,0.176,4411
27827,2024-11-09 14:00:00,6,La Liga,31,Real Madrid,29,Osasuna,31,Real Madrid,1,Dani Ceballos_19_RM,,,,,0,0.0010414,0.00086943,0.0,0.0,4606
27827,2024-11-09 14:00:00,6,La Liga,31,Real Madrid,29,Osasuna,31,Real Madrid,1,Eduardo Camavinga_6_RM,,,,,99,0.000527662,0.000882211,0.0,0.0,7525
27827,2024-11-09 14:00:00,6,La Liga,31,Real Madrid,29,Osasuna,31,Real Madrid,1,Endrick_16_RM,80.0,,leading,,19,0.00034253,0.000427653,0.0,0.0,935
27827,2024-11-09 14:00:00,6,La Liga,31,Real Madrid,29,Osasuna,31,Real Madrid,1,Federico Valverde_8_RM,,,,,99,0.00109636,0.00134977,0.264,0.565,11707
27827,2024-11-09 14:00:00,6,La Liga,31,Real Madrid,29,Osasuna,31,Real Madrid,1,Ferland Mendy_23_RM,,,,,0,-0.00165897,0.000241543,0.0,0.0,5435
27827,2024-11-09 14:00:00,6,La Liga,31,Real Madrid,29,Osasuna,31,Real Madrid,1,Fran Garcia_20_RM,,,,,99,0.00151615,4.55278e-05,0.0,0.0,4807
27827,2024-11-09 14:00:00,6,La Liga,31,Real Madrid,29,Osasuna,31,Real Madrid,1,Fran_26_RM,,,,,0,0.000589259,3.17888e-05,0.0,0.0,101
27827,2024-11-09 14:00:00,6,La Liga,31,Real Madrid,29,Osasuna,31,Real Madrid,1,Jesús Vallejo_18_RM,,,,,0,-0.000301268,0.000142833,0.0,0.0,215
27827,2024-11-09 14:00:00,6,La Liga,31,Real Madrid,29,Osasuna,31,Real Madrid,1,Jude Bellingham_5_RM,,80.0,,leading,80,0.00112068,-0.000274762,0.0,0.0,7793
27827,2024-11-09 14:00:00,6,La Liga,31,Real Madrid,29,Osasuna,31,Real Madrid,1,Kylian Mbappé_9_RM,,,,,99,0.00303121,2.59154e-05,0.0,0.0,4484
27827,2024-11-09 14:00:00,6,La Liga,31,Real Madrid,29,Osasuna,31,Real Madrid,1,Lucas Vázquez_17_RM,,51.0,,leading,51,0.00132007,-0.000853061,0.0,0.0,6072
27827,2024-11-09 14:00:00,6,La Liga,31,Real Madrid,29,Osasuna,31,Real Madrid,1,Luka Modrić_10_RM,51.0,,leading,,48,0.00146142,0.000547068,0.0,0.0,6907
27827,2024-11-09 14:00:00,6,La Liga,31,Real Madrid,29,Osasuna,31,Real Madrid,1,Raúl Asencio_35_RM,30.0,,level,,69,0.00142608,0.000223416,0.0,0.0,3080
27827,2024-11-09 14:00:00,6,La Liga,31,Real Madrid,29,Osasuna,31,Real Madrid,1,Rodrygo_11_RM,,20.0,,level,20,0.000204649,0.000315861,0.182,0.389,9181
27827,2024-11-09 14:00:00,6,La Liga,31,Real Madrid,29,Osasuna,31,Real Madrid,1,Vinicius Júnior_7_RM,,80.0,,leading,80,-0.00186706,0.000820191,0.082,0.176,9694
27827,2024-11-09 14:00:00,6,La Liga,31,Real Madrid,29,Osasuna,31,Real Madrid,1,Éder Militão_3_RM,,30.0,,level,30,0.000207186,0.000444794,0.264,0.565,4777
27834,2024-11-10 21:00:00,6,La Liga,38,Real Sociedad,30,Barcelona,30,Barcelona,0,Alejandro Balde_3_B,,,,,92,0.00209699,0.000618303,0.0,0.0,7371
27834,2024-11-10 21:00:00,6,La Liga,38,Real Sociedad,30,Barcelona,30,Barcelona,0,Ansu Fati_10_B,70.0,,trailing,,22,-0.000152001,0.000578713,0.0,0.0,1536
27834,2024-11-10 21:00:00,6,La Liga,38,Real Sociedad,30,Barcelona,30,Barcelona,0,Dani Olmo_20_B,47.0,,trailing,,45,0.0012088,0.000304766,0.074,0.13,1994
27834,2024-11-10 21:00:00,6,La Liga,38,Real Sociedad,30,Barcelona,30,Barcelona,0,Fermin López_16_B,,70.0,,trailing,70,-0.000980475,6.51575e-05,0.728,1.0,4228
27834,2024-11-10 21:00:00,6,La Liga,38,Real Sociedad,30,Barcelona,30,Barcelona,0,Frenkie de Jong_21_B,,47.0,,trailing,47,0.00304554,-0.000291865,0.736,1.0,7300
27834,2024-11-10 21:00:00,6,La Liga,38,Real Sociedad,30,Barcelona,30,Barcelona,0,Gavi_6_B,85.0,,trailing,,7,0.00196965,0.00152903,0.0,0.0,5150
27834,2024-11-10 21:00:00,6,La Liga,38,Real Sociedad,30,Barcelona,30,Barcelona,0,Gerard Martín_35_B,,,,,0,0.000994252,0.000286335,0.0,0.0,1872
27834,2024-11-10 21:00:00,6,La Liga,38,Real Sociedad,30,Barcelona,30,Barcelona,0,Iñaki Peña_13_B,,,,,92,0.001789,-0.000771425,0.0,0.0,3754
27834,2024-11-10 21:00:00,6,La Liga,38,Real Sociedad,30,Barcelona,30,Barcelona,0,Iñigo Martínez_5_B,,,,,92,0.00172975,0.000118759,0.0,0.0,5736
27834,2024-11-10 21:00:00,6,La Liga,38,Real Sociedad,30,Barcelona,30,Barcelona,0,Jules Koundé_23_B,,85.0,,trailing,85,0.00223783,0.00075356,0.736,1.0,11254
27834,2024-11-10 21:00:00,6,La Liga,38,Real Sociedad,30,Barcelona,30,Barcelona,0,Marc Casado_17_B,,,,,92,0.00126044,0.000330566,0.008,0.014,2412
27834,2024-11-10 21:00:00,6,La Liga,38,Real Sociedad,30,Barcelona,30,Barcelona,0,Pablo Torre_14_B,,,,,0,0.000269459,-0.000418288,0.0,0.0,690
27834,2024-11-10 21:00:00,6,La Liga,38,Real Sociedad,30,Barcelona,30,Barcelona,0,Pau Cubarsí_2_B,,,,,92,0.000489738,0.000689197,0.0,0.0,6208
27834,2024-11-10 21:00:00,6,La Liga,38,Real Sociedad,30,Barcelona,30,Barcelona,0,Pau Victor_18_B,92.0,,trailing,,0,0.00344954,-0.00023187,0.0,0.013,524
27834,2024-11-10 21:00:00,6,La Liga,38,Real Sociedad,30,Barcelona,30,Barcelona,0,Pedri_8_B,,92.0,,trailing,92,-0.000452767,-0.000759786,0.736,1.0,7907
27834,2024-11-10 21:00:00,6,La Liga,38,Real Sociedad,30,Barcelona,30,Barcelona,0,Raphinha_11_B,,,,,92,0.00131215,0.000402672,0.736,1.0,8931
27834,2024-11-10 21:00:00,6,La Liga,38,Real Sociedad,30,Barcelona,30,Barcelona,0,Robert Lewandowski_9_B,,,,,92,-0.00130583,0.000914094,0.564,0.999,10145
27834,2024-11-10 21:00:00,6,La Liga,38,Real Sociedad,30,Barcelona,30,Barcelona,0,Sergi Dominguez_36_B,,,,,0,0.000107451,-0.000938386,0.0,0.0,246
27834,2024-11-10 21:00:00,6,La Liga,38,Real Sociedad,30,Barcelona,30,Barcelona,0,Wojciech Szczęsny_25_B,,,,,0,0.000657671,0.000653952,0.0,0.0,2653
27840,2024-11-23 21:00:00,6,La Liga,25,Celta Vigo,30,Barcelona,30,Barcelona,0,Alejandro Balde_3_B,,,,,0,0.00209699,0.000618303,0.0,0.0,7371
27840,2024-11-23 21:00:00,6,La Liga,25,Celta Vigo,30,Barcelona,30,Barcelona,0,Dani Olmo_20_B,,90.0,,level,90,0.0012088,0.000304766,0.074,0.13,1994
27840,2024-11-23 21:00:00,6,La Liga,25,Celta Vigo,30,Barcelona,30,Barcelona,0,Fermin López_16_B,76.0,,leading,,20,-0.000980475,6.51575e-05,0.728,1.0,4228
27840,2024-11-23 21:00:00,6,La Liga,25,Celta Vigo,30,Barcelona,30,Barcelona,0,Frenkie de Jong_21_B,76.0,,leading,,20,0.00304554,-0.000291865,0.736,1.0,7300
27840,2024-11-23 21:00:00,6,La Liga,25,Celta Vigo,30,Barcelona,30,Barcelona,0,Gavi_6_B,,76.0,,leading,76,0.00196965,0.00152903,0.0,0.0,5150
27840,2024-11-23 21:00:00,6,La Liga,25,Celta Vigo,30,Barcelona,30,Barcelona,0,Gerard Martín_35_B,,47.0,,leading,47,0.000994252,0.000286335,0.0,0.0,1872
27840,2024-11-23 21:00:00,6,La Liga,25,Celta Vigo,30,Barcelona,30,Barcelona,0,Héctor Fort_32_B,47.0,,leading,,49,-0.000463914,-0.000603466,0.0,0.0,1296
27840,2024-11-23 21:00:00,6,La Liga,25,Celta Vigo,30,Barcelona,30,Barcelona,0,Iñaki Peña_13_B,,,,,96,0.001789,-0.000771425,0.0,0.0,3754
27840,2024-11-23 21:00:00,6,La Liga,25,Celta Vigo,30,Barcelona,30,Barcelona,0,Iñigo Martínez_5_B,,,,,96,0.00172975,0.000118759,0.0,0.0,5736
27840,2024-11-23 21:00:00,6,La Liga,25,Celta Vigo,30,Barcelona,30,Barcelona,0,Jules Koundé_23_B,,,,,96,0.00223783,0.00075356,0.736,1.0,11254
27840,2024-11-23 21:00:00,6,La Liga,25,Celta Vigo,30,Barcelona,30,Barcelona,0,Marc Casado_17_B,,,,,96,0.00126044,0.000330566,0.008,0.014,2412
27840,2024-11-23 21:00:00,6,La Liga,25,Celta Vigo,30,Barcelona,30,Barcelona,0,Pablo Torre_14_B,90.0,,level,,6,0.000269459,-0.000418288,0.0,0.0,690
27840,2024-11-23 21:00:00,6,La Liga,25,Celta Vigo,30,Barcelona,30,Barcelona,0,Pau Cubarsí_2_B,,,,,96,0.000489738,0.000689197,0.0,0.0,6208
27840,2024-11-23 21:00:00,6,La Liga,25,Celta Vigo,30,Barcelona,30,Barcelona,0,Pau Victor_18_B,90.0,,level,,6,0.00344954,-0.00023187,0.0,0.013,524
27840,2024-11-23 21:00:00,6,La Liga,25,Celta Vigo,30,Barcelona,30,Barcelona,0,Pedri_8_B,,76.0,,leading,76,-0.000452767,-0.000759786,0.736,1.0,7907
27840,2024-11-23 21:00:00,6,La Liga,25,Celta Vigo,30,Barcelona,30,Barcelona,0,Raphinha_11_B,,,,,96,0.00131215,0.000402672,0.736,1.0,8931
27840,2024-11-23 21:00:00,6,La Liga,25,Celta Vigo,30,Barcelona,30,Barcelona,0,Robert Lewandowski_9_B,,90.0,,level,90,-0.00130583,0.000914094,0.564,0.999,10145
27840,2024-11-23 21:00:00,6,La Liga,25,Celta Vigo,30,Barcelona,30,Barcelona,0,Sergi Dominguez_36_B,,,,,0,0.000107451,-0.000938386,0.0,0.0,246
27840,2024-11-23 21:00:00,6,La Liga,25,Celta Vigo,30,Barcelona,30,Barcelona,0,Wojciech Szczęsny_25_B,,,,,0,0.000657671,0.000653952,0.0,0.0,2653
27843,2024-11-24 18:30:00,6,La Liga,667,Equipo histórico 667,31,Real Madrid,31,Real Madrid,0,Andriy Lunin_13_RM,,,,,0,0.00135314,0.00113184,0.0,0.0,4637
27843,2024-11-24 18:30:00,6,La Liga,667,Equipo histórico 667,31,Real Madrid,31,Real Madrid,0,Antonio Rüdiger_22_RM,,,,,92,0.00101494,0.000618977,0.0,0.0,10666
27843,2024-11-24 18:30:00,6,La Liga,667,Equipo histórico 667,31,Real Madrid,31,Real Madrid,0,Arda Güler_15_RM,,76.0,,leading,76,7.01941e-05,-0.000836821,0.211,0.452,2380
27843,2024-11-24 18:30:00,6,La Liga,667,Equipo histórico 667,31,Real Madrid,31,Real Madrid,0,Brahim Díaz_21_RM,76.0,,leading,,16,0.00321062,-0.000354507,0.082,0.176,4411
27843,2024-11-24 18:30:00,6,La Liga,667,Equipo histórico 667,31,Real Madrid,31,Real Madrid,0,Dani Ceballos_19_RM,,,,,92,0.0010414,0.00086943,0.0,0.0,4606
27843,2024-11-24 18:30:00,6,La Liga,667,Equipo histórico 667,31,Real Madrid,31,Real Madrid,0,Eduardo Camavinga_6_RM,,,,,92,0.000527662,0.000882211,0.0,0.0,7525
27843,2024-11-24 18:30:00,6,La Liga,667,Equipo histórico 667,31,Real Madrid,31,Real Madrid,0,Endrick_16_RM,88.0,,leading,,4,0.00034253,0.000427653,0.0,0.0,935
27843,2024-11-24 18:30:00,6,La Liga,667,Equipo histórico 667,31,Real Madrid,31,Real Madrid,0,Federico Valverde_8_RM,,,,,92,0.00109636,0.00134977,0.264,0.565,11707
27843,2024-11-24 18:30:00,6,La Liga,667,Equipo histórico 667,31,Real Madrid,31,Real Madrid,0,Ferland Mendy_23_RM,,,,,0,-0.00165897,0.000241543,0.0,0.0,5435
27843,2024-11-24 18:30:00,6,La Liga,667,Equipo histórico 667,31,Real Madrid,31,Real Madrid,0,Fran Garcia_20_RM,,,,,92,0.00151615,4.55278e-05,0.0,0.0,4807
27843,2024-11-24 18:30:00,6,La Liga,667,Equipo histórico 667,31,Real Madrid,31,Real Madrid,0,Jesús Vallejo_18_RM,,,,,0,-0.000301268,0.000142833,0.0,0.0,215
27843,2024-11-24 18:30:00,6,La Liga,667,Equipo histórico 667,31,Real Madrid,31,Real Madrid,0,Jude Bellingham_5_RM,,88.0,,leading,88,0.00112068,-0.000274762,0.0,0.0,7793
27843,2024-11-24 18:30:00,6,La Liga,667,Equipo histórico 667,31,Real Madrid,31,Real Madrid,0,Kylian Mbappé_9_RM,,84.0,,leading,84,0.00303121,2.59154e-05,0.0,0.0,4484
27843,2024-11-24 18:30:00,6,La Liga,667,Equipo histórico 667,31,Real Madrid,31,Real Madrid,0,Luka Modrić_10_RM,84.0,,leading,,8,0.00146142,0.000547068,0.0,0.0,6907
27843,2024-11-24 18:30:00,6,La Liga,667,Equipo histórico 667,31,Real Madrid,31,Real Madrid,0,Raúl Asencio_35_RM,,,,,92,0.00142608,0.000223416,0.0,0.0,3080
27843,2024-11-24 18:30:00,6,La Liga,667,Equipo histórico 667,31,Real Madrid,31,Real Madrid,0,Thibaut Courtois_1_RM,,,,,92,0.000111719,-0.000758962,0.264,0.565,7657
27843,2024-11-24 18:30:00,6,La Liga,667,Equipo histórico 667,31,Real Madrid,31,Real Madrid,0,Vinicius Júnior_7_RM,,,,,92,-0.00186706,0.000820191,0.082,0.176,9694
31664,2024-11-26 21:00:00,13,Champions League,30,Barcelona,93,Brest,30,Barcelona,1,Alejandro Balde_3_B,,,,,13,0.00209699,0.000618303,0.0,0.0,7371
31664,2024-11-26 21:00:00,13,Champions League,30,Barcelona,93,Brest,30,Barcelona,1,Dani Olmo_20_B,,,,,67,0.0012088,0.000304766,0.074,0.13,1994
31664,2024-11-26 21:00:00,13,Champions League,30,Barcelona,93,Brest,30,Barcelona,1,Eric García_24_B,,,,,0,0.00269696,0.00108346,0.082,0.145,3325
31664,2024-11-26 21:00:00,13,Champions League,30,Barcelona,93,Brest,30,Barcelona,1,Fermin López_16_B,,,,,77,-0.000980475,6.51575e-05,0.728,1.0,4228
31664,2024-11-26 21:00:00,13,Champions League,30,Barcelona,93,Brest,30,Barcelona,1,Frenkie de Jong_21_B,,,,,3,0.00304554,-0.000291865,0.736,1.0,7300
31664,2024-11-26 21:00:00,13,Champions League,30,Barcelona,93,Brest,30,Barcelona,1,Gavi_6_B,,,,,23,0.00196965,0.00152903,0.0,0.0,5150
31664,2024-11-26 21:00:00,13,Champions League,30,Barcelona,93,Brest,30,Barcelona,1,Gerard Martín_35_B,,,,,77,0.000994252,0.000286335,0.0,0.0,1872
31664,2024-11-26 21:00:00,13,Champions League,30,Barcelona,93,Brest,30,Barcelona,1,Héctor Fort_32_B,,,,,0,-0.000463914,-0.000603466,0.0,0.0,1296
31664,2024-11-26 21:00:00,13,Champions League,30,Barcelona,93,Brest,30,Barcelona,1,Iñaki Peña_13_B,,,,,90,0.001789,-0.000771425,0.0,0.0,3754
31664,2024-11-26 21:00:00,13,Champions League,30,Barcelona,93,Brest,30,Barcelona,1,Iñigo Martínez_5_B,,,,,90,0.00172975,0.000118759,0.0,0.0,5736
31664,2024-11-26 21:00:00,13,Champions League,30,Barcelona,93,Brest,30,Barcelona,1,Jules Koundé_23_B,,,,,90,0.00223783,0.00075356,0.736,1.0,11254
31664,2024-11-26 21:00:00,13,Champions League,30,Barcelona,93,Brest,30,Barcelona,1,Marc Casado_17_B,,,,,90,0.00126044,0.000330566,0.008,0.014,2412
31664,2024-11-26 21:00:00,13,Champions League,30,Barcelona,93,Brest,30,Barcelona,1,Pablo Torre_14_B,,,,,13,0.000269459,-0.000418288,0.0,0.0,690
31664,2024-11-26 21:00:00,13,Champions League,30,Barcelona,93,Brest,30,Barcelona,1,Pau Cubarsí_2_B,,,,,90,0.000489738,0.000689197,0.0,0.0,6208
31664,2024-11-26 21:00:00,13,Champions League,30,Barcelona,93,Brest,30,Barcelona,1,Pau Victor_18_B,,,,,0,0.00344954,-0.00023187,0.0,0.013,524
31664,2024-11-26 21:00:00,13,Champions League,30,Barcelona,93,Brest,30,Barcelona,1,Pedri_8_B,,,,,87,-0.000452767,-0.000759786,0.736,1.0,7907
31664,2024-11-26 21:00:00,13,Champions League,30,Barcelona,93,Brest,30,Barcelona,1,Raphinha_11_B,,,,,90,0.00131215,0.000402672,0.736,1.0,8931
31664,2024-11-26 21:00:00,13,Champions League,30,Barcelona,93,Brest,30,Barcelona,1,Robert Lewandowski_9_B,,,,,90,-0.00130583,0.000914094,0.564,0.999,10145
31664,2024-11-26 21:00:00,13,Champions League,30,Barcelona,93,Brest,30,Barcelona,1,Sergi Dominguez_36_B,,,,,0,0.000107451,-0.000938386,0.0,0.0,246
31664,2024-11-26 21:00:00,13,Champions League,30,Barcelona,93,Brest,30,Barcelona,1,Wojciech Szczęsny_25_B,,,,,0,0.000657671,0.000653952,0.0,0.0,2653
31672,2024-11-27 20:00:00,13,Champions League,3,Liverpool,31,Real Madrid,31,Real Madrid,0,Andriy Lunin_13_RM,,,,,0,0.00135314,0.00113184,0.0,0.0,4637
31672,2024-11-27 20:00:00,13,Champions League,3,Liverpool,31,Real Madrid,31,Real Madrid,0,Antonio Rüdiger_22_RM,,,,,90,0.00101494,0.000618977,0.0,0.0,10666
31672,2024-11-27 20:00:00,13,Champions League,3,Liverpool,31,Real Madrid,31,Real Madrid,0,Arda Güler_15_RM,,,,,56,7.01941e-05,-0.000836821,0.211,0.452,2380
31672,2024-11-27 20:00:00,13,Champions League,3,Liverpool,31,Real Madrid,31,Real Madrid,0,Brahim Díaz_21_RM,,,,,90,0.00321062,-0.000354507,0.082,0.176,4411
31672,2024-11-27 20:00:00,13,Champions League,3,Liverpool,31,Real Madrid,31,Real Madrid,0,Dani Ceballos_19_RM,,,,,34,0.0010414,0.00086943,0.0,0.0,4606
31672,2024-11-27 20:00:00,13,Champions League,3,Liverpool,31,Real Madrid,31,Real Madrid,0,Daniel Yáñez_42_RM,,,,,0,-7.33424e-05,4.00203e-05,0.0,0.0,5
31672,2024-11-27 20:00:00,13,Champions League,3,Liverpool,31,Real Madrid,31,Real Madrid,0,Eduardo Camavinga_6_RM,,,,,56,0.000527662,0.000882211,0.0,0.0,7525
31672,2024-11-27 20:00:00,13,Champions League,3,Liverpool,31,Real Madrid,31,Real Madrid,0,Endrick_16_RM,,,,,12,0.00034253,0.000427653,0.0,0.0,935
31672,2024-11-27 20:00:00,13,Champions League,3,Liverpool,31,Real Madrid,31,Real Madrid,0,Federico Valverde_8_RM,,,,,90,0.00109636,0.00134977,0.264,0.565,11707
31672,2024-11-27 20:00:00,13,Champions League,3,Liverpool,31,Real Madrid,31,Real Madrid,0,Ferland Mendy_23_RM,,,,,70,-0.00165897,0.000241543,0.0,0.0,5435
31672,2024-11-27 20:00:00,13,Champions League,3,Liverpool,31,Real Madrid,31,Real Madrid,0,Fran Garcia_20_RM,,,,,20,0.00151615,4.55278e-05,0.0,0.0,4807
31672,2024-11-27 20:00:00,13,Champions League,3,Liverpool,31,Real Madrid,31,Real Madrid,0,Fran_26_RM,,,,,0,0.000589259,3.17888e-05,0.0,0.0,101
31672,2024-11-27 20:00:00,13,Champions League,3,Liverpool,31,Real Madrid,31,Real Madrid,0,Gonzalo García_30_RM,,,,,0,-5.36235e-05,0.000482841,0.0,0.0,94
31672,2024-11-27 20:00:00,13,Champions League,3,Liverpool,31,Real Madrid,31,Real Madrid,0,Jesús Vallejo_18_RM,,,,,0,-0.000301268,0.000142833,0.0,0.0,215
31672,2024-11-27 20:00:00,13,Champions League,3,Liverpool,31,Real Madrid,31,Real Madrid,0,Jude Bellingham_5_RM,,,,,90,0.00112068,-0.000274762,0.0,0.0,7793
31672,2024-11-27 20:00:00,13,Champions League,3,Liverpool,31,Real Madrid,31,Real Madrid,0,Kylian Mbappé_9_RM,,,,,90,0.00303121,2.59154e-05,0.0,0.0,4484
31672,2024-11-27 20:00:00,13,Champions League,3,Liverpool,31,Real Madrid,31,Real Madrid,0,Lucas Vázquez_17_RM,,,,,34,0.00132007,-0.000853061,0.0,0.0,6072
31672,2024-11-27 20:00:00,13,Champions League,3,Liverpool,31,Real Madrid,31,Real Madrid,0,Luka Modrić_10_RM,,,,,78,0.00146142,0.000547068,0.0,0.0,6907
31672,2024-11-27 20:00:00,13,Champions League,3,Liverpool,31,Real Madrid,31,Real Madrid,0,Raúl Asencio_35_RM,,,,,90,0.00142608,0.000223416,0.0,0.0,3080
31672,2024-11-27 20:00:00,13,Champions League,3,Liverpool,31,Real Madrid,31,Real Madrid,0,Thibaut Courtois_1_RM,,,,,90,0.000111719,-0.000758962,0.264,0.565,7657
27846,2024-11-30 14:00:00,6,La Liga,30,Barcelona,522,Equipo histórico 522,30,Barcelona,1,Alejandro Balde_3_B,,26.0,,level,26,0.00209699,0.000618303,0.0,0.0,7371
27846,2024-11-30 14:00:00,6,La Liga,30,Barcelona,522,Equipo histórico 522,30,Barcelona,1,Dani Olmo_20_B,,,,,0,0.0012088,0.000304766,0.074,0.13,1994
27846,2024-11-30 14:00:00,6,La Liga,30,Barcelona,522,Equipo histórico 522,30,Barcelona,1,Eric García_24_B,,,,,0,0.00269696,0.00108346,0.082,0.145,3325
27846,2024-11-30 14:00:00,6,La Liga,30,Barcelona,522,Equipo histórico 522,30,Barcelona,1,Fermin López_16_B,,59.0,,trailing,59,-0.000980475,6.51575e-05,0.728,1.0,4228
27846,2024-11-30 14:00:00,6,La Liga,30,Barcelona,522,Equipo histórico 522,30,Barcelona,1,Ferrán Torres_7_B,59.0,,trailing,,41,0.000824349,-0.000703702,0.18,0.318,5186
27846,2024-11-30 14:00:00,6,La Liga,30,Barcelona,522,Equipo histórico 522,30,Barcelona,1,Frenkie de Jong_21_B,59.0,,trailing,,41,0.00304554,-0.000291865,0.736,1.0,7300
27846,2024-11-30 14:00:00,6,La Liga,30,Barcelona,522,Equipo histórico 522,30,Barcelona,1,Gavi_6_B,,59.0,,trailing,59,0.00196965,0.00152903,0.0,0.0,5150
27846,2024-11-30 14:00:00,6,La Liga,30,Barcelona,522,Equipo histórico 522,30,Barcelona,1,Gerard Martín_35_B,26.0,,level,,74,0.000994252,0.000286335,0.0,0.0,1872
27846,2024-11-30 14:00:00,6,La Liga,30,Barcelona,522,Equipo histórico 522,30,Barcelona,1,Héctor Fort_32_B,58.0,,trailing,,42,-0.000463914,-0.000603466,0.0,0.0,1296
27846,2024-11-30 14:00:00,6,La Liga,30,Barcelona,522,Equipo histórico 522,30,Barcelona,1,Iñaki Peña_13_B,,,,,100,0.001789,-0.000771425,0.0,0.0,3754
27846,2024-11-30 14:00:00,6,La Liga,30,Barcelona,522,Equipo histórico 522,30,Barcelona,1,Iñigo Martínez_5_B,,,,,100,0.00172975,0.000118759,0.0,0.0,5736
27846,2024-11-30 14:00:00,6,La Liga,30,Barcelona,522,Equipo histórico 522,30,Barcelona,1,Jules Koundé_23_B,,58.0,,trailing,58,0.00223783,0.00075356,0.736,1.0,11254
27846,2024-11-30 14:00:00,6,La Liga,30,Barcelona,522,Equipo histórico 522,30,Barcelona,1,Lamine Yamal_19_B,48.0,,level,,52,0.00308054,0.000554778,0.0,0.0,7670
27846,2024-11-30 14:00:00,6,La Liga,30,Barcelona,522,Equipo histórico 522,30,Barcelona,1,Pablo Torre_14_B,,48.0,,level,48,0.000269459,-0.000418288,0.0,0.0,690
27846,2024-11-30 14:00:00,6,La Liga,30,Barcelona,522,Equipo histórico 522,30,Barcelona,1,Pau Cubarsí_2_B,,94.0,,trailing,94,0.000489738,0.000689197,0.0,0.0,6208
27846,2024-11-30 14:00:00,6,La Liga,30,Barcelona,522,Equipo histórico 522,30,Barcelona,1,Pau Victor_18_B,94.0,,trailing,,6,0.00344954,-0.00023187,0.0,0.013,524
27846,2024-11-30 14:00:00,6,La Liga,30,Barcelona,522,Equipo histórico 522,30,Barcelona,1,Pedri_8_B,,,,,100,-0.000452767,-0.000759786,0.736,1.0,7907
27846,2024-11-30 14:00:00,6,La Liga,30,Barcelona,522,Equipo histórico 522,30,Barcelona,1,Raphinha_11_B,,,,,100,0.00131215,0.000402672,0.736,1.0,8931
27846,2024-11-30 14:00:00,6,La Liga,30,Barcelona,522,Equipo histórico 522,30,Barcelona,1,Robert Lewandowski_9_B,,,,,100,-0.00130583,0.000914094,0.564,0.999,10145
27846,2024-11-30 14:00:00,6,La Liga,30,Barcelona,522,Equipo histórico 522,30,Barcelona,1,Sergi Dominguez_36_B,,,,,0,0.000107451,-0.000938386,0.0,0.0,246
27846,2024-11-30 14:00:00,6,La Liga,30,Barcelona,522,Equipo histórico 522,30,Barcelona,1,Wojciech Szczęsny_25_B,,,,,0,0.000657671,0.000653952,0.0,0.0,2653
27851,2024-12-01 16:15:00,6,La Liga,31,Real Madrid,24,Getafe,31,Real Madrid,1,Andriy Lunin_13_RM,,,,,0,0.00135314,0.00113184,0.0,0.0,4637
27851,2024-12-01 16:15:00,6,La Liga,31,Real Madrid,24,Getafe,31,Real Madrid,1,Antonio Rüdiger_22_RM,,,,,97,0.00101494,0.000618977,0.0,0.0,10666
27851,2024-12-01 16:15:00,6,La Liga,31,Real Madrid,24,Getafe,31,Real Madrid,1,Arda Güler_15_RM,48.0,,leading,,49,7.01941e-05,-0.000836821,0.211,0.452,2380
27851,2024-12-01 16:15:00,6,La Liga,31,Real Madrid,24,Getafe,31,Real Madrid,1,Brahim Díaz_21_RM,,,,,97,0.00321062,-0.000354507,0.082,0.176,4411
27851,2024-12-01 16:15:00,6,La Liga,31,Real Madrid,24,Getafe,31,Real Madrid,1,Chema_36_RM,,,,,0,-0.000144558,7.16954e-05,0.0,0.0,40
27851,2024-12-01 16:15:00,6,La Liga,31,Real Madrid,24,Getafe,31,Real Madrid,1,Dani Ceballos_19_RM,,,,,97,0.0010414,0.00086943,0.0,0.0,4606
27851,2024-12-01 16:15:00,6,La Liga,31,Real Madrid,24,Getafe,31,Real Madrid,1,Endrick_16_RM,,,,,0,0.00034253,0.000427653,0.0,0.0,935
27851,2024-12-01 16:15:00,6,La Liga,31,Real Madrid,24,Getafe,31,Real Madrid,1,Federico Valverde_8_RM,,,,,97,0.00109636,0.00134977,0.264,0.565,11707
27851,2024-12-01 16:15:00,6,La Liga,31,Real Madrid,24,Getafe,31,Real Madrid,1,Ferland Mendy_23_RM,,,,,0,-0.00165897,0.000241543,0.0,0.0,5435
27851,2024-12-01 16:15:00,6,La Liga,31,Real Madrid,24,Getafe,31,Real Madrid,1,Fran Garcia_20_RM,,,,,97,0.00151615,4.55278e-05,0.0,0.0,4807
27851,2024-12-01 16:15:00,6,La Liga,31,Real Madrid,24,Getafe,31,Real Madrid,1,Fran_26_RM,,,,,0,0.000589259,3.17888e-05,0.0,0.0,101
27851,2024-12-01 16:15:00,6,La Liga,31,Real Madrid,24,Getafe,31,Real Madrid,1,Jesús Vallejo_18_RM,,,,,0,-0.000301268,0.000142833,0.0,0.0,215
27851,2024-12-01 16:15:00,6,La Liga,31,Real Madrid,24,Getafe,31,Real Madrid,1,Jude Bellingham_5_RM,,48.0,,leading,48,0.00112068,-0.000274762,0.0,0.0,7793
27851,2024-12-01 16:15:00,6,La Liga,31,Real Madrid,24,Getafe,31,Real Madrid,1,Kylian Mbappé_9_RM,,,,,97,0.00303121,2.59154e-05,0.0,0.0,4484
27851,2024-12-01 16:15:00,6,La Liga,31,Real Madrid,24,Getafe,31,Real Madrid,1,Lorenzo Aguado_39_RM,,,,,0,2.64839e-05,3.34154e-05,0.0,0.0,68
27851,2024-12-01 16:15:00,6,La Liga,31,Real Madrid,24,Getafe,31,Real Madrid,1,Lucas Vázquez_17_RM,,,,,97,0.00132007,-0.000853061,0.0,0.0,6072
27851,2024-12-01 16:15:00,6,La Liga,31,Real Madrid,24,Getafe,31,Real Madrid,1,Luka Modrić_10_RM,69.0,,leading,,28,0.00146142,0.000547068,0.0,0.0,6907
27851,2024-12-01 16:15:00,6,La Liga,31,Real Madrid,24,Getafe,31,Real Madrid,1,Raúl Asencio_35_RM,,,,,97,0.00142608,0.000223416,0.0,0.0,3080
27851,2024-12-01 16:15:00,6,La Liga,31,Real Madrid,24,Getafe,31,Real Madrid,1,Rodrygo_11_RM,,69.0,,leading,69,0.000204649,0.000315861,0.182,0.389,9181
27851,2024-12-01 16:15:00,6,La Liga,31,Real Madrid,24,Getafe,31,Real Madrid,1,Thibaut Courtois_1_RM,,,,,97,0.000111719,-0.000758962,0.264,0.565,7657
27855,2024-12-03 19:00:00,6,La Liga,201,Mallorca,30,Barcelona,30,Barcelona,0,Alejandro Balde_3_B,,,,,93,0.00209699,0.000618303,0.0,0.0,7371
27855,2024-12-03 19:00:00,6,La Liga,201,Mallorca,30,Barcelona,30,Barcelona,0,Dani Olmo_20_B,,75.0,,leading,75,0.0012088,0.000304766,0.074,0.13,1994
27855,2024-12-03 19:00:00,6,La Liga,201,Mallorca,30,Barcelona,30,Barcelona,0,Eric García_24_B,85.0,,leading,,8,0.00269696,0.00108346,0.082,0.145,3325
27855,2024-12-03 19:00:00,6,La Liga,201,Mallorca,30,Barcelona,30,Barcelona,0,Fermin López_16_B,90.0,,leading,,3,-0.000980475,6.51575e-05,0.728,1.0,4228
27855,2024-12-03 19:00:00,6,La Liga,201,Mallorca,30,Barcelona,30,Barcelona,0,Ferrán Torres_7_B,,76.0,,leading,76,0.000824349,-0.000703702,0.18,0.318,5186
27855,2024-12-03 19:00:00,6,La Liga,201,Mallorca,30,Barcelona,30,Barcelona,0,Frenkie de Jong_21_B,75.0,,leading,,18,0.00304554,-0.000291865,0.736,1.0,7300
27855,2024-12-03 19:00:00,6,La Liga,201,Mallorca,30,Barcelona,30,Barcelona,0,Gavi_6_B,85.0,,leading,,8,0.00196965,0.00152903,0.0,0.0,5150
27855,2024-12-03 19:00:00,6,La Liga,201,Mallorca,30,Barcelona,30,Barcelona,0,Gerard Martín_35_B,,,,,0,0.000994252,0.000286335,0.0,0.0,1872
27855,2024-12-03 19:00:00,6,La Liga,201,Mallorca,30,Barcelona,30,Barcelona,0,Héctor Fort_32_B,,,,,0,-0.000463914,-0.000603466,0.0,0.0,1296
27855,2024-12-03 19:00:00,6,La Liga,201,Mallorca,30,Barcelona,30,Barcelona,0,Iñaki Peña_13_B,,,,,93,0.001789,-0.000771425,0.0,0.0,3754
27855,2024-12-03 19:00:00,6,La Liga,201,Mallorca,30,Barcelona,30,Barcelona,0,Iñigo Martínez_5_B,,,,,93,0.00172975,0.000118759,0.0,0.0,5736
27855,2024-12-03 19:00:00,6,La Liga,201,Mallorca,30,Barcelona,30,Barcelona,0,Jules Koundé_23_B,,,,,93,0.00223783,0.00075356,0.736,1.0,11254
27855,2024-12-03 19:00:00,6,La Liga,201,Mallorca,30,Barcelona,30,Barcelona,0,Lamine Yamal_19_B,,,,,93,0.00308054,0.000554778,0.0,0.0,7670
27855,2024-12-03 19:00:00,6,La Liga,201,Mallorca,30,Barcelona,30,Barcelona,0,Marc Casado_17_B,,85.0,,leading,85,0.00126044,0.000330566,0.008,0.014,2412
27855,2024-12-03 19:00:00,6,La Liga,201,Mallorca,30,Barcelona,30,Barcelona,0,Pablo Torre_14_B,,,,,0,0.000269459,-0.000418288,0.0,0.0,690
27855,2024-12-03 19:00:00,6,La Liga,201,Mallorca,30,Barcelona,30,Barcelona,0,Pau Cubarsí_2_B,,,,,93,0.000489738,0.000689197,0.0,0.0,6208
27855,2024-12-03 19:00:00,6,La Liga,201,Mallorca,30,Barcelona,30,Barcelona,0,Pau Victor_18_B,76.0,,leading,,17,0.00344954,-0.00023187,0.0,0.013,524
27855,2024-12-03 19:00:00,6,La Liga,201,Mallorca,30,Barcelona,30,Barcelona,0,Pedri_8_B,,85.0,,leading,85,-0.000452767,-0.000759786,0.736,1.0,7907
27855,2024-12-03 19:00:00,6,La Liga,201,Mallorca,30,Barcelona,30,Barcelona,0,Raphinha_11_B,,90.0,,leading,90,0.00131215,0.000402672,0.736,1.0,8931
27855,2024-12-03 19:00:00,6,La Liga,201,Mallorca,30,Barcelona,30,Barcelona,0,Robert Lewandowski_9_B,,,,,0,-0.00130583,0.000914094,0.564,0.999,10145
27855,2024-12-03 19:00:00,6,La Liga,201,Mallorca,30,Barcelona,30,Barcelona,0,Sergi Dominguez_36_B,,,,,0,0.000107451,-0.000938386,0.0,0.0,246
27855,2024-12-03 19:00:00,6,La Liga,201,Mallorca,30,Barcelona,30,Barcelona,0,Wojciech Szczęsny_25_B,,,,,0,0.000657671,0.000653952,0.0,0.0,2653
27856,2024-12-04 21:00:00,6,La Liga,33,Athletic Club,31,Real Madrid,31,Real Madrid,0,Andriy Lunin_13_RM,,,,,0,0.00135314,0.00113184,0.0,0.0,4637
27856,2024-12-04 21:00:00,6,La Liga,33,Athletic Club,31,Real Madrid,31,Real Madrid,0,Antonio Rüdiger_22_RM,,,,,93,0.00101494,0.000618977,0.0,0.0,10666
27856,2024-12-04 21:00:00,6,La Liga,33,Athletic Club,31,Real Madrid,31,Real Madrid,0,Arda Güler_15_RM,88.0,,trailing,,5,7.01941e-05,-0.000836821,0.211,0.452,2380
27856,2024-12-04 21:00:00,6,La Liga,33,Athletic Club,31,Real Madrid,31,Real Madrid,0,Aurélien Tchouaméni_14_RM,,71.0,,trailing,71,-0.000603586,0.00091019,0.264,0.565,8572
27856,2024-12-04 21:00:00,6,La Liga,33,Athletic Club,31,Real Madrid,31,Real Madrid,0,Brahim Díaz_21_RM,58.0,,trailing,,35,0.00321062,-0.000354507,0.082,0.176,4411
27856,2024-12-04 21:00:00,6,La Liga,33,Athletic Club,31,Real Madrid,31,Real Madrid,0,Dani Ceballos_19_RM,,58.0,,trailing,58,0.0010414,0.00086943,0.0,0.0,4606
27856,2024-12-04 21:00:00,6,La Liga,33,Athletic Club,31,Real Madrid,31,Real Madrid,0,Endrick_16_RM,88.0,,trailing,,5,0.00034253,0.000427653,0.0,0.0,935
27856,2024-12-04 21:00:00,6,La Liga,33,Athletic Club,31,Real Madrid,31,Real Madrid,0,Federico Valverde_8_RM,,,,,93,0.00109636,0.00134977,0.264,0.565,11707
27856,2024-12-04 21:00:00,6,La Liga,33,Athletic Club,31,Real Madrid,31,Real Madrid,0,Ferland Mendy_23_RM,71.0,,trailing,,22,-0.00165897,0.000241543,0.0,0.0,5435
27856,2024-12-04 21:00:00,6,La Liga,33,Athletic Club,31,Real Madrid,31,Real Madrid,0,Fran Garcia_20_RM,,71.0,,trailing,71,0.00151615,4.55278e-05,0.0,0.0,4807
27856,2024-12-04 21:00:00,6,La Liga,33,Athletic Club,31,Real Madrid,31,Real Madrid,0,Gonzalo García_30_RM,,,,,0,-5.36235e-05,0.000482841,0.0,0.0,94
27856,2024-12-04 21:00:00,6,La Liga,33,Athletic Club,31,Real Madrid,31,Real Madrid,0,Jesús Vallejo_18_RM,,,,,0,-0.000301268,0.000142833,0.0,0.0,215
27856,2024-12-04 21:00:00,6,La Liga,33,Athletic Club,31,Real Madrid,31,Real Madrid,0,Jude Bellingham_5_RM,,,,,93,0.00112068,-0.000274762,0.0,0.0,7793
27856,2024-12-04 21:00:00,6,La Liga,33,Athletic Club,31,Real Madrid,31,Real Madrid,0,Kylian Mbappé_9_RM,,,,,93,0.00303121,2.59154e-05,0.0,0.0,4484
27856,2024-12-04 21:00:00,6,La Liga,33,Athletic Club,31,Real Madrid,31,Real Madrid,0,Lorenzo Aguado_39_RM,,,,,0,2.64839e-05,3.34154e-05,0.0,0.0,68
27856,2024-12-04 21:00:00,6,La Liga,33,Athletic Club,31,Real Madrid,31,Real Madrid,0,Lucas Vázquez_17_RM,,88.0,,trailing,88,0.00132007,-0.000853061,0.0,0.0,6072
27856,2024-12-04 21:00:00,6,La Liga,33,Athletic Club,31,Real Madrid,31,Real Madrid,0,Luka Modrić_10_RM,71.0,,trailing,,22,0.00146142,0.000547068,0.0,0.0,6907
27856,2024-12-04 21:00:00,6,La Liga,33,Athletic Club,31,Real Madrid,31,Real Madrid,0,Raúl Asencio_35_RM,,,,,93,0.00142608,0.000223416,0.0,0.0,3080
27856,2024-12-04 21:00:00,6,La Liga,33,Athletic Club,31,Real Madrid,31,Real Madrid,0,Rodrygo_11_RM,,88.0,,trailing,88,0.000204649,0.000315861,0.182,0.389,9181
27856,2024-12-04 21:00:00,6,La Liga,33,Athletic Club,31,Real Madrid,31,Real Madrid,0,Thibaut Courtois_1_RM,,,,,93,0.000111719,-0.000758962,0.264,0.565,7657
27859,2024-12-07 16:15:00,6,La Liga,27,Equipo histórico 27,30,Barcelona,30,Barcelona,0,Alejandro Balde_3_B,,88.0,,leading,88,0.00209699,0.000618303,0.0,0.0,7371
27859,2024-12-07 16:15:00,6,La Liga,27,Equipo histórico 27,30,Barcelona,30,Barcelona,0,Dani Olmo_20_B,,60.0,,leading,60,0.0012088,0.000304766,0.074,0.13,1994
27859,2024-12-07 16:15:00,6,La Liga,27,Equipo histórico 27,30,Barcelona,30,Barcelona,0,Eric García_24_B,,,,,0,0.00269696,0.00108346,0.082,0.145,3325
27859,2024-12-07 16:15:00,6,La Liga,27,Equipo histórico 27,30,Barcelona,30,Barcelona,0,Fermin López_16_B,,,,,0,-0.000980475,6.51575e-05,0.728,1.0,4228
27859,2024-12-07 16:15:00,6,La Liga,27,Equipo histórico 27,30,Barcelona,30,Barcelona,0,Ferrán Torres_7_B,60.0,,leading,,34,0.000824349,-0.000703702,0.18,0.318,5186
27859,2024-12-07 16:15:00,6,La Liga,27,Equipo histórico 27,30,Barcelona,30,Barcelona,0,Frenkie de Jong_21_B,60.0,,leading,,34,0.00304554,-0.000291865,0.736,1.0,7300
27859,2024-12-07 16:15:00,6,La Liga,27,Equipo histórico 27,30,Barcelona,30,Barcelona,0,Gavi_6_B,74.0,,level,,20,0.00196965,0.00152903,0.0,0.0,5150
27859,2024-12-07 16:15:00,6,La Liga,27,Equipo histórico 27,30,Barcelona,30,Barcelona,0,Gerard Martín_35_B,,,,,0,0.000994252,0.000286335,0.0,0.0,1872
27859,2024-12-07 16:15:00,6,La Liga,27,Equipo histórico 27,30,Barcelona,30,Barcelona,0,Héctor Fort_32_B,88.0,,leading,,6,-0.000463914,-0.000603466,0.0,0.0,1296
27859,2024-12-07 16:15:00,6,La Liga,27,Equipo histórico 27,30,Barcelona,30,Barcelona,0,Iñaki Peña_13_B,,,,,94,0.001789,-0.000771425,0.0,0.0,3754
27859,2024-12-07 16:15:00,6,La Liga,27,Equipo histórico 27,30,Barcelona,30,Barcelona,0,Iñigo Martínez_5_B,,,,,94,0.00172975,0.000118759,0.0,0.0,5736
27859,2024-12-07 16:15:00,6,La Liga,27,Equipo histórico 27,30,Barcelona,30,Barcelona,0,Jules Koundé_23_B,,,,,94,0.00223783,0.00075356,0.736,1.0,11254
27859,2024-12-07 16:15:00,6,La Liga,27,Equipo histórico 27,30,Barcelona,30,Barcelona,0,Lamine Yamal_19_B,,,,,94,0.00308054,0.000554778,0.0,0.0,7670
27859,2024-12-07 16:15:00,6,La Liga,27,Equipo histórico 27,30,Barcelona,30,Barcelona,0,Marc Casado_17_B,,,,,94,0.00126044,0.000330566,0.008,0.014,2412
27859,2024-12-07 16:15:00,6,La Liga,27,Equipo histórico 27,30,Barcelona,30,Barcelona,0,Pablo Torre_14_B,,,,,0,0.000269459,-0.000418288,0.0,0.0,690
27859,2024-12-07 16:15:00,6,La Liga,27,Equipo histórico 27,30,Barcelona,30,Barcelona,0,Pau Cubarsí_2_B,,,,,94,0.000489738,0.000689197,0.0,0.0,6208
27859,2024-12-07 16:15:00,6,La Liga,27,Equipo histórico 27,30,Barcelona,30,Barcelona,0,Pau Victor_18_B,74.0,,level,,20,0.00344954,-0.00023187,0.0,0.013,524
27859,2024-12-07 16:15:00,6,La Liga,27,Equipo histórico 27,30,Barcelona,30,Barcelona,0,Pedri_8_B,,74.0,,level,74,-0.000452767,-0.000759786,0.736,1.0,7907
27859,2024-12-07 16:15:00,6,La Liga,27,Equipo histórico 27,30,Barcelona,30,Barcelona,0,Raphinha_11_B,,60.0,,leading,60,0.00131215,0.000402672,0.736,1.0,8931
27859,2024-12-07 16:15:00,6,La Liga,27,Equipo histórico 27,30,Barcelona,30,Barcelona,0,Robert Lewandowski_9_B,,74.0,,level,74,-0.00130583,0.000914094,0.564,0.999,10145
27859,2024-12-07 16:15:00,6,La Liga,27,Equipo histórico 27,30,Barcelona,30,Barcelona,0,Sergi Dominguez_36_B,,,,,0,0.000107451,-0.000938386,0.0,0.0,246
27859,2024-12-07 16:15:00,6,La Liga,27,Equipo histórico 27,30,Barcelona,30,Barcelona,0,Wojciech Szczęsny_25_B,,,,,0,0.000657671,0.000653952,0.0,0.0,2653
27861,2024-12-07 21:00:00,6,La Liga,363,Girona,31,Real Madrid,31,Real Madrid,0,Andriy Lunin_13_RM,,,,,0,0.00135314,0.00113184,0.0,0.0,4637
27861,2024-12-07 21:00:00,6,La Liga,363,Girona,31,Real Madrid,31,Real Madrid,0,Antonio Rüdiger_22_RM,,,,,96,0.00101494,0.000618977,0.0,0.0,10666
27861,2024-12-07 21:00:00,6,La Liga,363,Girona,31,Real Madrid,31,Real Madrid,0,Arda Güler_15_RM,,91.0,,leading,91,7.01941e-05,-0.000836821,0.211,0.452,2380
27861,2024-12-07 21:00:00,6,La Liga,363,Girona,31,Real Madrid,31,Real Madrid,0,Aurélien Tchouaméni_14_RM,,,,,96,-0.000603586,0.00091019,0.264,0.565,8572
27861,2024-12-07 21:00:00,6,La Liga,363,Girona,31,Real Madrid,31,Real Madrid,0,Brahim Díaz_21_RM,,,,,96,0.00321062,-0.000354507,0.082,0.176,4411
27861,2024-12-07 21:00:00,6,La Liga,363,Girona,31,Real Madrid,31,Real Madrid,0,Dani Ceballos_19_RM,63.0,,leading,,33,0.0010414,0.00086943,0.0,0.0,4606
27861,2024-12-07 21:00:00,6,La Liga,363,Girona,31,Real Madrid,31,Real Madrid,0,Daniel Yáñez_42_RM,91.0,,leading,,5,-7.33424e-05,4.00203e-05,0.0,0.0,5
27861,2024-12-07 21:00:00,6,La Liga,363,Girona,31,Real Madrid,31,Real Madrid,0,Endrick_16_RM,83.0,,leading,,13,0.00034253,0.000427653,0.0,0.0,935
27861,2024-12-07 21:00:00,6,La Liga,363,Girona,31,Real Madrid,31,Real Madrid,0,Federico Valverde_8_RM,,83.0,,leading,83,0.00109636,0.00134977,0.264,0.565,11707
27861,2024-12-07 21:00:00,6,La Liga,363,Girona,31,Real Madrid,31,Real Madrid,0,Ferland Mendy_23_RM,,83.0,,leading,83,-0.00165897,0.000241543,0.0,0.0,5435
27861,2024-12-07 21:00:00,6,La Liga,363,Girona,31,Real Madrid,31,Real Madrid,0,Fran Garcia_20_RM,83.0,,leading,,13,0.00151615,4.55278e-05,0.0,0.0,4807
27861,2024-12-07 21:00:00,6,La Liga,363,Girona,31,Real Madrid,31,Real Madrid,0,Jesús Vallejo_18_RM,,,,,0,-0.000301268,0.000142833,0.0,0.0,215
27861,2024-12-07 21:00:00,6,La Liga,363,Girona,31,Real Madrid,31,Real Madrid,0,Jude Bellingham_5_RM,,63.0,,leading,63,0.00112068,-0.000274762,0.0,0.0,7793
27861,2024-12-07 21:00:00,6,La Liga,363,Girona,31,Real Madrid,31,Real Madrid,0,Kylian Mbappé_9_RM,,83.0,,leading,83,0.00303121,2.59154e-05,0.0,0.0,4484
27861,2024-12-07 21:00:00,6,La Liga,363,Girona,31,Real Madrid,31,Real Madrid,0,Lucas Vázquez_17_RM,,,,,96,0.00132007,-0.000853061,0.0,0.0,6072
27861,2024-12-07 21:00:00,6,La Liga,363,Girona,31,Real Madrid,31,Real Madrid,0,Luka Modrić_10_RM,,,,,96,0.00146142,0.000547068,0.0,0.0,6907
27861,2024-12-07 21:00:00,6,La Liga,363,Girona,31,Real Madrid,31,Real Madrid,0,Raúl Asencio_35_RM,83.0,,leading,,13,0.00142608,0.000223416,0.0,0.0,3080
27861,2024-12-07 21:00:00,6,La Liga,363,Girona,31,Real Madrid,31,Real Madrid,0,Thibaut Courtois_1_RM,,,,,96,0.000111719,-0.000758962,0.264,0.565,7657
31685,2024-12-10 21:00:00,13,Champions League,77,Atalanta,31,Real Madrid,31,Real Madrid,0,Andriy Lunin_13_RM,,,,,0,0.00135314,0.00113184,0.0,0.0,4637
31685,2024-12-10 21:00:00,13,Champions League,77,Atalanta,31,Real Madrid,31,Real Madrid,0,Antonio Rüdiger_22_RM,,,,,90,0.00101494,0.000618977,0.0,0.0,10666
31685,2024-12-10 21:00:00,13,Champions League,77,Atalanta,31,Real Madrid,31,Real Madrid,0,Arda Güler_15_RM,,,,,4,7.01941e-05,-0.000836821,0.211,0.452,2380
31685,2024-12-10 21:00:00,13,Champions League,77,Atalanta,31,Real Madrid,31,Real Madrid,0,Aurélien Tchouaméni_14_RM,,,,,90,-0.000603586,0.00091019,0.264,0.565,8572
31685,2024-12-10 21:00:00,13,Champions League,77,Atalanta,31,Real Madrid,31,Real Madrid,0,Brahim Díaz_21_RM,,,,,83,0.00321062,-0.000354507,0.082,0.176,4411
31685,2024-12-10 21:00:00,13,Champions League,77,Atalanta,31,Real Madrid,31,Real Madrid,0,Chema_36_RM,,,,,0,-0.000144558,7.16954e-05,0.0,0.0,40
31685,2024-12-10 21:00:00,13,Champions League,77,Atalanta,31,Real Madrid,31,Real Madrid,0,Dani Ceballos_19_RM,,,,,83,0.0010414,0.00086943,0.0,0.0,4606
31685,2024-12-10 21:00:00,13,Champions League,77,Atalanta,31,Real Madrid,31,Real Madrid,0,Endrick_16_RM,,,,,0,0.00034253,0.000427653,0.0,0.0,935
31685,2024-12-10 21:00:00,13,Champions League,77,Atalanta,31,Real Madrid,31,Real Madrid,0,Federico Valverde_8_RM,,,,,90,0.00109636,0.00134977,0.264,0.565,11707
31685,2024-12-10 21:00:00,13,Champions League,77,Atalanta,31,Real Madrid,31,Real Madrid,0,Fran Garcia_20_RM,,,,,90,0.00151615,4.55278e-05,0.0,0.0,4807
31685,2024-12-10 21:00:00,13,Champions League,77,Atalanta,31,Real Madrid,31,Real Madrid,0,Jesús Vallejo_18_RM,,,,,0,-0.000301268,0.000142833,0.0,0.0,215
31685,2024-12-10 21:00:00,13,Champions League,77,Atalanta,31,Real Madrid,31,Real Madrid,0,Jude Bellingham_5_RM,,,,,86,0.00112068,-0.000274762,0.0,0.0,7793
31685,2024-12-10 21:00:00,13,Champions League,77,Atalanta,31,Real Madrid,31,Real Madrid,0,Kylian Mbappé_9_RM,,,,,35,0.00303121,2.59154e-05,0.0,0.0,4484
31685,2024-12-10 21:00:00,13,Champions League,77,Atalanta,31,Real Madrid,31,Real Madrid,0,Lucas Vázquez_17_RM,,,,,90,0.00132007,-0.000853061,0.0,0.0,6072
31685,2024-12-10 21:00:00,13,Champions League,77,Atalanta,31,Real Madrid,31,Real Madrid,0,Luka Modrić_10_RM,,,,,7,0.00146142,0.000547068,0.0,0.0,6907
31685,2024-12-10 21:00:00,13,Champions League,77,Atalanta,31,Real Madrid,31,Real Madrid,0,Raúl Asencio_35_RM,,,,,7,0.00142608,0.000223416,0.0,0.0,3080
31685,2024-12-10 21:00:00,13,Champions League,77,Atalanta,31,Real Madrid,31,Real Madrid,0,Rodrygo_11_RM,,,,,55,0.000204649,0.000315861,0.182,0.389,9181
31685,2024-12-10 21:00:00,13,Champions League,77,Atalanta,31,Real Madrid,31,Real Madrid,0,Thibaut Courtois_1_RM,,,,,90,0.000111719,-0.000758962,0.264,0.565,7657
31685,2024-12-10 21:00:00,13,Champions League,77,Atalanta,31,Real Madrid,31,Real Madrid,0,Vinicius Júnior_7_RM,,,,,90,-0.00186706,0.000820191,0.082,0.176,9694
31694,2024-12-11 21:00:00,13,Champions League,46,Dortmund,30,Barcelona,30,Barcelona,0,Alejandro Balde_3_B,,,,,90,0.00209699,0.000618303,0.0,0.0,7371
31694,2024-12-11 21:00:00,13,Champions League,46,Dortmund,30,Barcelona,30,Barcelona,0,Dani Olmo_20_B,,,,,70,0.0012088,0.000304766,0.074,0.13,1994
31694,2024-12-11 21:00:00,13,Champions League,46,Dortmund,30,Barcelona,30,Barcelona,0,Eric García_24_B,,,,,1,0.00269696,0.00108346,0.082,0.145,3325
31694,2024-12-11 21:00:00,13,Champions League,46,Dortmund,30,Barcelona,30,Barcelona,0,Fermin López_16_B,,,,,20,-0.000980475,6.51575e-05,0.728,1.0,4228
31694,2024-12-11 21:00:00,13,Champions League,46,Dortmund,30,Barcelona,30,Barcelona,0,Ferrán Torres_7_B,,,,,20,0.000824349,-0.000703702,0.18,0.318,5186
31694,2024-12-11 21:00:00,13,Champions League,46,Dortmund,30,Barcelona,30,Barcelona,0,Frenkie de Jong_21_B,,,,,20,0.00304554,-0.000291865,0.736,1.0,7300
31694,2024-12-11 21:00:00,13,Champions League,46,Dortmund,30,Barcelona,30,Barcelona,0,Gavi_6_B,,,,,0,0.00196965,0.00152903,0.0,0.0,5150
31694,2024-12-11 21:00:00,13,Champions League,46,Dortmund,30,Barcelona,30,Barcelona,0,Gerard Martín_35_B,,,,,0,0.000994252,0.000286335,0.0,0.0,1872
31694,2024-12-11 21:00:00,13,Champions League,46,Dortmund,30,Barcelona,30,Barcelona,0,Héctor Fort_32_B,,,,,0,-0.000463914,-0.000603466,0.0,0.0,1296
31694,2024-12-11 21:00:00,13,Champions League,46,Dortmund,30,Barcelona,30,Barcelona,0,Iñaki Peña_13_B,,,,,90,0.001789,-0.000771425,0.0,0.0,3754
31694,2024-12-11 21:00:00,13,Champions League,46,Dortmund,30,Barcelona,30,Barcelona,0,Iñigo Martínez_5_B,,,,,90,0.00172975,0.000118759,0.0,0.0,5736
31694,2024-12-11 21:00:00,13,Champions League,46,Dortmund,30,Barcelona,30,Barcelona,0,Jules Koundé_23_B,,,,,90,0.00223783,0.00075356,0.736,1.0,11254
31694,2024-12-11 21:00:00,13,Champions League,46,Dortmund,30,Barcelona,30,Barcelona,0,Lamine Yamal_19_B,,,,,89,0.00308054,0.000554778,0.0,0.0,7670
31694,2024-12-11 21:00:00,13,Champions League,46,Dortmund,30,Barcelona,30,Barcelona,0,Marc Casado_17_B,,,,,90,0.00126044,0.000330566,0.008,0.014,2412
31694,2024-12-11 21:00:00,13,Champions League,46,Dortmund,30,Barcelona,30,Barcelona,0,Pablo Torre_14_B,,,,,0,0.000269459,-0.000418288,0.0,0.0,690
31694,2024-12-11 21:00:00,13,Champions League,46,Dortmund,30,Barcelona,30,Barcelona,0,Pau Cubarsí_2_B,,,,,90,0.000489738,0.000689197,0.0,0.0,6208
31694,2024-12-11 21:00:00,13,Champions League,46,Dortmund,30,Barcelona,30,Barcelona,0,Pau Victor_18_B,,,,,1,0.00344954,-0.00023187,0.0,0.013,524
31694,2024-12-11 21:00:00,13,Champions League,46,Dortmund,30,Barcelona,30,Barcelona,0,Pedri_8_B,,,,,89,-0.000452767,-0.000759786,0.736,1.0,7907
31694,2024-12-11 21:00:00,13,Champions League,46,Dortmund,30,Barcelona,30,Barcelona,0,Raphinha_11_B,,,,,70,0.00131215,0.000402672,0.736,1.0,8931
31694,2024-12-11 21:00:00,13,Champions League,46,Dortmund,30,Barcelona,30,Barcelona,0,Robert Lewandowski_9_B,,,,,70,-0.00130583,0.000914094,0.564,0.999,10145
31694,2024-12-11 21:00:00,13,Champions League,46,Dortmund,30,Barcelona,30,Barcelona,0,Ronald Araújo_4_B,,,,,0,0.00016609,0.000959492,0.736,1.0,6661
31694,2024-12-11 21:00:00,13,Champions League,46,Dortmund,30,Barcelona,30,Barcelona,0,Wojciech Szczęsny_25_B,,,,,0,0.000657671,0.000653952,0.0,0.0,2653
27871,2024-12-14 21:00:00,6,La Liga,202,Rayo Vallecano,31,Real Madrid,31,Real Madrid,0,Andriy Lunin_13_RM,,,,,0,0.00135314,0.00113184,0.0,0.0,4637
27871,2024-12-14 21:00:00,6,La Liga,202,Rayo Vallecano,31,Real Madrid,31,Real Madrid,0,Antonio Rüdiger_22_RM,,,,,98,0.00101494,0.000618977,0.0,0.0,10666
27871,2024-12-14 21:00:00,6,La Liga,202,Rayo Vallecano,31,Real Madrid,31,Real Madrid,0,Arda Güler_15_RM,,79.0,,level,79,7.01941e-05,-0.000836821,0.211,0.452,2380
27871,2024-12-14 21:00:00,6,La Liga,202,Rayo Vallecano,31,Real Madrid,31,Real Madrid,0,Aurélien Tchouaméni_14_RM,,,,,98,-0.000603586,0.00091019,0.264,0.565,8572
27871,2024-12-14 21:00:00,6,La Liga,202,Rayo Vallecano,31,Real Madrid,31,Real Madrid,0,Brahim Díaz_21_RM,,63.0,,leading,63,0.00321062,-0.000354507,0.082,0.176,4411
27871,2024-12-14 21:00:00,6,La Liga,202,Rayo Vallecano,31,Real Madrid,31,Real Madrid,0,Dani Ceballos_19_RM,79.0,,level,,19,0.0010414,0.00086943,0.0,0.0,4606
27871,2024-12-14 21:00:00,6,La Liga,202,Rayo Vallecano,31,Real Madrid,31,Real Madrid,0,Eduardo Camavinga_6_RM,72.0,,level,,26,0.000527662,0.000882211,0.0,0.0,7525
27871,2024-12-14 21:00:00,6,La Liga,202,Rayo Vallecano,31,Real Madrid,31,Real Madrid,0,Endrick_16_RM,79.0,,level,,19,0.00034253,0.000427653,0.0,0.0,935
27871,2024-12-14 21:00:00,6,La Liga,202,Rayo Vallecano,31,Real Madrid,31,Real Madrid,0,Federico Valverde_8_RM,,,,,98,0.00109636,0.00134977,0.264,0.565,11707
27871,2024-12-14 21:00:00,6,La Liga,202,Rayo Vallecano,31,Real Madrid,31,Real Madrid,0,Fran Garcia_20_RM,,,,,98,0.00151615,4.55278e-05,0.0,0.0,4807
27871,2024-12-14 21:00:00,6,La Liga,202,Rayo Vallecano,31,Real Madrid,31,Real Madrid,0,Jesús Vallejo_18_RM,,,,,0,-0.000301268,0.000142833,0.0,0.0,215
27871,2024-12-14 21:00:00,6,La Liga,202,Rayo Vallecano,31,Real Madrid,31,Real Madrid,0,Jude Bellingham_5_RM,,,,,98,0.00112068,-0.000274762,0.0,0.0,7793
27871,2024-12-14 21:00:00,6,La Liga,202,Rayo Vallecano,31,Real Madrid,31,Real Madrid,0,Lorenzo Aguado_39_RM,,,,,0,2.64839e-05,3.34154e-05,0.0,0.0,68
27871,2024-12-14 21:00:00,6,La Liga,202,Rayo Vallecano,31,Real Madrid,31,Real Madrid,0,Lucas Vázquez_17_RM,,79.0,,level,79,0.00132007,-0.000853061,0.0,0.0,6072
27871,2024-12-14 21:00:00,6,La Liga,202,Rayo Vallecano,31,Real Madrid,31,Real Madrid,0,Luka Modrić_10_RM,,72.0,,level,72,0.00146142,0.000547068,0.0,0.0,6907
27871,2024-12-14 21:00:00,6,La Liga,202,Rayo Vallecano,31,Real Madrid,31,Real Madrid,0,Raúl Asencio_35_RM,,,,,0,0.00142608,0.000223416,0.0,0.0,3080
27871,2024-12-14 21:00:00,6,La Liga,202,Rayo Vallecano,31,Real Madrid,31,Real Madrid,0,Rodrygo_11_RM,,,,,98,0.000204649,0.000315861,0.182,0.389,9181
27871,2024-12-14 21:00:00,6,La Liga,202,Rayo Vallecano,31,Real Madrid,31,Real Madrid,0,Thibaut Courtois_1_RM,,,,,98,0.000111719,-0.000758962,0.264,0.565,7657
27871,2024-12-14 21:00:00,6,La Liga,202,Rayo Vallecano,31,Real Madrid,31,Real Madrid,0,Vinicius Júnior_7_RM,63.0,,leading,,35,-0.00186706,0.000820191,0.082,0.176,9694
27871,2024-12-14 21:00:00,6,La Liga,202,Rayo Vallecano,31,Real Madrid,31,Real Madrid,0,Víctor Muñoz_44_RM,,,,,0,0.000977707,0.000167254,0.0,0.0,43
27876,2024-12-15 21:00:00,6,La Liga,30,Barcelona,667,Equipo histórico 667,30,Barcelona,1,Alejandro Balde_3_B,,,,,101,0.00209699,0.000618303,0.0,0.0,7371
27876,2024-12-15 21:00:00,6,La Liga,30,Barcelona,667,Equipo histórico 667,30,Barcelona,1,Dani Olmo_20_B,,72.0,,trailing,72,0.0012088,0.000304766,0.074,0.13,1994
27876,2024-12-15 21:00:00,6,La Liga,30,Barcelona,667,Equipo histórico 667,30,Barcelona,1,Eric García_24_B,,80.0,,trailing,80,0.00269696,0.00108346,0.082,0.145,3325
27876,2024-12-15 21:00:00,6,La Liga,30,Barcelona,667,Equipo histórico 667,30,Barcelona,1,Fermin López_16_B,72.0,,trailing,,29,-0.000980475,6.51575e-05,0.728,1.0,4228
27876,2024-12-15 21:00:00,6,La Liga,30,Barcelona,667,Equipo histórico 667,30,Barcelona,1,Ferrán Torres_7_B,72.0,,trailing,,29,0.000824349,-0.000703702,0.18,0.318,5186
27876,2024-12-15 21:00:00,6,La Liga,30,Barcelona,667,Equipo histórico 667,30,Barcelona,1,Frenkie de Jong_21_B,,,,,0,0.00304554,-0.000291865,0.736,1.0,7300
27876,2024-12-15 21:00:00,6,La Liga,30,Barcelona,667,Equipo histórico 667,30,Barcelona,1,Gavi_6_B,81.0,,trailing,,20,0.00196965,0.00152903,0.0,0.0,5150
27876,2024-12-15 21:00:00,6,La Liga,30,Barcelona,667,Equipo histórico 667,30,Barcelona,1,Gerard Martín_35_B,,,,,0,0.000994252,0.000286335,0.0,0.0,1872
27876,2024-12-15 21:00:00,6,La Liga,30,Barcelona,667,Equipo histórico 667,30,Barcelona,1,Héctor Fort_32_B,,,,,0,-0.000463914,-0.000603466,0.0,0.0,1296
27876,2024-12-15 21:00:00,6,La Liga,30,Barcelona,667,Equipo histórico 667,30,Barcelona,1,Iñaki Peña_13_B,,,,,101,0.001789,-0.000771425,0.0,0.0,3754
27876,2024-12-15 21:00:00,6,La Liga,30,Barcelona,667,Equipo histórico 667,30,Barcelona,1,Iñigo Martínez_5_B,,,,,101,0.00172975,0.000118759,0.0,0.0,5736
27876,2024-12-15 21:00:00,6,La Liga,30,Barcelona,667,Equipo histórico 667,30,Barcelona,1,Jules Koundé_23_B,,,,,101,0.00223783,0.00075356,0.736,1.0,11254
27876,2024-12-15 21:00:00,6,La Liga,30,Barcelona,667,Equipo histórico 667,30,Barcelona,1,Lamine Yamal_19_B,,81.0,,trailing,81,0.00308054,0.000554778,0.0,0.0,7670
27876,2024-12-15 21:00:00,6,La Liga,30,Barcelona,667,Equipo histórico 667,30,Barcelona,1,Marc Casado_17_B,,86.0,,trailing,86,0.00126044,0.000330566,0.008,0.014,2412
27876,2024-12-15 21:00:00,6,La Liga,30,Barcelona,667,Equipo histórico 667,30,Barcelona,1,Pablo Torre_14_B,,,,,0,0.000269459,-0.000418288,0.0,0.0,690
27876,2024-12-15 21:00:00,6,La Liga,30,Barcelona,667,Equipo histórico 667,30,Barcelona,1,Pau Cubarsí_2_B,80.0,,trailing,,21,0.000489738,0.000689197,0.0,0.0,6208
27876,2024-12-15 21:00:00,6,La Liga,30,Barcelona,667,Equipo histórico 667,30,Barcelona,1,Pau Victor_18_B,86.0,,trailing,,15,0.00344954,-0.00023187,0.0,0.013,524
27876,2024-12-15 21:00:00,6,La Liga,30,Barcelona,667,Equipo histórico 667,30,Barcelona,1,Pedri_8_B,,,,,101,-0.000452767,-0.000759786,0.736,1.0,7907
27876,2024-12-15 21:00:00,6,La Liga,30,Barcelona,667,Equipo histórico 667,30,Barcelona,1,Raphinha_11_B,,,,,101,0.00131215,0.000402672,0.736,1.0,8931
27876,2024-12-15 21:00:00,6,La Liga,30,Barcelona,667,Equipo histórico 667,30,Barcelona,1,Robert Lewandowski_9_B,,72.0,,trailing,72,-0.00130583,0.000914094,0.564,0.999,10145
27876,2024-12-15 21:00:00,6,La Liga,30,Barcelona,667,Equipo histórico 667,30,Barcelona,1,Ronald Araújo_4_B,,,,,0,0.00016609,0.000959492,0.736,1.0,6661
27876,2024-12-15 21:00:00,6,La Liga,30,Barcelona,667,Equipo histórico 667,30,Barcelona,1,Wojciech Szczęsny_25_B,,,,,0,0.000657671,0.000653952,0.0,0.0,2653
27883,2024-12-21 21:00:00,6,La Liga,30,Barcelona,39,Atlético Madrid,30,Barcelona,1,Alejandro Balde_3_B,,,,,96,0.00209699,0.000618303,0.0,0.0,7371
27883,2024-12-21 21:00:00,6,La Liga,30,Barcelona,39,Atlético Madrid,30,Barcelona,1,Ansu Fati_10_B,,,,,0,-0.000152001,0.000578713,0.0,0.0,1536
27883,2024-12-21 21:00:00,6,La Liga,30,Barcelona,39,Atlético Madrid,30,Barcelona,1,Dani Olmo_20_B,64.0,,level,,32,0.0012088,0.000304766,0.074,0.13,1994
27883,2024-12-21 21:00:00,6,La Liga,30,Barcelona,39,Atlético Madrid,30,Barcelona,1,Eric García_24_B,80.0,,level,,16,0.00269696,0.00108346,0.082,0.145,3325
27883,2024-12-21 21:00:00,6,La Liga,30,Barcelona,39,Atlético Madrid,30,Barcelona,1,Fermin López_16_B,,64.0,,level,64,-0.000980475,6.51575e-05,0.728,1.0,4228
27883,2024-12-21 21:00:00,6,La Liga,30,Barcelona,39,Atlético Madrid,30,Barcelona,1,Ferrán Torres_7_B,64.0,,level,,32,0.000824349,-0.000703702,0.18,0.318,5186
27883,2024-12-21 21:00:00,6,La Liga,30,Barcelona,39,Atlético Madrid,30,Barcelona,1,Frenkie de Jong_21_B,,,,,0,0.00304554,-0.000291865,0.736,1.0,7300
27883,2024-12-21 21:00:00,6,La Liga,30,Barcelona,39,Atlético Madrid,30,Barcelona,1,Gavi_6_B,,64.0,,level,64,0.00196965,0.00152903,0.0,0.0,5150
27883,2024-12-21 21:00:00,6,La Liga,30,Barcelona,39,Atlético Madrid,30,Barcelona,1,Gerard Martín_35_B,,,,,0,0.000994252,0.000286335,0.0,0.0,1872
27883,2024-12-21 21:00:00,6,La Liga,30,Barcelona,39,Atlético Madrid,30,Barcelona,1,Iñaki Peña_13_B,,,,,96,0.001789,-0.000771425,0.0,0.0,3754
27883,2024-12-21 21:00:00,6,La Liga,30,Barcelona,39,Atlético Madrid,30,Barcelona,1,Iñigo Martínez_5_B,,,,,96,0.00172975,0.000118759,0.0,0.0,5736
27883,2024-12-21 21:00:00,6,La Liga,30,Barcelona,39,Atlético Madrid,30,Barcelona,1,Jules Koundé_23_B,,,,,96,0.00223783,0.00075356,0.736,1.0,11254
27883,2024-12-21 21:00:00,6,La Liga,30,Barcelona,39,Atlético Madrid,30,Barcelona,1,Marc Casado_17_B,,80.0,,level,80,0.00126044,0.000330566,0.008,0.014,2412
27883,2024-12-21 21:00:00,6,La Liga,30,Barcelona,39,Atlético Madrid,30,Barcelona,1,Pablo Torre_14_B,,,,,0,0.000269459,-0.000418288,0.0,0.0,690
27883,2024-12-21 21:00:00,6,La Liga,30,Barcelona,39,Atlético Madrid,30,Barcelona,1,Pau Cubarsí_2_B,,,,,96,0.000489738,0.000689197,0.0,0.0,6208
27883,2024-12-21 21:00:00,6,La Liga,30,Barcelona,39,Atlético Madrid,30,Barcelona,1,Pau Victor_18_B,,,,,0,0.00344954,-0.00023187,0.0,0.013,524
27883,2024-12-21 21:00:00,6,La Liga,30,Barcelona,39,Atlético Madrid,30,Barcelona,1,Pedri_8_B,,,,,96,-0.000452767,-0.000759786,0.736,1.0,7907
27883,2024-12-21 21:00:00,6,La Liga,30,Barcelona,39,Atlético Madrid,30,Barcelona,1,Raphinha_11_B,,,,,96,0.00131215,0.000402672,0.736,1.0,8931
27883,2024-12-21 21:00:00,6,La Liga,30,Barcelona,39,Atlético Madrid,30,Barcelona,1,Robert Lewandowski_9_B,,,,,96,-0.00130583,0.000914094,0.564,0.999,10145
27883,2024-12-21 21:00:00,6,La Liga,30,Barcelona,39,Atlético Madrid,30,Barcelona,1,Ronald Araújo_4_B,,,,,0,0.00016609,0.000959492,0.736,1.0,6661
27883,2024-12-21 21:00:00,6,La Liga,30,Barcelona,39,Atlético Madrid,30,Barcelona,1,Sergi Dominguez_36_B,,,,,0,0.000107451,-0.000938386,0.0,0.0,246
27883,2024-12-21 21:00:00,6,La Liga,30,Barcelona,39,Atlético Madrid,30,Barcelona,1,Wojciech Szczęsny_25_B,,,,,0,0.000657671,0.000653952,0.0,0.0,2653
27885,2024-12-22 16:15:00,6,La Liga,31,Real Madrid,32,Sevilla,31,Real Madrid,1,Andriy Lunin_13_RM,,,,,0,0.00135314,0.00113184,0.0,0.0,4637
27885,2024-12-22 16:15:00,6,La Liga,31,Real Madrid,32,Sevilla,31,Real Madrid,1,Antonio Rüdiger_22_RM,,,,,93,0.00101494,0.000618977,0.0,0.0,10666
27885,2024-12-22 16:15:00,6,La Liga,31,Real Madrid,32,Sevilla,31,Real Madrid,1,Arda Güler_15_RM,74.0,,leading,,19,7.01941e-05,-0.000836821,0.211,0.452,2380
27885,2024-12-22 16:15:00,6,La Liga,31,Real Madrid,32,Sevilla,31,Real Madrid,1,Aurélien Tchouaméni_14_RM,,,,,93,-0.000603586,0.00091019,0.264,0.565,8572
27885,2024-12-22 16:15:00,6,La Liga,31,Real Madrid,32,Sevilla,31,Real Madrid,1,Brahim Díaz_21_RM,,,,,93,0.00321062,-0.000354507,0.082,0.176,4411
27885,2024-12-22 16:15:00,6,La Liga,31,Real Madrid,32,Sevilla,31,Real Madrid,1,Dani Ceballos_19_RM,,74.0,,leading,74,0.0010414,0.00086943,0.0,0.0,4606
27885,2024-12-22 16:15:00,6,La Liga,31,Real Madrid,32,Sevilla,31,Real Madrid,1,Eduardo Camavinga_6_RM,,,,,93,0.000527662,0.000882211,0.0,0.0,7525
27885,2024-12-22 16:15:00,6,La Liga,31,Real Madrid,32,Sevilla,31,Real Madrid,1,Endrick_16_RM,,,,,0,0.00034253,0.000427653,0.0,0.0,935
27885,2024-12-22 16:15:00,6,La Liga,31,Real Madrid,32,Sevilla,31,Real Madrid,1,Federico Valverde_8_RM,,,,,93,0.00109636,0.00134977,0.264,0.565,11707
27885,2024-12-22 16:15:00,6,La Liga,31,Real Madrid,32,Sevilla,31,Real Madrid,1,Ferland Mendy_23_RM,,,,,0,-0.00165897,0.000241543,0.0,0.0,5435
27885,2024-12-22 16:15:00,6,La Liga,31,Real Madrid,32,Sevilla,31,Real Madrid,1,Fran Garcia_20_RM,,,,,0,0.00151615,4.55278e-05,0.0,0.0,4807
27885,2024-12-22 16:15:00,6,La Liga,31,Real Madrid,32,Sevilla,31,Real Madrid,1,Jesús Vallejo_18_RM,,,,,0,-0.000301268,0.000142833,0.0,0.0,215
27885,2024-12-22 16:15:00,6,La Liga,31,Real Madrid,32,Sevilla,31,Real Madrid,1,Jude Bellingham_5_RM,,80.0,,leading,80,0.00112068,-0.000274762,0.0,0.0,7793
27885,2024-12-22 16:15:00,6,La Liga,31,Real Madrid,32,Sevilla,31,Real Madrid,1,Kylian Mbappé_9_RM,,,,,93,0.00303121,2.59154e-05,0.0,0.0,4484
27885,2024-12-22 16:15:00,6,La Liga,31,Real Madrid,32,Sevilla,31,Real Madrid,1,Lucas Vázquez_17_RM,,,,,93,0.00132007,-0.000853061,0.0,0.0,6072
27885,2024-12-22 16:15:00,6,La Liga,31,Real Madrid,32,Sevilla,31,Real Madrid,1,Luka Modrić_10_RM,74.0,,leading,,19,0.00146142,0.000547068,0.0,0.0,6907
27885,2024-12-22 16:15:00,6,La Liga,31,Real Madrid,32,Sevilla,31,Real Madrid,1,Raúl Asencio_35_RM,80.0,,leading,,13,0.00142608,0.000223416,0.0,0.0,3080
27885,2024-12-22 16:15:00,6,La Liga,31,Real Madrid,32,Sevilla,31,Real Madrid,1,Rodrygo_11_RM,,74.0,,leading,74,0.000204649,0.000315861,0.182,0.389,9181
27885,2024-12-22 16:15:00,6,La Liga,31,Real Madrid,32,Sevilla,31,Real Madrid,1,Thibaut Courtois_1_RM,,,,,93,0.000111719,-0.000758962,0.264,0.565,7657
27889,2025-01-03 21:00:00,6,La Liga,37,Valencia,31,Real Madrid,31,Real Madrid,0,Andriy Lunin_13_RM,,,,,0,0.00135314,0.00113184,0.0,0.0,4637
27889,2025-01-03 21:00:00,6,La Liga,37,Valencia,31,Real Madrid,31,Real Madrid,0,Antonio Rüdiger_22_RM,,,,,104,0.00101494,0.000618977,0.0,0.0,10666
27889,2025-01-03 21:00:00,6,La Liga,37,Valencia,31,Real Madrid,31,Real Madrid,0,Arda Güler_15_RM,,,,,0,7.01941e-05,-0.000836821,0.211,0.452,2380
27889,2025-01-03 21:00:00,6,La Liga,37,Valencia,31,Real Madrid,31,Real Madrid,0,Aurélien Tchouaméni_14_RM,,,,,104,-0.000603586,0.00091019,0.264,0.565,8572
27889,2025-01-03 21:00:00,6,La Liga,37,Valencia,31,Real Madrid,31,Real Madrid,0,Brahim Díaz_21_RM,72.0,,trailing,,32,0.00321062,-0.000354507,0.082,0.176,4411
27889,2025-01-03 21:00:00,6,La Liga,37,Valencia,31,Real Madrid,31,Real Madrid,0,Dani Ceballos_19_RM,,84.0,,trailing,84,0.0010414,0.00086943,0.0,0.0,4606
27889,2025-01-03 21:00:00,6,La Liga,37,Valencia,31,Real Madrid,31,Real Madrid,0,Eduardo Camavinga_6_RM,72.0,,trailing,,32,0.000527662,0.000882211,0.0,0.0,7525
27889,2025-01-03 21:00:00,6,La Liga,37,Valencia,31,Real Madrid,31,Real Madrid,0,Endrick_16_RM,,,,,0,0.00034253,0.000427653,0.0,0.0,935
27889,2025-01-03 21:00:00,6,La Liga,37,Valencia,31,Real Madrid,31,Real Madrid,0,Federico Valverde_8_RM,,,,,104,0.00109636,0.00134977,0.264,0.565,11707
27889,2025-01-03 21:00:00,6,La Liga,37,Valencia,31,Real Madrid,31,Real Madrid,0,Ferland Mendy_23_RM,,72.0,,trailing,72,-0.00165897,0.000241543,0.0,0.0,5435
27889,2025-01-03 21:00:00,6,La Liga,37,Valencia,31,Real Madrid,31,Real Madrid,0,Fran Garcia_20_RM,,,,,0,0.00151615,4.55278e-05,0.0,0.0,4807
27889,2025-01-03 21:00:00,6,La Liga,37,Valencia,31,Real Madrid,31,Real Madrid,0,Fran_26_RM,,,,,0,0.000589259,3.17888e-05,0.0,0.0,101
27889,2025-01-03 21:00:00,6,La Liga,37,Valencia,31,Real Madrid,31,Real Madrid,0,Jesús Vallejo_18_RM,,,,,0,-0.000301268,0.000142833,0.0,0.0,215
27889,2025-01-03 21:00:00,6,La Liga,37,Valencia,31,Real Madrid,31,Real Madrid,0,Jude Bellingham_5_RM,,101.0,,leading,101,0.00112068,-0.000274762,0.0,0.0,7793
27889,2025-01-03 21:00:00,6,La Liga,37,Valencia,31,Real Madrid,31,Real Madrid,0,Kylian Mbappé_9_RM,,,,,104,0.00303121,2.59154e-05,0.0,0.0,4484
27889,2025-01-03 21:00:00,6,La Liga,37,Valencia,31,Real Madrid,31,Real Madrid,0,Lucas Vázquez_17_RM,,,,,104,0.00132007,-0.000853061,0.0,0.0,6072
27889,2025-01-03 21:00:00,6,La Liga,37,Valencia,31,Real Madrid,31,Real Madrid,0,Luka Modrić_10_RM,84.0,,trailing,,20,0.00146142,0.000547068,0.0,0.0,6907
27889,2025-01-03 21:00:00,6,La Liga,37,Valencia,31,Real Madrid,31,Real Madrid,0,Raúl Asencio_35_RM,101.0,,leading,,3,0.00142608,0.000223416,0.0,0.0,3080
27889,2025-01-03 21:00:00,6,La Liga,37,Valencia,31,Real Madrid,31,Real Madrid,0,Rodrygo_11_RM,,72.0,,trailing,72,0.000204649,0.000315861,0.182,0.389,9181
27889,2025-01-03 21:00:00,6,La Liga,37,Valencia,31,Real Madrid,31,Real Madrid,0,Thibaut Courtois_1_RM,,,,,104,0.000111719,-0.000758962,0.264,0.565,7657
27889,2025-01-03 21:00:00,6,La Liga,37,Valencia,31,Real Madrid,31,Real Madrid,0,Vinicius Júnior_7_RM,,,,,104,-0.00186706,0.000820191,0.082,0.176,9694
33670,2025-01-04 19:00:00,17,Copa del Rey,1,Unknown Team X,30,Barcelona,30,Barcelona,0,Alejandro Balde_3_B,,,,,0,0.00209699,0.000618303,0.0,0.0,7371
33670,2025-01-04 19:00:00,17,Copa del Rey,1,Unknown Team X,30,Barcelona,30,Barcelona,0,Ansu Fati_10_B,,,,,29,-0.000152001,0.000578713,0.0,0.0,1536
33670,2025-01-04 19:00:00,17,Copa del Rey,1,Unknown Team X,30,Barcelona,30,Barcelona,0,Eric García_24_B,,,,,90,0.00269696,0.00108346,0.082,0.145,3325
33670,2025-01-04 19:00:00,17,Copa del Rey,1,Unknown Team X,30,Barcelona,30,Barcelona,0,Fermin López_16_B,,,,,90,-0.000980475,6.51575e-05,0.728,1.0,4228
33670,2025-01-04 19:00:00,17,Copa del Rey,1,Unknown Team X,30,Barcelona,30,Barcelona,0,Frenkie de Jong_21_B,,,,,90,0.00304554,-0.000291865,0.736,1.0,7300
33670,2025-01-04 19:00:00,17,Copa del Rey,1,Unknown Team X,30,Barcelona,30,Barcelona,0,Gavi_6_B,,,,,45,0.00196965,0.00152903,0.0,0.0,5150
33670,2025-01-04 19:00:00,17,Copa del Rey,1,Unknown Team X,30,Barcelona,30,Barcelona,0,Gerard Martín_35_B,,,,,90,0.000994252,0.000286335,0.0,0.0,1872
33670,2025-01-04 19:00:00,17,Copa del Rey,1,Unknown Team X,30,Barcelona,30,Barcelona,0,Iñaki Peña_13_B,,,,,0,0.001789,-0.000771425,0.0,0.0,3754
33670,2025-01-04 19:00:00,17,Copa del Rey,1,Unknown Team X,30,Barcelona,30,Barcelona,0,Iñigo Martínez_5_B,,,,,61,0.00172975,0.000118759,0.0,0.0,5736
33670,2025-01-04 19:00:00,17,Copa del Rey,1,Unknown Team X,30,Barcelona,30,Barcelona,0,Jules Koundé_23_B,,,,,61,0.00223783,0.00075356,0.736,1.0,11254
33670,2025-01-04 19:00:00,17,Copa del Rey,1,Unknown Team X,30,Barcelona,30,Barcelona,0,Marc Casado_17_B,,,,,0,0.00126044,0.000330566,0.008,0.014,2412
33670,2025-01-04 19:00:00,17,Copa del Rey,1,Unknown Team X,30,Barcelona,30,Barcelona,0,Pablo Torre_14_B,,,,,80,0.000269459,-0.000418288,0.0,0.0,690
33670,2025-01-04 19:00:00,17,Copa del Rey,1,Unknown Team X,30,Barcelona,30,Barcelona,0,Pau Cubarsí_2_B,,,,,29,0.000489738,0.000689197,0.0,0.0,6208
33670,2025-01-04 19:00:00,17,Copa del Rey,1,Unknown Team X,30,Barcelona,30,Barcelona,0,Pedri_8_B,,,,,45,-0.000452767,-0.000759786,0.736,1.0,7907
33670,2025-01-04 19:00:00,17,Copa del Rey,1,Unknown Team X,30,Barcelona,30,Barcelona,0,Robert Lewandowski_9_B,,,,,61,-0.00130583,0.000914094,0.564,0.999,10145
33670,2025-01-04 19:00:00,17,Copa del Rey,1,Unknown Team X,30,Barcelona,30,Barcelona,0,Ronald Araújo_4_B,,,,,90,0.00016609,0.000959492,0.736,1.0,6661
33670,2025-01-04 19:00:00,17,Copa del Rey,1,Unknown Team X,30,Barcelona,30,Barcelona,0,Sergi Dominguez_36_B,,,,,29,0.000107451,-0.000938386,0.0,0.0,246
33670,2025-01-04 19:00:00,17,Copa del Rey,1,Unknown Team X,30,Barcelona,30,Barcelona,0,Wojciech Szczęsny_25_B,,,,,90,0.000657671,0.000653952,0.0,0.0,2653
33678,2025-01-06 19:00:00,17,Copa del Rey,1,Unknown Team X,31,Real Madrid,31,Real Madrid,0,Andriy Lunin_13_RM,,,,,90,0.00135314,0.00113184,0.0,0.0,4637
33678,2025-01-06 19:00:00,17,Copa del Rey,1,Unknown Team X,31,Real Madrid,31,Real Madrid,0,Arda Güler_15_RM,,,,,90,7.01941e-05,-0.000836821,0.211,0.452,2380
33678,2025-01-06 19:00:00,17,Copa del Rey,1,Unknown Team X,31,Real Madrid,31,Real Madrid,0,Aurélien Tchouaméni_14_RM,,,,,0,-0.000603586,0.00091019,0.264,0.565,8572
33678,2025-01-06 19:00:00,17,Copa del Rey,1,Unknown Team X,31,Real Madrid,31,Real Madrid,0,Brahim Díaz_21_RM,,,,,62,0.00321062,-0.000354507,0.082,0.176,4411
33678,2025-01-06 19:00:00,17,Copa del Rey,1,Unknown Team X,31,Real Madrid,31,Real Madrid,0,Chema_36_RM,,,,,28,-0.000144558,7.16954e-05,0.0,0.0,40
33678,2025-01-06 19:00:00,17,Copa del Rey,1,Unknown Team X,31,Real Madrid,31,Real Madrid,0,Dani Ceballos_19_RM,,,,,45,0.0010414,0.00086943,0.0,0.0,4606
33678,2025-01-06 19:00:00,17,Copa del Rey,1,Unknown Team X,31,Real Madrid,31,Real Madrid,0,Eduardo Camavinga_6_RM,,,,,62,0.000527662,0.000882211,0.0,0.0,7525
33678,2025-01-06 19:00:00,17,Copa del Rey,1,Unknown Team X,31,Real Madrid,31,Real Madrid,0,Endrick_16_RM,,,,,90,0.00034253,0.000427653,0.0,0.0,935
33678,2025-01-06 19:00:00,17,Copa del Rey,1,Unknown Team X,31,Real Madrid,31,Real Madrid,0,Federico Valverde_8_RM,,,,,45,0.00109636,0.00134977,0.264,0.565,11707
33678,2025-01-06 19:00:00,17,Copa del Rey,1,Unknown Team X,31,Real Madrid,31,Real Madrid,0,Ferland Mendy_23_RM,,,,,0,-0.00165897,0.000241543,0.0,0.0,5435
33678,2025-01-06 19:00:00,17,Copa del Rey,1,Unknown Team X,31,Real Madrid,31,Real Madrid,0,Fran Garcia_20_RM,,,,,90,0.00151615,4.55278e-05,0.0,0.0,4807
33678,2025-01-06 19:00:00,17,Copa del Rey,1,Unknown Team X,31,Real Madrid,31,Real Madrid,0,Fran_26_RM,,,,,0,0.000589259,3.17888e-05,0.0,0.0,101
33678,2025-01-06 19:00:00,17,Copa del Rey,1,Unknown Team X,31,Real Madrid,31,Real Madrid,0,Gonzalo García_30_RM,,,,,0,-5.36235e-05,0.000482841,0.0,0.0,94
33678,2025-01-06 19:00:00,17,Copa del Rey,1,Unknown Team X,31,Real Madrid,31,Real Madrid,0,Jude Bellingham_5_RM,,,,,0,0.00112068,-0.000274762,0.0,0.0,7793
33678,2025-01-06 19:00:00,17,Copa del Rey,1,Unknown Team X,31,Real Madrid,31,Real Madrid,0,Kylian Mbappé_9_RM,,,,,28,0.00303121,2.59154e-05,0.0,0.0,4484
33678,2025-01-06 19:00:00,17,Copa del Rey,1,Unknown Team X,31,Real Madrid,31,Real Madrid,0,Lorenzo Aguado_39_RM,,,,,62,2.64839e-05,3.34154e-05,0.0,0.0,68
33678,2025-01-06 19:00:00,17,Copa del Rey,1,Unknown Team X,31,Real Madrid,31,Real Madrid,0,Lucas Vázquez_17_RM,,,,,28,0.00132007,-0.000853061,0.0,0.0,6072
33678,2025-01-06 19:00:00,17,Copa del Rey,1,Unknown Team X,31,Real Madrid,31,Real Madrid,0,Luka Modrić_10_RM,,,,,62,0.00146142,0.000547068,0.0,0.0,6907
33678,2025-01-06 19:00:00,17,Copa del Rey,1,Unknown Team X,31,Real Madrid,31,Real Madrid,0,Raúl Asencio_35_RM,,,,,90,0.00142608,0.000223416,0.0,0.0,3080
33678,2025-01-06 19:00:00,17,Copa del Rey,1,Unknown Team X,31,Real Madrid,31,Real Madrid,0,Rodrygo_11_RM,,,,,0,0.000204649,0.000315861,0.182,0.389,9181
33678,2025-01-06 19:00:00,17,Copa del Rey,1,Unknown Team X,31,Real Madrid,31,Real Madrid,0,Vinicius Júnior_7_RM,,,,,28,-0.00186706,0.000820191,0.082,0.176,9694
33683,2025-01-15 21:00:00,17,Copa del Rey,30,Barcelona,27,Equipo histórico 27,30,Barcelona,1,Alejandro Balde_3_B,,,,,0,0.00209699,0.000618303,0.0,0.0,7371
33683,2025-01-15 21:00:00,17,Copa del Rey,30,Barcelona,27,Equipo histórico 27,30,Barcelona,1,Dani Olmo_20_B,,,,,90,0.0012088,0.000304766,0.074,0.13,1994
33683,2025-01-15 21:00:00,17,Copa del Rey,30,Barcelona,27,Equipo histórico 27,30,Barcelona,1,Eric García_24_B,,,,,27,0.00269696,0.00108346,0.082,0.145,3325
33683,2025-01-15 21:00:00,17,Copa del Rey,30,Barcelona,27,Equipo histórico 27,30,Barcelona,1,Fermin López_16_B,,,,,19,-0.000980475,6.51575e-05,0.728,1.0,4228
33683,2025-01-15 21:00:00,17,Copa del Rey,30,Barcelona,27,Equipo histórico 27,30,Barcelona,1,Ferrán Torres_7_B,,,,,27,0.000824349,-0.000703702,0.18,0.318,5186
33683,2025-01-15 21:00:00,17,Copa del Rey,30,Barcelona,27,Equipo histórico 27,30,Barcelona,1,Frenkie de Jong_21_B,,,,,90,0.00304554,-0.000291865,0.736,1.0,7300
33683,2025-01-15 21:00:00,17,Copa del Rey,30,Barcelona,27,Equipo histórico 27,30,Barcelona,1,Gavi_6_B,,,,,71,0.00196965,0.00152903,0.0,0.0,5150
33683,2025-01-15 21:00:00,17,Copa del Rey,30,Barcelona,27,Equipo histórico 27,30,Barcelona,1,Gerard Martín_35_B,,,,,90,0.000994252,0.000286335,0.0,0.0,1872
33683,2025-01-15 21:00:00,17,Copa del Rey,30,Barcelona,27,Equipo histórico 27,30,Barcelona,1,Héctor Fort_32_B,,,,,0,-0.000463914,-0.000603466,0.0,0.0,1296
33683,2025-01-15 21:00:00,17,Copa del Rey,30,Barcelona,27,Equipo histórico 27,30,Barcelona,1,Iñaki Peña_13_B,,,,,90,0.001789,-0.000771425,0.0,0.0,3754
33683,2025-01-15 21:00:00,17,Copa del Rey,30,Barcelona,27,Equipo histórico 27,30,Barcelona,1,Jules Koundé_23_B,,,,,90,0.00223783,0.00075356,0.736,1.0,11254
33683,2025-01-15 21:00:00,17,Copa del Rey,30,Barcelona,27,Equipo histórico 27,30,Barcelona,1,Lamine Yamal_19_B,,,,,76,0.00308054,0.000554778,0.0,0.0,7670
33683,2025-01-15 21:00:00,17,Copa del Rey,30,Barcelona,27,Equipo histórico 27,30,Barcelona,1,Marc Casado_17_B,,,,,0,0.00126044,0.000330566,0.008,0.014,2412
33683,2025-01-15 21:00:00,17,Copa del Rey,30,Barcelona,27,Equipo histórico 27,30,Barcelona,1,Pablo Torre_14_B,,,,,14,0.000269459,-0.000418288,0.0,0.0,690
33683,2025-01-15 21:00:00,17,Copa del Rey,30,Barcelona,27,Equipo histórico 27,30,Barcelona,1,Pau Cubarsí_2_B,,,,,90,0.000489738,0.000689197,0.0,0.0,6208
33683,2025-01-15 21:00:00,17,Copa del Rey,30,Barcelona,27,Equipo histórico 27,30,Barcelona,1,Pau Victor_18_B,,,,,19,0.00344954,-0.00023187,0.0,0.013,524
33683,2025-01-15 21:00:00,17,Copa del Rey,30,Barcelona,27,Equipo histórico 27,30,Barcelona,1,Pedri_8_B,,,,,71,-0.000452767,-0.000759786,0.736,1.0,7907
33683,2025-01-15 21:00:00,17,Copa del Rey,30,Barcelona,27,Equipo histórico 27,30,Barcelona,1,Raphinha_11_B,,,,,63,0.00131215,0.000402672,0.736,1.0,8931
33683,2025-01-15 21:00:00,17,Copa del Rey,30,Barcelona,27,Equipo histórico 27,30,Barcelona,1,Robert Lewandowski_9_B,,,,,0,-0.00130583,0.000914094,0.564,0.999,10145
33683,2025-01-15 21:00:00,17,Copa del Rey,30,Barcelona,27,Equipo histórico 27,30,Barcelona,1,Ronald Araújo_4_B,,,,,63,0.00016609,0.000959492,0.736,1.0,6661
33687,2025-01-16 21:30:00,17,Copa del Rey,31,Real Madrid,25,Celta Vigo,31,Real Madrid,1,Andriy Lunin_13_RM,,,,,120,0.00135314,0.00113184,0.0,0.0,4637
33687,2025-01-16 21:30:00,17,Copa del Rey,31,Real Madrid,25,Celta Vigo,31,Real Madrid,1,Antonio Rüdiger_22_RM,,,,,120,0.00101494,0.000618977,0.0,0.0,10666
33687,2025-01-16 21:30:00,17,Copa del Rey,31,Real Madrid,25,Celta Vigo,31,Real Madrid,1,Arda Güler_15_RM,,,,,51,7.01941e-05,-0.000836821,0.211,0.452,2380
33687,2025-01-16 21:30:00,17,Copa del Rey,31,Real Madrid,25,Celta Vigo,31,Real Madrid,1,Aurélien Tchouaméni_14_RM,,,,,120,-0.000603586,0.00091019,0.264,0.565,8572
33687,2025-01-16 21:30:00,17,Copa del Rey,31,Real Madrid,25,Celta Vigo,31,Real Madrid,1,Brahim Díaz_21_RM,,,,,69,0.00321062,-0.000354507,0.082,0.176,4411
33687,2025-01-16 21:30:00,17,Copa del Rey,31,Real Madrid,25,Celta Vigo,31,Real Madrid,1,Dani Ceballos_19_RM,,,,,69,0.0010414,0.00086943,0.0,0.0,4606
33687,2025-01-16 21:30:00,17,Copa del Rey,31,Real Madrid,25,Celta Vigo,31,Real Madrid,1,Eduardo Camavinga_6_RM,,,,,51,0.000527662,0.000882211,0.0,0.0,7525
33687,2025-01-16 21:30:00,17,Copa del Rey,31,Real Madrid,25,Celta Vigo,31,Real Madrid,1,Endrick_16_RM,,,,,42,0.00034253,0.000427653,0.0,0.0,935
33687,2025-01-16 21:30:00,17,Copa del Rey,31,Real Madrid,25,Celta Vigo,31,Real Madrid,1,Federico Valverde_8_RM,,,,,42,0.00109636,0.00134977,0.264,0.565,11707
33687,2025-01-16 21:30:00,17,Copa del Rey,31,Real Madrid,25,Celta Vigo,31,Real Madrid,1,Ferland Mendy_23_RM,,,,,0,-0.00165897,0.000241543,0.0,0.0,5435
33687,2025-01-16 21:30:00,17,Copa del Rey,31,Real Madrid,25,Celta Vigo,31,Real Madrid,1,Fran Garcia_20_RM,,,,,89,0.00151615,4.55278e-05,0.0,0.0,4807
33687,2025-01-16 21:30:00,17,Copa del Rey,31,Real Madrid,25,Celta Vigo,31,Real Madrid,1,Fran_26_RM,,,,,0,0.000589259,3.17888e-05,0.0,0.0,101
33687,2025-01-16 21:30:00,17,Copa del Rey,31,Real Madrid,25,Celta Vigo,31,Real Madrid,1,Jude Bellingham_5_RM,,,,,31,0.00112068,-0.000274762,0.0,0.0,7793
33687,2025-01-16 21:30:00,17,Copa del Rey,31,Real Madrid,25,Celta Vigo,31,Real Madrid,1,Kylian Mbappé_9_RM,,,,,78,0.00303121,2.59154e-05,0.0,0.0,4484
33687,2025-01-16 21:30:00,17,Copa del Rey,31,Real Madrid,25,Celta Vigo,31,Real Madrid,1,Lorenzo Aguado_39_RM,,,,,0,2.64839e-05,3.34154e-05,0.0,0.0,68
33687,2025-01-16 21:30:00,17,Copa del Rey,31,Real Madrid,25,Celta Vigo,31,Real Madrid,1,Lucas Vázquez_17_RM,,,,,120,0.00132007,-0.000853061,0.0,0.0,6072
33687,2025-01-16 21:30:00,17,Copa del Rey,31,Real Madrid,25,Celta Vigo,31,Real Madrid,1,Luka Modrić_10_RM,,,,,78,0.00146142,0.000547068,0.0,0.0,6907
33687,2025-01-16 21:30:00,17,Copa del Rey,31,Real Madrid,25,Celta Vigo,31,Real Madrid,1,Raúl Asencio_35_RM,,,,,120,0.00142608,0.000223416,0.0,0.0,3080
33687,2025-01-16 21:30:00,17,Copa del Rey,31,Real Madrid,25,Celta Vigo,31,Real Madrid,1,Rodrygo_11_RM,,,,,16,0.000204649,0.000315861,0.182,0.389,9181
33687,2025-01-16 21:30:00,17,Copa del Rey,31,Real Madrid,25,Celta Vigo,31,Real Madrid,1,Vinicius Júnior_7_RM,,,,,104,-0.00186706,0.000820191,0.082,0.176,9694
27902,2025-01-18 21:00:00,6,La Liga,24,Getafe,30,Barcelona,30,Barcelona,0,Alejandro Balde_3_B,,,,,98,0.00209699,0.000618303,0.0,0.0,7371
27902,2025-01-18 21:00:00,6,La Liga,24,Getafe,30,Barcelona,30,Barcelona,0,Andreas Christensen_15_B,,,,,0,-0.000657376,0.000304607,0.172,0.304,4789
27902,2025-01-18 21:00:00,6,La Liga,24,Getafe,30,Barcelona,30,Barcelona,0,Dani Olmo_20_B,62.0,,level,,36,0.0012088,0.000304766,0.074,0.13,1994
27902,2025-01-18 21:00:00,6,La Liga,24,Getafe,30,Barcelona,30,Barcelona,0,Eric García_24_B,,,,,0,0.00269696,0.00108346,0.082,0.145,3325
27902,2025-01-18 21:00:00,6,La Liga,24,Getafe,30,Barcelona,30,Barcelona,0,Fermin López_16_B,,,,,0,-0.000980475,6.51575e-05,0.728,1.0,4228
27902,2025-01-18 21:00:00,6,La Liga,24,Getafe,30,Barcelona,30,Barcelona,0,Ferrán Torres_7_B,81.0,,level,,17,0.000824349,-0.000703702,0.18,0.318,5186
27902,2025-01-18 21:00:00,6,La Liga,24,Getafe,30,Barcelona,30,Barcelona,0,Frenkie de Jong_21_B,46.0,,level,,52,0.00304554,-0.000291865,0.736,1.0,7300
27902,2025-01-18 21:00:00,6,La Liga,24,Getafe,30,Barcelona,30,Barcelona,0,Gavi_6_B,,62.0,,level,62,0.00196965,0.00152903,0.0,0.0,5150
27902,2025-01-18 21:00:00,6,La Liga,24,Getafe,30,Barcelona,30,Barcelona,0,Gerard Martín_35_B,,,,,0,0.000994252,0.000286335,0.0,0.0,1872
27902,2025-01-18 21:00:00,6,La Liga,24,Getafe,30,Barcelona,30,Barcelona,0,Héctor Fort_32_B,,,,,0,-0.000463914,-0.000603466,0.0,0.0,1296
27902,2025-01-18 21:00:00,6,La Liga,24,Getafe,30,Barcelona,30,Barcelona,0,Iñaki Peña_13_B,,,,,98,0.001789,-0.000771425,0.0,0.0,3754
27902,2025-01-18 21:00:00,6,La Liga,24,Getafe,30,Barcelona,30,Barcelona,0,Jules Koundé_23_B,,,,,98,0.00223783,0.00075356,0.736,1.0,11254
27902,2025-01-18 21:00:00,6,La Liga,24,Getafe,30,Barcelona,30,Barcelona,0,Lamine Yamal_19_B,,,,,98,0.00308054,0.000554778,0.0,0.0,7670
27902,2025-01-18 21:00:00,6,La Liga,24,Getafe,30,Barcelona,30,Barcelona,0,Marc Casado_17_B,,46.0,,level,46,0.00126044,0.000330566,0.008,0.014,2412
27902,2025-01-18 21:00:00,6,La Liga,24,Getafe,30,Barcelona,30,Barcelona,0,Pablo Torre_14_B,,,,,0,0.000269459,-0.000418288,0.0,0.0,690
27902,2025-01-18 21:00:00,6,La Liga,24,Getafe,30,Barcelona,30,Barcelona,0,Pau Cubarsí_2_B,,,,,98,0.000489738,0.000689197,0.0,0.0,6208
27902,2025-01-18 21:00:00,6,La Liga,24,Getafe,30,Barcelona,30,Barcelona,0,Pau Victor_18_B,,,,,0,0.00344954,-0.00023187,0.0,0.013,524
27902,2025-01-18 21:00:00,6,La Liga,24,Getafe,30,Barcelona,30,Barcelona,0,Pedri_8_B,,,,,98,-0.000452767,-0.000759786,0.736,1.0,7907
27902,2025-01-18 21:00:00,6,La Liga,24,Getafe,30,Barcelona,30,Barcelona,0,Raphinha_11_B,,,,,98,0.00131215,0.000402672,0.736,1.0,8931
27902,2025-01-18 21:00:00,6,La Liga,24,Getafe,30,Barcelona,30,Barcelona,0,Robert Lewandowski_9_B,,81.0,,level,81,-0.00130583,0.000914094,0.564,0.999,10145
27902,2025-01-18 21:00:00,6,La Liga,24,Getafe,30,Barcelona,30,Barcelona,0,Ronald Araújo_4_B,,,,,98,0.00016609,0.000959492,0.736,1.0,6661
27902,2025-01-18 21:00:00,6,La Liga,24,Getafe,30,Barcelona,30,Barcelona,0,Wojciech Szczęsny_25_B,,,,,0,0.000657671,0.000653952,0.0,0.0,2653
27904,2025-01-19 16:15:00,6,La Liga,31,Real Madrid,522,Equipo histórico 522,31,Real Madrid,1,Andriy Lunin_13_RM,,,,,0,0.00135314,0.00113184,0.0,0.0,4637
27904,2025-01-19 16:15:00,6,La Liga,31,Real Madrid,522,Equipo histórico 522,31,Real Madrid,1,Antonio Rüdiger_22_RM,,79.0,,leading,79,0.00101494,0.000618977,0.0,0.0,10666
27904,2025-01-19 16:15:00,6,La Liga,31,Real Madrid,522,Equipo histórico 522,31,Real Madrid,1,Arda Güler_15_RM,79.0,,leading,,15,7.01941e-05,-0.000836821,0.211,0.452,2380
27904,2025-01-19 16:15:00,6,La Liga,31,Real Madrid,522,Equipo histórico 522,31,Real Madrid,1,Brahim Díaz_21_RM,,79.0,,leading,79,0.00321062,-0.000354507,0.082,0.176,4411
27904,2025-01-19 16:15:00,6,La Liga,31,Real Madrid,522,Equipo histórico 522,31,Real Madrid,1,Chema_36_RM,86.0,,leading,,8,-0.000144558,7.16954e-05,0.0,0.0,40
27904,2025-01-19 16:15:00,6,La Liga,31,Real Madrid,522,Equipo histórico 522,31,Real Madrid,1,Dani Ceballos_19_RM,,86.0,,leading,86,0.0010414,0.00086943,0.0,0.0,4606
27904,2025-01-19 16:15:00,6,La Liga,31,Real Madrid,522,Equipo histórico 522,31,Real Madrid,1,David Alaba_4_RM,79.0,,leading,,15,0.000547684,0.000271426,0.0,0.0,3366
27904,2025-01-19 16:15:00,6,La Liga,31,Real Madrid,522,Equipo histórico 522,31,Real Madrid,1,Endrick_16_RM,87.0,,leading,,7,0.00034253,0.000427653,0.0,0.0,935
27904,2025-01-19 16:15:00,6,La Liga,31,Real Madrid,522,Equipo histórico 522,31,Real Madrid,1,Federico Valverde_8_RM,,,,,94,0.00109636,0.00134977,0.264,0.565,11707
27904,2025-01-19 16:15:00,6,La Liga,31,Real Madrid,522,Equipo histórico 522,31,Real Madrid,1,Ferland Mendy_23_RM,,,,,0,-0.00165897,0.000241543,0.0,0.0,5435
27904,2025-01-19 16:15:00,6,La Liga,31,Real Madrid,522,Equipo histórico 522,31,Real Madrid,1,Fran Garcia_20_RM,,,,,94,0.00151615,4.55278e-05,0.0,0.0,4807
27904,2025-01-19 16:15:00,6,La Liga,31,Real Madrid,522,Equipo histórico 522,31,Real Madrid,1,Fran_26_RM,,,,,0,0.000589259,3.17888e-05,0.0,0.0,101
27904,2025-01-19 16:15:00,6,La Liga,31,Real Madrid,522,Equipo histórico 522,31,Real Madrid,1,Jacobo Ramón_31_RM,,,,,0,-0.000368683,-0.000752092,0.0,0.0,322
27904,2025-01-19 16:15:00,6,La Liga,31,Real Madrid,522,Equipo histórico 522,31,Real Madrid,1,Jesús Vallejo_18_RM,,,,,0,-0.000301268,0.000142833,0.0,0.0,215
27904,2025-01-19 16:15:00,6,La Liga,31,Real Madrid,522,Equipo histórico 522,31,Real Madrid,1,Jude Bellingham_5_RM,,,,,94,0.00112068,-0.000274762,0.0,0.0,7793
27904,2025-01-19 16:15:00,6,La Liga,31,Real Madrid,522,Equipo histórico 522,31,Real Madrid,1,Kylian Mbappé_9_RM,,,,,94,0.00303121,2.59154e-05,0.0,0.0,4484
27904,2025-01-19 16:15:00,6,La Liga,31,Real Madrid,522,Equipo histórico 522,31,Real Madrid,1,Lorenzo Aguado_39_RM,90.0,,leading,,4,2.64839e-05,3.34154e-05,0.0,0.0,68
27904,2025-01-19 16:15:00,6,La Liga,31,Real Madrid,522,Equipo histórico 522,31,Real Madrid,1,Lucas Vázquez_17_RM,,90.0,,leading,90,0.00132007,-0.000853061,0.0,0.0,6072
27904,2025-01-19 16:15:00,6,La Liga,31,Real Madrid,522,Equipo histórico 522,31,Real Madrid,1,Raúl Asencio_35_RM,,,,,94,0.00142608,0.000223416,0.0,0.0,3080
27904,2025-01-19 16:15:00,6,La Liga,31,Real Madrid,522,Equipo histórico 522,31,Real Madrid,1,Rodrygo_11_RM,,87.0,,leading,87,0.000204649,0.000315861,0.182,0.389,9181
27904,2025-01-19 16:15:00,6,La Liga,31,Real Madrid,522,Equipo histórico 522,31,Real Madrid,1,Thibaut Courtois_1_RM,,,,,94,0.000111719,-0.000758962,0.264,0.565,7657
31699,2025-01-21 20:00:00,13,Champions League,130,Benfica,30,Barcelona,30,Barcelona,0,Alejandro Balde_3_B,,,,,73,0.00209699,0.000618303,0.0,0.0,7371
31699,2025-01-21 20:00:00,13,Champions League,130,Benfica,30,Barcelona,30,Barcelona,0,Andreas Christensen_15_B,,,,,0,-0.000657376,0.000304607,0.172,0.304,4789
31699,2025-01-21 20:00:00,13,Champions League,130,Benfica,30,Barcelona,30,Barcelona,0,Ansu Fati_10_B,,,,,0,-0.000152001,0.000578713,0.0,0.0,1536
31699,2025-01-21 20:00:00,13,Champions League,130,Benfica,30,Barcelona,30,Barcelona,0,Eric García_24_B,,,,,17,0.00269696,0.00108346,0.082,0.145,3325
31699,2025-01-21 20:00:00,13,Champions League,130,Benfica,30,Barcelona,30,Barcelona,0,Fermin López_16_B,,,,,29,-0.000980475,6.51575e-05,0.728,1.0,4228
31699,2025-01-21 20:00:00,13,Champions League,130,Benfica,30,Barcelona,30,Barcelona,0,Ferrán Torres_7_B,,,,,17,0.000824349,-0.000703702,0.18,0.318,5186
31699,2025-01-21 20:00:00,13,Champions League,130,Benfica,30,Barcelona,30,Barcelona,0,Frenkie de Jong_21_B,,,,,29,0.00304554,-0.000291865,0.736,1.0,7300
31699,2025-01-21 20:00:00,13,Champions League,130,Benfica,30,Barcelona,30,Barcelona,0,Gavi_6_B,,,,,61,0.00196965,0.00152903,0.0,0.0,5150
31699,2025-01-21 20:00:00,13,Champions League,130,Benfica,30,Barcelona,30,Barcelona,0,Gerard Martín_35_B,,,,,1,0.000994252,0.000286335,0.0,0.0,1872
31699,2025-01-21 20:00:00,13,Champions League,130,Benfica,30,Barcelona,30,Barcelona,0,Héctor Fort_32_B,,,,,0,-0.000463914,-0.000603466,0.0,0.0,1296
31699,2025-01-21 20:00:00,13,Champions League,130,Benfica,30,Barcelona,30,Barcelona,0,Iñaki Peña_13_B,,,,,0,0.001789,-0.000771425,0.0,0.0,3754
31699,2025-01-21 20:00:00,13,Champions League,130,Benfica,30,Barcelona,30,Barcelona,0,Jules Koundé_23_B,,,,,73,0.00223783,0.00075356,0.736,1.0,11254
31699,2025-01-21 20:00:00,13,Champions League,130,Benfica,30,Barcelona,30,Barcelona,0,Lamine Yamal_19_B,,,,,89,0.00308054,0.000554778,0.0,0.0,7670
31699,2025-01-21 20:00:00,13,Champions League,130,Benfica,30,Barcelona,30,Barcelona,0,Marc Casado_17_B,,,,,61,0.00126044,0.000330566,0.008,0.014,2412
31699,2025-01-21 20:00:00,13,Champions League,130,Benfica,30,Barcelona,30,Barcelona,0,Pablo Torre_14_B,,,,,0,0.000269459,-0.000418288,0.0,0.0,690
31699,2025-01-21 20:00:00,13,Champions League,130,Benfica,30,Barcelona,30,Barcelona,0,Pau Cubarsí_2_B,,,,,90,0.000489738,0.000689197,0.0,0.0,6208
31699,2025-01-21 20:00:00,13,Champions League,130,Benfica,30,Barcelona,30,Barcelona,0,Pau Victor_18_B,,,,,0,0.00344954,-0.00023187,0.0,0.013,524
31699,2025-01-21 20:00:00,13,Champions League,130,Benfica,30,Barcelona,30,Barcelona,0,Pedri_8_B,,,,,90,-0.000452767,-0.000759786,0.736,1.0,7907
31699,2025-01-21 20:00:00,13,Champions League,130,Benfica,30,Barcelona,30,Barcelona,0,Raphinha_11_B,,,,,90,0.00131215,0.000402672,0.736,1.0,8931
31699,2025-01-21 20:00:00,13,Champions League,130,Benfica,30,Barcelona,30,Barcelona,0,Robert Lewandowski_9_B,,,,,90,-0.00130583,0.000914094,0.564,0.999,10145
31699,2025-01-21 20:00:00,13,Champions League,130,Benfica,30,Barcelona,30,Barcelona,0,Ronald Araújo_4_B,,,,,90,0.00016609,0.000959492,0.736,1.0,6661
31699,2025-01-21 20:00:00,13,Champions League,130,Benfica,30,Barcelona,30,Barcelona,0,Wojciech Szczęsny_25_B,,,,,90,0.000657671,0.000653952,0.0,0.0,2653
31709,2025-01-22 21:00:00,13,Champions League,31,Real Madrid,1,Unknown Team X,31,Real Madrid,1,Andriy Lunin_13_RM,,,,,0,0.00135314,0.00113184,0.0,0.0,4637
31709,2025-01-22 21:00:00,13,Champions League,31,Real Madrid,1,Unknown Team X,31,Real Madrid,1,Antonio Rüdiger_22_RM,,,,,77,0.00101494,0.000618977,0.0,0.0,10666
31709,2025-01-22 21:00:00,13,Champions League,31,Real Madrid,1,Unknown Team X,31,Real Madrid,1,Arda Güler_15_RM,,,,,27,7.01941e-05,-0.000836821,0.211,0.452,2380
31709,2025-01-22 21:00:00,13,Champions League,31,Real Madrid,1,Unknown Team X,31,Real Madrid,1,Aurélien Tchouaméni_14_RM,,,,,0,-0.000603586,0.00091019,0.264,0.565,8572
31709,2025-01-22 21:00:00,13,Champions League,31,Real Madrid,1,Unknown Team X,31,Real Madrid,1,Brahim Díaz_21_RM,,,,,20,0.00321062,-0.000354507,0.082,0.176,4411
31709,2025-01-22 21:00:00,13,Champions League,31,Real Madrid,1,Unknown Team X,31,Real Madrid,1,Chema_36_RM,,,,,0,-0.000144558,7.16954e-05,0.0,0.0,40
31709,2025-01-22 21:00:00,13,Champions League,31,Real Madrid,1,Unknown Team X,31,Real Madrid,1,Dani Ceballos_19_RM,,,,,63,0.0010414,0.00086943,0.0,0.0,4606
31709,2025-01-22 21:00:00,13,Champions League,31,Real Madrid,1,Unknown Team X,31,Real Madrid,1,David Alaba_4_RM,,,,,27,0.000547684,0.000271426,0.0,0.0,3366
31709,2025-01-22 21:00:00,13,Champions League,31,Real Madrid,1,Unknown Team X,31,Real Madrid,1,Endrick_16_RM,,,,,20,0.00034253,0.000427653,0.0,0.0,935
31709,2025-01-22 21:00:00,13,Champions League,31,Real Madrid,1,Unknown Team X,31,Real Madrid,1,Federico Valverde_8_RM,,,,,90,0.00109636,0.00134977,0.264,0.565,11707
31709,2025-01-22 21:00:00,13,Champions League,31,Real Madrid,1,Unknown Team X,31,Real Madrid,1,Ferland Mendy_23_RM,,,,,90,-0.00165897,0.000241543,0.0,0.0,5435
31709,2025-01-22 21:00:00,13,Champions League,31,Real Madrid,1,Unknown Team X,31,Real Madrid,1,Fran Garcia_20_RM,,,,,0,0.00151615,4.55278e-05,0.0,0.0,4807
31709,2025-01-22 21:00:00,13,Champions League,31,Real Madrid,1,Unknown Team X,31,Real Madrid,1,Fran_26_RM,,,,,0,0.000589259,3.17888e-05,0.0,0.0,101
31709,2025-01-22 21:00:00,13,Champions League,31,Real Madrid,1,Unknown Team X,31,Real Madrid,1,Jacobo Ramón_31_RM,,,,,13,-0.000368683,-0.000752092,0.0,0.0,322
31709,2025-01-22 21:00:00,13,Champions League,31,Real Madrid,1,Unknown Team X,31,Real Madrid,1,Jesús Vallejo_18_RM,,,,,0,-0.000301268,0.000142833,0.0,0.0,215
31709,2025-01-22 21:00:00,13,Champions League,31,Real Madrid,1,Unknown Team X,31,Real Madrid,1,Jude Bellingham_5_RM,,,,,63,0.00112068,-0.000274762,0.0,0.0,7793
31709,2025-01-22 21:00:00,13,Champions League,31,Real Madrid,1,Unknown Team X,31,Real Madrid,1,Kylian Mbappé_9_RM,,,,,70,0.00303121,2.59154e-05,0.0,0.0,4484
31709,2025-01-22 21:00:00,13,Champions League,31,Real Madrid,1,Unknown Team X,31,Real Madrid,1,Luka Modrić_10_RM,,,,,90,0.00146142,0.000547068,0.0,0.0,6907
31709,2025-01-22 21:00:00,13,Champions League,31,Real Madrid,1,Unknown Team X,31,Real Madrid,1,Raúl Asencio_35_RM,,,,,90,0.00142608,0.000223416,0.0,0.0,3080
31709,2025-01-22 21:00:00,13,Champions League,31,Real Madrid,1,Unknown Team X,31,Real Madrid,1,Rodrygo_11_RM,,,,,70,0.000204649,0.000315861,0.182,0.389,9181
31709,2025-01-22 21:00:00,13,Champions League,31,Real Madrid,1,Unknown Team X,31,Real Madrid,1,Thibaut Courtois_1_RM,,,,,90,0.000111719,-0.000758962,0.264,0.565,7657
31709,2025-01-22 21:00:00,13,Champions League,31,Real Madrid,1,Unknown Team X,31,Real Madrid,1,Vinicius Júnior_7_RM,,,,,90,-0.00186706,0.000820191,0.082,0.176,9694
27912,2025-01-25 21:00:00,6,La Liga,668,Equipo histórico 668,31,Real Madrid,31,Real Madrid,0,Andriy Lunin_13_RM,,,,,0,0.00135314,0.00113184,0.0,0.0,4637
27912,2025-01-25 21:00:00,6,La Liga,668,Equipo histórico 668,31,Real Madrid,31,Real Madrid,0,Antonio Rüdiger_22_RM,,,,,96,0.00101494,0.000618977,0.0,0.0,10666
27912,2025-01-25 21:00:00,6,La Liga,668,Equipo histórico 668,31,Real Madrid,31,Real Madrid,0,Arda Güler_15_RM,75.0,,leading,,21,7.01941e-05,-0.000836821,0.211,0.452,2380
27912,2025-01-25 21:00:00,6,La Liga,668,Equipo histórico 668,31,Real Madrid,31,Real Madrid,0,Aurélien Tchouaméni_14_RM,,,,,96,-0.000603586,0.00091019,0.264,0.565,8572
27912,2025-01-25 21:00:00,6,La Liga,668,Equipo histórico 668,31,Real Madrid,31,Real Madrid,0,Brahim Díaz_21_RM,,,,,96,0.00321062,-0.000354507,0.082,0.176,4411
27912,2025-01-25 21:00:00,6,La Liga,668,Equipo histórico 668,31,Real Madrid,31,Real Madrid,0,Dani Ceballos_19_RM,,70.0,,leading,70,0.0010414,0.00086943,0.0,0.0,4606
27912,2025-01-25 21:00:00,6,La Liga,668,Equipo histórico 668,31,Real Madrid,31,Real Madrid,0,David Alaba_4_RM,70.0,,leading,,26,0.000547684,0.000271426,0.0,0.0,3366
27912,2025-01-25 21:00:00,6,La Liga,668,Equipo histórico 668,31,Real Madrid,31,Real Madrid,0,Endrick_16_RM,94.0,,leading,,2,0.00034253,0.000427653,0.0,0.0,935
27912,2025-01-25 21:00:00,6,La Liga,668,Equipo histórico 668,31,Real Madrid,31,Real Madrid,0,Federico Valverde_8_RM,,94.0,,leading,94,0.00109636,0.00134977,0.264,0.565,11707
27912,2025-01-25 21:00:00,6,La Liga,668,Equipo histórico 668,31,Real Madrid,31,Real Madrid,0,Ferland Mendy_23_RM,,,,,0,-0.00165897,0.000241543,0.0,0.0,5435
27912,2025-01-25 21:00:00,6,La Liga,668,Equipo histórico 668,31,Real Madrid,31,Real Madrid,0,Fran Garcia_20_RM,,,,,96,0.00151615,4.55278e-05,0.0,0.0,4807
27912,2025-01-25 21:00:00,6,La Liga,668,Equipo histórico 668,31,Real Madrid,31,Real Madrid,0,Fran_26_RM,,,,,0,0.000589259,3.17888e-05,0.0,0.0,101
27912,2025-01-25 21:00:00,6,La Liga,668,Equipo histórico 668,31,Real Madrid,31,Real Madrid,0,Jacobo Ramón_31_RM,,,,,0,-0.000368683,-0.000752092,0.0,0.0,322
27912,2025-01-25 21:00:00,6,La Liga,668,Equipo histórico 668,31,Real Madrid,31,Real Madrid,0,Jude Bellingham_5_RM,,,,,96,0.00112068,-0.000274762,0.0,0.0,7793
27912,2025-01-25 21:00:00,6,La Liga,668,Equipo histórico 668,31,Real Madrid,31,Real Madrid,0,Kylian Mbappé_9_RM,,94.0,,leading,94,0.00303121,2.59154e-05,0.0,0.0,4484
27912,2025-01-25 21:00:00,6,La Liga,668,Equipo histórico 668,31,Real Madrid,31,Real Madrid,0,Lorenzo Aguado_39_RM,94.0,,leading,,2,2.64839e-05,3.34154e-05,0.0,0.0,68
27912,2025-01-25 21:00:00,6,La Liga,668,Equipo histórico 668,31,Real Madrid,31,Real Madrid,0,Lucas Vázquez_17_RM,,,,,0,0.00132007,-0.000853061,0.0,0.0,6072
27912,2025-01-25 21:00:00,6,La Liga,668,Equipo histórico 668,31,Real Madrid,31,Real Madrid,0,Luka Modrić_10_RM,70.0,,leading,,26,0.00146142,0.000547068,0.0,0.0,6907
27912,2025-01-25 21:00:00,6,La Liga,668,Equipo histórico 668,31,Real Madrid,31,Real Madrid,0,Raúl Asencio_35_RM,,70.0,,leading,70,0.00142608,0.000223416,0.0,0.0,3080
27912,2025-01-25 21:00:00,6,La Liga,668,Equipo histórico 668,31,Real Madrid,31,Real Madrid,0,Rodrygo_11_RM,,75.0,,leading,75,0.000204649,0.000315861,0.182,0.389,9181
27912,2025-01-25 21:00:00,6,La Liga,668,Equipo histórico 668,31,Real Madrid,31,Real Madrid,0,Thibaut Courtois_1_RM,,,,,96,0.000111719,-0.000758962,0.264,0.565,7657
27916,2025-01-26 21:00:00,6,La Liga,30,Barcelona,37,Valencia,30,Barcelona,1,Alejandro Balde_3_B,,64.0,,leading,64,0.00209699,0.000618303,0.0,0.0,7371
27916,2025-01-26 21:00:00,6,La Liga,30,Barcelona,37,Valencia,30,Barcelona,1,Andreas Christensen_15_B,,,,,0,-0.000657376,0.000304607,0.172,0.304,4789
27916,2025-01-26 21:00:00,6,La Liga,30,Barcelona,37,Valencia,30,Barcelona,1,Ansu Fati_10_B,,,,,0,-0.000152001,0.000578713,0.0,0.0,1536
27916,2025-01-26 21:00:00,6,La Liga,30,Barcelona,37,Valencia,30,Barcelona,1,Eric García_24_B,,,,,94,0.00269696,0.00108346,0.082,0.145,3325
27916,2025-01-26 21:00:00,6,La Liga,30,Barcelona,37,Valencia,30,Barcelona,1,Fermin López_16_B,,,,,94,-0.000980475,6.51575e-05,0.728,1.0,4228
27916,2025-01-26 21:00:00,6,La Liga,30,Barcelona,37,Valencia,30,Barcelona,1,Ferrán Torres_7_B,,,,,94,0.000824349,-0.000703702,0.18,0.318,5186
27916,2025-01-26 21:00:00,6,La Liga,30,Barcelona,37,Valencia,30,Barcelona,1,Frenkie de Jong_21_B,,82.0,,leading,82,0.00304554,-0.000291865,0.736,1.0,7300
27916,2025-01-26 21:00:00,6,La Liga,30,Barcelona,37,Valencia,30,Barcelona,1,Gavi_6_B,,,,,0,0.00196965,0.00152903,0.0,0.0,5150
27916,2025-01-26 21:00:00,6,La Liga,30,Barcelona,37,Valencia,30,Barcelona,1,Gerard Martín_35_B,64.0,,leading,,30,0.000994252,0.000286335,0.0,0.0,1872
27916,2025-01-26 21:00:00,6,La Liga,30,Barcelona,37,Valencia,30,Barcelona,1,Héctor Fort_32_B,75.0,,leading,,19,-0.000463914,-0.000603466,0.0,0.0,1296
27916,2025-01-26 21:00:00,6,La Liga,30,Barcelona,37,Valencia,30,Barcelona,1,Iñaki Peña_13_B,,,,,0,0.001789,-0.000771425,0.0,0.0,3754
27916,2025-01-26 21:00:00,6,La Liga,30,Barcelona,37,Valencia,30,Barcelona,1,Jules Koundé_23_B,,75.0,,leading,75,0.00223783,0.00075356,0.736,1.0,11254
27916,2025-01-26 21:00:00,6,La Liga,30,Barcelona,37,Valencia,30,Barcelona,1,Lamine Yamal_19_B,,75.0,,leading,75,0.00308054,0.000554778,0.0,0.0,7670
27916,2025-01-26 21:00:00,6,La Liga,30,Barcelona,37,Valencia,30,Barcelona,1,Marc Casado_17_B,,,,,94,0.00126044,0.000330566,0.008,0.014,2412
27916,2025-01-26 21:00:00,6,La Liga,30,Barcelona,37,Valencia,30,Barcelona,1,Pablo Torre_14_B,82.0,,leading,,12,0.000269459,-0.000418288,0.0,0.0,690
27916,2025-01-26 21:00:00,6,La Liga,30,Barcelona,37,Valencia,30,Barcelona,1,Pau Cubarsí_2_B,,,,,94,0.000489738,0.000689197,0.0,0.0,6208
27916,2025-01-26 21:00:00,6,La Liga,30,Barcelona,37,Valencia,30,Barcelona,1,Pau Victor_18_B,75.0,,leading,,19,0.00344954,-0.00023187,0.0,0.013,524
27916,2025-01-26 21:00:00,6,La Liga,30,Barcelona,37,Valencia,30,Barcelona,1,Raphinha_11_B,,64.0,,leading,64,0.00131215,0.000402672,0.736,1.0,8931
27916,2025-01-26 21:00:00,6,La Liga,30,Barcelona,37,Valencia,30,Barcelona,1,Robert Lewandowski_9_B,64.0,,leading,,30,-0.00130583,0.000914094,0.564,0.999,10145
27916,2025-01-26 21:00:00,6,La Liga,30,Barcelona,37,Valencia,30,Barcelona,1,Ronald Araújo_4_B,,,,,0,0.00016609,0.000959492,0.736,1.0,6661
27916,2025-01-26 21:00:00,6,La Liga,30,Barcelona,37,Valencia,30,Barcelona,1,Wojciech Szczęsny_25_B,,,,,94,0.000657671,0.000653952,0.0,0.0,2653
31719,2025-01-29 21:00:00,13,Champions League,30,Barcelona,77,Atalanta,30,Barcelona,1,Alejandro Balde_3_B,,,,,90,0.00209699,0.000618303,0.0,0.0,7371
31719,2025-01-29 21:00:00,13,Champions League,30,Barcelona,77,Atalanta,30,Barcelona,1,Ansu Fati_10_B,,,,,0,-0.000152001,0.000578713,0.0,0.0,1536
31719,2025-01-29 21:00:00,13,Champions League,30,Barcelona,77,Atalanta,30,Barcelona,1,Eric García_24_B,,,,,68,0.00269696,0.00108346,0.082,0.145,3325
31719,2025-01-29 21:00:00,13,Champions League,30,Barcelona,77,Atalanta,30,Barcelona,1,Fermin López_16_B,,,,,22,-0.000980475,6.51575e-05,0.728,1.0,4228
31719,2025-01-29 21:00:00,13,Champions League,30,Barcelona,77,Atalanta,30,Barcelona,1,Ferrán Torres_7_B,,,,,22,0.000824349,-0.000703702,0.18,0.318,5186
31719,2025-01-29 21:00:00,13,Champions League,30,Barcelona,77,Atalanta,30,Barcelona,1,Frenkie de Jong_21_B,,,,,90,0.00304554,-0.000291865,0.736,1.0,7300
31719,2025-01-29 21:00:00,13,Champions League,30,Barcelona,77,Atalanta,30,Barcelona,1,Gavi_6_B,,,,,68,0.00196965,0.00152903,0.0,0.0,5150
31719,2025-01-29 21:00:00,13,Champions League,30,Barcelona,77,Atalanta,30,Barcelona,1,Gerard Martín_35_B,,,,,0,0.000994252,0.000286335,0.0,0.0,1872
31719,2025-01-29 21:00:00,13,Champions League,30,Barcelona,77,Atalanta,30,Barcelona,1,Héctor Fort_32_B,,,,,0,-0.000463914,-0.000603466,0.0,0.0,1296
31719,2025-01-29 21:00:00,13,Champions League,30,Barcelona,77,Atalanta,30,Barcelona,1,Iñaki Peña_13_B,,,,,0,0.001789,-0.000771425,0.0,0.0,3754
31719,2025-01-29 21:00:00,13,Champions League,30,Barcelona,77,Atalanta,30,Barcelona,1,Jules Koundé_23_B,,,,,90,0.00223783,0.00075356,0.736,1.0,11254
31719,2025-01-29 21:00:00,13,Champions League,30,Barcelona,77,Atalanta,30,Barcelona,1,Lamine Yamal_19_B,,,,,89,0.00308054,0.000554778,0.0,0.0,7670
31719,2025-01-29 21:00:00,13,Champions League,30,Barcelona,77,Atalanta,30,Barcelona,1,Marc Casado_17_B,,,,,11,0.00126044,0.000330566,0.008,0.014,2412
31719,2025-01-29 21:00:00,13,Champions League,30,Barcelona,77,Atalanta,30,Barcelona,1,Pablo Torre_14_B,,,,,0,0.000269459,-0.000418288,0.0,0.0,690
31719,2025-01-29 21:00:00,13,Champions League,30,Barcelona,77,Atalanta,30,Barcelona,1,Pau Cubarsí_2_B,,,,,22,0.000489738,0.000689197,0.0,0.0,6208
31719,2025-01-29 21:00:00,13,Champions League,30,Barcelona,77,Atalanta,30,Barcelona,1,Pau Victor_18_B,,,,,1,0.00344954,-0.00023187,0.0,0.013,524
31719,2025-01-29 21:00:00,13,Champions League,30,Barcelona,77,Atalanta,30,Barcelona,1,Pedri_8_B,,,,,79,-0.000452767,-0.000759786,0.736,1.0,7907
31719,2025-01-29 21:00:00,13,Champions League,30,Barcelona,77,Atalanta,30,Barcelona,1,Raphinha_11_B,,,,,90,0.00131215,0.000402672,0.736,1.0,8931
31719,2025-01-29 21:00:00,13,Champions League,30,Barcelona,77,Atalanta,30,Barcelona,1,Robert Lewandowski_9_B,,,,,68,-0.00130583,0.000914094,0.564,0.999,10145
31719,2025-01-29 21:00:00,13,Champions League,30,Barcelona,77,Atalanta,30,Barcelona,1,Ronald Araújo_4_B,,,,,90,0.00016609,0.000959492,0.736,1.0,6661
31719,2025-01-29 21:00:00,13,Champions League,30,Barcelona,77,Atalanta,30,Barcelona,1,Wojciech Szczęsny_25_B,,,,,90,0.000657671,0.000653952,0.0,0.0,2653
31721,2025-01-29 21:00:00,13,Champions League,93,Brest,31,Real Madrid,31,Real Madrid,0,Andriy Lunin_13_RM,,,,,0,0.00135314,0.00113184,0.0,0.0,4637
31721,2025-01-29 21:00:00,13,Champions League,93,Brest,31,Real Madrid,31,Real Madrid,0,Antonio Rüdiger_22_RM,,,,,90,0.00101494,0.000618977,0.0,0.0,10666
31721,2025-01-29 21:00:00,13,Champions League,93,Brest,31,Real Madrid,31,Real Madrid,0,Arda Güler_15_RM,,,,,19,7.01941e-05,-0.000836821,0.211,0.452,2380
31721,2025-01-29 21:00:00,13,Champions League,93,Brest,31,Real Madrid,31,Real Madrid,0,Aurélien Tchouaméni_14_RM,,,,,81,-0.000603586,0.00091019,0.264,0.565,8572
31721,2025-01-29 21:00:00,13,Champions League,93,Brest,31,Real Madrid,31,Real Madrid,0,Brahim Díaz_21_RM,,,,,71,0.00321062,-0.000354507,0.082,0.176,4411
31721,2025-01-29 21:00:00,13,Champions League,93,Brest,31,Real Madrid,31,Real Madrid,0,Dani Ceballos_19_RM,,,,,9,0.0010414,0.00086943,0.0,0.0,4606
31721,2025-01-29 21:00:00,13,Champions League,93,Brest,31,Real Madrid,31,Real Madrid,0,David Alaba_4_RM,,,,,9,0.000547684,0.000271426,0.0,0.0,3366
31721,2025-01-29 21:00:00,13,Champions League,93,Brest,31,Real Madrid,31,Real Madrid,0,Endrick_16_RM,,,,,3,0.00034253,0.000427653,0.0,0.0,935
31721,2025-01-29 21:00:00,13,Champions League,93,Brest,31,Real Madrid,31,Real Madrid,0,Federico Valverde_8_RM,,,,,90,0.00109636,0.00134977,0.264,0.565,11707
31721,2025-01-29 21:00:00,13,Champions League,93,Brest,31,Real Madrid,31,Real Madrid,0,Ferland Mendy_23_RM,,,,,90,-0.00165897,0.000241543,0.0,0.0,5435
31721,2025-01-29 21:00:00,13,Champions League,93,Brest,31,Real Madrid,31,Real Madrid,0,Fran Garcia_20_RM,,,,,0,0.00151615,4.55278e-05,0.0,0.0,4807
31721,2025-01-29 21:00:00,13,Champions League,93,Brest,31,Real Madrid,31,Real Madrid,0,Gonzalo García_30_RM,,,,,0,-5.36235e-05,0.000482841,0.0,0.0,94
31721,2025-01-29 21:00:00,13,Champions League,93,Brest,31,Real Madrid,31,Real Madrid,0,Jacobo Ramón_31_RM,,,,,0,-0.000368683,-0.000752092,0.0,0.0,322
31721,2025-01-29 21:00:00,13,Champions League,93,Brest,31,Real Madrid,31,Real Madrid,0,Jude Bellingham_5_RM,,,,,81,0.00112068,-0.000274762,0.0,0.0,7793
31721,2025-01-29 21:00:00,13,Champions League,93,Brest,31,Real Madrid,31,Real Madrid,0,Kylian Mbappé_9_RM,,,,,90,0.00303121,2.59154e-05,0.0,0.0,4484
31721,2025-01-29 21:00:00,13,Champions League,93,Brest,31,Real Madrid,31,Real Madrid,0,Lucas Vázquez_17_RM,,,,,81,0.00132007,-0.000853061,0.0,0.0,6072
31721,2025-01-29 21:00:00,13,Champions League,93,Brest,31,Real Madrid,31,Real Madrid,0,Luka Modrić_10_RM,,,,,87,0.00146142,0.000547068,0.0,0.0,6907
31721,2025-01-29 21:00:00,13,Champions League,93,Brest,31,Real Madrid,31,Real Madrid,0,Raúl Asencio_35_RM,,,,,9,0.00142608,0.000223416,0.0,0.0,3080
31721,2025-01-29 21:00:00,13,Champions League,93,Brest,31,Real Madrid,31,Real Madrid,0,Rodrygo_11_RM,,,,,90,0.000204649,0.000315861,0.182,0.389,9181
31721,2025-01-29 21:00:00,13,Champions League,93,Brest,31,Real Madrid,31,Real Madrid,0,Thibaut Courtois_1_RM,,,,,90,0.000111719,-0.000758962,0.264,0.565,7657
27922,2025-02-01 21:00:00,6,La Liga,666,Espanyol,31,Real Madrid,31,Real Madrid,0,Andriy Lunin_13_RM,,,,,0,0.00135314,0.00113184,0.0,0.0,4637
27922,2025-02-01 21:00:00,6,La Liga,666,Espanyol,31,Real Madrid,31,Real Madrid,0,Antonio Rüdiger_22_RM,,15.0,,level,15,0.00101494,0.000618977,0.0,0.0,10666
27922,2025-02-01 21:00:00,6,La Liga,666,Espanyol,31,Real Madrid,31,Real Madrid,0,Arda Güler_15_RM,,,,,0,7.01941e-05,-0.000836821,0.211,0.452,2380
27922,2025-02-01 21:00:00,6,La Liga,666,Espanyol,31,Real Madrid,31,Real Madrid,0,Aurélien Tchouaméni_14_RM,,,,,98,-0.000603586,0.00091019,0.264,0.565,8572
27922,2025-02-01 21:00:00,6,La Liga,666,Espanyol,31,Real Madrid,31,Real Madrid,0,Brahim Díaz_21_RM,87.0,,trailing,,11,0.00321062,-0.000354507,0.082,0.176,4411
27922,2025-02-01 21:00:00,6,La Liga,666,Espanyol,31,Real Madrid,31,Real Madrid,0,Dani Ceballos_19_RM,,80.0,,level,80,0.0010414,0.00086943,0.0,0.0,4606
27922,2025-02-01 21:00:00,6,La Liga,666,Espanyol,31,Real Madrid,31,Real Madrid,0,David Alaba_4_RM,,,,,0,0.000547684,0.000271426,0.0,0.0,3366
27922,2025-02-01 21:00:00,6,La Liga,666,Espanyol,31,Real Madrid,31,Real Madrid,0,Endrick_16_RM,,,,,0,0.00034253,0.000427653,0.0,0.0,935
27922,2025-02-01 21:00:00,6,La Liga,666,Espanyol,31,Real Madrid,31,Real Madrid,0,Federico Valverde_8_RM,,,,,98,0.00109636,0.00134977,0.264,0.565,11707
27922,2025-02-01 21:00:00,6,La Liga,666,Espanyol,31,Real Madrid,31,Real Madrid,0,Ferland Mendy_23_RM,,,,,0,-0.00165897,0.000241543,0.0,0.0,5435
27922,2025-02-01 21:00:00,6,La Liga,666,Espanyol,31,Real Madrid,31,Real Madrid,0,Fran Garcia_20_RM,,,,,98,0.00151615,4.55278e-05,0.0,0.0,4807
27922,2025-02-01 21:00:00,6,La Liga,666,Espanyol,31,Real Madrid,31,Real Madrid,0,Jesús Vallejo_18_RM,,,,,0,-0.000301268,0.000142833,0.0,0.0,215
27922,2025-02-01 21:00:00,6,La Liga,666,Espanyol,31,Real Madrid,31,Real Madrid,0,Jude Bellingham_5_RM,,,,,98,0.00112068,-0.000274762,0.0,0.0,7793
27922,2025-02-01 21:00:00,6,La Liga,666,Espanyol,31,Real Madrid,31,Real Madrid,0,Kylian Mbappé_9_RM,,,,,98,0.00303121,2.59154e-05,0.0,0.0,4484
27922,2025-02-01 21:00:00,6,La Liga,666,Espanyol,31,Real Madrid,31,Real Madrid,0,Lorenzo Aguado_39_RM,,,,,0,2.64839e-05,3.34154e-05,0.0,0.0,68
27922,2025-02-01 21:00:00,6,La Liga,666,Espanyol,31,Real Madrid,31,Real Madrid,0,Lucas Vázquez_17_RM,,87.0,,trailing,87,0.00132007,-0.000853061,0.0,0.0,6072
27922,2025-02-01 21:00:00,6,La Liga,666,Espanyol,31,Real Madrid,31,Real Madrid,0,Luka Modrić_10_RM,80.0,,level,,18,0.00146142,0.000547068,0.0,0.0,6907
27922,2025-02-01 21:00:00,6,La Liga,666,Espanyol,31,Real Madrid,31,Real Madrid,0,Raúl Asencio_35_RM,15.0,,level,,83,0.00142608,0.000223416,0.0,0.0,3080
27922,2025-02-01 21:00:00,6,La Liga,666,Espanyol,31,Real Madrid,31,Real Madrid,0,Rodrygo_11_RM,,,,,98,0.000204649,0.000315861,0.182,0.389,9181
27922,2025-02-01 21:00:00,6,La Liga,666,Espanyol,31,Real Madrid,31,Real Madrid,0,Thibaut Courtois_1_RM,,,,,98,0.000111719,-0.000758962,0.264,0.565,7657
27922,2025-02-01 21:00:00,6,La Liga,666,Espanyol,31,Real Madrid,31,Real Madrid,0,Vinicius Júnior_7_RM,,,,,98,-0.00186706,0.000820191,0.082,0.176,9694
27923,2025-02-02 14:00:00,6,La Liga,30,Barcelona,523,Alavés,30,Barcelona,1,Alejandro Balde_3_B,,83.0,,leading,83,0.00209699,0.000618303,0.0,0.0,7371
27923,2025-02-02 14:00:00,6,La Liga,30,Barcelona,523,Alavés,30,Barcelona,1,Ansu Fati_10_B,,,,,0,-0.000152001,0.000578713,0.0,0.0,1536
27923,2025-02-02 14:00:00,6,La Liga,30,Barcelona,523,Alavés,30,Barcelona,1,Eric García_24_B,46.0,,level,,45,0.00269696,0.00108346,0.082,0.145,3325
27923,2025-02-02 14:00:00,6,La Liga,30,Barcelona,523,Alavés,30,Barcelona,1,Fermin López_16_B,14.0,,level,,77,-0.000980475,6.51575e-05,0.728,1.0,4228
27923,2025-02-02 14:00:00,6,La Liga,30,Barcelona,523,Alavés,30,Barcelona,1,Ferrán Torres_7_B,67.0,,leading,,24,0.000824349,-0.000703702,0.18,0.318,5186
27923,2025-02-02 14:00:00,6,La Liga,30,Barcelona,523,Alavés,30,Barcelona,1,Frenkie de Jong_21_B,46.0,,level,,45,0.00304554,-0.000291865,0.736,1.0,7300
27923,2025-02-02 14:00:00,6,La Liga,30,Barcelona,523,Alavés,30,Barcelona,1,Gavi_6_B,,14.0,,level,14,0.00196965,0.00152903,0.0,0.0,5150
27923,2025-02-02 14:00:00,6,La Liga,30,Barcelona,523,Alavés,30,Barcelona,1,Gerard Martín_35_B,83.0,,leading,,8,0.000994252,0.000286335,0.0,0.0,1872
27923,2025-02-02 14:00:00,6,La Liga,30,Barcelona,523,Alavés,30,Barcelona,1,Héctor Fort_32_B,,,,,0,-0.000463914,-0.000603466,0.0,0.0,1296
27923,2025-02-02 14:00:00,6,La Liga,30,Barcelona,523,Alavés,30,Barcelona,1,Iñaki Peña_13_B,,,,,0,0.001789,-0.000771425,0.0,0.0,3754
27923,2025-02-02 14:00:00,6,La Liga,30,Barcelona,523,Alavés,30,Barcelona,1,Iñigo Martínez_5_B,,,,,0,0.00172975,0.000118759,0.0,0.0,5736
27923,2025-02-02 14:00:00,6,La Liga,30,Barcelona,523,Alavés,30,Barcelona,1,Jules Koundé_23_B,,,,,91,0.00223783,0.00075356,0.736,1.0,11254
27923,2025-02-02 14:00:00,6,La Liga,30,Barcelona,523,Alavés,30,Barcelona,1,Lamine Yamal_19_B,,,,,91,0.00308054,0.000554778,0.0,0.0,7670
27923,2025-02-02 14:00:00,6,La Liga,30,Barcelona,523,Alavés,30,Barcelona,1,Marc Casado_17_B,,46.0,,level,46,0.00126044,0.000330566,0.008,0.014,2412
27923,2025-02-02 14:00:00,6,La Liga,30,Barcelona,523,Alavés,30,Barcelona,1,Pablo Torre_14_B,,,,,0,0.000269459,-0.000418288,0.0,0.0,690
27923,2025-02-02 14:00:00,6,La Liga,30,Barcelona,523,Alavés,30,Barcelona,1,Pau Cubarsí_2_B,,,,,91,0.000489738,0.000689197,0.0,0.0,6208
27923,2025-02-02 14:00:00,6,La Liga,30,Barcelona,523,Alavés,30,Barcelona,1,Pau Victor_18_B,91.0,,leading,,0,0.00344954,-0.00023187,0.0,0.013,524
27923,2025-02-02 14:00:00,6,La Liga,30,Barcelona,523,Alavés,30,Barcelona,1,Pedri_8_B,,,,,91,-0.000452767,-0.000759786,0.736,1.0,7907
27923,2025-02-02 14:00:00,6,La Liga,30,Barcelona,523,Alavés,30,Barcelona,1,Raphinha_11_B,,67.0,,leading,67,0.00131215,0.000402672,0.736,1.0,8931
27923,2025-02-02 14:00:00,6,La Liga,30,Barcelona,523,Alavés,30,Barcelona,1,Robert Lewandowski_9_B,,91.0,,leading,91,-0.00130583,0.000914094,0.564,0.999,10145
27923,2025-02-02 14:00:00,6,La Liga,30,Barcelona,523,Alavés,30,Barcelona,1,Ronald Araújo_4_B,,46.0,,level,46,0.00016609,0.000959492,0.736,1.0,6661
27923,2025-02-02 14:00:00,6,La Liga,30,Barcelona,523,Alavés,30,Barcelona,1,Wojciech Szczęsny_25_B,,,,,91,0.000657671,0.000653952,0.0,0.0,2653
33689,2025-02-05 21:00:00,17,Copa del Rey,667,Equipo histórico 667,31,Real Madrid,31,Real Madrid,0,Andriy Lunin_13_RM,,,,,90,0.00135314,0.00113184,0.0,0.0,4637
33689,2025-02-05 21:00:00,17,Copa del Rey,667,Equipo histórico 667,31,Real Madrid,31,Real Madrid,0,Arda Güler_15_RM,,,,,75,7.01941e-05,-0.000836821,0.211,0.452,2380
33689,2025-02-05 21:00:00,17,Copa del Rey,667,Equipo histórico 667,31,Real Madrid,31,Real Madrid,0,Aurélien Tchouaméni_14_RM,,,,,90,-0.000603586,0.00091019,0.264,0.565,8572
33689,2025-02-05 21:00:00,17,Copa del Rey,667,Equipo histórico 667,31,Real Madrid,31,Real Madrid,0,Brahim Díaz_21_RM,,,,,90,0.00321062,-0.000354507,0.082,0.176,4411
33689,2025-02-05 21:00:00,17,Copa del Rey,667,Equipo histórico 667,31,Real Madrid,31,Real Madrid,0,Chema_36_RM,,,,,0,-0.000144558,7.16954e-05,0.0,0.0,40
33689,2025-02-05 21:00:00,17,Copa del Rey,667,Equipo histórico 667,31,Real Madrid,31,Real Madrid,0,Dani Ceballos_19_RM,,,,,15,0.0010414,0.00086943,0.0,0.0,4606
33689,2025-02-05 21:00:00,17,Copa del Rey,667,Equipo histórico 667,31,Real Madrid,31,Real Madrid,0,Endrick_16_RM,,,,,81,0.00034253,0.000427653,0.0,0.0,935
33689,2025-02-05 21:00:00,17,Copa del Rey,667,Equipo histórico 667,31,Real Madrid,31,Real Madrid,0,Federico Valverde_8_RM,,,,,90,0.00109636,0.00134977,0.264,0.565,11707
33689,2025-02-05 21:00:00,17,Copa del Rey,667,Equipo histórico 667,31,Real Madrid,31,Real Madrid,0,Ferland Mendy_23_RM,,,,,81,-0.00165897,0.000241543,0.0,0.0,5435
33689,2025-02-05 21:00:00,17,Copa del Rey,667,Equipo histórico 667,31,Real Madrid,31,Real Madrid,0,Fran Garcia_20_RM,,,,,9,0.00151615,4.55278e-05,0.0,0.0,4807
33689,2025-02-05 21:00:00,17,Copa del Rey,667,Equipo histórico 667,31,Real Madrid,31,Real Madrid,0,Fran_26_RM,,,,,0,0.000589259,3.17888e-05,0.0,0.0,101
33689,2025-02-05 21:00:00,17,Copa del Rey,667,Equipo histórico 667,31,Real Madrid,31,Real Madrid,0,Gonzalo García_30_RM,,,,,9,-5.36235e-05,0.000482841,0.0,0.0,94
33689,2025-02-05 21:00:00,17,Copa del Rey,667,Equipo histórico 667,31,Real Madrid,31,Real Madrid,0,Jacobo Ramón_31_RM,,,,,90,-0.000368683,-0.000752092,0.0,0.0,322
33689,2025-02-05 21:00:00,17,Copa del Rey,667,Equipo histórico 667,31,Real Madrid,31,Real Madrid,0,Jesús Vallejo_18_RM,,,,,0,-0.000301268,0.000142833,0.0,0.0,215
33689,2025-02-05 21:00:00,17,Copa del Rey,667,Equipo histórico 667,31,Real Madrid,31,Real Madrid,0,Lorenzo Aguado_39_RM,,,,,0,2.64839e-05,3.34154e-05,0.0,0.0,68
33689,2025-02-05 21:00:00,17,Copa del Rey,667,Equipo histórico 667,31,Real Madrid,31,Real Madrid,0,Lucas Vázquez_17_RM,,,,,0,0.00132007,-0.000853061,0.0,0.0,6072
33689,2025-02-05 21:00:00,17,Copa del Rey,667,Equipo histórico 667,31,Real Madrid,31,Real Madrid,0,Luka Modrić_10_RM,,,,,90,0.00146142,0.000547068,0.0,0.0,6907
33689,2025-02-05 21:00:00,17,Copa del Rey,667,Equipo histórico 667,31,Real Madrid,31,Real Madrid,0,Raúl Asencio_35_RM,,,,,90,0.00142608,0.000223416,0.0,0.0,3080
33689,2025-02-05 21:00:00,17,Copa del Rey,667,Equipo histórico 667,31,Real Madrid,31,Real Madrid,0,Rodrygo_11_RM,,,,,45,0.000204649,0.000315861,0.182,0.389,9181
33689,2025-02-05 21:00:00,17,Copa del Rey,667,Equipo histórico 667,31,Real Madrid,31,Real Madrid,0,Vinicius Júnior_7_RM,,,,,45,-0.00186706,0.000820191,0.082,0.176,9694
33691,2025-02-06 21:30:00,17,Copa del Rey,37,Valencia,30,Barcelona,30,Barcelona,0,Alejandro Balde_3_B,,,,,45,0.00209699,0.000618303,0.0,0.0,7371
33691,2025-02-06 21:30:00,17,Copa del Rey,37,Valencia,30,Barcelona,30,Barcelona,0,Dani Olmo_20_B,,,,,27,0.0012088,0.000304766,0.074,0.13,1994
33691,2025-02-06 21:30:00,17,Copa del Rey,37,Valencia,30,Barcelona,30,Barcelona,0,Eric García_24_B,,,,,90,0.00269696,0.00108346,0.082,0.145,3325
33691,2025-02-06 21:30:00,17,Copa del Rey,37,Valencia,30,Barcelona,30,Barcelona,0,Fermin López_16_B,,,,,90,-0.000980475,6.51575e-05,0.728,1.0,4228
33691,2025-02-06 21:30:00,17,Copa del Rey,37,Valencia,30,Barcelona,30,Barcelona,0,Ferrán Torres_7_B,,,,,90,0.000824349,-0.000703702,0.18,0.318,5186
33691,2025-02-06 21:30:00,17,Copa del Rey,37,Valencia,30,Barcelona,30,Barcelona,0,Frenkie de Jong_21_B,,,,,90,0.00304554,-0.000291865,0.736,1.0,7300
33691,2025-02-06 21:30:00,17,Copa del Rey,37,Valencia,30,Barcelona,30,Barcelona,0,Gerard Martín_35_B,,,,,45,0.000994252,0.000286335,0.0,0.0,1872
33691,2025-02-06 21:30:00,17,Copa del Rey,37,Valencia,30,Barcelona,30,Barcelona,0,Héctor Fort_32_B,,,,,12,-0.000463914,-0.000603466,0.0,0.0,1296
33691,2025-02-06 21:30:00,17,Copa del Rey,37,Valencia,30,Barcelona,30,Barcelona,0,Iñaki Peña_13_B,,,,,0,0.001789,-0.000771425,0.0,0.0,3754
33691,2025-02-06 21:30:00,17,Copa del Rey,37,Valencia,30,Barcelona,30,Barcelona,0,Iñigo Martínez_5_B,,,,,45,0.00172975,0.000118759,0.0,0.0,5736
33691,2025-02-06 21:30:00,17,Copa del Rey,37,Valencia,30,Barcelona,30,Barcelona,0,Jules Koundé_23_B,,,,,78,0.00223783,0.00075356,0.736,1.0,11254
33691,2025-02-06 21:30:00,17,Copa del Rey,37,Valencia,30,Barcelona,30,Barcelona,0,Lamine Yamal_19_B,,,,,90,0.00308054,0.000554778,0.0,0.0,7670
33691,2025-02-06 21:30:00,17,Copa del Rey,37,Valencia,30,Barcelona,30,Barcelona,0,Marc Casado_17_B,,,,,27,0.00126044,0.000330566,0.008,0.014,2412
33691,2025-02-06 21:30:00,17,Copa del Rey,37,Valencia,30,Barcelona,30,Barcelona,0,Pablo Torre_14_B,,,,,0,0.000269459,-0.000418288,0.0,0.0,690
33691,2025-02-06 21:30:00,17,Copa del Rey,37,Valencia,30,Barcelona,30,Barcelona,0,Pau Cubarsí_2_B,,,,,45,0.000489738,0.000689197,0.0,0.0,6208
33691,2025-02-06 21:30:00,17,Copa del Rey,37,Valencia,30,Barcelona,30,Barcelona,0,Pau Victor_18_B,,,,,0,0.00344954,-0.00023187,0.0,0.013,524
33691,2025-02-06 21:30:00,17,Copa del Rey,37,Valencia,30,Barcelona,30,Barcelona,0,Pedri_8_B,,,,,63,-0.000452767,-0.000759786,0.736,1.0,7907
33691,2025-02-06 21:30:00,17,Copa del Rey,37,Valencia,30,Barcelona,30,Barcelona,0,Raphinha_11_B,,,,,63,0.00131215,0.000402672,0.736,1.0,8931
33691,2025-02-06 21:30:00,17,Copa del Rey,37,Valencia,30,Barcelona,30,Barcelona,0,Robert Lewandowski_9_B,,,,,0,-0.00130583,0.000914094,0.564,0.999,10145
33691,2025-02-06 21:30:00,17,Copa del Rey,37,Valencia,30,Barcelona,30,Barcelona,0,Ronald Araújo_4_B,,,,,0,0.00016609,0.000959492,0.736,1.0,6661
33691,2025-02-06 21:30:00,17,Copa del Rey,37,Valencia,30,Barcelona,30,Barcelona,0,Wojciech Szczęsny_25_B,,,,,90,0.000657671,0.000653952,0.0,0.0,2653
27932,2025-02-08 21:00:00,6,La Liga,31,Real Madrid,39,Atlético Madrid,31,Real Madrid,1,Andriy Lunin_13_RM,,,,,0,0.00135314,0.00113184,0.0,0.0,4637
27932,2025-02-08 21:00:00,6,La Liga,31,Real Madrid,39,Atlético Madrid,31,Real Madrid,1,Arda Güler_15_RM,,,,,0,7.01941e-05,-0.000836821,0.211,0.452,2380
27932,2025-02-08 21:00:00,6,La Liga,31,Real Madrid,39,Atlético Madrid,31,Real Madrid,1,Aurélien Tchouaméni_14_RM,,,,,97,-0.000603586,0.00091019,0.264,0.565,8572
27932,2025-02-08 21:00:00,6,La Liga,31,Real Madrid,39,Atlético Madrid,31,Real Madrid,1,Brahim Díaz_21_RM,93.0,,level,,4,0.00321062,-0.000354507,0.082,0.176,4411
27932,2025-02-08 21:00:00,6,La Liga,31,Real Madrid,39,Atlético Madrid,31,Real Madrid,1,Dani Ceballos_19_RM,,85.0,,level,85,0.0010414,0.00086943,0.0,0.0,4606
27932,2025-02-08 21:00:00,6,La Liga,31,Real Madrid,39,Atlético Madrid,31,Real Madrid,1,Eduardo Camavinga_6_RM,85.0,,level,,12,0.000527662,0.000882211,0.0,0.0,7525
27932,2025-02-08 21:00:00,6,La Liga,31,Real Madrid,39,Atlético Madrid,31,Real Madrid,1,Endrick_16_RM,,,,,0,0.00034253,0.000427653,0.0,0.0,935
27932,2025-02-08 21:00:00,6,La Liga,31,Real Madrid,39,Atlético Madrid,31,Real Madrid,1,Federico Valverde_8_RM,,,,,97,0.00109636,0.00134977,0.264,0.565,11707
27932,2025-02-08 21:00:00,6,La Liga,31,Real Madrid,39,Atlético Madrid,31,Real Madrid,1,Ferland Mendy_23_RM,,,,,0,-0.00165897,0.000241543,0.0,0.0,5435
27932,2025-02-08 21:00:00,6,La Liga,31,Real Madrid,39,Atlético Madrid,31,Real Madrid,1,Fran Garcia_20_RM,,,,,97,0.00151615,4.55278e-05,0.0,0.0,4807
27932,2025-02-08 21:00:00,6,La Liga,31,Real Madrid,39,Atlético Madrid,31,Real Madrid,1,Gonzalo García_30_RM,,,,,0,-5.36235e-05,0.000482841,0.0,0.0,94
27932,2025-02-08 21:00:00,6,La Liga,31,Real Madrid,39,Atlético Madrid,31,Real Madrid,1,Jacobo Ramón_31_RM,,,,,0,-0.000368683,-0.000752092,0.0,0.0,322
27932,2025-02-08 21:00:00,6,La Liga,31,Real Madrid,39,Atlético Madrid,31,Real Madrid,1,Jesús Vallejo_18_RM,,,,,0,-0.000301268,0.000142833,0.0,0.0,215
27932,2025-02-08 21:00:00,6,La Liga,31,Real Madrid,39,Atlético Madrid,31,Real Madrid,1,Jude Bellingham_5_RM,,,,,97,0.00112068,-0.000274762,0.0,0.0,7793
27932,2025-02-08 21:00:00,6,La Liga,31,Real Madrid,39,Atlético Madrid,31,Real Madrid,1,Kylian Mbappé_9_RM,,,,,97,0.00303121,2.59154e-05,0.0,0.0,4484
27932,2025-02-08 21:00:00,6,La Liga,31,Real Madrid,39,Atlético Madrid,31,Real Madrid,1,Lorenzo Aguado_39_RM,,,,,0,2.64839e-05,3.34154e-05,0.0,0.0,68
27932,2025-02-08 21:00:00,6,La Liga,31,Real Madrid,39,Atlético Madrid,31,Real Madrid,1,Lucas Vázquez_17_RM,,86.0,,level,86,0.00132007,-0.000853061,0.0,0.0,6072
27932,2025-02-08 21:00:00,6,La Liga,31,Real Madrid,39,Atlético Madrid,31,Real Madrid,1,Luka Modrić_10_RM,86.0,,level,,11,0.00146142,0.000547068,0.0,0.0,6907
27932,2025-02-08 21:00:00,6,La Liga,31,Real Madrid,39,Atlético Madrid,31,Real Madrid,1,Raúl Asencio_35_RM,,,,,97,0.00142608,0.000223416,0.0,0.0,3080
27932,2025-02-08 21:00:00,6,La Liga,31,Real Madrid,39,Atlético Madrid,31,Real Madrid,1,Rodrygo_11_RM,,93.0,,level,93,0.000204649,0.000315861,0.182,0.389,9181
27932,2025-02-08 21:00:00,6,La Liga,31,Real Madrid,39,Atlético Madrid,31,Real Madrid,1,Thibaut Courtois_1_RM,,,,,97,0.000111719,-0.000758962,0.264,0.565,7657
27932,2025-02-08 21:00:00,6,La Liga,31,Real Madrid,39,Atlético Madrid,31,Real Madrid,1,Vinicius Júnior_7_RM,,,,,97,-0.00186706,0.000820191,0.082,0.176,9694
27936,2025-02-09 21:00:00,6,La Liga,32,Sevilla,30,Barcelona,30,Barcelona,0,Alejandro Balde_3_B,,,,,99,0.00209699,0.000618303,0.0,0.0,7371
27936,2025-02-09 21:00:00,6,La Liga,32,Sevilla,30,Barcelona,30,Barcelona,0,Dani Olmo_20_B,75.0,,leading,,24,0.0012088,0.000304766,0.074,0.13,1994
27936,2025-02-09 21:00:00,6,La Liga,32,Sevilla,30,Barcelona,30,Barcelona,0,Eric García_24_B,75.0,,leading,,24,0.00269696,0.00108346,0.082,0.145,3325
27936,2025-02-09 21:00:00,6,La Liga,32,Sevilla,30,Barcelona,30,Barcelona,0,Fermin López_16_B,50.0,,leading,,49,-0.000980475,6.51575e-05,0.728,1.0,4228
27936,2025-02-09 21:00:00,6,La Liga,32,Sevilla,30,Barcelona,30,Barcelona,0,Ferrán Torres_7_B,,,,,0,0.000824349,-0.000703702,0.18,0.318,5186
27936,2025-02-09 21:00:00,6,La Liga,32,Sevilla,30,Barcelona,30,Barcelona,0,Frenkie de Jong_21_B,,75.0,,leading,75,0.00304554,-0.000291865,0.736,1.0,7300
27936,2025-02-09 21:00:00,6,La Liga,32,Sevilla,30,Barcelona,30,Barcelona,0,Gavi_6_B,,50.0,,leading,50,0.00196965,0.00152903,0.0,0.0,5150
27936,2025-02-09 21:00:00,6,La Liga,32,Sevilla,30,Barcelona,30,Barcelona,0,Gerard Martín_35_B,93.0,,leading,,6,0.000994252,0.000286335,0.0,0.0,1872
27936,2025-02-09 21:00:00,6,La Liga,32,Sevilla,30,Barcelona,30,Barcelona,0,Héctor Fort_32_B,,,,,0,-0.000463914,-0.000603466,0.0,0.0,1296
27936,2025-02-09 21:00:00,6,La Liga,32,Sevilla,30,Barcelona,30,Barcelona,0,Iñaki Peña_13_B,,,,,0,0.001789,-0.000771425,0.0,0.0,3754
27936,2025-02-09 21:00:00,6,La Liga,32,Sevilla,30,Barcelona,30,Barcelona,0,Iñigo Martínez_5_B,,,,,99,0.00172975,0.000118759,0.0,0.0,5736
27936,2025-02-09 21:00:00,6,La Liga,32,Sevilla,30,Barcelona,30,Barcelona,0,Jules Koundé_23_B,,,,,99,0.00223783,0.00075356,0.736,1.0,11254
27936,2025-02-09 21:00:00,6,La Liga,32,Sevilla,30,Barcelona,30,Barcelona,0,Lamine Yamal_19_B,,93.0,,leading,93,0.00308054,0.000554778,0.0,0.0,7670
27936,2025-02-09 21:00:00,6,La Liga,32,Sevilla,30,Barcelona,30,Barcelona,0,Marc Casado_17_B,,,,,0,0.00126044,0.000330566,0.008,0.014,2412
27936,2025-02-09 21:00:00,6,La Liga,32,Sevilla,30,Barcelona,30,Barcelona,0,Pablo Torre_14_B,,,,,0,0.000269459,-0.000418288,0.0,0.0,690
27936,2025-02-09 21:00:00,6,La Liga,32,Sevilla,30,Barcelona,30,Barcelona,0,Pau Cubarsí_2_B,22.0,,level,,77,0.000489738,0.000689197,0.0,0.0,6208
27936,2025-02-09 21:00:00,6,La Liga,32,Sevilla,30,Barcelona,30,Barcelona,0,Pau Victor_18_B,,,,,0,0.00344954,-0.00023187,0.0,0.013,524
27936,2025-02-09 21:00:00,6,La Liga,32,Sevilla,30,Barcelona,30,Barcelona,0,Pedri_8_B,,,,,99,-0.000452767,-0.000759786,0.736,1.0,7907
27936,2025-02-09 21:00:00,6,La Liga,32,Sevilla,30,Barcelona,30,Barcelona,0,Raphinha_11_B,,,,,99,0.00131215,0.000402672,0.736,1.0,8931
27936,2025-02-09 21:00:00,6,La Liga,32,Sevilla,30,Barcelona,30,Barcelona,0,Robert Lewandowski_9_B,,75.0,,leading,75,-0.00130583,0.000914094,0.564,0.999,10145
27936,2025-02-09 21:00:00,6,La Liga,32,Sevilla,30,Barcelona,30,Barcelona,0,Ronald Araújo_4_B,,22.0,,level,22,0.00016609,0.000959492,0.736,1.0,6661
27936,2025-02-09 21:00:00,6,La Liga,32,Sevilla,30,Barcelona,30,Barcelona,0,Wojciech Szczęsny_25_B,,,,,99,0.000657671,0.000653952,0.0,0.0,2653
31734,2025-02-11 20:00:00,13,Champions League,19,Manchester City,31,Real Madrid,31,Real Madrid,0,Andriy Lunin_13_RM,,,,,0,0.00135314,0.00113184,0.0,0.0,4637
31734,2025-02-11 20:00:00,13,Champions League,19,Manchester City,31,Real Madrid,31,Real Madrid,0,Arda Güler_15_RM,,,,,0,7.01941e-05,-0.000836821,0.211,0.452,2380
31734,2025-02-11 20:00:00,13,Champions League,19,Manchester City,31,Real Madrid,31,Real Madrid,0,Aurélien Tchouaméni_14_RM,,,,,90,-0.000603586,0.00091019,0.264,0.565,8572
31734,2025-02-11 20:00:00,13,Champions League,19,Manchester City,31,Real Madrid,31,Real Madrid,0,Brahim Díaz_21_RM,,,,,7,0.00321062,-0.000354507,0.082,0.176,4411
31734,2025-02-11 20:00:00,13,Champions League,19,Manchester City,31,Real Madrid,31,Real Madrid,0,Chema_36_RM,,,,,0,-0.000144558,7.16954e-05,0.0,0.0,40
31734,2025-02-11 20:00:00,13,Champions League,19,Manchester City,31,Real Madrid,31,Real Madrid,0,Dani Ceballos_19_RM,,,,,80,0.0010414,0.00086943,0.0,0.0,4606
31734,2025-02-11 20:00:00,13,Champions League,19,Manchester City,31,Real Madrid,31,Real Madrid,0,Eduardo Camavinga_6_RM,,,,,90,0.000527662,0.000882211,0.0,0.0,7525
31734,2025-02-11 20:00:00,13,Champions League,19,Manchester City,31,Real Madrid,31,Real Madrid,0,Endrick_16_RM,,,,,0,0.00034253,0.000427653,0.0,0.0,935
31734,2025-02-11 20:00:00,13,Champions League,19,Manchester City,31,Real Madrid,31,Real Madrid,0,Federico Valverde_8_RM,,,,,90,0.00109636,0.00134977,0.264,0.565,11707
31734,2025-02-11 20:00:00,13,Champions League,19,Manchester City,31,Real Madrid,31,Real Madrid,0,Ferland Mendy_23_RM,,,,,90,-0.00165897,0.000241543,0.0,0.0,5435
31734,2025-02-11 20:00:00,13,Champions League,19,Manchester City,31,Real Madrid,31,Real Madrid,0,Fran Garcia_20_RM,,,,,1,0.00151615,4.55278e-05,0.0,0.0,4807
31734,2025-02-11 20:00:00,13,Champions League,19,Manchester City,31,Real Madrid,31,Real Madrid,0,Gonzalo García_30_RM,,,,,0,-5.36235e-05,0.000482841,0.0,0.0,94
31734,2025-02-11 20:00:00,13,Champions League,19,Manchester City,31,Real Madrid,31,Real Madrid,0,Jacobo Ramón_31_RM,,,,,0,-0.000368683,-0.000752092,0.0,0.0,322
31734,2025-02-11 20:00:00,13,Champions League,19,Manchester City,31,Real Madrid,31,Real Madrid,0,Jesús Vallejo_18_RM,,,,,0,-0.000301268,0.000142833,0.0,0.0,215
31734,2025-02-11 20:00:00,13,Champions League,19,Manchester City,31,Real Madrid,31,Real Madrid,0,Jude Bellingham_5_RM,,,,,90,0.00112068,-0.000274762,0.0,0.0,7793
31734,2025-02-11 20:00:00,13,Champions League,19,Manchester City,31,Real Madrid,31,Real Madrid,0,Kylian Mbappé_9_RM,,,,,89,0.00303121,2.59154e-05,0.0,0.0,4484
31734,2025-02-11 20:00:00,13,Champions League,19,Manchester City,31,Real Madrid,31,Real Madrid,0,Lorenzo Aguado_39_RM,,,,,0,2.64839e-05,3.34154e-05,0.0,0.0,68
31734,2025-02-11 20:00:00,13,Champions League,19,Manchester City,31,Real Madrid,31,Real Madrid,0,Luka Modrić_10_RM,,,,,10,0.00146142,0.000547068,0.0,0.0,6907
31734,2025-02-11 20:00:00,13,Champions League,19,Manchester City,31,Real Madrid,31,Real Madrid,0,Raúl Asencio_35_RM,,,,,90,0.00142608,0.000223416,0.0,0.0,3080
31734,2025-02-11 20:00:00,13,Champions League,19,Manchester City,31,Real Madrid,31,Real Madrid,0,Rodrygo_11_RM,,,,,83,0.000204649,0.000315861,0.182,0.389,9181
31734,2025-02-11 20:00:00,13,Champions League,19,Manchester City,31,Real Madrid,31,Real Madrid,0,Thibaut Courtois_1_RM,,,,,90,0.000111719,-0.000758962,0.264,0.565,7657
31734,2025-02-11 20:00:00,13,Champions League,19,Manchester City,31,Real Madrid,31,Real Madrid,0,Vinicius Júnior_7_RM,,,,,90,-0.00186706,0.000820191,0.082,0.176,9694
27940,2025-02-15 16:15:00,6,La Liga,29,Osasuna,31,Real Madrid,31,Real Madrid,0,Andriy Lunin_13_RM,,,,,0,0.00135314,0.00113184,0.0,0.0,4637
27940,2025-02-15 16:15:00,6,La Liga,29,Osasuna,31,Real Madrid,31,Real Madrid,0,Arda Güler_15_RM,,,,,0,7.01941e-05,-0.000836821,0.211,0.452,2380
27940,2025-02-15 16:15:00,6,La Liga,29,Osasuna,31,Real Madrid,31,Real Madrid,0,Aurélien Tchouaméni_14_RM,,,,,91,-0.000603586,0.00091019,0.264,0.565,8572
27940,2025-02-15 16:15:00,6,La Liga,29,Osasuna,31,Real Madrid,31,Real Madrid,0,Brahim Díaz_21_RM,,69.0,,level,69,0.00321062,-0.000354507,0.082,0.176,4411
27940,2025-02-15 16:15:00,6,La Liga,29,Osasuna,31,Real Madrid,31,Real Madrid,0,Dani Ceballos_19_RM,,,,,0,0.0010414,0.00086943,0.0,0.0,4606
27940,2025-02-15 16:15:00,6,La Liga,29,Osasuna,31,Real Madrid,31,Real Madrid,0,Eduardo Camavinga_6_RM,,,,,91,0.000527662,0.000882211,0.0,0.0,7525
27940,2025-02-15 16:15:00,6,La Liga,29,Osasuna,31,Real Madrid,31,Real Madrid,0,Endrick_16_RM,,,,,0,0.00034253,0.000427653,0.0,0.0,935
27940,2025-02-15 16:15:00,6,La Liga,29,Osasuna,31,Real Madrid,31,Real Madrid,0,Federico Valverde_8_RM,,,,,91,0.00109636,0.00134977,0.264,0.565,11707
27940,2025-02-15 16:15:00,6,La Liga,29,Osasuna,31,Real Madrid,31,Real Madrid,0,Ferland Mendy_23_RM,,,,,0,-0.00165897,0.000241543,0.0,0.0,5435
27940,2025-02-15 16:15:00,6,La Liga,29,Osasuna,31,Real Madrid,31,Real Madrid,0,Fran Garcia_20_RM,,,,,91,0.00151615,4.55278e-05,0.0,0.0,4807
27940,2025-02-15 16:15:00,6,La Liga,29,Osasuna,31,Real Madrid,31,Real Madrid,0,Jacobo Ramón_31_RM,,,,,0,-0.000368683,-0.000752092,0.0,0.0,322
27940,2025-02-15 16:15:00,6,La Liga,29,Osasuna,31,Real Madrid,31,Real Madrid,0,Jesús Vallejo_18_RM,,,,,0,-0.000301268,0.000142833,0.0,0.0,215
27940,2025-02-15 16:15:00,6,La Liga,29,Osasuna,31,Real Madrid,31,Real Madrid,0,Jude Bellingham_5_RM,,,,,91,0.00112068,-0.000274762,0.0,0.0,7793
27940,2025-02-15 16:15:00,6,La Liga,29,Osasuna,31,Real Madrid,31,Real Madrid,0,Kylian Mbappé_9_RM,,,,,91,0.00303121,2.59154e-05,0.0,0.0,4484
27940,2025-02-15 16:15:00,6,La Liga,29,Osasuna,31,Real Madrid,31,Real Madrid,0,Lorenzo Aguado_39_RM,,,,,0,2.64839e-05,3.34154e-05,0.0,0.0,68
27940,2025-02-15 16:15:00,6,La Liga,29,Osasuna,31,Real Madrid,31,Real Madrid,0,Luka Modrić_10_RM,,,,,91,0.00146142,0.000547068,0.0,0.0,6907
27940,2025-02-15 16:15:00,6,La Liga,29,Osasuna,31,Real Madrid,31,Real Madrid,0,Raúl Asencio_35_RM,,,,,91,0.00142608,0.000223416,0.0,0.0,3080
27940,2025-02-15 16:15:00,6,La Liga,29,Osasuna,31,Real Madrid,31,Real Madrid,0,Rodrygo_11_RM,69.0,,level,,22,0.000204649,0.000315861,0.182,0.389,9181
27940,2025-02-15 16:15:00,6,La Liga,29,Osasuna,31,Real Madrid,31,Real Madrid,0,Thibaut Courtois_1_RM,,,,,91,0.000111719,-0.000758962,0.264,0.565,7657
27940,2025-02-15 16:15:00,6,La Liga,29,Osasuna,31,Real Madrid,31,Real Madrid,0,Vinicius Júnior_7_RM,,,,,91,-0.00186706,0.000820191,0.082,0.176,9694
27947,2025-02-17 21:00:00,6,La Liga,30,Barcelona,202,Rayo Vallecano,30,Barcelona,1,Alejandro Balde_3_B,,,,,98,0.00209699,0.000618303,0.0,0.0,7371
27947,2025-02-17 21:00:00,6,La Liga,30,Barcelona,202,Rayo Vallecano,30,Barcelona,1,Ansu Fati_10_B,,,,,0,-0.000152001,0.000578713,0.0,0.0,1536
27947,2025-02-17 21:00:00,6,La Liga,30,Barcelona,202,Rayo Vallecano,30,Barcelona,1,Dani Olmo_20_B,69.0,,leading,,29,0.0012088,0.000304766,0.074,0.13,1994
27947,2025-02-17 21:00:00,6,La Liga,30,Barcelona,202,Rayo Vallecano,30,Barcelona,1,Eric García_24_B,84.0,,leading,,14,0.00269696,0.00108346,0.082,0.145,3325
27947,2025-02-17 21:00:00,6,La Liga,30,Barcelona,202,Rayo Vallecano,30,Barcelona,1,Ferrán Torres_7_B,84.0,,leading,,14,0.000824349,-0.000703702,0.18,0.318,5186
27947,2025-02-17 21:00:00,6,La Liga,30,Barcelona,202,Rayo Vallecano,30,Barcelona,1,Frenkie de Jong_21_B,,91.0,,leading,91,0.00304554,-0.000291865,0.736,1.0,7300
27947,2025-02-17 21:00:00,6,La Liga,30,Barcelona,202,Rayo Vallecano,30,Barcelona,1,Gavi_6_B,,69.0,,leading,69,0.00196965,0.00152903,0.0,0.0,5150
27947,2025-02-17 21:00:00,6,La Liga,30,Barcelona,202,Rayo Vallecano,30,Barcelona,1,Gerard Martín_35_B,,,,,0,0.000994252,0.000286335,0.0,0.0,1872
27947,2025-02-17 21:00:00,6,La Liga,30,Barcelona,202,Rayo Vallecano,30,Barcelona,1,Héctor Fort_32_B,,69.0,,leading,69,-0.000463914,-0.000603466,0.0,0.0,1296
27947,2025-02-17 21:00:00,6,La Liga,30,Barcelona,202,Rayo Vallecano,30,Barcelona,1,Iñaki Peña_13_B,,,,,0,0.001789,-0.000771425,0.0,0.0,3754
27947,2025-02-17 21:00:00,6,La Liga,30,Barcelona,202,Rayo Vallecano,30,Barcelona,1,Iñigo Martínez_5_B,,,,,98,0.00172975,0.000118759,0.0,0.0,5736
27947,2025-02-17 21:00:00,6,La Liga,30,Barcelona,202,Rayo Vallecano,30,Barcelona,1,Jules Koundé_23_B,69.0,,leading,,29,0.00223783,0.00075356,0.736,1.0,11254
27947,2025-02-17 21:00:00,6,La Liga,30,Barcelona,202,Rayo Vallecano,30,Barcelona,1,Lamine Yamal_19_B,,,,,98,0.00308054,0.000554778,0.0,0.0,7670
27947,2025-02-17 21:00:00,6,La Liga,30,Barcelona,202,Rayo Vallecano,30,Barcelona,1,Marc Casado_17_B,91.0,,leading,,7,0.00126044,0.000330566,0.008,0.014,2412
27947,2025-02-17 21:00:00,6,La Liga,30,Barcelona,202,Rayo Vallecano,30,Barcelona,1,Pablo Torre_14_B,,,,,0,0.000269459,-0.000418288,0.0,0.0,690
27947,2025-02-17 21:00:00,6,La Liga,30,Barcelona,202,Rayo Vallecano,30,Barcelona,1,Pau Cubarsí_2_B,,84.0,,leading,84,0.000489738,0.000689197,0.0,0.0,6208
27947,2025-02-17 21:00:00,6,La Liga,30,Barcelona,202,Rayo Vallecano,30,Barcelona,1,Pau Victor_18_B,,,,,0,0.00344954,-0.00023187,0.0,0.013,524
27947,2025-02-17 21:00:00,6,La Liga,30,Barcelona,202,Rayo Vallecano,30,Barcelona,1,Pedri_8_B,,,,,98,-0.000452767,-0.000759786,0.736,1.0,7907
27947,2025-02-17 21:00:00,6,La Liga,30,Barcelona,202,Rayo Vallecano,30,Barcelona,1,Raphinha_11_B,,,,,98,0.00131215,0.000402672,0.736,1.0,8931
27947,2025-02-17 21:00:00,6,La Liga,30,Barcelona,202,Rayo Vallecano,30,Barcelona,1,Robert Lewandowski_9_B,,84.0,,leading,84,-0.00130583,0.000914094,0.564,0.999,10145
27947,2025-02-17 21:00:00,6,La Liga,30,Barcelona,202,Rayo Vallecano,30,Barcelona,1,Ronald Araújo_4_B,,,,,0,0.00016609,0.000959492,0.736,1.0,6661
27947,2025-02-17 21:00:00,6,La Liga,30,Barcelona,202,Rayo Vallecano,30,Barcelona,1,Wojciech Szczęsny_25_B,,,,,98,0.000657671,0.000653952,0.0,0.0,2653
31746,2025-02-19 21:00:00,13,Champions League,31,Real Madrid,19,Manchester City,31,Real Madrid,1,Andriy Lunin_13_RM,,,,,0,0.00135314,0.00113184,0.0,0.0,4637
31746,2025-02-19 21:00:00,13,Champions League,31,Real Madrid,19,Manchester City,31,Real Madrid,1,Antonio Rüdiger_22_RM,,,,,90,0.00101494,0.000618977,0.0,0.0,10666
31746,2025-02-19 21:00:00,13,Champions League,31,Real Madrid,19,Manchester City,31,Real Madrid,1,Arda Güler_15_RM,,,,,0,7.01941e-05,-0.000836821,0.211,0.452,2380
31746,2025-02-19 21:00:00,13,Champions League,31,Real Madrid,19,Manchester City,31,Real Madrid,1,Aurélien Tchouaméni_14_RM,,,,,82,-0.000603586,0.00091019,0.264,0.565,8572
31746,2025-02-19 21:00:00,13,Champions League,31,Real Madrid,19,Manchester City,31,Real Madrid,1,Brahim Díaz_21_RM,,,,,13,0.00321062,-0.000354507,0.082,0.176,4411
31746,2025-02-19 21:00:00,13,Champions League,31,Real Madrid,19,Manchester City,31,Real Madrid,1,Dani Ceballos_19_RM,,,,,77,0.0010414,0.00086943,0.0,0.0,4606
31746,2025-02-19 21:00:00,13,Champions League,31,Real Madrid,19,Manchester City,31,Real Madrid,1,David Alaba_4_RM,,,,,1,0.000547684,0.000271426,0.0,0.0,3366
31746,2025-02-19 21:00:00,13,Champions League,31,Real Madrid,19,Manchester City,31,Real Madrid,1,Eduardo Camavinga_6_RM,,,,,13,0.000527662,0.000882211,0.0,0.0,7525
31746,2025-02-19 21:00:00,13,Champions League,31,Real Madrid,19,Manchester City,31,Real Madrid,1,Endrick_16_RM,,,,,1,0.00034253,0.000427653,0.0,0.0,935
31746,2025-02-19 21:00:00,13,Champions League,31,Real Madrid,19,Manchester City,31,Real Madrid,1,Federico Valverde_8_RM,,,,,89,0.00109636,0.00134977,0.264,0.565,11707
31746,2025-02-19 21:00:00,13,Champions League,31,Real Madrid,19,Manchester City,31,Real Madrid,1,Ferland Mendy_23_RM,,,,,90,-0.00165897,0.000241543,0.0,0.0,5435
31746,2025-02-19 21:00:00,13,Champions League,31,Real Madrid,19,Manchester City,31,Real Madrid,1,Fran Garcia_20_RM,,,,,0,0.00151615,4.55278e-05,0.0,0.0,4807
31746,2025-02-19 21:00:00,13,Champions League,31,Real Madrid,19,Manchester City,31,Real Madrid,1,Jesús Vallejo_18_RM,,,,,0,-0.000301268,0.000142833,0.0,0.0,215
31746,2025-02-19 21:00:00,13,Champions League,31,Real Madrid,19,Manchester City,31,Real Madrid,1,Jude Bellingham_5_RM,,,,,90,0.00112068,-0.000274762,0.0,0.0,7793
31746,2025-02-19 21:00:00,13,Champions League,31,Real Madrid,19,Manchester City,31,Real Madrid,1,Kylian Mbappé_9_RM,,,,,77,0.00303121,2.59154e-05,0.0,0.0,4484
31746,2025-02-19 21:00:00,13,Champions League,31,Real Madrid,19,Manchester City,31,Real Madrid,1,Lucas Vázquez_17_RM,,,,,0,0.00132007,-0.000853061,0.0,0.0,6072
31746,2025-02-19 21:00:00,13,Champions League,31,Real Madrid,19,Manchester City,31,Real Madrid,1,Luka Modrić_10_RM,,,,,8,0.00146142,0.000547068,0.0,0.0,6907
31746,2025-02-19 21:00:00,13,Champions League,31,Real Madrid,19,Manchester City,31,Real Madrid,1,Raúl Asencio_35_RM,,,,,90,0.00142608,0.000223416,0.0,0.0,3080
31746,2025-02-19 21:00:00,13,Champions League,31,Real Madrid,19,Manchester City,31,Real Madrid,1,Rodrygo_11_RM,,,,,90,0.000204649,0.000315861,0.182,0.389,9181
31746,2025-02-19 21:00:00,13,Champions League,31,Real Madrid,19,Manchester City,31,Real Madrid,1,Thibaut Courtois_1_RM,,,,,90,0.000111719,-0.000758962,0.264,0.565,7657
31746,2025-02-19 21:00:00,13,Champions League,31,Real Madrid,19,Manchester City,31,Real Madrid,1,Vinicius Júnior_7_RM,,,,,89,-0.00186706,0.000820191,0.082,0.176,9694
27952,2025-02-22 20:00:00,6,La Liga,522,Equipo histórico 522,30,Barcelona,30,Barcelona,0,Alejandro Balde_3_B,,,,,97,0.00209699,0.000618303,0.0,0.0,7371
27952,2025-02-22 20:00:00,6,La Liga,522,Equipo histórico 522,30,Barcelona,30,Barcelona,0,Dani Olmo_20_B,46.0,,level,,51,0.0012088,0.000304766,0.074,0.13,1994
27952,2025-02-22 20:00:00,6,La Liga,522,Equipo histórico 522,30,Barcelona,30,Barcelona,0,Eric García_24_B,,,,,97,0.00269696,0.00108346,0.082,0.145,3325
27952,2025-02-22 20:00:00,6,La Liga,522,Equipo histórico 522,30,Barcelona,30,Barcelona,0,Fermin López_16_B,,46.0,,level,46,-0.000980475,6.51575e-05,0.728,1.0,4228
27952,2025-02-22 20:00:00,6,La Liga,522,Equipo histórico 522,30,Barcelona,30,Barcelona,0,Ferrán Torres_7_B,85.0,,leading,,12,0.000824349,-0.000703702,0.18,0.318,5186
27952,2025-02-22 20:00:00,6,La Liga,522,Equipo histórico 522,30,Barcelona,30,Barcelona,0,Frenkie de Jong_21_B,85.0,,leading,,12,0.00304554,-0.000291865,0.736,1.0,7300
27952,2025-02-22 20:00:00,6,La Liga,522,Equipo histórico 522,30,Barcelona,30,Barcelona,0,Gavi_6_B,,,,,0,0.00196965,0.00152903,0.0,0.0,5150
27952,2025-02-22 20:00:00,6,La Liga,522,Equipo histórico 522,30,Barcelona,30,Barcelona,0,Gerard Martín_35_B,97.0,,leading,,0,0.000994252,0.000286335,0.0,0.0,1872
27952,2025-02-22 20:00:00,6,La Liga,522,Equipo histórico 522,30,Barcelona,30,Barcelona,0,Héctor Fort_32_B,,,,,0,-0.000463914,-0.000603466,0.0,0.0,1296
27952,2025-02-22 20:00:00,6,La Liga,522,Equipo histórico 522,30,Barcelona,30,Barcelona,0,Iñaki Peña_13_B,,,,,0,0.001789,-0.000771425,0.0,0.0,3754
27952,2025-02-22 20:00:00,6,La Liga,522,Equipo histórico 522,30,Barcelona,30,Barcelona,0,Iñigo Martínez_5_B,,,,,0,0.00172975,0.000118759,0.0,0.0,5736
27952,2025-02-22 20:00:00,6,La Liga,522,Equipo histórico 522,30,Barcelona,30,Barcelona,0,Jules Koundé_23_B,,,,,97,0.00223783,0.00075356,0.736,1.0,11254
27952,2025-02-22 20:00:00,6,La Liga,522,Equipo histórico 522,30,Barcelona,30,Barcelona,0,Lamine Yamal_19_B,,85.0,,leading,85,0.00308054,0.000554778,0.0,0.0,7670
27952,2025-02-22 20:00:00,6,La Liga,522,Equipo histórico 522,30,Barcelona,30,Barcelona,0,Marc Casado_17_B,,,,,97,0.00126044,0.000330566,0.008,0.014,2412
27952,2025-02-22 20:00:00,6,La Liga,522,Equipo histórico 522,30,Barcelona,30,Barcelona,0,Pablo Torre_14_B,,,,,0,0.000269459,-0.000418288,0.0,0.0,690
27952,2025-02-22 20:00:00,6,La Liga,522,Equipo histórico 522,30,Barcelona,30,Barcelona,0,Pau Cubarsí_2_B,,,,,97,0.000489738,0.000689197,0.0,0.0,6208
27952,2025-02-22 20:00:00,6,La Liga,522,Equipo histórico 522,30,Barcelona,30,Barcelona,0,Pau Victor_18_B,,,,,0,0.00344954,-0.00023187,0.0,0.013,524
27952,2025-02-22 20:00:00,6,La Liga,522,Equipo histórico 522,30,Barcelona,30,Barcelona,0,Pedri_8_B,,85.0,,leading,85,-0.000452767,-0.000759786,0.736,1.0,7907
27952,2025-02-22 20:00:00,6,La Liga,522,Equipo histórico 522,30,Barcelona,30,Barcelona,0,Raphinha_11_B,,97.0,,leading,97,0.00131215,0.000402672,0.736,1.0,8931
27952,2025-02-22 20:00:00,6,La Liga,522,Equipo histórico 522,30,Barcelona,30,Barcelona,0,Robert Lewandowski_9_B,,,,,97,-0.00130583,0.000914094,0.564,0.999,10145
27952,2025-02-22 20:00:00,6,La Liga,522,Equipo histórico 522,30,Barcelona,30,Barcelona,0,Ronald Araújo_4_B,,,,,0,0.00016609,0.000959492,0.736,1.0,6661
27952,2025-02-22 20:00:00,6,La Liga,522,Equipo histórico 522,30,Barcelona,30,Barcelona,0,Wojciech Szczęsny_25_B,,,,,97,0.000657671,0.000653952,0.0,0.0,2653
27954,2025-02-23 16:15:00,6,La Liga,31,Real Madrid,363,Girona,31,Real Madrid,1,Andriy Lunin_13_RM,,,,,0,0.00135314,0.00113184,0.0,0.0,4637
27954,2025-02-23 16:15:00,6,La Liga,31,Real Madrid,363,Girona,31,Real Madrid,1,Antonio Rüdiger_22_RM,86.0,,leading,,7,0.00101494,0.000618977,0.0,0.0,10666
27954,2025-02-23 16:15:00,6,La Liga,31,Real Madrid,363,Girona,31,Real Madrid,1,Arda Güler_15_RM,,,,,0,7.01941e-05,-0.000836821,0.211,0.452,2380
27954,2025-02-23 16:15:00,6,La Liga,31,Real Madrid,363,Girona,31,Real Madrid,1,Aurélien Tchouaméni_14_RM,,,,,93,-0.000603586,0.00091019,0.264,0.565,8572
27954,2025-02-23 16:15:00,6,La Liga,31,Real Madrid,363,Girona,31,Real Madrid,1,Brahim Díaz_21_RM,,73.0,,leading,73,0.00321062,-0.000354507,0.082,0.176,4411
27954,2025-02-23 16:15:00,6,La Liga,31,Real Madrid,363,Girona,31,Real Madrid,1,Dani Ceballos_19_RM,73.0,,leading,,20,0.0010414,0.00086943,0.0,0.0,4606
27954,2025-02-23 16:15:00,6,La Liga,31,Real Madrid,363,Girona,31,Real Madrid,1,David Alaba_4_RM,,73.0,,leading,73,0.000547684,0.000271426,0.0,0.0,3366
27954,2025-02-23 16:15:00,6,La Liga,31,Real Madrid,363,Girona,31,Real Madrid,1,Eduardo Camavinga_6_RM,73.0,,leading,,20,0.000527662,0.000882211,0.0,0.0,7525
27954,2025-02-23 16:15:00,6,La Liga,31,Real Madrid,363,Girona,31,Real Madrid,1,Endrick_16_RM,90.0,,leading,,3,0.00034253,0.000427653,0.0,0.0,935
27954,2025-02-23 16:15:00,6,La Liga,31,Real Madrid,363,Girona,31,Real Madrid,1,Federico Valverde_8_RM,,,,,0,0.00109636,0.00134977,0.264,0.565,11707
27954,2025-02-23 16:15:00,6,La Liga,31,Real Madrid,363,Girona,31,Real Madrid,1,Ferland Mendy_23_RM,,,,,93,-0.00165897,0.000241543,0.0,0.0,5435
27954,2025-02-23 16:15:00,6,La Liga,31,Real Madrid,363,Girona,31,Real Madrid,1,Fran Garcia_20_RM,,,,,0,0.00151615,4.55278e-05,0.0,0.0,4807
27954,2025-02-23 16:15:00,6,La Liga,31,Real Madrid,363,Girona,31,Real Madrid,1,Fran_26_RM,,,,,0,0.000589259,3.17888e-05,0.0,0.0,101
27954,2025-02-23 16:15:00,6,La Liga,31,Real Madrid,363,Girona,31,Real Madrid,1,Jesús Vallejo_18_RM,,,,,0,-0.000301268,0.000142833,0.0,0.0,215
27954,2025-02-23 16:15:00,6,La Liga,31,Real Madrid,363,Girona,31,Real Madrid,1,Kylian Mbappé_9_RM,,,,,93,0.00303121,2.59154e-05,0.0,0.0,4484
27954,2025-02-23 16:15:00,6,La Liga,31,Real Madrid,363,Girona,31,Real Madrid,1,Lucas Vázquez_17_RM,,,,,93,0.00132007,-0.000853061,0.0,0.0,6072
27954,2025-02-23 16:15:00,6,La Liga,31,Real Madrid,363,Girona,31,Real Madrid,1,Luka Modrić_10_RM,,86.0,,leading,86,0.00146142,0.000547068,0.0,0.0,6907
27954,2025-02-23 16:15:00,6,La Liga,31,Real Madrid,363,Girona,31,Real Madrid,1,Raúl Asencio_35_RM,,,,,93,0.00142608,0.000223416,0.0,0.0,3080
27954,2025-02-23 16:15:00,6,La Liga,31,Real Madrid,363,Girona,31,Real Madrid,1,Rodrygo_11_RM,,,,,93,0.000204649,0.000315861,0.182,0.389,9181
27954,2025-02-23 16:15:00,6,La Liga,31,Real Madrid,363,Girona,31,Real Madrid,1,Thibaut Courtois_1_RM,,,,,93,0.000111719,-0.000758962,0.264,0.565,7657
27954,2025-02-23 16:15:00,6,La Liga,31,Real Madrid,363,Girona,31,Real Madrid,1,Vinicius Júnior_7_RM,,90.0,,leading,90,-0.00186706,0.000820191,0.082,0.176,9694
33692,2025-02-25 21:30:00,17,Copa del Rey,30,Barcelona,39,Atlético Madrid,30,Barcelona,1,Alejandro Balde_3_B,,,,,90,0.00209699,0.000618303,0.0,0.0,7371
33692,2025-02-25 21:30:00,17,Copa del Rey,30,Barcelona,39,Atlético Madrid,30,Barcelona,1,Dani Olmo_20_B,,,,,67,0.0012088,0.000304766,0.074,0.13,1994
33692,2025-02-25 21:30:00,17,Copa del Rey,30,Barcelona,39,Atlético Madrid,30,Barcelona,1,Eric García_24_B,,,,,6,0.00269696,0.00108346,0.082,0.145,3325
33692,2025-02-25 21:30:00,17,Copa del Rey,30,Barcelona,39,Atlético Madrid,30,Barcelona,1,Fermin López_16_B,,,,,6,-0.000980475,6.51575e-05,0.728,1.0,4228
33692,2025-02-25 21:30:00,17,Copa del Rey,30,Barcelona,39,Atlético Madrid,30,Barcelona,1,Ferrán Torres_7_B,,,,,67,0.000824349,-0.000703702,0.18,0.318,5186
33692,2025-02-25 21:30:00,17,Copa del Rey,30,Barcelona,39,Atlético Madrid,30,Barcelona,1,Frenkie de Jong_21_B,,,,,90,0.00304554,-0.000291865,0.736,1.0,7300
33692,2025-02-25 21:30:00,17,Copa del Rey,30,Barcelona,39,Atlético Madrid,30,Barcelona,1,Gavi_6_B,,,,,23,0.00196965,0.00152903,0.0,0.0,5150
33692,2025-02-25 21:30:00,17,Copa del Rey,30,Barcelona,39,Atlético Madrid,30,Barcelona,1,Gerard Martín_35_B,,,,,0,0.000994252,0.000286335,0.0,0.0,1872
33692,2025-02-25 21:30:00,17,Copa del Rey,30,Barcelona,39,Atlético Madrid,30,Barcelona,1,Héctor Fort_32_B,,,,,0,-0.000463914,-0.000603466,0.0,0.0,1296
33692,2025-02-25 21:30:00,17,Copa del Rey,30,Barcelona,39,Atlético Madrid,30,Barcelona,1,Iñaki Peña_13_B,,,,,0,0.001789,-0.000771425,0.0,0.0,3754
33692,2025-02-25 21:30:00,17,Copa del Rey,30,Barcelona,39,Atlético Madrid,30,Barcelona,1,Iñigo Martínez_5_B,,,,,90,0.00172975,0.000118759,0.0,0.0,5736
33692,2025-02-25 21:30:00,17,Copa del Rey,30,Barcelona,39,Atlético Madrid,30,Barcelona,1,Jules Koundé_23_B,,,,,90,0.00223783,0.00075356,0.736,1.0,11254
33692,2025-02-25 21:30:00,17,Copa del Rey,30,Barcelona,39,Atlético Madrid,30,Barcelona,1,Lamine Yamal_19_B,,,,,90,0.00308054,0.000554778,0.0,0.0,7670
33692,2025-02-25 21:30:00,17,Copa del Rey,30,Barcelona,39,Atlético Madrid,30,Barcelona,1,Marc Casado_17_B,,,,,0,0.00126044,0.000330566,0.008,0.014,2412
33692,2025-02-25 21:30:00,17,Copa del Rey,30,Barcelona,39,Atlético Madrid,30,Barcelona,1,Pau Cubarsí_2_B,,,,,90,0.000489738,0.000689197,0.0,0.0,6208
33692,2025-02-25 21:30:00,17,Copa del Rey,30,Barcelona,39,Atlético Madrid,30,Barcelona,1,Pau Victor_18_B,,,,,0,0.00344954,-0.00023187,0.0,0.013,524
33692,2025-02-25 21:30:00,17,Copa del Rey,30,Barcelona,39,Atlético Madrid,30,Barcelona,1,Pedri_8_B,,,,,84,-0.000452767,-0.000759786,0.736,1.0,7907
33692,2025-02-25 21:30:00,17,Copa del Rey,30,Barcelona,39,Atlético Madrid,30,Barcelona,1,Raphinha_11_B,,,,,84,0.00131215,0.000402672,0.736,1.0,8931
33692,2025-02-25 21:30:00,17,Copa del Rey,30,Barcelona,39,Atlético Madrid,30,Barcelona,1,Robert Lewandowski_9_B,,,,,23,-0.00130583,0.000914094,0.564,0.999,10145
33692,2025-02-25 21:30:00,17,Copa del Rey,30,Barcelona,39,Atlético Madrid,30,Barcelona,1,Ronald Araújo_4_B,,,,,0,0.00016609,0.000959492,0.736,1.0,6661
33692,2025-02-25 21:30:00,17,Copa del Rey,30,Barcelona,39,Atlético Madrid,30,Barcelona,1,Wojciech Szczęsny_25_B,,,,,90,0.000657671,0.000653952,0.0,0.0,2653
33693,2025-02-26 21:30:00,17,Copa del Rey,38,Real Sociedad,31,Real Madrid,31,Real Madrid,0,Andriy Lunin_13_RM,,,,,90,0.00135314,0.00113184,0.0,0.0,4637
33693,2025-02-26 21:30:00,17,Copa del Rey,38,Real Sociedad,31,Real Madrid,31,Real Madrid,0,Antonio Rüdiger_22_RM,,,,,90,0.00101494,0.000618977,0.0,0.0,10666
33693,2025-02-26 21:30:00,17,Copa del Rey,38,Real Sociedad,31,Real Madrid,31,Real Madrid,0,Arda Güler_15_RM,,,,,83,7.01941e-05,-0.000836821,0.211,0.452,2380
33693,2025-02-26 21:30:00,17,Copa del Rey,38,Real Sociedad,31,Real Madrid,31,Real Madrid,0,Aurélien Tchouaméni_14_RM,,,,,90,-0.000603586,0.00091019,0.264,0.565,8572
33693,2025-02-26 21:30:00,17,Copa del Rey,38,Real Sociedad,31,Real Madrid,31,Real Madrid,0,Brahim Díaz_21_RM,,,,,7,0.00321062,-0.000354507,0.082,0.176,4411
33693,2025-02-26 21:30:00,17,Copa del Rey,38,Real Sociedad,31,Real Madrid,31,Real Madrid,0,Chema_36_RM,,,,,0,-0.000144558,7.16954e-05,0.0,0.0,40
33693,2025-02-26 21:30:00,17,Copa del Rey,38,Real Sociedad,31,Real Madrid,31,Real Madrid,0,Dani Ceballos_19_RM,,,,,90,0.0010414,0.00086943,0.0,0.0,4606
33693,2025-02-26 21:30:00,17,Copa del Rey,38,Real Sociedad,31,Real Madrid,31,Real Madrid,0,David Alaba_4_RM,,,,,19,0.000547684,0.000271426,0.0,0.0,3366
33693,2025-02-26 21:30:00,17,Copa del Rey,38,Real Sociedad,31,Real Madrid,31,Real Madrid,0,Eduardo Camavinga_6_RM,,,,,87,0.000527662,0.000882211,0.0,0.0,7525
33693,2025-02-26 21:30:00,17,Copa del Rey,38,Real Sociedad,31,Real Madrid,31,Real Madrid,0,Endrick_16_RM,,,,,71,0.00034253,0.000427653,0.0,0.0,935
33693,2025-02-26 21:30:00,17,Copa del Rey,38,Real Sociedad,31,Real Madrid,31,Real Madrid,0,Ferland Mendy_23_RM,,,,,3,-0.00165897,0.000241543,0.0,0.0,5435
33693,2025-02-26 21:30:00,17,Copa del Rey,38,Real Sociedad,31,Real Madrid,31,Real Madrid,0,Fran Garcia_20_RM,,,,,90,0.00151615,4.55278e-05,0.0,0.0,4807
33693,2025-02-26 21:30:00,17,Copa del Rey,38,Real Sociedad,31,Real Madrid,31,Real Madrid,0,Fran_26_RM,,,,,0,0.000589259,3.17888e-05,0.0,0.0,101
33693,2025-02-26 21:30:00,17,Copa del Rey,38,Real Sociedad,31,Real Madrid,31,Real Madrid,0,Gonzalo García_30_RM,,,,,0,-5.36235e-05,0.000482841,0.0,0.0,94
33693,2025-02-26 21:30:00,17,Copa del Rey,38,Real Sociedad,31,Real Madrid,31,Real Madrid,0,Jude Bellingham_5_RM,,,,,90,0.00112068,-0.000274762,0.0,0.0,7793
33693,2025-02-26 21:30:00,17,Copa del Rey,38,Real Sociedad,31,Real Madrid,31,Real Madrid,0,Lucas Vázquez_17_RM,,,,,45,0.00132007,-0.000853061,0.0,0.0,6072
33693,2025-02-26 21:30:00,17,Copa del Rey,38,Real Sociedad,31,Real Madrid,31,Real Madrid,0,Luka Modrić_10_RM,,,,,0,0.00146142,0.000547068,0.0,0.0,6907
33693,2025-02-26 21:30:00,17,Copa del Rey,38,Real Sociedad,31,Real Madrid,31,Real Madrid,0,Raúl Asencio_35_RM,,,,,45,0.00142608,0.000223416,0.0,0.0,3080
33693,2025-02-26 21:30:00,17,Copa del Rey,38,Real Sociedad,31,Real Madrid,31,Real Madrid,0,Rodrygo_11_RM,,,,,7,0.000204649,0.000315861,0.182,0.389,9181
33693,2025-02-26 21:30:00,17,Copa del Rey,38,Real Sociedad,31,Real Madrid,31,Real Madrid,0,Vinicius Júnior_7_RM,,,,,83,-0.00186706,0.000820191,0.082,0.176,9694
27961,2025-03-01 18:30:00,6,La Liga,27,Equipo histórico 27,31,Real Madrid,31,Real Madrid,0,Andriy Lunin_13_RM,,,,,0,0.00135314,0.00113184,0.0,0.0,4637
27961,2025-03-01 18:30:00,6,La Liga,27,Equipo histórico 27,31,Real Madrid,31,Real Madrid,0,Antonio Rüdiger_22_RM,,,,,93,0.00101494,0.000618977,0.0,0.0,10666
27961,2025-03-01 18:30:00,6,La Liga,27,Equipo histórico 27,31,Real Madrid,31,Real Madrid,0,Arda Güler_15_RM,61.0,,trailing,,32,7.01941e-05,-0.000836821,0.211,0.452,2380
27961,2025-03-01 18:30:00,6,La Liga,27,Equipo histórico 27,31,Real Madrid,31,Real Madrid,0,Aurélien Tchouaméni_14_RM,,,,,93,-0.000603586,0.00091019,0.264,0.565,8572
27961,2025-03-01 18:30:00,6,La Liga,27,Equipo histórico 27,31,Real Madrid,31,Real Madrid,0,Brahim Díaz_21_RM,,61.0,,trailing,61,0.00321062,-0.000354507,0.082,0.176,4411
27961,2025-03-01 18:30:00,6,La Liga,27,Equipo histórico 27,31,Real Madrid,31,Real Madrid,0,Chema_36_RM,,,,,0,-0.000144558,7.16954e-05,0.0,0.0,40
27961,2025-03-01 18:30:00,6,La Liga,27,Equipo histórico 27,31,Real Madrid,31,Real Madrid,0,David Alaba_4_RM,,61.0,,trailing,61,0.000547684,0.000271426,0.0,0.0,3366
27961,2025-03-01 18:30:00,6,La Liga,27,Equipo histórico 27,31,Real Madrid,31,Real Madrid,0,Eduardo Camavinga_6_RM,61.0,,trailing,,32,0.000527662,0.000882211,0.0,0.0,7525
27961,2025-03-01 18:30:00,6,La Liga,27,Equipo histórico 27,31,Real Madrid,31,Real Madrid,0,Endrick_16_RM,77.0,,trailing,,16,0.00034253,0.000427653,0.0,0.0,935
27961,2025-03-01 18:30:00,6,La Liga,27,Equipo histórico 27,31,Real Madrid,31,Real Madrid,0,Ferland Mendy_23_RM,,87.0,,trailing,87,-0.00165897,0.000241543,0.0,0.0,5435
27961,2025-03-01 18:30:00,6,La Liga,27,Equipo histórico 27,31,Real Madrid,31,Real Madrid,0,Fran Garcia_20_RM,87.0,,trailing,,6,0.00151615,4.55278e-05,0.0,0.0,4807
27961,2025-03-01 18:30:00,6,La Liga,27,Equipo histórico 27,31,Real Madrid,31,Real Madrid,0,Fran_26_RM,,,,,0,0.000589259,3.17888e-05,0.0,0.0,101
27961,2025-03-01 18:30:00,6,La Liga,27,Equipo histórico 27,31,Real Madrid,31,Real Madrid,0,Kylian Mbappé_9_RM,,77.0,,trailing,77,0.00303121,2.59154e-05,0.0,0.0,4484
27961,2025-03-01 18:30:00,6,La Liga,27,Equipo histórico 27,31,Real Madrid,31,Real Madrid,0,Lucas Vázquez_17_RM,,,,,93,0.00132007,-0.000853061,0.0,0.0,6072
27961,2025-03-01 18:30:00,6,La Liga,27,Equipo histórico 27,31,Real Madrid,31,Real Madrid,0,Luka Modrić_10_RM,,,,,93,0.00146142,0.000547068,0.0,0.0,6907
27961,2025-03-01 18:30:00,6,La Liga,27,Equipo histórico 27,31,Real Madrid,31,Real Madrid,0,Raúl Asencio_35_RM,,,,,0,0.00142608,0.000223416,0.0,0.0,3080
27961,2025-03-01 18:30:00,6,La Liga,27,Equipo histórico 27,31,Real Madrid,31,Real Madrid,0,Rodrygo_11_RM,,,,,93,0.000204649,0.000315861,0.182,0.389,9181
27961,2025-03-01 18:30:00,6,La Liga,27,Equipo histórico 27,31,Real Madrid,31,Real Madrid,0,Thibaut Courtois_1_RM,,,,,93,0.000111719,-0.000758962,0.264,0.565,7657
27961,2025-03-01 18:30:00,6,La Liga,27,Equipo histórico 27,31,Real Madrid,31,Real Madrid,0,Vinicius Júnior_7_RM,,,,,93,-0.00186706,0.000820191,0.082,0.176,9694
27964,2025-03-02 16:15:00,6,La Liga,30,Barcelona,38,Real Sociedad,30,Barcelona,1,Alejandro Balde_3_B,,,,,0,0.00209699,0.000618303,0.0,0.0,7371
27964,2025-03-02 16:15:00,6,La Liga,30,Barcelona,38,Real Sociedad,30,Barcelona,1,Dani Olmo_20_B,,73.0,,leading,73,0.0012088,0.000304766,0.074,0.13,1994
27964,2025-03-02 16:15:00,6,La Liga,30,Barcelona,38,Real Sociedad,30,Barcelona,1,Eric García_24_B,61.0,,leading,,32,0.00269696,0.00108346,0.082,0.145,3325
27964,2025-03-02 16:15:00,6,La Liga,30,Barcelona,38,Real Sociedad,30,Barcelona,1,Fermin López_16_B,73.0,,leading,,20,-0.000980475,6.51575e-05,0.728,1.0,4228
27964,2025-03-02 16:15:00,6,La Liga,30,Barcelona,38,Real Sociedad,30,Barcelona,1,Ferrán Torres_7_B,61.0,,leading,,32,0.000824349,-0.000703702,0.18,0.318,5186
27964,2025-03-02 16:15:00,6,La Liga,30,Barcelona,38,Real Sociedad,30,Barcelona,1,Frenkie de Jong_21_B,61.0,,leading,,32,0.00304554,-0.000291865,0.736,1.0,7300
27964,2025-03-02 16:15:00,6,La Liga,30,Barcelona,38,Real Sociedad,30,Barcelona,1,Gavi_6_B,,,,,0,0.00196965,0.00152903,0.0,0.0,5150
27964,2025-03-02 16:15:00,6,La Liga,30,Barcelona,38,Real Sociedad,30,Barcelona,1,Gerard Martín_35_B,,,,,93,0.000994252,0.000286335,0.0,0.0,1872
27964,2025-03-02 16:15:00,6,La Liga,30,Barcelona,38,Real Sociedad,30,Barcelona,1,Héctor Fort_32_B,78.0,,leading,,15,-0.000463914,-0.000603466,0.0,0.0,1296
27964,2025-03-02 16:15:00,6,La Liga,30,Barcelona,38,Real Sociedad,30,Barcelona,1,Iñaki Peña_13_B,,,,,0,0.001789,-0.000771425,0.0,0.0,3754
27964,2025-03-02 16:15:00,6,La Liga,30,Barcelona,38,Real Sociedad,30,Barcelona,1,Iñigo Martínez_5_B,,,,,0,0.00172975,0.000118759,0.0,0.0,5736
27964,2025-03-02 16:15:00,6,La Liga,30,Barcelona,38,Real Sociedad,30,Barcelona,1,Jules Koundé_23_B,,,,,93,0.00223783,0.00075356,0.736,1.0,11254
27964,2025-03-02 16:15:00,6,La Liga,30,Barcelona,38,Real Sociedad,30,Barcelona,1,Lamine Yamal_19_B,,,,,93,0.00308054,0.000554778,0.0,0.0,7670
27964,2025-03-02 16:15:00,6,La Liga,30,Barcelona,38,Real Sociedad,30,Barcelona,1,Marc Casado_17_B,,,,,93,0.00126044,0.000330566,0.008,0.014,2412
27964,2025-03-02 16:15:00,6,La Liga,30,Barcelona,38,Real Sociedad,30,Barcelona,1,Pablo Torre_14_B,,,,,0,0.000269459,-0.000418288,0.0,0.0,690
27964,2025-03-02 16:15:00,6,La Liga,30,Barcelona,38,Real Sociedad,30,Barcelona,1,Pau Cubarsí_2_B,,61.0,,leading,61,0.000489738,0.000689197,0.0,0.0,6208
27964,2025-03-02 16:15:00,6,La Liga,30,Barcelona,38,Real Sociedad,30,Barcelona,1,Pau Victor_18_B,,,,,0,0.00344954,-0.00023187,0.0,0.013,524
27964,2025-03-02 16:15:00,6,La Liga,30,Barcelona,38,Real Sociedad,30,Barcelona,1,Pedri_8_B,,61.0,,leading,61,-0.000452767,-0.000759786,0.736,1.0,7907
27964,2025-03-02 16:15:00,6,La Liga,30,Barcelona,38,Real Sociedad,30,Barcelona,1,Raphinha_11_B,,61.0,,leading,61,0.00131215,0.000402672,0.736,1.0,8931
27964,2025-03-02 16:15:00,6,La Liga,30,Barcelona,38,Real Sociedad,30,Barcelona,1,Robert Lewandowski_9_B,,,,,93,-0.00130583,0.000914094,0.564,0.999,10145
27964,2025-03-02 16:15:00,6,La Liga,30,Barcelona,38,Real Sociedad,30,Barcelona,1,Ronald Araújo_4_B,,78.0,,leading,78,0.00016609,0.000959492,0.736,1.0,6661
27964,2025-03-02 16:15:00,6,La Liga,30,Barcelona,38,Real Sociedad,30,Barcelona,1,Wojciech Szczęsny_25_B,,,,,93,0.000657671,0.000653952,0.0,0.0,2653
31751,2025-03-04 21:00:00,13,Champions League,31,Real Madrid,39,Atlético Madrid,31,Real Madrid,1,Andriy Lunin_13_RM,,,,,0,0.00135314,0.00113184,0.0,0.0,4637
31751,2025-03-04 21:00:00,13,Champions League,31,Real Madrid,39,Atlético Madrid,31,Real Madrid,1,Antonio Rüdiger_22_RM,,,,,90,0.00101494,0.000618977,0.0,0.0,10666
31751,2025-03-04 21:00:00,13,Champions League,31,Real Madrid,39,Atlético Madrid,31,Real Madrid,1,Arda Güler_15_RM,,,,,0,7.01941e-05,-0.000836821,0.211,0.452,2380
31751,2025-03-04 21:00:00,13,Champions League,31,Real Madrid,39,Atlético Madrid,31,Real Madrid,1,Aurélien Tchouaméni_14_RM,,,,,90,-0.000603586,0.00091019,0.264,0.565,8572
31751,2025-03-04 21:00:00,13,Champions League,31,Real Madrid,39,Atlético Madrid,31,Real Madrid,1,Brahim Díaz_21_RM,,,,,88,0.00321062,-0.000354507,0.082,0.176,4411
31751,2025-03-04 21:00:00,13,Champions League,31,Real Madrid,39,Atlético Madrid,31,Real Madrid,1,David Alaba_4_RM,,,,,0,0.000547684,0.000271426,0.0,0.0,3366
31751,2025-03-04 21:00:00,13,Champions League,31,Real Madrid,39,Atlético Madrid,31,Real Madrid,1,Eduardo Camavinga_6_RM,,,,,61,0.000527662,0.000882211,0.0,0.0,7525
31751,2025-03-04 21:00:00,13,Champions League,31,Real Madrid,39,Atlético Madrid,31,Real Madrid,1,Endrick_16_RM,,,,,2,0.00034253,0.000427653,0.0,0.0,935
31751,2025-03-04 21:00:00,13,Champions League,31,Real Madrid,39,Atlético Madrid,31,Real Madrid,1,Federico Valverde_8_RM,,,,,81,0.00109636,0.00134977,0.264,0.565,11707
31751,2025-03-04 21:00:00,13,Champions League,31,Real Madrid,39,Atlético Madrid,31,Real Madrid,1,Ferland Mendy_23_RM,,,,,90,-0.00165897,0.000241543,0.0,0.0,5435
31751,2025-03-04 21:00:00,13,Champions League,31,Real Madrid,39,Atlético Madrid,31,Real Madrid,1,Fran Garcia_20_RM,,,,,0,0.00151615,4.55278e-05,0.0,0.0,4807
31751,2025-03-04 21:00:00,13,Champions League,31,Real Madrid,39,Atlético Madrid,31,Real Madrid,1,Fran_26_RM,,,,,0,0.000589259,3.17888e-05,0.0,0.0,101
31751,2025-03-04 21:00:00,13,Champions League,31,Real Madrid,39,Atlético Madrid,31,Real Madrid,1,Kylian Mbappé_9_RM,,,,,90,0.00303121,2.59154e-05,0.0,0.0,4484
31751,2025-03-04 21:00:00,13,Champions League,31,Real Madrid,39,Atlético Madrid,31,Real Madrid,1,Lucas Vázquez_17_RM,,,,,9,0.00132007,-0.000853061,0.0,0.0,6072
31751,2025-03-04 21:00:00,13,Champions League,31,Real Madrid,39,Atlético Madrid,31,Real Madrid,1,Luka Modrić_10_RM,,,,,29,0.00146142,0.000547068,0.0,0.0,6907
31751,2025-03-04 21:00:00,13,Champions League,31,Real Madrid,39,Atlético Madrid,31,Real Madrid,1,Raúl Asencio_35_RM,,,,,90,0.00142608,0.000223416,0.0,0.0,3080
31751,2025-03-04 21:00:00,13,Champions League,31,Real Madrid,39,Atlético Madrid,31,Real Madrid,1,Rodrygo_11_RM,,,,,90,0.000204649,0.000315861,0.182,0.389,9181
31751,2025-03-04 21:00:00,13,Champions League,31,Real Madrid,39,Atlético Madrid,31,Real Madrid,1,Thibaut Courtois_1_RM,,,,,90,0.000111719,-0.000758962,0.264,0.565,7657
31751,2025-03-04 21:00:00,13,Champions League,31,Real Madrid,39,Atlético Madrid,31,Real Madrid,1,Vinicius Júnior_7_RM,,,,,90,-0.00186706,0.000820191,0.082,0.176,9694
31753,2025-03-05 20:00:00,13,Champions League,130,Benfica,30,Barcelona,30,Barcelona,0,Alejandro Balde_3_B,,,,,90,0.00209699,0.000618303,0.0,0.0,7371
31753,2025-03-05 20:00:00,13,Champions League,130,Benfica,30,Barcelona,30,Barcelona,0,Ansu Fati_10_B,,,,,0,-0.000152001,0.000578713,0.0,0.0,1536
31753,2025-03-05 20:00:00,13,Champions League,130,Benfica,30,Barcelona,30,Barcelona,0,Dani Olmo_20_B,,,,,27,0.0012088,0.000304766,0.074,0.13,1994
31753,2025-03-05 20:00:00,13,Champions League,130,Benfica,30,Barcelona,30,Barcelona,0,Eric García_24_B,,,,,0,0.00269696,0.00108346,0.082,0.145,3325
31753,2025-03-05 20:00:00,13,Champions League,130,Benfica,30,Barcelona,30,Barcelona,0,Fermin López_16_B,,,,,0,-0.000980475,6.51575e-05,0.728,1.0,4228
31753,2025-03-05 20:00:00,13,Champions League,130,Benfica,30,Barcelona,30,Barcelona,0,Ferrán Torres_7_B,,,,,35,0.000824349,-0.000703702,0.18,0.318,5186
31753,2025-03-05 20:00:00,13,Champions League,130,Benfica,30,Barcelona,30,Barcelona,0,Frenkie de Jong_21_B,,,,,78,0.00304554,-0.000291865,0.736,1.0,7300
31753,2025-03-05 20:00:00,13,Champions League,130,Benfica,30,Barcelona,30,Barcelona,0,Gerard Martín_35_B,,,,,12,0.000994252,0.000286335,0.0,0.0,1872
31753,2025-03-05 20:00:00,13,Champions League,130,Benfica,30,Barcelona,30,Barcelona,0,Héctor Fort_32_B,,,,,0,-0.000463914,-0.000603466,0.0,0.0,1296
31753,2025-03-05 20:00:00,13,Champions League,130,Benfica,30,Barcelona,30,Barcelona,0,Iñaki Peña_13_B,,,,,0,0.001789,-0.000771425,0.0,0.0,3754
31753,2025-03-05 20:00:00,13,Champions League,130,Benfica,30,Barcelona,30,Barcelona,0,Iñigo Martínez_5_B,,,,,90,0.00172975,0.000118759,0.0,0.0,5736
31753,2025-03-05 20:00:00,13,Champions League,130,Benfica,30,Barcelona,30,Barcelona,0,Jules Koundé_23_B,,,,,90,0.00223783,0.00075356,0.736,1.0,11254
31753,2025-03-05 20:00:00,13,Champions League,130,Benfica,30,Barcelona,30,Barcelona,0,Lamine Yamal_19_B,,,,,55,0.00308054,0.000554778,0.0,0.0,7670
31753,2025-03-05 20:00:00,13,Champions League,130,Benfica,30,Barcelona,30,Barcelona,0,Marc Casado_17_B,,,,,12,0.00126044,0.000330566,0.008,0.014,2412
31753,2025-03-05 20:00:00,13,Champions League,130,Benfica,30,Barcelona,30,Barcelona,0,Pablo Torre_14_B,,,,,0,0.000269459,-0.000418288,0.0,0.0,690
31753,2025-03-05 20:00:00,13,Champions League,130,Benfica,30,Barcelona,30,Barcelona,0,Pau Cubarsí_2_B,,,,,21,0.000489738,0.000689197,0.0,0.0,6208
31753,2025-03-05 20:00:00,13,Champions League,130,Benfica,30,Barcelona,30,Barcelona,0,Pau Victor_18_B,,,,,0,0.00344954,-0.00023187,0.0,0.013,524
31753,2025-03-05 20:00:00,13,Champions League,130,Benfica,30,Barcelona,30,Barcelona,0,Pedri_8_B,,,,,90,-0.000452767,-0.000759786,0.736,1.0,7907
31753,2025-03-05 20:00:00,13,Champions League,130,Benfica,30,Barcelona,30,Barcelona,0,Raphinha_11_B,,,,,90,0.00131215,0.000402672,0.736,1.0,8931
31753,2025-03-05 20:00:00,13,Champions League,130,Benfica,30,Barcelona,30,Barcelona,0,Robert Lewandowski_9_B,,,,,78,-0.00130583,0.000914094,0.564,0.999,10145
31753,2025-03-05 20:00:00,13,Champions League,130,Benfica,30,Barcelona,30,Barcelona,0,Ronald Araújo_4_B,,,,,63,0.00016609,0.000959492,0.736,1.0,6661
31753,2025-03-05 20:00:00,13,Champions League,130,Benfica,30,Barcelona,30,Barcelona,0,Wojciech Szczęsny_25_B,,,,,90,0.000657671,0.000653952,0.0,0.0,2653
27971,2025-03-09 16:15:00,6,La Liga,31,Real Madrid,202,Rayo Vallecano,31,Real Madrid,1,Andriy Lunin_13_RM,,,,,95,0.00135314,0.00113184,0.0,0.0,4637
27971,2025-03-09 16:15:00,6,La Liga,31,Real Madrid,202,Rayo Vallecano,31,Real Madrid,1,Arda Güler_15_RM,,,,,0,7.01941e-05,-0.000836821,0.211,0.452,2380
27971,2025-03-09 16:15:00,6,La Liga,31,Real Madrid,202,Rayo Vallecano,31,Real Madrid,1,Aurélien Tchouaméni_14_RM,,,,,95,-0.000603586,0.00091019,0.264,0.565,8572
27971,2025-03-09 16:15:00,6,La Liga,31,Real Madrid,202,Rayo Vallecano,31,Real Madrid,1,Brahim Díaz_21_RM,88.0,,leading,,7,0.00321062,-0.000354507,0.082,0.176,4411
27971,2025-03-09 16:15:00,6,La Liga,31,Real Madrid,202,Rayo Vallecano,31,Real Madrid,1,David Alaba_4_RM,,,,,95,0.000547684,0.000271426,0.0,0.0,3366
27971,2025-03-09 16:15:00,6,La Liga,31,Real Madrid,202,Rayo Vallecano,31,Real Madrid,1,Eduardo Camavinga_6_RM,81.0,,leading,,14,0.000527662,0.000882211,0.0,0.0,7525
27971,2025-03-09 16:15:00,6,La Liga,31,Real Madrid,202,Rayo Vallecano,31,Real Madrid,1,Endrick_16_RM,,,,,0,0.00034253,0.000427653,0.0,0.0,935
27971,2025-03-09 16:15:00,6,La Liga,31,Real Madrid,202,Rayo Vallecano,31,Real Madrid,1,Federico Valverde_8_RM,70.0,,leading,,25,0.00109636,0.00134977,0.264,0.565,11707
27971,2025-03-09 16:15:00,6,La Liga,31,Real Madrid,202,Rayo Vallecano,31,Real Madrid,1,Ferland Mendy_23_RM,,,,,0,-0.00165897,0.000241543,0.0,0.0,5435
27971,2025-03-09 16:15:00,6,La Liga,31,Real Madrid,202,Rayo Vallecano,31,Real Madrid,1,Fran Garcia_20_RM,,,,,95,0.00151615,4.55278e-05,0.0,0.0,4807
27971,2025-03-09 16:15:00,6,La Liga,31,Real Madrid,202,Rayo Vallecano,31,Real Madrid,1,Fran_26_RM,,,,,0,0.000589259,3.17888e-05,0.0,0.0,101
27971,2025-03-09 16:15:00,6,La Liga,31,Real Madrid,202,Rayo Vallecano,31,Real Madrid,1,Jude Bellingham_5_RM,,88.0,,leading,88,0.00112068,-0.000274762,0.0,0.0,7793
27971,2025-03-09 16:15:00,6,La Liga,31,Real Madrid,202,Rayo Vallecano,31,Real Madrid,1,Kylian Mbappé_9_RM,,81.0,,leading,81,0.00303121,2.59154e-05,0.0,0.0,4484
27971,2025-03-09 16:15:00,6,La Liga,31,Real Madrid,202,Rayo Vallecano,31,Real Madrid,1,Lucas Vázquez_17_RM,,,,,95,0.00132007,-0.000853061,0.0,0.0,6072
27971,2025-03-09 16:15:00,6,La Liga,31,Real Madrid,202,Rayo Vallecano,31,Real Madrid,1,Luka Modrić_10_RM,,,,,95,0.00146142,0.000547068,0.0,0.0,6907
27971,2025-03-09 16:15:00,6,La Liga,31,Real Madrid,202,Rayo Vallecano,31,Real Madrid,1,Raúl Asencio_35_RM,,,,,95,0.00142608,0.000223416,0.0,0.0,3080
27971,2025-03-09 16:15:00,6,La Liga,31,Real Madrid,202,Rayo Vallecano,31,Real Madrid,1,Rodrygo_11_RM,,70.0,,leading,70,0.000204649,0.000315861,0.182,0.389,9181
27971,2025-03-09 16:15:00,6,La Liga,31,Real Madrid,202,Rayo Vallecano,31,Real Madrid,1,Vinicius Júnior_7_RM,,,,,95,-0.00186706,0.000820191,0.082,0.176,9694
31756,2025-03-11 18:45:00,13,Champions League,30,Barcelona,130,Benfica,30,Barcelona,1,Alejandro Balde_3_B,,,,,90,0.00209699,0.000618303,0.0,0.0,7371
31756,2025-03-11 18:45:00,13,Champions League,30,Barcelona,130,Benfica,30,Barcelona,1,Ansu Fati_10_B,,,,,0,-0.000152001,0.000578713,0.0,0.0,1536
31756,2025-03-11 18:45:00,13,Champions League,30,Barcelona,130,Benfica,30,Barcelona,1,Dani Olmo_20_B,,,,,69,0.0012088,0.000304766,0.074,0.13,1994
31756,2025-03-11 18:45:00,13,Champions League,30,Barcelona,130,Benfica,30,Barcelona,1,Eric García_24_B,,,,,4,0.00269696,0.00108346,0.082,0.145,3325
31756,2025-03-11 18:45:00,13,Champions League,30,Barcelona,130,Benfica,30,Barcelona,1,Fermin López_16_B,,,,,9,-0.000980475,6.51575e-05,0.728,1.0,4228
31756,2025-03-11 18:45:00,13,Champions League,30,Barcelona,130,Benfica,30,Barcelona,1,Ferrán Torres_7_B,,,,,21,0.000824349,-0.000703702,0.18,0.318,5186
31756,2025-03-11 18:45:00,13,Champions League,30,Barcelona,130,Benfica,30,Barcelona,1,Frenkie de Jong_21_B,,,,,81,0.00304554,-0.000291865,0.736,1.0,7300
31756,2025-03-11 18:45:00,13,Champions League,30,Barcelona,130,Benfica,30,Barcelona,1,Gavi_6_B,,,,,21,0.00196965,0.00152903,0.0,0.0,5150
31756,2025-03-11 18:45:00,13,Champions League,30,Barcelona,130,Benfica,30,Barcelona,1,Gerard Martín_35_B,,,,,0,0.000994252,0.000286335,0.0,0.0,1872
31756,2025-03-11 18:45:00,13,Champions League,30,Barcelona,130,Benfica,30,Barcelona,1,Héctor Fort_32_B,,,,,0,-0.000463914,-0.000603466,0.0,0.0,1296
31756,2025-03-11 18:45:00,13,Champions League,30,Barcelona,130,Benfica,30,Barcelona,1,Iñaki Peña_13_B,,,,,0,0.001789,-0.000771425,0.0,0.0,3754
31756,2025-03-11 18:45:00,13,Champions League,30,Barcelona,130,Benfica,30,Barcelona,1,Iñigo Martínez_5_B,,,,,86,0.00172975,0.000118759,0.0,0.0,5736
31756,2025-03-11 18:45:00,13,Champions League,30,Barcelona,130,Benfica,30,Barcelona,1,Jules Koundé_23_B,,,,,90,0.00223783,0.00075356,0.736,1.0,11254
31756,2025-03-11 18:45:00,13,Champions League,30,Barcelona,130,Benfica,30,Barcelona,1,Lamine Yamal_19_B,,,,,81,0.00308054,0.000554778,0.0,0.0,7670
31756,2025-03-11 18:45:00,13,Champions League,30,Barcelona,130,Benfica,30,Barcelona,1,Marc Casado_17_B,,,,,9,0.00126044,0.000330566,0.008,0.014,2412
31756,2025-03-11 18:45:00,13,Champions League,30,Barcelona,130,Benfica,30,Barcelona,1,Pablo Torre_14_B,,,,,0,0.000269459,-0.000418288,0.0,0.0,690
31756,2025-03-11 18:45:00,13,Champions League,30,Barcelona,130,Benfica,30,Barcelona,1,Pau Victor_18_B,,,,,0,0.00344954,-0.00023187,0.0,0.013,524
31756,2025-03-11 18:45:00,13,Champions League,30,Barcelona,130,Benfica,30,Barcelona,1,Pedri_8_B,,,,,90,-0.000452767,-0.000759786,0.736,1.0,7907
31756,2025-03-11 18:45:00,13,Champions League,30,Barcelona,130,Benfica,30,Barcelona,1,Raphinha_11_B,,,,,90,0.00131215,0.000402672,0.736,1.0,8931
31756,2025-03-11 18:45:00,13,Champions League,30,Barcelona,130,Benfica,30,Barcelona,1,Robert Lewandowski_9_B,,,,,69,-0.00130583,0.000914094,0.564,0.999,10145
31756,2025-03-11 18:45:00,13,Champions League,30,Barcelona,130,Benfica,30,Barcelona,1,Ronald Araújo_4_B,,,,,90,0.00016609,0.000959492,0.736,1.0,6661
31756,2025-03-11 18:45:00,13,Champions League,30,Barcelona,130,Benfica,30,Barcelona,1,Wojciech Szczęsny_25_B,,,,,90,0.000657671,0.000653952,0.0,0.0,2653
31763,2025-03-12 21:00:00,13,Champions League,39,Atlético Madrid,31,Real Madrid,31,Real Madrid,0,Andriy Lunin_13_RM,,,,,0,0.00135314,0.00113184,0.0,0.0,4637
31763,2025-03-12 21:00:00,13,Champions League,39,Atlético Madrid,31,Real Madrid,31,Real Madrid,0,Antonio Rüdiger_22_RM,,,,,120,0.00101494,0.000618977,0.0,0.0,10666
31763,2025-03-12 21:00:00,13,Champions League,39,Atlético Madrid,31,Real Madrid,31,Real Madrid,0,Arda Güler_15_RM,,,,,0,7.01941e-05,-0.000836821,0.211,0.452,2380
31763,2025-03-12 21:00:00,13,Champions League,39,Atlético Madrid,31,Real Madrid,31,Real Madrid,0,Aurélien Tchouaméni_14_RM,,,,,64,-0.000603586,0.00091019,0.264,0.565,8572
31763,2025-03-12 21:00:00,13,Champions League,39,Atlético Madrid,31,Real Madrid,31,Real Madrid,0,Brahim Díaz_21_RM,,,,,42,0.00321062,-0.000354507,0.082,0.176,4411
31763,2025-03-12 21:00:00,13,Champions League,39,Atlético Madrid,31,Real Madrid,31,Real Madrid,0,Chema_36_RM,,,,,0,-0.000144558,7.16954e-05,0.0,0.0,40
31763,2025-03-12 21:00:00,13,Champions League,39,Atlético Madrid,31,Real Madrid,31,Real Madrid,0,David Alaba_4_RM,,,,,0,0.000547684,0.000271426,0.0,0.0,3366
31763,2025-03-12 21:00:00,13,Champions League,39,Atlético Madrid,31,Real Madrid,31,Real Madrid,0,Eduardo Camavinga_6_RM,,,,,56,0.000527662,0.000882211,0.0,0.0,7525
31763,2025-03-12 21:00:00,13,Champions League,39,Atlético Madrid,31,Real Madrid,31,Real Madrid,0,Endrick_16_RM,,,,,6,0.00034253,0.000427653,0.0,0.0,935
31763,2025-03-12 21:00:00,13,Champions League,39,Atlético Madrid,31,Real Madrid,31,Real Madrid,0,Federico Valverde_8_RM,,,,,120,0.00109636,0.00134977,0.264,0.565,11707
31763,2025-03-12 21:00:00,13,Champions League,39,Atlético Madrid,31,Real Madrid,31,Real Madrid,0,Ferland Mendy_23_RM,,,,,82,-0.00165897,0.000241543,0.0,0.0,5435
31763,2025-03-12 21:00:00,13,Champions League,39,Atlético Madrid,31,Real Madrid,31,Real Madrid,0,Fran Garcia_20_RM,,,,,38,0.00151615,4.55278e-05,0.0,0.0,4807
31763,2025-03-12 21:00:00,13,Champions League,39,Atlético Madrid,31,Real Madrid,31,Real Madrid,0,Fran_26_RM,,,,,0,0.000589259,3.17888e-05,0.0,0.0,101
31763,2025-03-12 21:00:00,13,Champions League,39,Atlético Madrid,31,Real Madrid,31,Real Madrid,0,Gonzalo García_30_RM,,,,,0,-5.36235e-05,0.000482841,0.0,0.0,94
31763,2025-03-12 21:00:00,13,Champions League,39,Atlético Madrid,31,Real Madrid,31,Real Madrid,0,Jacobo Ramón_31_RM,,,,,0,-0.000368683,-0.000752092,0.0,0.0,322
31763,2025-03-12 21:00:00,13,Champions League,39,Atlético Madrid,31,Real Madrid,31,Real Madrid,0,Jude Bellingham_5_RM,,,,,120,0.00112068,-0.000274762,0.0,0.0,7793
31763,2025-03-12 21:00:00,13,Champions League,39,Atlético Madrid,31,Real Madrid,31,Real Madrid,0,Kylian Mbappé_9_RM,,,,,120,0.00303121,2.59154e-05,0.0,0.0,4484
31763,2025-03-12 21:00:00,13,Champions League,39,Atlético Madrid,31,Real Madrid,31,Real Madrid,0,Lucas Vázquez_17_RM,,,,,56,0.00132007,-0.000853061,0.0,0.0,6072
31763,2025-03-12 21:00:00,13,Champions League,39,Atlético Madrid,31,Real Madrid,31,Real Madrid,0,Luka Modrić_10_RM,,,,,64,0.00146142,0.000547068,0.0,0.0,6907
31763,2025-03-12 21:00:00,13,Champions League,39,Atlético Madrid,31,Real Madrid,31,Real Madrid,0,Raúl Asencio_35_RM,,,,,120,0.00142608,0.000223416,0.0,0.0,3080
31763,2025-03-12 21:00:00,13,Champions League,39,Atlético Madrid,31,Real Madrid,31,Real Madrid,0,Rodrygo_11_RM,,,,,78,0.000204649,0.000315861,0.182,0.389,9181
31763,2025-03-12 21:00:00,13,Champions League,39,Atlético Madrid,31,Real Madrid,31,Real Madrid,0,Thibaut Courtois_1_RM,,,,,120,0.000111719,-0.000758962,0.264,0.565,7657
31763,2025-03-12 21:00:00,13,Champions League,39,Atlético Madrid,31,Real Madrid,31,Real Madrid,0,Vinicius Júnior_7_RM,,,,,114,-0.00186706,0.000820191,0.082,0.176,9694
27979,2025-03-15 18:30:00,6,La Liga,23,Villarreal,31,Real Madrid,31,Real Madrid,0,Andriy Lunin_13_RM,,,,,0,0.00135314,0.00113184,0.0,0.0,4637
27979,2025-03-15 18:30:00,6,La Liga,23,Villarreal,31,Real Madrid,31,Real Madrid,0,Antonio Rüdiger_22_RM,61.0,,leading,,29,0.00101494,0.000618977,0.0,0.0,10666
27979,2025-03-15 18:30:00,6,La Liga,23,Villarreal,31,Real Madrid,31,Real Madrid,0,Arda Güler_15_RM,83.0,,leading,,7,7.01941e-05,-0.000836821,0.211,0.452,2380
27979,2025-03-15 18:30:00,6,La Liga,23,Villarreal,31,Real Madrid,31,Real Madrid,0,Aurélien Tchouaméni_14_RM,,,,,90,-0.000603586,0.00091019,0.264,0.565,8572
27979,2025-03-15 18:30:00,6,La Liga,23,Villarreal,31,Real Madrid,31,Real Madrid,0,Brahim Díaz_21_RM,,61.0,,leading,61,0.00321062,-0.000354507,0.082,0.176,4411
27979,2025-03-15 18:30:00,6,La Liga,23,Villarreal,31,Real Madrid,31,Real Madrid,0,David Alaba_4_RM,,,,,0,0.000547684,0.000271426,0.0,0.0,3366
27979,2025-03-15 18:30:00,6,La Liga,23,Villarreal,31,Real Madrid,31,Real Madrid,0,Eduardo Camavinga_6_RM,,,,,90,0.000527662,0.000882211,0.0,0.0,7525
27979,2025-03-15 18:30:00,6,La Liga,23,Villarreal,31,Real Madrid,31,Real Madrid,0,Endrick_16_RM,,,,,0,0.00034253,0.000427653,0.0,0.0,935
27979,2025-03-15 18:30:00,6,La Liga,23,Villarreal,31,Real Madrid,31,Real Madrid,0,Federico Valverde_8_RM,,83.0,,leading,83,0.00109636,0.00134977,0.264,0.565,11707
27979,2025-03-15 18:30:00,6,La Liga,23,Villarreal,31,Real Madrid,31,Real Madrid,0,Fran Garcia_20_RM,,,,,90,0.00151615,4.55278e-05,0.0,0.0,4807
27979,2025-03-15 18:30:00,6,La Liga,23,Villarreal,31,Real Madrid,31,Real Madrid,0,Fran_26_RM,,,,,0,0.000589259,3.17888e-05,0.0,0.0,101
27979,2025-03-15 18:30:00,6,La Liga,23,Villarreal,31,Real Madrid,31,Real Madrid,0,Jude Bellingham_5_RM,,,,,90,0.00112068,-0.000274762,0.0,0.0,7793
27979,2025-03-15 18:30:00,6,La Liga,23,Villarreal,31,Real Madrid,31,Real Madrid,0,Kylian Mbappé_9_RM,,,,,90,0.00303121,2.59154e-05,0.0,0.0,4484
27979,2025-03-15 18:30:00,6,La Liga,23,Villarreal,31,Real Madrid,31,Real Madrid,0,Lucas Vázquez_17_RM,,,,,90,0.00132007,-0.000853061,0.0,0.0,6072
27979,2025-03-15 18:30:00,6,La Liga,23,Villarreal,31,Real Madrid,31,Real Madrid,0,Luka Modrić_10_RM,65.0,,leading,,25,0.00146142,0.000547068,0.0,0.0,6907
27979,2025-03-15 18:30:00,6,La Liga,23,Villarreal,31,Real Madrid,31,Real Madrid,0,Raúl Asencio_35_RM,,61.0,,leading,61,0.00142608,0.000223416,0.0,0.0,3080
27979,2025-03-15 18:30:00,6,La Liga,23,Villarreal,31,Real Madrid,31,Real Madrid,0,Rodrygo_11_RM,,65.0,,leading,65,0.000204649,0.000315861,0.182,0.389,9181
27979,2025-03-15 18:30:00,6,La Liga,23,Villarreal,31,Real Madrid,31,Real Madrid,0,Thibaut Courtois_1_RM,,,,,90,0.000111719,-0.000758962,0.264,0.565,7657
27979,2025-03-15 18:30:00,6,La Liga,23,Villarreal,31,Real Madrid,31,Real Madrid,0,Vinicius Júnior_7_RM,61.0,,leading,,29,-0.00186706,0.000820191,0.082,0.176,9694
27985,2025-03-16 21:00:00,6,La Liga,39,Atlético Madrid,30,Barcelona,30,Barcelona,0,Alejandro Balde_3_B,,86.0,,level,86,0.00209699,0.000618303,0.0,0.0,7371
27985,2025-03-16 21:00:00,6,La Liga,39,Atlético Madrid,30,Barcelona,30,Barcelona,0,Dani Olmo_20_B,,67.0,,trailing,67,0.0012088,0.000304766,0.074,0.13,1994
27985,2025-03-16 21:00:00,6,La Liga,39,Atlético Madrid,30,Barcelona,30,Barcelona,0,Eric García_24_B,67.0,,trailing,,31,0.00269696,0.00108346,0.082,0.145,3325
27985,2025-03-16 21:00:00,6,La Liga,39,Atlético Madrid,30,Barcelona,30,Barcelona,0,Fermin López_16_B,,,,,0,-0.000980475,6.51575e-05,0.728,1.0,4228
27985,2025-03-16 21:00:00,6,La Liga,39,Atlético Madrid,30,Barcelona,30,Barcelona,0,Ferrán Torres_7_B,67.0,,trailing,,31,0.000824349,-0.000703702,0.18,0.318,5186
27985,2025-03-16 21:00:00,6,La Liga,39,Atlético Madrid,30,Barcelona,30,Barcelona,0,Gavi_6_B,94.0,,leading,,4,0.00196965,0.00152903,0.0,0.0,5150
27985,2025-03-16 21:00:00,6,La Liga,39,Atlético Madrid,30,Barcelona,30,Barcelona,0,Gerard Martín_35_B,86.0,,level,,12,0.000994252,0.000286335,0.0,0.0,1872
27985,2025-03-16 21:00:00,6,La Liga,39,Atlético Madrid,30,Barcelona,30,Barcelona,0,Héctor Fort_32_B,,,,,0,-0.000463914,-0.000603466,0.0,0.0,1296
27985,2025-03-16 21:00:00,6,La Liga,39,Atlético Madrid,30,Barcelona,30,Barcelona,0,Iñaki Peña_13_B,,,,,0,0.001789,-0.000771425,0.0,0.0,3754
27985,2025-03-16 21:00:00,6,La Liga,39,Atlético Madrid,30,Barcelona,30,Barcelona,0,Iñigo Martínez_5_B,,,,,98,0.00172975,0.000118759,0.0,0.0,5736
27985,2025-03-16 21:00:00,6,La Liga,39,Atlético Madrid,30,Barcelona,30,Barcelona,0,Jules Koundé_23_B,,86.0,,level,86,0.00223783,0.00075356,0.736,1.0,11254
27985,2025-03-16 21:00:00,6,La Liga,39,Atlético Madrid,30,Barcelona,30,Barcelona,0,Lamine Yamal_19_B,,,,,98,0.00308054,0.000554778,0.0,0.0,7670
27985,2025-03-16 21:00:00,6,La Liga,39,Atlético Madrid,30,Barcelona,30,Barcelona,0,Marc Casado_17_B,,67.0,,trailing,67,0.00126044,0.000330566,0.008,0.014,2412
27985,2025-03-16 21:00:00,6,La Liga,39,Atlético Madrid,30,Barcelona,30,Barcelona,0,Pablo Torre_14_B,,,,,0,0.000269459,-0.000418288,0.0,0.0,690
27985,2025-03-16 21:00:00,6,La Liga,39,Atlético Madrid,30,Barcelona,30,Barcelona,0,Pau Cubarsí_2_B,,,,,98,0.000489738,0.000689197,0.0,0.0,6208
27985,2025-03-16 21:00:00,6,La Liga,39,Atlético Madrid,30,Barcelona,30,Barcelona,0,Pau Victor_18_B,,,,,0,0.00344954,-0.00023187,0.0,0.013,524
27985,2025-03-16 21:00:00,6,La Liga,39,Atlético Madrid,30,Barcelona,30,Barcelona,0,Pedri_8_B,,94.0,,leading,94,-0.000452767,-0.000759786,0.736,1.0,7907
27985,2025-03-16 21:00:00,6,La Liga,39,Atlético Madrid,30,Barcelona,30,Barcelona,0,Raphinha_11_B,,,,,98,0.00131215,0.000402672,0.736,1.0,8931
27985,2025-03-16 21:00:00,6,La Liga,39,Atlético Madrid,30,Barcelona,30,Barcelona,0,Robert Lewandowski_9_B,,,,,98,-0.00130583,0.000914094,0.564,0.999,10145
27985,2025-03-16 21:00:00,6,La Liga,39,Atlético Madrid,30,Barcelona,30,Barcelona,0,Ronald Araújo_4_B,86.0,,level,,12,0.00016609,0.000959492,0.736,1.0,6661
27985,2025-03-16 21:00:00,6,La Liga,39,Atlético Madrid,30,Barcelona,30,Barcelona,0,Wojciech Szczęsny_25_B,,,,,98,0.000657671,0.000653952,0.0,0.0,2653
27986,2025-03-27 21:00:00,6,La Liga,30,Barcelona,29,Osasuna,30,Barcelona,1,Alejandro Balde_3_B,,84.0,,leading,84,0.00209699,0.000618303,0.0,0.0,7371
27986,2025-03-27 21:00:00,6,La Liga,30,Barcelona,29,Osasuna,30,Barcelona,1,Ansu Fati_10_B,,,,,0,-0.000152001,0.000578713,0.0,0.0,1536
27986,2025-03-27 21:00:00,6,La Liga,30,Barcelona,29,Osasuna,30,Barcelona,1,Dani Olmo_20_B,,28.0,,leading,28,0.0012088,0.000304766,0.074,0.13,1994
27986,2025-03-27 21:00:00,6,La Liga,30,Barcelona,29,Osasuna,30,Barcelona,1,Eric García_24_B,,,,,91,0.00269696,0.00108346,0.082,0.145,3325
27986,2025-03-27 21:00:00,6,La Liga,30,Barcelona,29,Osasuna,30,Barcelona,1,Fermin López_16_B,28.0,,leading,,63,-0.000980475,6.51575e-05,0.728,1.0,4228
27986,2025-03-27 21:00:00,6,La Liga,30,Barcelona,29,Osasuna,30,Barcelona,1,Ferrán Torres_7_B,,69.0,,leading,69,0.000824349,-0.000703702,0.18,0.318,5186
27986,2025-03-27 21:00:00,6,La Liga,30,Barcelona,29,Osasuna,30,Barcelona,1,Frenkie de Jong_21_B,,47.0,,leading,47,0.00304554,-0.000291865,0.736,1.0,7300
27986,2025-03-27 21:00:00,6,La Liga,30,Barcelona,29,Osasuna,30,Barcelona,1,Gavi_6_B,,,,,91,0.00196965,0.00152903,0.0,0.0,5150
27986,2025-03-27 21:00:00,6,La Liga,30,Barcelona,29,Osasuna,30,Barcelona,1,Gerard Martín_35_B,84.0,,leading,,7,0.000994252,0.000286335,0.0,0.0,1872
27986,2025-03-27 21:00:00,6,La Liga,30,Barcelona,29,Osasuna,30,Barcelona,1,Héctor Fort_32_B,,,,,0,-0.000463914,-0.000603466,0.0,0.0,1296
27986,2025-03-27 21:00:00,6,La Liga,30,Barcelona,29,Osasuna,30,Barcelona,1,Iñaki Peña_13_B,,,,,0,0.001789,-0.000771425,0.0,0.0,3754
27986,2025-03-27 21:00:00,6,La Liga,30,Barcelona,29,Osasuna,30,Barcelona,1,Iñigo Martínez_5_B,,,,,91,0.00172975,0.000118759,0.0,0.0,5736
27986,2025-03-27 21:00:00,6,La Liga,30,Barcelona,29,Osasuna,30,Barcelona,1,Jules Koundé_23_B,,,,,91,0.00223783,0.00075356,0.736,1.0,11254
27986,2025-03-27 21:00:00,6,La Liga,30,Barcelona,29,Osasuna,30,Barcelona,1,Lamine Yamal_19_B,,,,,91,0.00308054,0.000554778,0.0,0.0,7670
27986,2025-03-27 21:00:00,6,La Liga,30,Barcelona,29,Osasuna,30,Barcelona,1,Pablo Torre_14_B,47.0,,leading,,44,0.000269459,-0.000418288,0.0,0.0,690
27986,2025-03-27 21:00:00,6,La Liga,30,Barcelona,29,Osasuna,30,Barcelona,1,Pau Cubarsí_2_B,,,,,0,0.000489738,0.000689197,0.0,0.0,6208
27986,2025-03-27 21:00:00,6,La Liga,30,Barcelona,29,Osasuna,30,Barcelona,1,Pau Victor_18_B,85.0,,leading,,6,0.00344954,-0.00023187,0.0,0.013,524
27986,2025-03-27 21:00:00,6,La Liga,30,Barcelona,29,Osasuna,30,Barcelona,1,Pedri_8_B,,85.0,,leading,85,-0.000452767,-0.000759786,0.736,1.0,7907
27986,2025-03-27 21:00:00,6,La Liga,30,Barcelona,29,Osasuna,30,Barcelona,1,Robert Lewandowski_9_B,69.0,,leading,,22,-0.00130583,0.000914094,0.564,0.999,10145
27986,2025-03-27 21:00:00,6,La Liga,30,Barcelona,29,Osasuna,30,Barcelona,1,Ronald Araújo_4_B,,,,,0,0.00016609,0.000959492,0.736,1.0,6661
27986,2025-03-27 21:00:00,6,La Liga,30,Barcelona,29,Osasuna,30,Barcelona,1,Wojciech Szczęsny_25_B,,,,,91,0.000657671,0.000653952,0.0,0.0,2653
27990,2025-03-29 21:00:00,6,La Liga,31,Real Madrid,667,Equipo histórico 667,31,Real Madrid,1,Andriy Lunin_13_RM,,,,,98,0.00135314,0.00113184,0.0,0.0,4637
27990,2025-03-29 21:00:00,6,La Liga,31,Real Madrid,667,Equipo histórico 667,31,Real Madrid,1,Antonio Rüdiger_22_RM,,,,,98,0.00101494,0.000618977,0.0,0.0,10666
27990,2025-03-29 21:00:00,6,La Liga,31,Real Madrid,667,Equipo histórico 667,31,Real Madrid,1,Arda Güler_15_RM,,65.0,,level,65,7.01941e-05,-0.000836821,0.211,0.452,2380
27990,2025-03-29 21:00:00,6,La Liga,31,Real Madrid,667,Equipo histórico 667,31,Real Madrid,1,Aurélien Tchouaméni_14_RM,84.0,,leading,,14,-0.000603586,0.00091019,0.264,0.565,8572
27990,2025-03-29 21:00:00,6,La Liga,31,Real Madrid,667,Equipo histórico 667,31,Real Madrid,1,Brahim Díaz_21_RM,,65.0,,level,65,0.00321062,-0.000354507,0.082,0.176,4411
27990,2025-03-29 21:00:00,6,La Liga,31,Real Madrid,667,Equipo histórico 667,31,Real Madrid,1,David Alaba_4_RM,,,,,0,0.000547684,0.000271426,0.0,0.0,3366
27990,2025-03-29 21:00:00,6,La Liga,31,Real Madrid,667,Equipo histórico 667,31,Real Madrid,1,Eduardo Camavinga_6_RM,,,,,98,0.000527662,0.000882211,0.0,0.0,7525
27990,2025-03-29 21:00:00,6,La Liga,31,Real Madrid,667,Equipo histórico 667,31,Real Madrid,1,Endrick_16_RM,,,,,0,0.00034253,0.000427653,0.0,0.0,935
27990,2025-03-29 21:00:00,6,La Liga,31,Real Madrid,667,Equipo histórico 667,31,Real Madrid,1,Federico Valverde_8_RM,75.0,,level,,23,0.00109636,0.00134977,0.264,0.565,11707
27990,2025-03-29 21:00:00,6,La Liga,31,Real Madrid,667,Equipo histórico 667,31,Real Madrid,1,Fran Garcia_20_RM,,,,,98,0.00151615,4.55278e-05,0.0,0.0,4807
27990,2025-03-29 21:00:00,6,La Liga,31,Real Madrid,667,Equipo histórico 667,31,Real Madrid,1,Fran_26_RM,,,,,0,0.000589259,3.17888e-05,0.0,0.0,101
27990,2025-03-29 21:00:00,6,La Liga,31,Real Madrid,667,Equipo histórico 667,31,Real Madrid,1,Jesús Vallejo_18_RM,,,,,0,-0.000301268,0.000142833,0.0,0.0,215
27990,2025-03-29 21:00:00,6,La Liga,31,Real Madrid,667,Equipo histórico 667,31,Real Madrid,1,Jude Bellingham_5_RM,,,,,98,0.00112068,-0.000274762,0.0,0.0,7793
27990,2025-03-29 21:00:00,6,La Liga,31,Real Madrid,667,Equipo histórico 667,31,Real Madrid,1,Kylian Mbappé_9_RM,,,,,98,0.00303121,2.59154e-05,0.0,0.0,4484
27990,2025-03-29 21:00:00,6,La Liga,31,Real Madrid,667,Equipo histórico 667,31,Real Madrid,1,Lucas Vázquez_17_RM,,75.0,,level,75,0.00132007,-0.000853061,0.0,0.0,6072
27990,2025-03-29 21:00:00,6,La Liga,31,Real Madrid,667,Equipo histórico 667,31,Real Madrid,1,Luka Modrić_10_RM,,84.0,,leading,84,0.00146142,0.000547068,0.0,0.0,6907
27990,2025-03-29 21:00:00,6,La Liga,31,Real Madrid,667,Equipo histórico 667,31,Real Madrid,1,Raúl Asencio_35_RM,,,,,98,0.00142608,0.000223416,0.0,0.0,3080
27990,2025-03-29 21:00:00,6,La Liga,31,Real Madrid,667,Equipo histórico 667,31,Real Madrid,1,Rodrygo_11_RM,65.0,,level,,33,0.000204649,0.000315861,0.182,0.389,9181
27990,2025-03-29 21:00:00,6,La Liga,31,Real Madrid,667,Equipo histórico 667,31,Real Madrid,1,Vinicius Júnior_7_RM,65.0,,level,,33,-0.00186706,0.000820191,0.082,0.176,9694
27992,2025-03-30 16:15:00,6,La Liga,30,Barcelona,363,Girona,30,Barcelona,1,Alejandro Balde_3_B,81.0,,leading,,14,0.00209699,0.000618303,0.0,0.0,7371
27992,2025-03-30 16:15:00,6,La Liga,30,Barcelona,363,Girona,30,Barcelona,1,Ansu Fati_10_B,,,,,0,-0.000152001,0.000578713,0.0,0.0,1536
27992,2025-03-30 16:15:00,6,La Liga,30,Barcelona,363,Girona,30,Barcelona,1,Eric García_24_B,,81.0,,leading,81,0.00269696,0.00108346,0.082,0.145,3325
27992,2025-03-30 16:15:00,6,La Liga,30,Barcelona,363,Girona,30,Barcelona,1,Fermin López_16_B,,67.0,,leading,67,-0.000980475,6.51575e-05,0.728,1.0,4228
27992,2025-03-30 16:15:00,6,La Liga,30,Barcelona,363,Girona,30,Barcelona,1,Ferrán Torres_7_B,67.0,,leading,,28,0.000824349,-0.000703702,0.18,0.318,5186
27992,2025-03-30 16:15:00,6,La Liga,30,Barcelona,363,Girona,30,Barcelona,1,Frenkie de Jong_21_B,66.0,,leading,,29,0.00304554,-0.000291865,0.736,1.0,7300
27992,2025-03-30 16:15:00,6,La Liga,30,Barcelona,363,Girona,30,Barcelona,1,Gavi_6_B,,66.0,,leading,66,0.00196965,0.00152903,0.0,0.0,5150
27992,2025-03-30 16:15:00,6,La Liga,30,Barcelona,363,Girona,30,Barcelona,1,Gerard Martín_35_B,,,,,95,0.000994252,0.000286335,0.0,0.0,1872
27992,2025-03-30 16:15:00,6,La Liga,30,Barcelona,363,Girona,30,Barcelona,1,Héctor Fort_32_B,,,,,0,-0.000463914,-0.000603466,0.0,0.0,1296
27992,2025-03-30 16:15:00,6,La Liga,30,Barcelona,363,Girona,30,Barcelona,1,Iñaki Peña_13_B,,,,,0,0.001789,-0.000771425,0.0,0.0,3754
27992,2025-03-30 16:15:00,6,La Liga,30,Barcelona,363,Girona,30,Barcelona,1,Iñigo Martínez_5_B,,81.0,,leading,81,0.00172975,0.000118759,0.0,0.0,5736
27992,2025-03-30 16:15:00,6,La Liga,30,Barcelona,363,Girona,30,Barcelona,1,Jules Koundé_23_B,,,,,95,0.00223783,0.00075356,0.736,1.0,11254
27992,2025-03-30 16:15:00,6,La Liga,30,Barcelona,363,Girona,30,Barcelona,1,Lamine Yamal_19_B,,,,,95,0.00308054,0.000554778,0.0,0.0,7670
27992,2025-03-30 16:15:00,6,La Liga,30,Barcelona,363,Girona,30,Barcelona,1,Pablo Torre_14_B,87.0,,leading,,8,0.000269459,-0.000418288,0.0,0.0,690
27992,2025-03-30 16:15:00,6,La Liga,30,Barcelona,363,Girona,30,Barcelona,1,Pau Cubarsí_2_B,81.0,,leading,,14,0.000489738,0.000689197,0.0,0.0,6208
27992,2025-03-30 16:15:00,6,La Liga,30,Barcelona,363,Girona,30,Barcelona,1,Pau Victor_18_B,,,,,0,0.00344954,-0.00023187,0.0,0.013,524
27992,2025-03-30 16:15:00,6,La Liga,30,Barcelona,363,Girona,30,Barcelona,1,Pedri_8_B,,87.0,,leading,87,-0.000452767,-0.000759786,0.736,1.0,7907
27992,2025-03-30 16:15:00,6,La Liga,30,Barcelona,363,Girona,30,Barcelona,1,Raphinha_11_B,,,,,0,0.00131215,0.000402672,0.736,1.0,8931
27992,2025-03-30 16:15:00,6,La Liga,30,Barcelona,363,Girona,30,Barcelona,1,Robert Lewandowski_9_B,,,,,95,-0.00130583,0.000914094,0.564,0.999,10145
27992,2025-03-30 16:15:00,6,La Liga,30,Barcelona,363,Girona,30,Barcelona,1,Ronald Araújo_4_B,,,,,95,0.00016609,0.000959492,0.736,1.0,6661
27992,2025-03-30 16:15:00,6,La Liga,30,Barcelona,363,Girona,30,Barcelona,1,Wojciech Szczęsny_25_B,,,,,95,0.000657671,0.000653952,0.0,0.0,2653
33694,2025-04-01 21:30:00,17,Copa del Rey,31,Real Madrid,38,Real Sociedad,31,Real Madrid,1,Andriy Lunin_13_RM,,,,,120,0.00135314,0.00113184,0.0,0.0,4637
33694,2025-04-01 21:30:00,17,Copa del Rey,31,Real Madrid,38,Real Sociedad,31,Real Madrid,1,Antonio Rüdiger_22_RM,,,,,30,0.00101494,0.000618977,0.0,0.0,10666
33694,2025-04-01 21:30:00,17,Copa del Rey,31,Real Madrid,38,Real Sociedad,31,Real Madrid,1,Arda Güler_15_RM,,,,,16,7.01941e-05,-0.000836821,0.211,0.452,2380
33694,2025-04-01 21:30:00,17,Copa del Rey,31,Real Madrid,38,Real Sociedad,31,Real Madrid,1,Aurélien Tchouaméni_14_RM,,,,,120,-0.000603586,0.00091019,0.264,0.565,8572
33694,2025-04-01 21:30:00,17,Copa del Rey,31,Real Madrid,38,Real Sociedad,31,Real Madrid,1,Brahim Díaz_21_RM,,,,,16,0.00321062,-0.000354507,0.082,0.176,4411
33694,2025-04-01 21:30:00,17,Copa del Rey,31,Real Madrid,38,Real Sociedad,31,Real Madrid,1,David Alaba_4_RM,,,,,90,0.000547684,0.000271426,0.0,0.0,3366
33694,2025-04-01 21:30:00,17,Copa del Rey,31,Real Madrid,38,Real Sociedad,31,Real Madrid,1,Eduardo Camavinga_6_RM,,,,,90,0.000527662,0.000882211,0.0,0.0,7525
33694,2025-04-01 21:30:00,17,Copa del Rey,31,Real Madrid,38,Real Sociedad,31,Real Madrid,1,Endrick_16_RM,,,,,65,0.00034253,0.000427653,0.0,0.0,935
33694,2025-04-01 21:30:00,17,Copa del Rey,31,Real Madrid,38,Real Sociedad,31,Real Madrid,1,Federico Valverde_8_RM,,,,,120,0.00109636,0.00134977,0.264,0.565,11707
33694,2025-04-01 21:30:00,17,Copa del Rey,31,Real Madrid,38,Real Sociedad,31,Real Madrid,1,Fran Garcia_20_RM,,,,,30,0.00151615,4.55278e-05,0.0,0.0,4807
33694,2025-04-01 21:30:00,17,Copa del Rey,31,Real Madrid,38,Real Sociedad,31,Real Madrid,1,Fran_26_RM,,,,,0,0.000589259,3.17888e-05,0.0,0.0,101
33694,2025-04-01 21:30:00,17,Copa del Rey,31,Real Madrid,38,Real Sociedad,31,Real Madrid,1,Jesús Vallejo_18_RM,,,,,0,-0.000301268,0.000142833,0.0,0.0,215
33694,2025-04-01 21:30:00,17,Copa del Rey,31,Real Madrid,38,Real Sociedad,31,Real Madrid,1,Jude Bellingham_5_RM,,,,,120,0.00112068,-0.000274762,0.0,0.0,7793
33694,2025-04-01 21:30:00,17,Copa del Rey,31,Real Madrid,38,Real Sociedad,31,Real Madrid,1,Kylian Mbappé_9_RM,,,,,55,0.00303121,2.59154e-05,0.0,0.0,4484
33694,2025-04-01 21:30:00,17,Copa del Rey,31,Real Madrid,38,Real Sociedad,31,Real Madrid,1,Lucas Vázquez_17_RM,,,,,78,0.00132007,-0.000853061,0.0,0.0,6072
33694,2025-04-01 21:30:00,17,Copa del Rey,31,Real Madrid,38,Real Sociedad,31,Real Madrid,1,Luka Modrić_10_RM,,,,,42,0.00146142,0.000547068,0.0,0.0,6907
33694,2025-04-01 21:30:00,17,Copa del Rey,31,Real Madrid,38,Real Sociedad,31,Real Madrid,1,Raúl Asencio_35_RM,,,,,104,0.00142608,0.000223416,0.0,0.0,3080
33694,2025-04-01 21:30:00,17,Copa del Rey,31,Real Madrid,38,Real Sociedad,31,Real Madrid,1,Rodrygo_11_RM,,,,,104,0.000204649,0.000315861,0.182,0.389,9181
33694,2025-04-01 21:30:00,17,Copa del Rey,31,Real Madrid,38,Real Sociedad,31,Real Madrid,1,Vinicius Júnior_7_RM,,,,,120,-0.00186706,0.000820191,0.082,0.176,9694
33695,2025-04-02 21:30:00,17,Copa del Rey,39,Atlético Madrid,30,Barcelona,30,Barcelona,0,Alejandro Balde_3_B,,,,,90,0.00209699,0.000618303,0.0,0.0,7371
33695,2025-04-02 21:30:00,17,Copa del Rey,39,Atlético Madrid,30,Barcelona,30,Barcelona,0,Ansu Fati_10_B,,,,,0,-0.000152001,0.000578713,0.0,0.0,1536
33695,2025-04-02 21:30:00,17,Copa del Rey,39,Atlético Madrid,30,Barcelona,30,Barcelona,0,Eric García_24_B,,,,,33,0.00269696,0.00108346,0.082,0.145,3325
33695,2025-04-02 21:30:00,17,Copa del Rey,39,Atlético Madrid,30,Barcelona,30,Barcelona,0,Fermin López_16_B,,,,,57,-0.000980475,6.51575e-05,0.728,1.0,4228
33695,2025-04-02 21:30:00,17,Copa del Rey,39,Atlético Madrid,30,Barcelona,30,Barcelona,0,Ferrán Torres_7_B,,,,,73,0.000824349,-0.000703702,0.18,0.318,5186
33695,2025-04-02 21:30:00,17,Copa del Rey,39,Atlético Madrid,30,Barcelona,30,Barcelona,0,Frenkie de Jong_21_B,,,,,90,0.00304554,-0.000291865,0.736,1.0,7300
33695,2025-04-02 21:30:00,17,Copa del Rey,39,Atlético Madrid,30,Barcelona,30,Barcelona,0,Gavi_6_B,,,,,0,0.00196965,0.00152903,0.0,0.0,5150
33695,2025-04-02 21:30:00,17,Copa del Rey,39,Atlético Madrid,30,Barcelona,30,Barcelona,0,Gerard Martín_35_B,,,,,4,0.000994252,0.000286335,0.0,0.0,1872
33695,2025-04-02 21:30:00,17,Copa del Rey,39,Atlético Madrid,30,Barcelona,30,Barcelona,0,Héctor Fort_32_B,,,,,0,-0.000463914,-0.000603466,0.0,0.0,1296
33695,2025-04-02 21:30:00,17,Copa del Rey,39,Atlético Madrid,30,Barcelona,30,Barcelona,0,Iñaki Peña_13_B,,,,,0,0.001789,-0.000771425,0.0,0.0,3754
33695,2025-04-02 21:30:00,17,Copa del Rey,39,Atlético Madrid,30,Barcelona,30,Barcelona,0,Iñigo Martínez_5_B,,,,,90,0.00172975,0.000118759,0.0,0.0,5736
33695,2025-04-02 21:30:00,17,Copa del Rey,39,Atlético Madrid,30,Barcelona,30,Barcelona,0,Jules Koundé_23_B,,,,,90,0.00223783,0.00075356,0.736,1.0,11254
33695,2025-04-02 21:30:00,17,Copa del Rey,39,Atlético Madrid,30,Barcelona,30,Barcelona,0,Lamine Yamal_19_B,,,,,86,0.00308054,0.000554778,0.0,0.0,7670
33695,2025-04-02 21:30:00,17,Copa del Rey,39,Atlético Madrid,30,Barcelona,30,Barcelona,0,Pablo Torre_14_B,,,,,0,0.000269459,-0.000418288,0.0,0.0,690
33695,2025-04-02 21:30:00,17,Copa del Rey,39,Atlético Madrid,30,Barcelona,30,Barcelona,0,Pau Cubarsí_2_B,,,,,57,0.000489738,0.000689197,0.0,0.0,6208
33695,2025-04-02 21:30:00,17,Copa del Rey,39,Atlético Madrid,30,Barcelona,30,Barcelona,0,Pau Victor_18_B,,,,,0,0.00344954,-0.00023187,0.0,0.013,524
33695,2025-04-02 21:30:00,17,Copa del Rey,39,Atlético Madrid,30,Barcelona,30,Barcelona,0,Pedri_8_B,,,,,90,-0.000452767,-0.000759786,0.736,1.0,7907
33695,2025-04-02 21:30:00,17,Copa del Rey,39,Atlético Madrid,30,Barcelona,30,Barcelona,0,Raphinha_11_B,,,,,90,0.00131215,0.000402672,0.736,1.0,8931
33695,2025-04-02 21:30:00,17,Copa del Rey,39,Atlético Madrid,30,Barcelona,30,Barcelona,0,Robert Lewandowski_9_B,,,,,17,-0.00130583,0.000914094,0.564,0.999,10145
33695,2025-04-02 21:30:00,17,Copa del Rey,39,Atlético Madrid,30,Barcelona,30,Barcelona,0,Ronald Araújo_4_B,,,,,33,0.00016609,0.000959492,0.736,1.0,6661
33695,2025-04-02 21:30:00,17,Copa del Rey,39,Atlético Madrid,30,Barcelona,30,Barcelona,0,Wojciech Szczęsny_25_B,,,,,90,0.000657671,0.000653952,0.0,0.0,2653
27999,2025-04-05 16:15:00,6,La Liga,31,Real Madrid,37,Valencia,31,Real Madrid,1,Andriy Lunin_13_RM,,,,,0,0.00135314,0.00113184,0.0,0.0,4637
27999,2025-04-05 16:15:00,6,La Liga,31,Real Madrid,37,Valencia,31,Real Madrid,1,Antonio Rüdiger_22_RM,,,,,101,0.00101494,0.000618977,0.0,0.0,10666
27999,2025-04-05 16:15:00,6,La Liga,31,Real Madrid,37,Valencia,31,Real Madrid,1,Arda Güler_15_RM,88.0,,level,,13,7.01941e-05,-0.000836821,0.211,0.452,2380
27999,2025-04-05 16:15:00,6,La Liga,31,Real Madrid,37,Valencia,31,Real Madrid,1,Aurélien Tchouaméni_14_RM,,,,,101,-0.000603586,0.00091019,0.264,0.565,8572
27999,2025-04-05 16:15:00,6,La Liga,31,Real Madrid,37,Valencia,31,Real Madrid,1,Brahim Díaz_21_RM,,60.0,,level,60,0.00321062,-0.000354507,0.082,0.176,4411
27999,2025-04-05 16:15:00,6,La Liga,31,Real Madrid,37,Valencia,31,Real Madrid,1,David Alaba_4_RM,80.0,,level,,21,0.000547684,0.000271426,0.0,0.0,3366
27999,2025-04-05 16:15:00,6,La Liga,31,Real Madrid,37,Valencia,31,Real Madrid,1,Eduardo Camavinga_6_RM,80.0,,level,,21,0.000527662,0.000882211,0.0,0.0,7525
27999,2025-04-05 16:15:00,6,La Liga,31,Real Madrid,37,Valencia,31,Real Madrid,1,Endrick_16_RM,80.0,,level,,21,0.00034253,0.000427653,0.0,0.0,935
27999,2025-04-05 16:15:00,6,La Liga,31,Real Madrid,37,Valencia,31,Real Madrid,1,Federico Valverde_8_RM,,,,,101,0.00109636,0.00134977,0.264,0.565,11707
27999,2025-04-05 16:15:00,6,La Liga,31,Real Madrid,37,Valencia,31,Real Madrid,1,Fran Garcia_20_RM,,80.0,,level,80,0.00151615,4.55278e-05,0.0,0.0,4807
27999,2025-04-05 16:15:00,6,La Liga,31,Real Madrid,37,Valencia,31,Real Madrid,1,Fran_26_RM,,,,,101,0.000589259,3.17888e-05,0.0,0.0,101
27999,2025-04-05 16:15:00,6,La Liga,31,Real Madrid,37,Valencia,31,Real Madrid,1,Jesús Vallejo_18_RM,,,,,0,-0.000301268,0.000142833,0.0,0.0,215
27999,2025-04-05 16:15:00,6,La Liga,31,Real Madrid,37,Valencia,31,Real Madrid,1,Jude Bellingham_5_RM,,,,,101,0.00112068,-0.000274762,0.0,0.0,7793
27999,2025-04-05 16:15:00,6,La Liga,31,Real Madrid,37,Valencia,31,Real Madrid,1,Kylian Mbappé_9_RM,,,,,101,0.00303121,2.59154e-05,0.0,0.0,4484
27999,2025-04-05 16:15:00,6,La Liga,31,Real Madrid,37,Valencia,31,Real Madrid,1,Lucas Vázquez_17_RM,,88.0,,level,88,0.00132007,-0.000853061,0.0,0.0,6072
27999,2025-04-05 16:15:00,6,La Liga,31,Real Madrid,37,Valencia,31,Real Madrid,1,Luka Modrić_10_RM,,80.0,,level,80,0.00146142,0.000547068,0.0,0.0,6907
27999,2025-04-05 16:15:00,6,La Liga,31,Real Madrid,37,Valencia,31,Real Madrid,1,Raúl Asencio_35_RM,,,,,0,0.00142608,0.000223416,0.0,0.0,3080
27999,2025-04-05 16:15:00,6,La Liga,31,Real Madrid,37,Valencia,31,Real Madrid,1,Rodrygo_11_RM,60.0,,level,,41,0.000204649,0.000315861,0.182,0.389,9181
27999,2025-04-05 16:15:00,6,La Liga,31,Real Madrid,37,Valencia,31,Real Madrid,1,Vinicius Júnior_7_RM,,80.0,,level,80,-0.00186706,0.000820191,0.082,0.176,9694
28001,2025-04-05 21:00:00,6,La Liga,30,Barcelona,27,Equipo histórico 27,30,Barcelona,1,Alejandro Balde_3_B,,75.0,,level,75,0.00209699,0.000618303,0.0,0.0,7371
28001,2025-04-05 21:00:00,6,La Liga,30,Barcelona,27,Equipo histórico 27,30,Barcelona,1,Andreas Christensen_15_B,,,,,0,-0.000657376,0.000304607,0.172,0.304,4789
28001,2025-04-05 21:00:00,6,La Liga,30,Barcelona,27,Equipo histórico 27,30,Barcelona,1,Ansu Fati_10_B,,,,,0,-0.000152001,0.000578713,0.0,0.0,1536
28001,2025-04-05 21:00:00,6,La Liga,30,Barcelona,27,Equipo histórico 27,30,Barcelona,1,Eric García_24_B,57.0,,level,,33,0.00269696,0.00108346,0.082,0.145,3325
28001,2025-04-05 21:00:00,6,La Liga,30,Barcelona,27,Equipo histórico 27,30,Barcelona,1,Fermin López_16_B,75.0,,level,,15,-0.000980475,6.51575e-05,0.728,1.0,4228
28001,2025-04-05 21:00:00,6,La Liga,30,Barcelona,27,Equipo histórico 27,30,Barcelona,1,Ferrán Torres_7_B,,57.0,,level,57,0.000824349,-0.000703702,0.18,0.318,5186
28001,2025-04-05 21:00:00,6,La Liga,30,Barcelona,27,Equipo histórico 27,30,Barcelona,1,Frenkie de Jong_21_B,,57.0,,level,57,0.00304554,-0.000291865,0.736,1.0,7300
28001,2025-04-05 21:00:00,6,La Liga,30,Barcelona,27,Equipo histórico 27,30,Barcelona,1,Gavi_6_B,,,,,90,0.00196965,0.00152903,0.0,0.0,5150
28001,2025-04-05 21:00:00,6,La Liga,30,Barcelona,27,Equipo histórico 27,30,Barcelona,1,Gerard Martín_35_B,75.0,,level,,15,0.000994252,0.000286335,0.0,0.0,1872
28001,2025-04-05 21:00:00,6,La Liga,30,Barcelona,27,Equipo histórico 27,30,Barcelona,1,Héctor Fort_32_B,,,,,0,-0.000463914,-0.000603466,0.0,0.0,1296
28001,2025-04-05 21:00:00,6,La Liga,30,Barcelona,27,Equipo histórico 27,30,Barcelona,1,Iñaki Peña_13_B,,,,,0,0.001789,-0.000771425,0.0,0.0,3754
28001,2025-04-05 21:00:00,6,La Liga,30,Barcelona,27,Equipo histórico 27,30,Barcelona,1,Jules Koundé_23_B,,,,,90,0.00223783,0.00075356,0.736,1.0,11254
28001,2025-04-05 21:00:00,6,La Liga,30,Barcelona,27,Equipo histórico 27,30,Barcelona,1,Lamine Yamal_19_B,,,,,90,0.00308054,0.000554778,0.0,0.0,7670
28001,2025-04-05 21:00:00,6,La Liga,30,Barcelona,27,Equipo histórico 27,30,Barcelona,1,Pablo Torre_14_B,,,,,0,0.000269459,-0.000418288,0.0,0.0,690
28001,2025-04-05 21:00:00,6,La Liga,30,Barcelona,27,Equipo histórico 27,30,Barcelona,1,Pau Cubarsí_2_B,,,,,90,0.000489738,0.000689197,0.0,0.0,6208
28001,2025-04-05 21:00:00,6,La Liga,30,Barcelona,27,Equipo histórico 27,30,Barcelona,1,Pau Victor_18_B,,,,,0,0.00344954,-0.00023187,0.0,0.013,524
28001,2025-04-05 21:00:00,6,La Liga,30,Barcelona,27,Equipo histórico 27,30,Barcelona,1,Pedri_8_B,,75.0,,level,75,-0.000452767,-0.000759786,0.736,1.0,7907
28001,2025-04-05 21:00:00,6,La Liga,30,Barcelona,27,Equipo histórico 27,30,Barcelona,1,Raphinha_11_B,57.0,,level,,33,0.00131215,0.000402672,0.736,1.0,8931
28001,2025-04-05 21:00:00,6,La Liga,30,Barcelona,27,Equipo histórico 27,30,Barcelona,1,Robert Lewandowski_9_B,,,,,90,-0.00130583,0.000914094,0.564,0.999,10145
28001,2025-04-05 21:00:00,6,La Liga,30,Barcelona,27,Equipo histórico 27,30,Barcelona,1,Ronald Araújo_4_B,,,,,90,0.00016609,0.000959492,0.736,1.0,6661
28001,2025-04-05 21:00:00,6,La Liga,30,Barcelona,27,Equipo histórico 27,30,Barcelona,1,Wojciech Szczęsny_25_B,,,,,90,0.000657671,0.000653952,0.0,0.0,2653
31764,2025-04-08 20:00:00,13,Champions League,11,Arsenal,31,Real Madrid,31,Real Madrid,0,Antonio Rüdiger_22_RM,,,,,90,0.00101494,0.000618977,0.0,0.0,10666
31764,2025-04-08 20:00:00,13,Champions League,11,Arsenal,31,Real Madrid,31,Real Madrid,0,Arda Güler_15_RM,,,,,0,7.01941e-05,-0.000836821,0.211,0.452,2380
31764,2025-04-08 20:00:00,13,Champions League,11,Arsenal,31,Real Madrid,31,Real Madrid,0,Brahim Díaz_21_RM,,,,,6,0.00321062,-0.000354507,0.082,0.176,4411
31764,2025-04-08 20:00:00,13,Champions League,11,Arsenal,31,Real Madrid,31,Real Madrid,0,Chema_36_RM,,,,,0,-0.000144558,7.16954e-05,0.0,0.0,40
31764,2025-04-08 20:00:00,13,Champions League,11,Arsenal,31,Real Madrid,31,Real Madrid,0,David Alaba_4_RM,,,,,78,0.000547684,0.000271426,0.0,0.0,3366
31764,2025-04-08 20:00:00,13,Champions League,11,Arsenal,31,Real Madrid,31,Real Madrid,0,Eduardo Camavinga_6_RM,,,,,89,0.000527662,0.000882211,0.0,0.0,7525
31764,2025-04-08 20:00:00,13,Champions League,11,Arsenal,31,Real Madrid,31,Real Madrid,0,Endrick_16_RM,,,,,0,0.00034253,0.000427653,0.0,0.0,935
31764,2025-04-08 20:00:00,13,Champions League,11,Arsenal,31,Real Madrid,31,Real Madrid,0,Federico Valverde_8_RM,,,,,90,0.00109636,0.00134977,0.264,0.565,11707
31764,2025-04-08 20:00:00,13,Champions League,11,Arsenal,31,Real Madrid,31,Real Madrid,0,Fran Garcia_20_RM,,,,,12,0.00151615,4.55278e-05,0.0,0.0,4807
31764,2025-04-08 20:00:00,13,Champions League,11,Arsenal,31,Real Madrid,31,Real Madrid,0,Fran_26_RM,,,,,0,0.000589259,3.17888e-05,0.0,0.0,101
31764,2025-04-08 20:00:00,13,Champions League,11,Arsenal,31,Real Madrid,31,Real Madrid,0,Gonzalo García_30_RM,,,,,0,-5.36235e-05,0.000482841,0.0,0.0,94
31764,2025-04-08 20:00:00,13,Champions League,11,Arsenal,31,Real Madrid,31,Real Madrid,0,Jacobo Ramón_31_RM,,,,,0,-0.000368683,-0.000752092,0.0,0.0,322
31764,2025-04-08 20:00:00,13,Champions League,11,Arsenal,31,Real Madrid,31,Real Madrid,0,Jesús Vallejo_18_RM,,,,,0,-0.000301268,0.000142833,0.0,0.0,215
31764,2025-04-08 20:00:00,13,Champions League,11,Arsenal,31,Real Madrid,31,Real Madrid,0,Jude Bellingham_5_RM,,,,,90,0.00112068,-0.000274762,0.0,0.0,7793
31764,2025-04-08 20:00:00,13,Champions League,11,Arsenal,31,Real Madrid,31,Real Madrid,0,Kylian Mbappé_9_RM,,,,,90,0.00303121,2.59154e-05,0.0,0.0,4484
31764,2025-04-08 20:00:00,13,Champions League,11,Arsenal,31,Real Madrid,31,Real Madrid,0,Lorenzo Aguado_39_RM,,,,,0,2.64839e-05,3.34154e-05,0.0,0.0,68
31764,2025-04-08 20:00:00,13,Champions League,11,Arsenal,31,Real Madrid,31,Real Madrid,0,Lucas Vázquez_17_RM,,,,,20,0.00132007,-0.000853061,0.0,0.0,6072
31764,2025-04-08 20:00:00,13,Champions League,11,Arsenal,31,Real Madrid,31,Real Madrid,0,Luka Modrić_10_RM,,,,,70,0.00146142,0.000547068,0.0,0.0,6907
31764,2025-04-08 20:00:00,13,Champions League,11,Arsenal,31,Real Madrid,31,Real Madrid,0,Raúl Asencio_35_RM,,,,,90,0.00142608,0.000223416,0.0,0.0,3080
31764,2025-04-08 20:00:00,13,Champions League,11,Arsenal,31,Real Madrid,31,Real Madrid,0,Rodrygo_11_RM,,,,,84,0.000204649,0.000315861,0.182,0.389,9181
31764,2025-04-08 20:00:00,13,Champions League,11,Arsenal,31,Real Madrid,31,Real Madrid,0,Thibaut Courtois_1_RM,,,,,90,0.000111719,-0.000758962,0.264,0.565,7657
31764,2025-04-08 20:00:00,13,Champions League,11,Arsenal,31,Real Madrid,31,Real Madrid,0,Vinicius Júnior_7_RM,,,,,90,-0.00186706,0.000820191,0.082,0.176,9694
31766,2025-04-09 21:00:00,13,Champions League,30,Barcelona,46,Dortmund,30,Barcelona,1,Alejandro Balde_3_B,,,,,90,0.00209699,0.000618303,0.0,0.0,7371
31766,2025-04-09 21:00:00,13,Champions League,30,Barcelona,46,Dortmund,30,Barcelona,1,Andreas Christensen_15_B,,,,,0,-0.000657376,0.000304607,0.172,0.304,4789
31766,2025-04-09 21:00:00,13,Champions League,30,Barcelona,46,Dortmund,30,Barcelona,1,Ansu Fati_10_B,,,,,5,-0.000152001,0.000578713,0.0,0.0,1536
31766,2025-04-09 21:00:00,13,Champions League,30,Barcelona,46,Dortmund,30,Barcelona,1,Eric García_24_B,,,,,10,0.00269696,0.00108346,0.082,0.145,3325
31766,2025-04-09 21:00:00,13,Champions League,30,Barcelona,46,Dortmund,30,Barcelona,1,Fermin López_16_B,,,,,73,-0.000980475,6.51575e-05,0.728,1.0,4228
31766,2025-04-09 21:00:00,13,Champions League,30,Barcelona,46,Dortmund,30,Barcelona,1,Ferrán Torres_7_B,,,,,10,0.000824349,-0.000703702,0.18,0.318,5186
31766,2025-04-09 21:00:00,13,Champions League,30,Barcelona,46,Dortmund,30,Barcelona,1,Frenkie de Jong_21_B,,,,,90,0.00304554,-0.000291865,0.736,1.0,7300
31766,2025-04-09 21:00:00,13,Champions League,30,Barcelona,46,Dortmund,30,Barcelona,1,Gavi_6_B,,,,,17,0.00196965,0.00152903,0.0,0.0,5150
31766,2025-04-09 21:00:00,13,Champions League,30,Barcelona,46,Dortmund,30,Barcelona,1,Gerard Martín_35_B,,,,,0,0.000994252,0.000286335,0.0,0.0,1872
31766,2025-04-09 21:00:00,13,Champions League,30,Barcelona,46,Dortmund,30,Barcelona,1,Héctor Fort_32_B,,,,,0,-0.000463914,-0.000603466,0.0,0.0,1296
31766,2025-04-09 21:00:00,13,Champions League,30,Barcelona,46,Dortmund,30,Barcelona,1,Iñaki Peña_13_B,,,,,0,0.001789,-0.000771425,0.0,0.0,3754
31766,2025-04-09 21:00:00,13,Champions League,30,Barcelona,46,Dortmund,30,Barcelona,1,Iñigo Martínez_5_B,,,,,80,0.00172975,0.000118759,0.0,0.0,5736
31766,2025-04-09 21:00:00,13,Champions League,30,Barcelona,46,Dortmund,30,Barcelona,1,Jules Koundé_23_B,,,,,90,0.00223783,0.00075356,0.736,1.0,11254
31766,2025-04-09 21:00:00,13,Champions League,30,Barcelona,46,Dortmund,30,Barcelona,1,Lamine Yamal_19_B,,,,,85,0.00308054,0.000554778,0.0,0.0,7670
31766,2025-04-09 21:00:00,13,Champions League,30,Barcelona,46,Dortmund,30,Barcelona,1,Pablo Torre_14_B,,,,,0,0.000269459,-0.000418288,0.0,0.0,690
31766,2025-04-09 21:00:00,13,Champions League,30,Barcelona,46,Dortmund,30,Barcelona,1,Pau Cubarsí_2_B,,,,,90,0.000489738,0.000689197,0.0,0.0,6208
31766,2025-04-09 21:00:00,13,Champions League,30,Barcelona,46,Dortmund,30,Barcelona,1,Pau Victor_18_B,,,,,0,0.00344954,-0.00023187,0.0,0.013,524
31766,2025-04-09 21:00:00,13,Champions League,30,Barcelona,46,Dortmund,30,Barcelona,1,Pedri_8_B,,,,,80,-0.000452767,-0.000759786,0.736,1.0,7907
31766,2025-04-09 21:00:00,13,Champions League,30,Barcelona,46,Dortmund,30,Barcelona,1,Raphinha_11_B,,,,,90,0.00131215,0.000402672,0.736,1.0,8931
31766,2025-04-09 21:00:00,13,Champions League,30,Barcelona,46,Dortmund,30,Barcelona,1,Robert Lewandowski_9_B,,,,,80,-0.00130583,0.000914094,0.564,0.999,10145
31766,2025-04-09 21:00:00,13,Champions League,30,Barcelona,46,Dortmund,30,Barcelona,1,Ronald Araújo_4_B,,,,,10,0.00016609,0.000959492,0.736,1.0,6661
31766,2025-04-09 21:00:00,13,Champions League,30,Barcelona,46,Dortmund,30,Barcelona,1,Wojciech Szczęsny_25_B,,,,,90,0.000657671,0.000653952,0.0,0.0,2653
28011,2025-04-12 21:00:00,6,La Liga,667,Equipo histórico 667,30,Barcelona,30,Barcelona,0,Alejandro Balde_3_B,,41.0,,level,41,0.00209699,0.000618303,0.0,0.0,7371
28011,2025-04-12 21:00:00,6,La Liga,667,Equipo histórico 667,30,Barcelona,30,Barcelona,0,Andreas Christensen_15_B,,,,,0,-0.000657376,0.000304607,0.172,0.304,4789
28011,2025-04-12 21:00:00,6,La Liga,667,Equipo histórico 667,30,Barcelona,30,Barcelona,0,Ansu Fati_10_B,,,,,0,-0.000152001,0.000578713,0.0,0.0,1536
28011,2025-04-12 21:00:00,6,La Liga,667,Equipo histórico 667,30,Barcelona,30,Barcelona,0,Eric García_24_B,,80.0,,leading,80,0.00269696,0.00108346,0.082,0.145,3325
28011,2025-04-12 21:00:00,6,La Liga,667,Equipo histórico 667,30,Barcelona,30,Barcelona,0,Fermin López_16_B,,67.0,,leading,67,-0.000980475,6.51575e-05,0.728,1.0,4228
28011,2025-04-12 21:00:00,6,La Liga,667,Equipo histórico 667,30,Barcelona,30,Barcelona,0,Ferrán Torres_7_B,67.0,,leading,,25,0.000824349,-0.000703702,0.18,0.318,5186
28011,2025-04-12 21:00:00,6,La Liga,667,Equipo histórico 667,30,Barcelona,30,Barcelona,0,Frenkie de Jong_21_B,46.0,,level,,46,0.00304554,-0.000291865,0.736,1.0,7300
28011,2025-04-12 21:00:00,6,La Liga,667,Equipo histórico 667,30,Barcelona,30,Barcelona,0,Gavi_6_B,67.0,,leading,,25,0.00196965,0.00152903,0.0,0.0,5150
28011,2025-04-12 21:00:00,6,La Liga,667,Equipo histórico 667,30,Barcelona,30,Barcelona,0,Gerard Martín_35_B,41.0,,level,,51,0.000994252,0.000286335,0.0,0.0,1872
28011,2025-04-12 21:00:00,6,La Liga,667,Equipo histórico 667,30,Barcelona,30,Barcelona,0,Héctor Fort_32_B,,,,,0,-0.000463914,-0.000603466,0.0,0.0,1296
28011,2025-04-12 21:00:00,6,La Liga,667,Equipo histórico 667,30,Barcelona,30,Barcelona,0,Iñaki Peña_13_B,,,,,0,0.001789,-0.000771425,0.0,0.0,3754
28011,2025-04-12 21:00:00,6,La Liga,667,Equipo histórico 667,30,Barcelona,30,Barcelona,0,Iñigo Martínez_5_B,,,,,92,0.00172975,0.000118759,0.0,0.0,5736
28011,2025-04-12 21:00:00,6,La Liga,667,Equipo histórico 667,30,Barcelona,30,Barcelona,0,Jules Koundé_23_B,,,,,92,0.00223783,0.00075356,0.736,1.0,11254
28011,2025-04-12 21:00:00,6,La Liga,667,Equipo histórico 667,30,Barcelona,30,Barcelona,0,Lamine Yamal_19_B,,,,,92,0.00308054,0.000554778,0.0,0.0,7670
28011,2025-04-12 21:00:00,6,La Liga,667,Equipo histórico 667,30,Barcelona,30,Barcelona,0,Pablo Torre_14_B,,,,,0,0.000269459,-0.000418288,0.0,0.0,690
28011,2025-04-12 21:00:00,6,La Liga,667,Equipo histórico 667,30,Barcelona,30,Barcelona,0,Pau Cubarsí_2_B,80.0,,leading,,12,0.000489738,0.000689197,0.0,0.0,6208
28011,2025-04-12 21:00:00,6,La Liga,667,Equipo histórico 667,30,Barcelona,30,Barcelona,0,Pau Victor_18_B,,,,,0,0.00344954,-0.00023187,0.0,0.013,524
28011,2025-04-12 21:00:00,6,La Liga,667,Equipo histórico 667,30,Barcelona,30,Barcelona,0,Pedri_8_B,,,,,92,-0.000452767,-0.000759786,0.736,1.0,7907
28011,2025-04-12 21:00:00,6,La Liga,667,Equipo histórico 667,30,Barcelona,30,Barcelona,0,Raphinha_11_B,,,,,92,0.00131215,0.000402672,0.736,1.0,8931
28011,2025-04-12 21:00:00,6,La Liga,667,Equipo histórico 667,30,Barcelona,30,Barcelona,0,Robert Lewandowski_9_B,,67.0,,leading,67,-0.00130583,0.000914094,0.564,0.999,10145
28011,2025-04-12 21:00:00,6,La Liga,667,Equipo histórico 667,30,Barcelona,30,Barcelona,0,Ronald Araújo_4_B,,46.0,,level,46,0.00016609,0.000959492,0.736,1.0,6661
28011,2025-04-12 21:00:00,6,La Liga,667,Equipo histórico 667,30,Barcelona,30,Barcelona,0,Wojciech Szczęsny_25_B,,,,,92,0.000657671,0.000653952,0.0,0.0,2653
28013,2025-04-13 16:15:00,6,La Liga,523,Alavés,31,Real Madrid,31,Real Madrid,0,Antonio Rüdiger_22_RM,,,,,99,0.00101494,0.000618977,0.0,0.0,10666
28013,2025-04-13 16:15:00,6,La Liga,523,Alavés,31,Real Madrid,31,Real Madrid,0,Arda Güler_15_RM,,63.0,,leading,63,7.01941e-05,-0.000836821,0.211,0.452,2380
28013,2025-04-13 16:15:00,6,La Liga,523,Alavés,31,Real Madrid,31,Real Madrid,0,Aurélien Tchouaméni_14_RM,,,,,99,-0.000603586,0.00091019,0.264,0.565,8572
28013,2025-04-13 16:15:00,6,La Liga,523,Alavés,31,Real Madrid,31,Real Madrid,0,Brahim Díaz_21_RM,77.0,,leading,,22,0.00321062,-0.000354507,0.082,0.176,4411
28013,2025-04-13 16:15:00,6,La Liga,523,Alavés,31,Real Madrid,31,Real Madrid,0,Dani Ceballos_19_RM,92.0,,leading,,7,0.0010414,0.00086943,0.0,0.0,4606
28013,2025-04-13 16:15:00,6,La Liga,523,Alavés,31,Real Madrid,31,Real Madrid,0,David Alaba_4_RM,,,,,0,0.000547684,0.000271426,0.0,0.0,3366
28013,2025-04-13 16:15:00,6,La Liga,523,Alavés,31,Real Madrid,31,Real Madrid,0,Eduardo Camavinga_6_RM,,,,,99,0.000527662,0.000882211,0.0,0.0,7525
28013,2025-04-13 16:15:00,6,La Liga,523,Alavés,31,Real Madrid,31,Real Madrid,0,Endrick_16_RM,,,,,0,0.00034253,0.000427653,0.0,0.0,935
28013,2025-04-13 16:15:00,6,La Liga,523,Alavés,31,Real Madrid,31,Real Madrid,0,Federico Valverde_8_RM,,92.0,,leading,92,0.00109636,0.00134977,0.264,0.565,11707
28013,2025-04-13 16:15:00,6,La Liga,523,Alavés,31,Real Madrid,31,Real Madrid,0,Fran Garcia_20_RM,,77.0,,leading,77,0.00151615,4.55278e-05,0.0,0.0,4807
28013,2025-04-13 16:15:00,6,La Liga,523,Alavés,31,Real Madrid,31,Real Madrid,0,Fran_26_RM,,,,,0,0.000589259,3.17888e-05,0.0,0.0,101
28013,2025-04-13 16:15:00,6,La Liga,523,Alavés,31,Real Madrid,31,Real Madrid,0,Jesús Vallejo_18_RM,,,,,0,-0.000301268,0.000142833,0.0,0.0,215
28013,2025-04-13 16:15:00,6,La Liga,523,Alavés,31,Real Madrid,31,Real Madrid,0,Jude Bellingham_5_RM,63.0,,leading,,36,0.00112068,-0.000274762,0.0,0.0,7793
28013,2025-04-13 16:15:00,6,La Liga,523,Alavés,31,Real Madrid,31,Real Madrid,0,Kylian Mbappé_9_RM,,,,,99,0.00303121,2.59154e-05,0.0,0.0,4484
28013,2025-04-13 16:15:00,6,La Liga,523,Alavés,31,Real Madrid,31,Real Madrid,0,Lucas Vázquez_17_RM,,,,,99,0.00132007,-0.000853061,0.0,0.0,6072
28013,2025-04-13 16:15:00,6,La Liga,523,Alavés,31,Real Madrid,31,Real Madrid,0,Luka Modrić_10_RM,,,,,0,0.00146142,0.000547068,0.0,0.0,6907
28013,2025-04-13 16:15:00,6,La Liga,523,Alavés,31,Real Madrid,31,Real Madrid,0,Raúl Asencio_35_RM,,,,,99,0.00142608,0.000223416,0.0,0.0,3080
28013,2025-04-13 16:15:00,6,La Liga,523,Alavés,31,Real Madrid,31,Real Madrid,0,Rodrygo_11_RM,,62.0,,leading,62,0.000204649,0.000315861,0.182,0.389,9181
28013,2025-04-13 16:15:00,6,La Liga,523,Alavés,31,Real Madrid,31,Real Madrid,0,Thibaut Courtois_1_RM,,,,,99,0.000111719,-0.000758962,0.264,0.565,7657
28013,2025-04-13 16:15:00,6,La Liga,523,Alavés,31,Real Madrid,31,Real Madrid,0,Vinicius Júnior_7_RM,62.0,,leading,,37,-0.00186706,0.000820191,0.082,0.176,9694
31769,2025-04-15 21:00:00,13,Champions League,46,Dortmund,30,Barcelona,30,Barcelona,0,Andreas Christensen_15_B,,,,,0,-0.000657376,0.000304607,0.172,0.304,4789
31769,2025-04-15 21:00:00,13,Champions League,46,Dortmund,30,Barcelona,30,Barcelona,0,Ansu Fati_10_B,,,,,0,-0.000152001,0.000578713,0.0,0.0,1536
31769,2025-04-15 21:00:00,13,Champions League,46,Dortmund,30,Barcelona,30,Barcelona,0,Dani Olmo_20_B,,,,,5,0.0012088,0.000304766,0.074,0.13,1994
31769,2025-04-15 21:00:00,13,Champions League,46,Dortmund,30,Barcelona,30,Barcelona,0,Eric García_24_B,,,,,21,0.00269696,0.00108346,0.082,0.145,3325
31769,2025-04-15 21:00:00,13,Champions League,46,Dortmund,30,Barcelona,30,Barcelona,0,Fermin López_16_B,,,,,69,-0.000980475,6.51575e-05,0.728,1.0,4228
31769,2025-04-15 21:00:00,13,Champions League,46,Dortmund,30,Barcelona,30,Barcelona,0,Ferrán Torres_7_B,,,,,21,0.000824349,-0.000703702,0.18,0.318,5186
31769,2025-04-15 21:00:00,13,Champions League,46,Dortmund,30,Barcelona,30,Barcelona,0,Frenkie de Jong_21_B,,,,,90,0.00304554,-0.000291865,0.736,1.0,7300
31769,2025-04-15 21:00:00,13,Champions League,46,Dortmund,30,Barcelona,30,Barcelona,0,Gavi_6_B,,,,,58,0.00196965,0.00152903,0.0,0.0,5150
31769,2025-04-15 21:00:00,13,Champions League,46,Dortmund,30,Barcelona,30,Barcelona,0,Gerard Martín_35_B,,,,,90,0.000994252,0.000286335,0.0,0.0,1872
31769,2025-04-15 21:00:00,13,Champions League,46,Dortmund,30,Barcelona,30,Barcelona,0,Héctor Fort_32_B,,,,,0,-0.000463914,-0.000603466,0.0,0.0,1296
31769,2025-04-15 21:00:00,13,Champions League,46,Dortmund,30,Barcelona,30,Barcelona,0,Iñaki Peña_13_B,,,,,0,0.001789,-0.000771425,0.0,0.0,3754
31769,2025-04-15 21:00:00,13,Champions League,46,Dortmund,30,Barcelona,30,Barcelona,0,Iñigo Martínez_5_B,,,,,0,0.00172975,0.000118759,0.0,0.0,5736
31769,2025-04-15 21:00:00,13,Champions League,46,Dortmund,30,Barcelona,30,Barcelona,0,Jules Koundé_23_B,,,,,90,0.00223783,0.00075356,0.736,1.0,11254
31769,2025-04-15 21:00:00,13,Champions League,46,Dortmund,30,Barcelona,30,Barcelona,0,Lamine Yamal_19_B,,,,,69,0.00308054,0.000554778,0.0,0.0,7670
31769,2025-04-15 21:00:00,13,Champions League,46,Dortmund,30,Barcelona,30,Barcelona,0,Pablo Torre_14_B,,,,,0,0.000269459,-0.000418288,0.0,0.0,690
31769,2025-04-15 21:00:00,13,Champions League,46,Dortmund,30,Barcelona,30,Barcelona,0,Pau Cubarsí_2_B,,,,,90,0.000489738,0.000689197,0.0,0.0,6208
31769,2025-04-15 21:00:00,13,Champions League,46,Dortmund,30,Barcelona,30,Barcelona,0,Pau Victor_18_B,,,,,0,0.00344954,-0.00023187,0.0,0.013,524
31769,2025-04-15 21:00:00,13,Champions League,46,Dortmund,30,Barcelona,30,Barcelona,0,Pedri_8_B,,,,,32,-0.000452767,-0.000759786,0.736,1.0,7907
31769,2025-04-15 21:00:00,13,Champions League,46,Dortmund,30,Barcelona,30,Barcelona,0,Raphinha_11_B,,,,,90,0.00131215,0.000402672,0.736,1.0,8931
31769,2025-04-15 21:00:00,13,Champions League,46,Dortmund,30,Barcelona,30,Barcelona,0,Robert Lewandowski_9_B,,,,,85,-0.00130583,0.000914094,0.564,0.999,10145
31769,2025-04-15 21:00:00,13,Champions League,46,Dortmund,30,Barcelona,30,Barcelona,0,Ronald Araújo_4_B,,,,,90,0.00016609,0.000959492,0.736,1.0,6661
31769,2025-04-15 21:00:00,13,Champions League,46,Dortmund,30,Barcelona,30,Barcelona,0,Wojciech Szczęsny_25_B,,,,,90,0.000657671,0.000653952,0.0,0.0,2653
31771,2025-04-16 21:00:00,13,Champions League,31,Real Madrid,11,Arsenal,31,Real Madrid,1,Antonio Rüdiger_22_RM,,,,,90,0.00101494,0.000618977,0.0,0.0,10666
31771,2025-04-16 21:00:00,13,Champions League,31,Real Madrid,11,Arsenal,31,Real Madrid,1,Arda Güler_15_RM,,,,,0,7.01941e-05,-0.000836821,0.211,0.452,2380
31771,2025-04-16 21:00:00,13,Champions League,31,Real Madrid,11,Arsenal,31,Real Madrid,1,Aurélien Tchouaméni_14_RM,,,,,90,-0.000603586,0.00091019,0.264,0.565,8572
31771,2025-04-16 21:00:00,13,Champions League,31,Real Madrid,11,Arsenal,31,Real Madrid,1,Brahim Díaz_21_RM,,,,,17,0.00321062,-0.000354507,0.082,0.176,4411
31771,2025-04-16 21:00:00,13,Champions League,31,Real Madrid,11,Arsenal,31,Real Madrid,1,Dani Ceballos_19_RM,,,,,30,0.0010414,0.00086943,0.0,0.0,4606
31771,2025-04-16 21:00:00,13,Champions League,31,Real Madrid,11,Arsenal,31,Real Madrid,1,David Alaba_4_RM,,,,,60,0.000547684,0.000271426,0.0,0.0,3366
31771,2025-04-16 21:00:00,13,Champions League,31,Real Madrid,11,Arsenal,31,Real Madrid,1,Endrick_16_RM,,,,,30,0.00034253,0.000427653,0.0,0.0,935
31771,2025-04-16 21:00:00,13,Champions League,31,Real Madrid,11,Arsenal,31,Real Madrid,1,Federico Valverde_8_RM,,,,,90,0.00109636,0.00134977,0.264,0.565,11707
31771,2025-04-16 21:00:00,13,Champions League,31,Real Madrid,11,Arsenal,31,Real Madrid,1,Fran Garcia_20_RM,,,,,30,0.00151615,4.55278e-05,0.0,0.0,4807
31771,2025-04-16 21:00:00,13,Champions League,31,Real Madrid,11,Arsenal,31,Real Madrid,1,Fran_26_RM,,,,,0,0.000589259,3.17888e-05,0.0,0.0,101
31771,2025-04-16 21:00:00,13,Champions League,31,Real Madrid,11,Arsenal,31,Real Madrid,1,Jesús Vallejo_18_RM,,,,,0,-0.000301268,0.000142833,0.0,0.0,215
31771,2025-04-16 21:00:00,13,Champions League,31,Real Madrid,11,Arsenal,31,Real Madrid,1,Jude Bellingham_5_RM,,,,,90,0.00112068,-0.000274762,0.0,0.0,7793
31771,2025-04-16 21:00:00,13,Champions League,31,Real Madrid,11,Arsenal,31,Real Madrid,1,Kylian Mbappé_9_RM,,,,,73,0.00303121,2.59154e-05,0.0,0.0,4484
31771,2025-04-16 21:00:00,13,Champions League,31,Real Madrid,11,Arsenal,31,Real Madrid,1,Lucas Vázquez_17_RM,,,,,60,0.00132007,-0.000853061,0.0,0.0,6072
31771,2025-04-16 21:00:00,13,Champions League,31,Real Madrid,11,Arsenal,31,Real Madrid,1,Luka Modrić_10_RM,,,,,17,0.00146142,0.000547068,0.0,0.0,6907
31771,2025-04-16 21:00:00,13,Champions League,31,Real Madrid,11,Arsenal,31,Real Madrid,1,Raúl Asencio_35_RM,,,,,73,0.00142608,0.000223416,0.0,0.0,3080
31771,2025-04-16 21:00:00,13,Champions League,31,Real Madrid,11,Arsenal,31,Real Madrid,1,Rodrygo_11_RM,,,,,60,0.000204649,0.000315861,0.182,0.389,9181
31771,2025-04-16 21:00:00,13,Champions League,31,Real Madrid,11,Arsenal,31,Real Madrid,1,Thibaut Courtois_1_RM,,,,,90,0.000111719,-0.000758962,0.264,0.565,7657
31771,2025-04-16 21:00:00,13,Champions League,31,Real Madrid,11,Arsenal,31,Real Madrid,1,Vinicius Júnior_7_RM,,,,,90,-0.00186706,0.000820191,0.082,0.176,9694
28019,2025-04-19 16:15:00,6,La Liga,30,Barcelona,25,Celta Vigo,30,Barcelona,1,Andreas Christensen_15_B,,,,,0,-0.000657376,0.000304607,0.172,0.304,4789
28019,2025-04-19 16:15:00,6,La Liga,30,Barcelona,25,Celta Vigo,30,Barcelona,1,Ansu Fati_10_B,,,,,0,-0.000152001,0.000578713,0.0,0.0,1536
28019,2025-04-19 16:15:00,6,La Liga,30,Barcelona,25,Celta Vigo,30,Barcelona,1,Dani Olmo_20_B,59.0,,trailing,,39,0.0012088,0.000304766,0.074,0.13,1994
28019,2025-04-19 16:15:00,6,La Liga,30,Barcelona,25,Celta Vigo,30,Barcelona,1,Eric García_24_B,87.0,,level,,11,0.00269696,0.00108346,0.082,0.145,3325
28019,2025-04-19 16:15:00,6,La Liga,30,Barcelona,25,Celta Vigo,30,Barcelona,1,Fermin López_16_B,,59.0,,trailing,59,-0.000980475,6.51575e-05,0.728,1.0,4228
28019,2025-04-19 16:15:00,6,La Liga,30,Barcelona,25,Celta Vigo,30,Barcelona,1,Ferrán Torres_7_B,,59.0,,trailing,59,0.000824349,-0.000703702,0.18,0.318,5186
28019,2025-04-19 16:15:00,6,La Liga,30,Barcelona,25,Celta Vigo,30,Barcelona,1,Frenkie de Jong_21_B,,,,,98,0.00304554,-0.000291865,0.736,1.0,7300
28019,2025-04-19 16:15:00,6,La Liga,30,Barcelona,25,Celta Vigo,30,Barcelona,1,Gavi_6_B,78.0,,level,,20,0.00196965,0.00152903,0.0,0.0,5150
28019,2025-04-19 16:15:00,6,La Liga,30,Barcelona,25,Celta Vigo,30,Barcelona,1,Gerard Martín_35_B,,88.0,,level,88,0.000994252,0.000286335,0.0,0.0,1872
28019,2025-04-19 16:15:00,6,La Liga,30,Barcelona,25,Celta Vigo,30,Barcelona,1,Héctor Fort_32_B,,,,,0,-0.000463914,-0.000603466,0.0,0.0,1296
28019,2025-04-19 16:15:00,6,La Liga,30,Barcelona,25,Celta Vigo,30,Barcelona,1,Iñaki Peña_13_B,,,,,0,0.001789,-0.000771425,0.0,0.0,3754
28019,2025-04-19 16:15:00,6,La Liga,30,Barcelona,25,Celta Vigo,30,Barcelona,1,Iñigo Martínez_5_B,,,,,98,0.00172975,0.000118759,0.0,0.0,5736
28019,2025-04-19 16:15:00,6,La Liga,30,Barcelona,25,Celta Vigo,30,Barcelona,1,Jules Koundé_23_B,,,,,98,0.00223783,0.00075356,0.736,1.0,11254
28019,2025-04-19 16:15:00,6,La Liga,30,Barcelona,25,Celta Vigo,30,Barcelona,1,Lamine Yamal_19_B,59.0,,trailing,,39,0.00308054,0.000554778,0.0,0.0,7670
28019,2025-04-19 16:15:00,6,La Liga,30,Barcelona,25,Celta Vigo,30,Barcelona,1,Pablo Torre_14_B,,,,,0,0.000269459,-0.000418288,0.0,0.0,690
28019,2025-04-19 16:15:00,6,La Liga,30,Barcelona,25,Celta Vigo,30,Barcelona,1,Pau Cubarsí_2_B,,87.0,,level,87,0.000489738,0.000689197,0.0,0.0,6208
28019,2025-04-19 16:15:00,6,La Liga,30,Barcelona,25,Celta Vigo,30,Barcelona,1,Pau Victor_18_B,88.0,,level,,10,0.00344954,-0.00023187,0.0,0.013,524
28019,2025-04-19 16:15:00,6,La Liga,30,Barcelona,25,Celta Vigo,30,Barcelona,1,Pedri_8_B,,,,,98,-0.000452767,-0.000759786,0.736,1.0,7907
28019,2025-04-19 16:15:00,6,La Liga,30,Barcelona,25,Celta Vigo,30,Barcelona,1,Raphinha_11_B,,,,,98,0.00131215,0.000402672,0.736,1.0,8931
28019,2025-04-19 16:15:00,6,La Liga,30,Barcelona,25,Celta Vigo,30,Barcelona,1,Robert Lewandowski_9_B,,78.0,,level,78,-0.00130583,0.000914094,0.564,0.999,10145
28019,2025-04-19 16:15:00,6,La Liga,30,Barcelona,25,Celta Vigo,30,Barcelona,1,Ronald Araújo_4_B,,,,,0,0.00016609,0.000959492,0.736,1.0,6661
28019,2025-04-19 16:15:00,6,La Liga,30,Barcelona,25,Celta Vigo,30,Barcelona,1,Wojciech Szczęsny_25_B,,,,,98,0.000657671,0.000653952,0.0,0.0,2653
28025,2025-04-20 21:00:00,6,La Liga,31,Real Madrid,33,Athletic Club,31,Real Madrid,1,Andriy Lunin_13_RM,,,,,0,0.00135314,0.00113184,0.0,0.0,4637
28025,2025-04-20 21:00:00,6,La Liga,31,Real Madrid,33,Athletic Club,31,Real Madrid,1,Antonio Rüdiger_22_RM,,,,,93,0.00101494,0.000618977,0.0,0.0,10666
28025,2025-04-20 21:00:00,6,La Liga,31,Real Madrid,33,Athletic Club,31,Real Madrid,1,Arda Güler_15_RM,78.0,,level,,15,7.01941e-05,-0.000836821,0.211,0.452,2380
28025,2025-04-20 21:00:00,6,La Liga,31,Real Madrid,33,Athletic Club,31,Real Madrid,1,Aurélien Tchouaméni_14_RM,,,,,93,-0.000603586,0.00091019,0.264,0.565,8572
28025,2025-04-20 21:00:00,6,La Liga,31,Real Madrid,33,Athletic Club,31,Real Madrid,1,Brahim Díaz_21_RM,78.0,,level,,15,0.00321062,-0.000354507,0.082,0.176,4411
28025,2025-04-20 21:00:00,6,La Liga,31,Real Madrid,33,Athletic Club,31,Real Madrid,1,Dani Ceballos_19_RM,,58.0,,level,58,0.0010414,0.00086943,0.0,0.0,4606
28025,2025-04-20 21:00:00,6,La Liga,31,Real Madrid,33,Athletic Club,31,Real Madrid,1,David Alaba_4_RM,,,,,0,0.000547684,0.000271426,0.0,0.0,3366
28025,2025-04-20 21:00:00,6,La Liga,31,Real Madrid,33,Athletic Club,31,Real Madrid,1,Eduardo Camavinga_6_RM,,,,,93,0.000527662,0.000882211,0.0,0.0,7525
28025,2025-04-20 21:00:00,6,La Liga,31,Real Madrid,33,Athletic Club,31,Real Madrid,1,Endrick_16_RM,58.0,,level,,35,0.00034253,0.000427653,0.0,0.0,935
28025,2025-04-20 21:00:00,6,La Liga,31,Real Madrid,33,Athletic Club,31,Real Madrid,1,Federico Valverde_8_RM,,,,,93,0.00109636,0.00134977,0.264,0.565,11707
28025,2025-04-20 21:00:00,6,La Liga,31,Real Madrid,33,Athletic Club,31,Real Madrid,1,Fran Garcia_20_RM,,,,,0,0.00151615,4.55278e-05,0.0,0.0,4807
28025,2025-04-20 21:00:00,6,La Liga,31,Real Madrid,33,Athletic Club,31,Real Madrid,1,Fran_26_RM,,,,,0,0.000589259,3.17888e-05,0.0,0.0,101
28025,2025-04-20 21:00:00,6,La Liga,31,Real Madrid,33,Athletic Club,31,Real Madrid,1,Jesús Vallejo_18_RM,,,,,0,-0.000301268,0.000142833,0.0,0.0,215
28025,2025-04-20 21:00:00,6,La Liga,31,Real Madrid,33,Athletic Club,31,Real Madrid,1,Jude Bellingham_5_RM,,,,,93,0.00112068,-0.000274762,0.0,0.0,7793
28025,2025-04-20 21:00:00,6,La Liga,31,Real Madrid,33,Athletic Club,31,Real Madrid,1,Lucas Vázquez_17_RM,83.0,,level,,10,0.00132007,-0.000853061,0.0,0.0,6072
28025,2025-04-20 21:00:00,6,La Liga,31,Real Madrid,33,Athletic Club,31,Real Madrid,1,Luka Modrić_10_RM,,78.0,,level,78,0.00146142,0.000547068,0.0,0.0,6907
28025,2025-04-20 21:00:00,6,La Liga,31,Real Madrid,33,Athletic Club,31,Real Madrid,1,Raúl Asencio_35_RM,,83.0,,level,83,0.00142608,0.000223416,0.0,0.0,3080
28025,2025-04-20 21:00:00,6,La Liga,31,Real Madrid,33,Athletic Club,31,Real Madrid,1,Rodrygo_11_RM,,78.0,,level,78,0.000204649,0.000315861,0.182,0.389,9181
28025,2025-04-20 21:00:00,6,La Liga,31,Real Madrid,33,Athletic Club,31,Real Madrid,1,Thibaut Courtois_1_RM,,,,,93,0.000111719,-0.000758962,0.264,0.565,7657
28025,2025-04-20 21:00:00,6,La Liga,31,Real Madrid,33,Athletic Club,31,Real Madrid,1,Vinicius Júnior_7_RM,,,,,93,-0.00186706,0.000820191,0.082,0.176,9694
28028,2025-04-22 21:30:00,6,La Liga,30,Barcelona,201,Mallorca,30,Barcelona,1,Andreas Christensen_15_B,,,,,0,-0.000657376,0.000304607,0.172,0.304,4789
28028,2025-04-22 21:30:00,6,La Liga,30,Barcelona,201,Mallorca,30,Barcelona,1,Ansu Fati_10_B,,62.0,,leading,62,-0.000152001,0.000578713,0.0,0.0,1536
28028,2025-04-22 21:30:00,6,La Liga,30,Barcelona,201,Mallorca,30,Barcelona,1,Dani Olmo_20_B,,62.0,,leading,62,0.0012088,0.000304766,0.074,0.13,1994
28028,2025-04-22 21:30:00,6,La Liga,30,Barcelona,201,Mallorca,30,Barcelona,1,Eric García_24_B,,,,,92,0.00269696,0.00108346,0.082,0.145,3325
28028,2025-04-22 21:30:00,6,La Liga,30,Barcelona,201,Mallorca,30,Barcelona,1,Fermin López_16_B,62.0,,leading,,30,-0.000980475,6.51575e-05,0.728,1.0,4228
28028,2025-04-22 21:30:00,6,La Liga,30,Barcelona,201,Mallorca,30,Barcelona,1,Ferrán Torres_7_B,,77.0,,leading,77,0.000824349,-0.000703702,0.18,0.318,5186
28028,2025-04-22 21:30:00,6,La Liga,30,Barcelona,201,Mallorca,30,Barcelona,1,Frenkie de Jong_21_B,86.0,,leading,,6,0.00304554,-0.000291865,0.736,1.0,7300
28028,2025-04-22 21:30:00,6,La Liga,30,Barcelona,201,Mallorca,30,Barcelona,1,Gavi_6_B,,,,,92,0.00196965,0.00152903,0.0,0.0,5150
28028,2025-04-22 21:30:00,6,La Liga,30,Barcelona,201,Mallorca,30,Barcelona,1,Gerard Martín_35_B,77.0,,leading,,15,0.000994252,0.000286335,0.0,0.0,1872
28028,2025-04-22 21:30:00,6,La Liga,30,Barcelona,201,Mallorca,30,Barcelona,1,Héctor Fort_32_B,,77.0,,leading,77,-0.000463914,-0.000603466,0.0,0.0,1296
28028,2025-04-22 21:30:00,6,La Liga,30,Barcelona,201,Mallorca,30,Barcelona,1,Iñaki Peña_13_B,,,,,0,0.001789,-0.000771425,0.0,0.0,3754
28028,2025-04-22 21:30:00,6,La Liga,30,Barcelona,201,Mallorca,30,Barcelona,1,Iñigo Martínez_5_B,,,,,92,0.00172975,0.000118759,0.0,0.0,5736
28028,2025-04-22 21:30:00,6,La Liga,30,Barcelona,201,Mallorca,30,Barcelona,1,Jules Koundé_23_B,,,,,0,0.00223783,0.00075356,0.736,1.0,11254
28028,2025-04-22 21:30:00,6,La Liga,30,Barcelona,201,Mallorca,30,Barcelona,1,Lamine Yamal_19_B,,86.0,,leading,86,0.00308054,0.000554778,0.0,0.0,7670
28028,2025-04-22 21:30:00,6,La Liga,30,Barcelona,201,Mallorca,30,Barcelona,1,Pablo Torre_14_B,,,,,0,0.000269459,-0.000418288,0.0,0.0,690
28028,2025-04-22 21:30:00,6,La Liga,30,Barcelona,201,Mallorca,30,Barcelona,1,Pau Cubarsí_2_B,,,,,0,0.000489738,0.000689197,0.0,0.0,6208
28028,2025-04-22 21:30:00,6,La Liga,30,Barcelona,201,Mallorca,30,Barcelona,1,Pau Victor_18_B,77.0,,leading,,15,0.00344954,-0.00023187,0.0,0.013,524
28028,2025-04-22 21:30:00,6,La Liga,30,Barcelona,201,Mallorca,30,Barcelona,1,Pedri_8_B,,,,,92,-0.000452767,-0.000759786,0.736,1.0,7907
28028,2025-04-22 21:30:00,6,La Liga,30,Barcelona,201,Mallorca,30,Barcelona,1,Raphinha_11_B,62.0,,leading,,30,0.00131215,0.000402672,0.736,1.0,8931
28028,2025-04-22 21:30:00,6,La Liga,30,Barcelona,201,Mallorca,30,Barcelona,1,Ronald Araújo_4_B,,,,,92,0.00016609,0.000959492,0.736,1.0,6661
28028,2025-04-22 21:30:00,6,La Liga,30,Barcelona,201,Mallorca,30,Barcelona,1,Wojciech Szczęsny_25_B,,,,,92,0.000657671,0.000653952,0.0,0.0,2653
28032,2025-04-23 21:30:00,6,La Liga,24,Getafe,31,Real Madrid,31,Real Madrid,0,Andriy Lunin_13_RM,,,,,0,0.00135314,0.00113184,0.0,0.0,4637
28032,2025-04-23 21:30:00,6,La Liga,24,Getafe,31,Real Madrid,31,Real Madrid,0,Antonio Rüdiger_22_RM,,,,,0,0.00101494,0.000618977,0.0,0.0,10666
28032,2025-04-23 21:30:00,6,La Liga,24,Getafe,31,Real Madrid,31,Real Madrid,0,Arda Güler_15_RM,,78.0,,leading,78,7.01941e-05,-0.000836821,0.211,0.452,2380
28032,2025-04-23 21:30:00,6,La Liga,24,Getafe,31,Real Madrid,31,Real Madrid,0,Aurélien Tchouaméni_14_RM,,,,,97,-0.000603586,0.00091019,0.264,0.565,8572
28032,2025-04-23 21:30:00,6,La Liga,24,Getafe,31,Real Madrid,31,Real Madrid,0,Brahim Díaz_21_RM,,,,,97,0.00321062,-0.000354507,0.082,0.176,4411
28032,2025-04-23 21:30:00,6,La Liga,24,Getafe,31,Real Madrid,31,Real Madrid,0,Dani Ceballos_19_RM,78.0,,leading,,19,0.0010414,0.00086943,0.0,0.0,4606
28032,2025-04-23 21:30:00,6,La Liga,24,Getafe,31,Real Madrid,31,Real Madrid,0,David Alaba_4_RM,,46.0,,leading,46,0.000547684,0.000271426,0.0,0.0,3366
28032,2025-04-23 21:30:00,6,La Liga,24,Getafe,31,Real Madrid,31,Real Madrid,0,Eduardo Camavinga_6_RM,46.0,,leading,,51,0.000527662,0.000882211,0.0,0.0,7525
28032,2025-04-23 21:30:00,6,La Liga,24,Getafe,31,Real Madrid,31,Real Madrid,0,Endrick_16_RM,,64.0,,leading,64,0.00034253,0.000427653,0.0,0.0,935
28032,2025-04-23 21:30:00,6,La Liga,24,Getafe,31,Real Madrid,31,Real Madrid,0,Federico Valverde_8_RM,,,,,97,0.00109636,0.00134977,0.264,0.565,11707
28032,2025-04-23 21:30:00,6,La Liga,24,Getafe,31,Real Madrid,31,Real Madrid,0,Fran Garcia_20_RM,,,,,97,0.00151615,4.55278e-05,0.0,0.0,4807
28032,2025-04-23 21:30:00,6,La Liga,24,Getafe,31,Real Madrid,31,Real Madrid,0,Fran_26_RM,,,,,0,0.000589259,3.17888e-05,0.0,0.0,101
28032,2025-04-23 21:30:00,6,La Liga,24,Getafe,31,Real Madrid,31,Real Madrid,0,Gonzalo García_30_RM,,,,,0,-5.36235e-05,0.000482841,0.0,0.0,94
28032,2025-04-23 21:30:00,6,La Liga,24,Getafe,31,Real Madrid,31,Real Madrid,0,Jesús Vallejo_18_RM,,,,,0,-0.000301268,0.000142833,0.0,0.0,215
28032,2025-04-23 21:30:00,6,La Liga,24,Getafe,31,Real Madrid,31,Real Madrid,0,Jude Bellingham_5_RM,64.0,,leading,,33,0.00112068,-0.000274762,0.0,0.0,7793
28032,2025-04-23 21:30:00,6,La Liga,24,Getafe,31,Real Madrid,31,Real Madrid,0,Lucas Vázquez_17_RM,,,,,97,0.00132007,-0.000853061,0.0,0.0,6072
28032,2025-04-23 21:30:00,6,La Liga,24,Getafe,31,Real Madrid,31,Real Madrid,0,Luka Modrić_10_RM,,,,,0,0.00146142,0.000547068,0.0,0.0,6907
28032,2025-04-23 21:30:00,6,La Liga,24,Getafe,31,Real Madrid,31,Real Madrid,0,Raúl Asencio_35_RM,,,,,97,0.00142608,0.000223416,0.0,0.0,3080
28032,2025-04-23 21:30:00,6,La Liga,24,Getafe,31,Real Madrid,31,Real Madrid,0,Rodrygo_11_RM,73.0,,leading,,24,0.000204649,0.000315861,0.182,0.389,9181
28032,2025-04-23 21:30:00,6,La Liga,24,Getafe,31,Real Madrid,31,Real Madrid,0,Thibaut Courtois_1_RM,,,,,97,0.000111719,-0.000758962,0.264,0.565,7657
28032,2025-04-23 21:30:00,6,La Liga,24,Getafe,31,Real Madrid,31,Real Madrid,0,Vinicius Júnior_7_RM,,73.0,,leading,73,-0.00186706,0.000820191,0.082,0.176,9694
33696,2025-04-26 22:00:00,17,Copa del Rey,30,Barcelona,31,Real Madrid,30,Barcelona,1,Andreas Christensen_15_B,,,,,0,-0.000657376,0.000304607,0.172,0.304,4789
33696,2025-04-26 22:00:00,17,Copa del Rey,30,Barcelona,31,Real Madrid,30,Barcelona,1,Ansu Fati_10_B,,,,,0,-0.000152001,0.000578713,0.0,0.0,1536
33696,2025-04-26 22:00:00,17,Copa del Rey,30,Barcelona,31,Real Madrid,30,Barcelona,1,Dani Olmo_20_B,,,,,64,0.0012088,0.000304766,0.074,0.13,1994
33696,2025-04-26 22:00:00,17,Copa del Rey,30,Barcelona,31,Real Madrid,30,Barcelona,1,Eric García_24_B,,,,,23,0.00269696,0.00108346,0.082,0.145,3325
33696,2025-04-26 22:00:00,17,Copa del Rey,30,Barcelona,31,Real Madrid,30,Barcelona,1,Fermin López_16_B,,,,,56,-0.000980475,6.51575e-05,0.728,1.0,4228
33696,2025-04-26 22:00:00,17,Copa del Rey,30,Barcelona,31,Real Madrid,30,Barcelona,1,Ferrán Torres_7_B,,,,,114,0.000824349,-0.000703702,0.18,0.318,5186
33696,2025-04-26 22:00:00,17,Copa del Rey,30,Barcelona,31,Real Madrid,30,Barcelona,1,Frenkie de Jong_21_B,,,,,84,0.00304554,-0.000291865,0.736,1.0,7300
33696,2025-04-26 22:00:00,17,Copa del Rey,30,Barcelona,31,Real Madrid,30,Barcelona,1,Gavi_6_B,,,,,36,0.00196965,0.00152903,0.0,0.0,5150
33696,2025-04-26 22:00:00,17,Copa del Rey,30,Barcelona,31,Real Madrid,30,Barcelona,1,Gerard Martín_35_B,,,,,84,0.000994252,0.000286335,0.0,0.0,1872
33696,2025-04-26 22:00:00,17,Copa del Rey,30,Barcelona,31,Real Madrid,30,Barcelona,1,Héctor Fort_32_B,,,,,0,-0.000463914,-0.000603466,0.0,0.0,1296
33696,2025-04-26 22:00:00,17,Copa del Rey,30,Barcelona,31,Real Madrid,30,Barcelona,1,Iñaki Peña_13_B,,,,,0,0.001789,-0.000771425,0.0,0.0,3754
33696,2025-04-26 22:00:00,17,Copa del Rey,30,Barcelona,31,Real Madrid,30,Barcelona,1,Iñigo Martínez_5_B,,,,,120,0.00172975,0.000118759,0.0,0.0,5736
33696,2025-04-26 22:00:00,17,Copa del Rey,30,Barcelona,31,Real Madrid,30,Barcelona,1,Jules Koundé_23_B,,,,,120,0.00223783,0.00075356,0.736,1.0,11254
33696,2025-04-26 22:00:00,17,Copa del Rey,30,Barcelona,31,Real Madrid,30,Barcelona,1,Lamine Yamal_19_B,,,,,120,0.00308054,0.000554778,0.0,0.0,7670
33696,2025-04-26 22:00:00,17,Copa del Rey,30,Barcelona,31,Real Madrid,30,Barcelona,1,Marc-André ter Stegen_1_B,,,,,0,-0.000183835,0.000794651,0.0,0.0,6921
33696,2025-04-26 22:00:00,17,Copa del Rey,30,Barcelona,31,Real Madrid,30,Barcelona,1,Pablo Torre_14_B,,,,,0,0.000269459,-0.000418288,0.0,0.0,690
33696,2025-04-26 22:00:00,17,Copa del Rey,30,Barcelona,31,Real Madrid,30,Barcelona,1,Pau Cubarsí_2_B,,,,,120,0.000489738,0.000689197,0.0,0.0,6208
33696,2025-04-26 22:00:00,17,Copa del Rey,30,Barcelona,31,Real Madrid,30,Barcelona,1,Pau Victor_18_B,,,,,6,0.00344954,-0.00023187,0.0,0.013,524
33696,2025-04-26 22:00:00,17,Copa del Rey,30,Barcelona,31,Real Madrid,30,Barcelona,1,Pedri_8_B,,,,,97,-0.000452767,-0.000759786,0.736,1.0,7907
33696,2025-04-26 22:00:00,17,Copa del Rey,30,Barcelona,31,Real Madrid,30,Barcelona,1,Raphinha_11_B,,,,,120,0.00131215,0.000402672,0.736,1.0,8931
33696,2025-04-26 22:00:00,17,Copa del Rey,30,Barcelona,31,Real Madrid,30,Barcelona,1,Ronald Araújo_4_B,,,,,36,0.00016609,0.000959492,0.736,1.0,6661
33696,2025-04-26 22:00:00,17,Copa del Rey,30,Barcelona,31,Real Madrid,30,Barcelona,1,Wojciech Szczęsny_25_B,,,,,120,0.000657671,0.000653952,0.0,0.0,2653
33696,2025-04-26 22:00:00,17,Copa del Rey,30,Barcelona,31,Real Madrid,31,Real Madrid,0,Andriy Lunin_13_RM,,,,,0,0.00135314,0.00113184,0.0,0.0,4637
33696,2025-04-26 22:00:00,17,Copa del Rey,30,Barcelona,31,Real Madrid,31,Real Madrid,0,Antonio Rüdiger_22_RM,,,,,110,0.00101494,0.000618977,0.0,0.0,10666
33696,2025-04-26 22:00:00,17,Copa del Rey,30,Barcelona,31,Real Madrid,31,Real Madrid,0,Arda Güler_15_RM,,,,,66,7.01941e-05,-0.000836821,0.211,0.452,2380
33696,2025-04-26 22:00:00,17,Copa del Rey,30,Barcelona,31,Real Madrid,31,Real Madrid,0,Aurélien Tchouaméni_14_RM,,,,,120,-0.000603586,0.00091019,0.264,0.565,8572
33696,2025-04-26 22:00:00,17,Copa del Rey,30,Barcelona,31,Real Madrid,31,Real Madrid,0,Brahim Díaz_21_RM,,,,,32,0.00321062,-0.000354507,0.082,0.176,4411
33696,2025-04-26 22:00:00,17,Copa del Rey,30,Barcelona,31,Real Madrid,31,Real Madrid,0,Dani Ceballos_19_RM,,,,,54,0.0010414,0.00086943,0.0,0.0,4606
33696,2025-04-26 22:00:00,17,Copa del Rey,30,Barcelona,31,Real Madrid,31,Real Madrid,0,David Alaba_4_RM,,,,,0,0.000547684,0.000271426,0.0,0.0,3366
33696,2025-04-26 22:00:00,17,Copa del Rey,30,Barcelona,31,Real Madrid,31,Real Madrid,0,Endrick_16_RM,,,,,10,0.00034253,0.000427653,0.0,0.0,935
33696,2025-04-26 22:00:00,17,Copa del Rey,30,Barcelona,31,Real Madrid,31,Real Madrid,0,Federico Valverde_8_RM,,,,,120,0.00109636,0.00134977,0.264,0.565,11707
33696,2025-04-26 22:00:00,17,Copa del Rey,30,Barcelona,31,Real Madrid,31,Real Madrid,0,Ferland Mendy_23_RM,,,,,10,-0.00165897,0.000241543,0.0,0.0,5435
33696,2025-04-26 22:00:00,17,Copa del Rey,30,Barcelona,31,Real Madrid,31,Real Madrid,0,Fran Garcia_20_RM,,,,,110,0.00151615,4.55278e-05,0.0,0.0,4807
33696,2025-04-26 22:00:00,17,Copa del Rey,30,Barcelona,31,Real Madrid,31,Real Madrid,0,Fran_26_RM,,,,,0,0.000589259,3.17888e-05,0.0,0.0,101
33696,2025-04-26 22:00:00,17,Copa del Rey,30,Barcelona,31,Real Madrid,31,Real Madrid,0,Jesús Vallejo_18_RM,,,,,0,-0.000301268,0.000142833,0.0,0.0,215
33696,2025-04-26 22:00:00,17,Copa del Rey,30,Barcelona,31,Real Madrid,31,Real Madrid,0,Jude Bellingham_5_RM,,,,,119,0.00112068,-0.000274762,0.0,0.0,7793
33696,2025-04-26 22:00:00,17,Copa del Rey,30,Barcelona,31,Real Madrid,31,Real Madrid,0,Kylian Mbappé_9_RM,,,,,75,0.00303121,2.59154e-05,0.0,0.0,4484
33696,2025-04-26 22:00:00,17,Copa del Rey,30,Barcelona,31,Real Madrid,31,Real Madrid,0,Lucas Vázquez_17_RM,,,,,54,0.00132007,-0.000853061,0.0,0.0,6072
33696,2025-04-26 22:00:00,17,Copa del Rey,30,Barcelona,31,Real Madrid,31,Real Madrid,0,Luka Modrić_10_RM,,,,,66,0.00146142,0.000547068,0.0,0.0,6907
33696,2025-04-26 22:00:00,17,Copa del Rey,30,Barcelona,31,Real Madrid,31,Real Madrid,0,Raúl Asencio_35_RM,,,,,120,0.00142608,0.000223416,0.0,0.0,3080
33696,2025-04-26 22:00:00,17,Copa del Rey,30,Barcelona,31,Real Madrid,31,Real Madrid,0,Rodrygo_11_RM,,,,,45,0.000204649,0.000315861,0.182,0.389,9181
33696,2025-04-26 22:00:00,17,Copa del Rey,30,Barcelona,31,Real Madrid,31,Real Madrid,0,Thibaut Courtois_1_RM,,,,,120,0.000111719,-0.000758962,0.264,0.565,7657
33696,2025-04-26 22:00:00,17,Copa del Rey,30,Barcelona,31,Real Madrid,31,Real Madrid,0,Vinicius Júnior_7_RM,,,,,88,-0.00186706,0.000820191,0.082,0.176,9694
31773,2025-04-30 21:00:00,13,Champions League,30,Barcelona,68,Inter,30,Barcelona,1,Andreas Christensen_15_B,,,,,8,-0.000657376,0.000304607,0.172,0.304,4789
31773,2025-04-30 21:00:00,13,Champions League,30,Barcelona,68,Inter,30,Barcelona,1,Ansu Fati_10_B,,,,,0,-0.000152001,0.000578713,0.0,0.0,1536
31773,2025-04-30 21:00:00,13,Champions League,30,Barcelona,68,Inter,30,Barcelona,1,Dani Olmo_20_B,,,,,67,0.0012088,0.000304766,0.074,0.13,1994
31773,2025-04-30 21:00:00,13,Champions League,30,Barcelona,68,Inter,30,Barcelona,1,Eric García_24_B,,,,,49,0.00269696,0.00108346,0.082,0.145,3325
31773,2025-04-30 21:00:00,13,Champions League,30,Barcelona,68,Inter,30,Barcelona,1,Fermin López_16_B,,,,,23,-0.000980475,6.51575e-05,0.728,1.0,4228
31773,2025-04-30 21:00:00,13,Champions League,30,Barcelona,68,Inter,30,Barcelona,1,Ferrán Torres_7_B,,,,,90,0.000824349,-0.000703702,0.18,0.318,5186
31773,2025-04-30 21:00:00,13,Champions League,30,Barcelona,68,Inter,30,Barcelona,1,Frenkie de Jong_21_B,,,,,90,0.00304554,-0.000291865,0.736,1.0,7300
31773,2025-04-30 21:00:00,13,Champions League,30,Barcelona,68,Inter,30,Barcelona,1,Gavi_6_B,,,,,8,0.00196965,0.00152903,0.0,0.0,5150
31773,2025-04-30 21:00:00,13,Champions League,30,Barcelona,68,Inter,30,Barcelona,1,Gerard Martín_35_B,,,,,45,0.000994252,0.000286335,0.0,0.0,1872
31773,2025-04-30 21:00:00,13,Champions League,30,Barcelona,68,Inter,30,Barcelona,1,Héctor Fort_32_B,,,,,0,-0.000463914,-0.000603466,0.0,0.0,1296
31773,2025-04-30 21:00:00,13,Champions League,30,Barcelona,68,Inter,30,Barcelona,1,Iñaki Peña_13_B,,,,,0,0.001789,-0.000771425,0.0,0.0,3754
31773,2025-04-30 21:00:00,13,Champions League,30,Barcelona,68,Inter,30,Barcelona,1,Iñigo Martínez_5_B,,,,,90,0.00172975,0.000118759,0.0,0.0,5736
31773,2025-04-30 21:00:00,13,Champions League,30,Barcelona,68,Inter,30,Barcelona,1,Jules Koundé_23_B,,,,,41,0.00223783,0.00075356,0.736,1.0,11254
31773,2025-04-30 21:00:00,13,Champions League,30,Barcelona,68,Inter,30,Barcelona,1,Lamine Yamal_19_B,,,,,90,0.00308054,0.000554778,0.0,0.0,7670
31773,2025-04-30 21:00:00,13,Champions League,30,Barcelona,68,Inter,30,Barcelona,1,Pablo Torre_14_B,,,,,0,0.000269459,-0.000418288,0.0,0.0,690
31773,2025-04-30 21:00:00,13,Champions League,30,Barcelona,68,Inter,30,Barcelona,1,Pau Cubarsí_2_B,,,,,82,0.000489738,0.000689197,0.0,0.0,6208
31773,2025-04-30 21:00:00,13,Champions League,30,Barcelona,68,Inter,30,Barcelona,1,Pau Victor_18_B,,,,,0,0.00344954,-0.00023187,0.0,0.013,524
31773,2025-04-30 21:00:00,13,Champions League,30,Barcelona,68,Inter,30,Barcelona,1,Pedri_8_B,,,,,82,-0.000452767,-0.000759786,0.736,1.0,7907
31773,2025-04-30 21:00:00,13,Champions League,30,Barcelona,68,Inter,30,Barcelona,1,Raphinha_11_B,,,,,90,0.00131215,0.000402672,0.736,1.0,8931
31773,2025-04-30 21:00:00,13,Champions League,30,Barcelona,68,Inter,30,Barcelona,1,Ronald Araújo_4_B,,,,,45,0.00016609,0.000959492,0.736,1.0,6661
31773,2025-04-30 21:00:00,13,Champions League,30,Barcelona,68,Inter,30,Barcelona,1,Wojciech Szczęsny_25_B,,,,,90,0.000657671,0.000653952,0.0,0.0,2653
28042,2025-05-03 21:00:00,6,La Liga,668,Equipo histórico 668,30,Barcelona,30,Barcelona,0,Andreas Christensen_15_B,,,,,99,-0.000657376,0.000304607,0.172,0.304,4789
28042,2025-05-03 21:00:00,6,La Liga,668,Equipo histórico 668,30,Barcelona,30,Barcelona,0,Ansu Fati_10_B,,49.0,,trailing,49,-0.000152001,0.000578713,0.0,0.0,1536
28042,2025-05-03 21:00:00,6,La Liga,668,Equipo histórico 668,30,Barcelona,30,Barcelona,0,Dani Olmo_20_B,65.0,,leading,,34,0.0012088,0.000304766,0.074,0.13,1994
28042,2025-05-03 21:00:00,6,La Liga,668,Equipo histórico 668,30,Barcelona,30,Barcelona,0,Daniel Rodriguez_46_B,,38.0,,trailing,38,-0.00018673,7.90082e-05,0.0,0.0,38
28042,2025-05-03 21:00:00,6,La Liga,668,Equipo histórico 668,30,Barcelona,30,Barcelona,0,Eric García_24_B,82.0,,leading,,17,0.00269696,0.00108346,0.082,0.145,3325
28042,2025-05-03 21:00:00,6,La Liga,668,Equipo histórico 668,30,Barcelona,30,Barcelona,0,Fermin López_16_B,,,,,99,-0.000980475,6.51575e-05,0.728,1.0,4228
28042,2025-05-03 21:00:00,6,La Liga,668,Equipo histórico 668,30,Barcelona,30,Barcelona,0,Ferrán Torres_7_B,,,,,0,0.000824349,-0.000703702,0.18,0.318,5186
28042,2025-05-03 21:00:00,6,La Liga,668,Equipo histórico 668,30,Barcelona,30,Barcelona,0,Frenkie de Jong_21_B,49.0,,trailing,,50,0.00304554,-0.000291865,0.736,1.0,7300
28042,2025-05-03 21:00:00,6,La Liga,668,Equipo histórico 668,30,Barcelona,30,Barcelona,0,Gavi_6_B,,82.0,,leading,82,0.00196965,0.00152903,0.0,0.0,5150
28042,2025-05-03 21:00:00,6,La Liga,668,Equipo histórico 668,30,Barcelona,30,Barcelona,0,Gerard Martín_35_B,,,,,99,0.000994252,0.000286335,0.0,0.0,1872
28042,2025-05-03 21:00:00,6,La Liga,668,Equipo histórico 668,30,Barcelona,30,Barcelona,0,Héctor Fort_32_B,,,,,99,-0.000463914,-0.000603466,0.0,0.0,1296
28042,2025-05-03 21:00:00,6,La Liga,668,Equipo histórico 668,30,Barcelona,30,Barcelona,0,Iñaki Peña_13_B,,,,,0,0.001789,-0.000771425,0.0,0.0,3754
28042,2025-05-03 21:00:00,6,La Liga,668,Equipo histórico 668,30,Barcelona,30,Barcelona,0,Iñigo Martínez_5_B,,,,,0,0.00172975,0.000118759,0.0,0.0,5736
28042,2025-05-03 21:00:00,6,La Liga,668,Equipo histórico 668,30,Barcelona,30,Barcelona,0,Lamine Yamal_19_B,38.0,,trailing,,61,0.00308054,0.000554778,0.0,0.0,7670
28042,2025-05-03 21:00:00,6,La Liga,668,Equipo histórico 668,30,Barcelona,30,Barcelona,0,Marc-André ter Stegen_1_B,,,,,99,-0.000183835,0.000794651,0.0,0.0,6921
28042,2025-05-03 21:00:00,6,La Liga,668,Equipo histórico 668,30,Barcelona,30,Barcelona,0,Pau Cubarsí_2_B,,,,,0,0.000489738,0.000689197,0.0,0.0,6208
28042,2025-05-03 21:00:00,6,La Liga,668,Equipo histórico 668,30,Barcelona,30,Barcelona,0,Pau Victor_18_B,,65.0,,leading,65,0.00344954,-0.00023187,0.0,0.013,524
28042,2025-05-03 21:00:00,6,La Liga,668,Equipo histórico 668,30,Barcelona,30,Barcelona,0,Pedri_8_B,,49.0,,trailing,49,-0.000452767,-0.000759786,0.736,1.0,7907
28042,2025-05-03 21:00:00,6,La Liga,668,Equipo histórico 668,30,Barcelona,30,Barcelona,0,Raphinha_11_B,49.0,,trailing,,50,0.00131215,0.000402672,0.736,1.0,8931
28042,2025-05-03 21:00:00,6,La Liga,668,Equipo histórico 668,30,Barcelona,30,Barcelona,0,Ronald Araújo_4_B,,,,,99,0.00016609,0.000959492,0.736,1.0,6661
28042,2025-05-03 21:00:00,6,La Liga,668,Equipo histórico 668,30,Barcelona,30,Barcelona,0,Wojciech Szczęsny_25_B,,,,,0,0.000657671,0.000653952,0.0,0.0,2653
28043,2025-05-04 14:00:00,6,La Liga,31,Real Madrid,25,Celta Vigo,31,Real Madrid,1,Andriy Lunin_13_RM,,,,,0,0.00135314,0.00113184,0.0,0.0,4637
28043,2025-05-04 14:00:00,6,La Liga,31,Real Madrid,25,Celta Vigo,31,Real Madrid,1,Arda Güler_15_RM,,83.0,,leading,83,7.01941e-05,-0.000836821,0.211,0.452,2380
28043,2025-05-04 14:00:00,6,La Liga,31,Real Madrid,25,Celta Vigo,31,Real Madrid,1,Aurélien Tchouaméni_14_RM,,,,,95,-0.000603586,0.00091019,0.264,0.565,8572
28043,2025-05-04 14:00:00,6,La Liga,31,Real Madrid,25,Celta Vigo,31,Real Madrid,1,Brahim Díaz_21_RM,83.0,,leading,,12,0.00321062,-0.000354507,0.082,0.176,4411
28043,2025-05-04 14:00:00,6,La Liga,31,Real Madrid,25,Celta Vigo,31,Real Madrid,1,Dani Ceballos_19_RM,,74.0,,leading,74,0.0010414,0.00086943,0.0,0.0,4606
28043,2025-05-04 14:00:00,6,La Liga,31,Real Madrid,25,Celta Vigo,31,Real Madrid,1,Endrick_16_RM,,,,,0,0.00034253,0.000427653,0.0,0.0,935
28043,2025-05-04 14:00:00,6,La Liga,31,Real Madrid,25,Celta Vigo,31,Real Madrid,1,Federico Valverde_8_RM,,,,,95,0.00109636,0.00134977,0.264,0.565,11707
28043,2025-05-04 14:00:00,6,La Liga,31,Real Madrid,25,Celta Vigo,31,Real Madrid,1,Fran Garcia_20_RM,,,,,95,0.00151615,4.55278e-05,0.0,0.0,4807
28043,2025-05-04 14:00:00,6,La Liga,31,Real Madrid,25,Celta Vigo,31,Real Madrid,1,Jacobo Ramón_31_RM,67.0,,leading,,28,-0.000368683,-0.000752092,0.0,0.0,322
28043,2025-05-04 14:00:00,6,La Liga,31,Real Madrid,25,Celta Vigo,31,Real Madrid,1,Jesús Vallejo_18_RM,,,,,0,-0.000301268,0.000142833,0.0,0.0,215
28043,2025-05-04 14:00:00,6,La Liga,31,Real Madrid,25,Celta Vigo,31,Real Madrid,1,Jude Bellingham_5_RM,,,,,95,0.00112068,-0.000274762,0.0,0.0,7793
28043,2025-05-04 14:00:00,6,La Liga,31,Real Madrid,25,Celta Vigo,31,Real Madrid,1,Kylian Mbappé_9_RM,,,,,95,0.00303121,2.59154e-05,0.0,0.0,4484
28043,2025-05-04 14:00:00,6,La Liga,31,Real Madrid,25,Celta Vigo,31,Real Madrid,1,Lucas Vázquez_17_RM,,,,,95,0.00132007,-0.000853061,0.0,0.0,6072
28043,2025-05-04 14:00:00,6,La Liga,31,Real Madrid,25,Celta Vigo,31,Real Madrid,1,Luka Modrić_10_RM,74.0,,leading,,21,0.00146142,0.000547068,0.0,0.0,6907
28043,2025-05-04 14:00:00,6,La Liga,31,Real Madrid,25,Celta Vigo,31,Real Madrid,1,Raúl Asencio_35_RM,,67.0,,leading,67,0.00142608,0.000223416,0.0,0.0,3080
28043,2025-05-04 14:00:00,6,La Liga,31,Real Madrid,25,Celta Vigo,31,Real Madrid,1,Thibaut Courtois_1_RM,,,,,95,0.000111719,-0.000758962,0.264,0.565,7657
28043,2025-05-04 14:00:00,6,La Liga,31,Real Madrid,25,Celta Vigo,31,Real Madrid,1,Vinicius Júnior_7_RM,,,,,95,-0.00186706,0.000820191,0.082,0.176,9694
31774,2025-05-06 21:00:00,13,Champions League,68,Inter,30,Barcelona,30,Barcelona,0,Andreas Christensen_15_B,,,,,0,-0.000657376,0.000304607,0.172,0.304,4789
31774,2025-05-06 21:00:00,13,Champions League,68,Inter,30,Barcelona,30,Barcelona,0,Ansu Fati_10_B,,,,,0,-0.000152001,0.000578713,0.0,0.0,1536
31774,2025-05-06 21:00:00,13,Champions League,68,Inter,30,Barcelona,30,Barcelona,0,Dani Olmo_20_B,,,,,82,0.0012088,0.000304766,0.074,0.13,1994
31774,2025-05-06 21:00:00,13,Champions League,68,Inter,30,Barcelona,30,Barcelona,0,Eric García_24_B,,,,,97,0.00269696,0.00108346,0.082,0.145,3325
31774,2025-05-06 21:00:00,13,Champions League,68,Inter,30,Barcelona,30,Barcelona,0,Fermin López_16_B,,,,,38,-0.000980475,6.51575e-05,0.728,1.0,4228
31774,2025-05-06 21:00:00,13,Champions League,68,Inter,30,Barcelona,30,Barcelona,0,Ferrán Torres_7_B,,,,,89,0.000824349,-0.000703702,0.18,0.318,5186
31774,2025-05-06 21:00:00,13,Champions League,68,Inter,30,Barcelona,30,Barcelona,0,Frenkie de Jong_21_B,,,,,120,0.00304554,-0.000291865,0.736,1.0,7300
31774,2025-05-06 21:00:00,13,Champions League,68,Inter,30,Barcelona,30,Barcelona,0,Gavi_6_B,,,,,16,0.00196965,0.00152903,0.0,0.0,5150
31774,2025-05-06 21:00:00,13,Champions League,68,Inter,30,Barcelona,30,Barcelona,0,Gerard Martín_35_B,,,,,120,0.000994252,0.000286335,0.0,0.0,1872
31774,2025-05-06 21:00:00,13,Champions League,68,Inter,30,Barcelona,30,Barcelona,0,Héctor Fort_32_B,,,,,23,-0.000463914,-0.000603466,0.0,0.0,1296
31774,2025-05-06 21:00:00,13,Champions League,68,Inter,30,Barcelona,30,Barcelona,0,Iñaki Peña_13_B,,,,,0,0.001789,-0.000771425,0.0,0.0,3754
31774,2025-05-06 21:00:00,13,Champions League,68,Inter,30,Barcelona,30,Barcelona,0,Iñigo Martínez_5_B,,,,,75,0.00172975,0.000118759,0.0,0.0,5736
31774,2025-05-06 21:00:00,13,Champions League,68,Inter,30,Barcelona,30,Barcelona,0,Lamine Yamal_19_B,,,,,120,0.00308054,0.000554778,0.0,0.0,7670
31774,2025-05-06 21:00:00,13,Champions League,68,Inter,30,Barcelona,30,Barcelona,0,Pau Cubarsí_2_B,,,,,104,0.000489738,0.000689197,0.0,0.0,6208
31774,2025-05-06 21:00:00,13,Champions League,68,Inter,30,Barcelona,30,Barcelona,0,Pau Victor_18_B,,,,,16,0.00344954,-0.00023187,0.0,0.013,524
31774,2025-05-06 21:00:00,13,Champions League,68,Inter,30,Barcelona,30,Barcelona,0,Pedri_8_B,,,,,104,-0.000452767,-0.000759786,0.736,1.0,7907
31774,2025-05-06 21:00:00,13,Champions League,68,Inter,30,Barcelona,30,Barcelona,0,Raphinha_11_B,,,,,120,0.00131215,0.000402672,0.736,1.0,8931
31774,2025-05-06 21:00:00,13,Champions League,68,Inter,30,Barcelona,30,Barcelona,0,Robert Lewandowski_9_B,,,,,31,-0.00130583,0.000914094,0.564,0.999,10145
31774,2025-05-06 21:00:00,13,Champions League,68,Inter,30,Barcelona,30,Barcelona,0,Ronald Araújo_4_B,,,,,45,0.00016609,0.000959492,0.736,1.0,6661
31774,2025-05-06 21:00:00,13,Champions League,68,Inter,30,Barcelona,30,Barcelona,0,Wojciech Szczęsny_25_B,,,,,120,0.000657671,0.000653952,0.0,0.0,2653
28055,2025-05-11 16:15:00,6,La Liga,30,Barcelona,31,Real Madrid,30,Barcelona,1,Alejandro Balde_3_B,57.0,,leading,,41,0.00209699,0.000618303,0.0,0.0,7371
28055,2025-05-11 16:15:00,6,La Liga,30,Barcelona,31,Real Madrid,30,Barcelona,1,Andreas Christensen_15_B,57.0,,leading,,41,-0.000657376,0.000304607,0.172,0.304,4789
28055,2025-05-11 16:15:00,6,La Liga,30,Barcelona,31,Real Madrid,30,Barcelona,1,Ansu Fati_10_B,,,,,0,-0.000152001,0.000578713,0.0,0.0,1536
28055,2025-05-11 16:15:00,6,La Liga,30,Barcelona,31,Real Madrid,30,Barcelona,1,Dani Olmo_20_B,,77.0,,leading,77,0.0012088,0.000304766,0.074,0.13,1994
28055,2025-05-11 16:15:00,6,La Liga,30,Barcelona,31,Real Madrid,30,Barcelona,1,Eric García_24_B,,78.0,,leading,78,0.00269696,0.00108346,0.082,0.145,3325
28055,2025-05-11 16:15:00,6,La Liga,30,Barcelona,31,Real Madrid,30,Barcelona,1,Fermin López_16_B,77.0,,leading,,21,-0.000980475,6.51575e-05,0.728,1.0,4228
28055,2025-05-11 16:15:00,6,La Liga,30,Barcelona,31,Real Madrid,30,Barcelona,1,Ferrán Torres_7_B,,89.0,,leading,89,0.000824349,-0.000703702,0.18,0.318,5186
28055,2025-05-11 16:15:00,6,La Liga,30,Barcelona,31,Real Madrid,30,Barcelona,1,Frenkie de Jong_21_B,,,,,98,0.00304554,-0.000291865,0.736,1.0,7300
28055,2025-05-11 16:15:00,6,La Liga,30,Barcelona,31,Real Madrid,30,Barcelona,1,Gavi_6_B,89.0,,leading,,9,0.00196965,0.00152903,0.0,0.0,5150
28055,2025-05-11 16:15:00,6,La Liga,30,Barcelona,31,Real Madrid,30,Barcelona,1,Gerard Martín_35_B,,57.0,,leading,57,0.000994252,0.000286335,0.0,0.0,1872
28055,2025-05-11 16:15:00,6,La Liga,30,Barcelona,31,Real Madrid,30,Barcelona,1,Héctor Fort_32_B,78.0,,leading,,20,-0.000463914,-0.000603466,0.0,0.0,1296
28055,2025-05-11 16:15:00,6,La Liga,30,Barcelona,31,Real Madrid,30,Barcelona,1,Iñaki Peña_13_B,,,,,0,0.001789,-0.000771425,0.0,0.0,3754
28055,2025-05-11 16:15:00,6,La Liga,30,Barcelona,31,Real Madrid,30,Barcelona,1,Iñigo Martínez_5_B,,,,,98,0.00172975,0.000118759,0.0,0.0,5736
28055,2025-05-11 16:15:00,6,La Liga,30,Barcelona,31,Real Madrid,30,Barcelona,1,Lamine Yamal_19_B,,,,,98,0.00308054,0.000554778,0.0,0.0,7670
28055,2025-05-11 16:15:00,6,La Liga,30,Barcelona,31,Real Madrid,30,Barcelona,1,Marc Casado_17_B,,,,,0,0.00126044,0.000330566,0.008,0.014,2412
28055,2025-05-11 16:15:00,6,La Liga,30,Barcelona,31,Real Madrid,30,Barcelona,1,Marc-André ter Stegen_1_B,,,,,0,-0.000183835,0.000794651,0.0,0.0,6921
28055,2025-05-11 16:15:00,6,La Liga,30,Barcelona,31,Real Madrid,30,Barcelona,1,Pau Cubarsí_2_B,,57.0,,leading,57,0.000489738,0.000689197,0.0,0.0,6208
28055,2025-05-11 16:15:00,6,La Liga,30,Barcelona,31,Real Madrid,30,Barcelona,1,Pau Victor_18_B,,,,,0,0.00344954,-0.00023187,0.0,0.013,524
28055,2025-05-11 16:15:00,6,La Liga,30,Barcelona,31,Real Madrid,30,Barcelona,1,Pedri_8_B,,,,,98,-0.000452767,-0.000759786,0.736,1.0,7907
28055,2025-05-11 16:15:00,6,La Liga,30,Barcelona,31,Real Madrid,30,Barcelona,1,Raphinha_11_B,,,,,98,0.00131215,0.000402672,0.736,1.0,8931
28055,2025-05-11 16:15:00,6,La Liga,30,Barcelona,31,Real Madrid,30,Barcelona,1,Robert Lewandowski_9_B,,,,,0,-0.00130583,0.000914094,0.564,0.999,10145
28055,2025-05-11 16:15:00,6,La Liga,30,Barcelona,31,Real Madrid,30,Barcelona,1,Ronald Araújo_4_B,,,,,0,0.00016609,0.000959492,0.736,1.0,6661
28055,2025-05-11 16:15:00,6,La Liga,30,Barcelona,31,Real Madrid,30,Barcelona,1,Wojciech Szczęsny_25_B,,,,,98,0.000657671,0.000653952,0.0,0.0,2653
28055,2025-05-11 16:15:00,6,La Liga,30,Barcelona,31,Real Madrid,31,Real Madrid,0,Andriy Lunin_13_RM,,,,,0,0.00135314,0.00113184,0.0,0.0,4637
28055,2025-05-11 16:15:00,6,La Liga,30,Barcelona,31,Real Madrid,31,Real Madrid,0,Arda Güler_15_RM,,46.0,,trailing,46,7.01941e-05,-0.000836821,0.211,0.452,2380
28055,2025-05-11 16:15:00,6,La Liga,30,Barcelona,31,Real Madrid,31,Real Madrid,0,Aurélien Tchouaméni_14_RM,,,,,98,-0.000603586,0.00091019,0.264,0.565,8572
28055,2025-05-11 16:15:00,6,La Liga,30,Barcelona,31,Real Madrid,31,Real Madrid,0,Brahim Díaz_21_RM,46.0,,trailing,,52,0.00321062,-0.000354507,0.082,0.176,4411
28055,2025-05-11 16:15:00,6,La Liga,30,Barcelona,31,Real Madrid,31,Real Madrid,0,Dani Ceballos_19_RM,,46.0,,trailing,46,0.0010414,0.00086943,0.0,0.0,4606
28055,2025-05-11 16:15:00,6,La Liga,30,Barcelona,31,Real Madrid,31,Real Madrid,0,Endrick_16_RM,84.0,,trailing,,14,0.00034253,0.000427653,0.0,0.0,935
28055,2025-05-11 16:15:00,6,La Liga,30,Barcelona,31,Real Madrid,31,Real Madrid,0,Federico Valverde_8_RM,,,,,98,0.00109636,0.00134977,0.264,0.565,11707
28055,2025-05-11 16:15:00,6,La Liga,30,Barcelona,31,Real Madrid,31,Real Madrid,0,Fran Garcia_20_RM,,,,,98,0.00151615,4.55278e-05,0.0,0.0,4807
28055,2025-05-11 16:15:00,6,La Liga,30,Barcelona,31,Real Madrid,31,Real Madrid,0,Jacobo Ramón_31_RM,,,,,0,-0.000368683,-0.000752092,0.0,0.0,322
28055,2025-05-11 16:15:00,6,La Liga,30,Barcelona,31,Real Madrid,31,Real Madrid,0,Jesús Vallejo_18_RM,,,,,0,-0.000301268,0.000142833,0.0,0.0,215
28055,2025-05-11 16:15:00,6,La Liga,30,Barcelona,31,Real Madrid,31,Real Madrid,0,Jude Bellingham_5_RM,,,,,98,0.00112068,-0.000274762,0.0,0.0,7793
28055,2025-05-11 16:15:00,6,La Liga,30,Barcelona,31,Real Madrid,31,Real Madrid,0,Kylian Mbappé_9_RM,,,,,98,0.00303121,2.59154e-05,0.0,0.0,4484
28055,2025-05-11 16:15:00,6,La Liga,30,Barcelona,31,Real Madrid,31,Real Madrid,0,Lucas Vázquez_17_RM,,84.0,,trailing,84,0.00132007,-0.000853061,0.0,0.0,6072
28055,2025-05-11 16:15:00,6,La Liga,30,Barcelona,31,Real Madrid,31,Real Madrid,0,Luka Modrić_10_RM,46.0,,trailing,,52,0.00146142,0.000547068,0.0,0.0,6907
28055,2025-05-11 16:15:00,6,La Liga,30,Barcelona,31,Real Madrid,31,Real Madrid,0,Raúl Asencio_35_RM,,,,,98,0.00142608,0.000223416,0.0,0.0,3080
28055,2025-05-11 16:15:00,6,La Liga,30,Barcelona,31,Real Madrid,31,Real Madrid,0,Rodrygo_11_RM,,,,,0,0.000204649,0.000315861,0.182,0.389,9181
28055,2025-05-11 16:15:00,6,La Liga,30,Barcelona,31,Real Madrid,31,Real Madrid,0,Sergio Mestre_34_RM,,,,,0,,,,,0
28055,2025-05-11 16:15:00,6,La Liga,30,Barcelona,31,Real Madrid,31,Real Madrid,0,Thibaut Courtois_1_RM,,,,,98,0.000111719,-0.000758962,0.264,0.565,7657
28055,2025-05-11 16:15:00,6,La Liga,30,Barcelona,31,Real Madrid,31,Real Madrid,0,Vinicius Júnior_7_RM,,88.0,,trailing,88,-0.00186706,0.000820191,0.082,0.176,9694
28055,2025-05-11 16:15:00,6,La Liga,30,Barcelona,31,Real Madrid,31,Real Madrid,0,Víctor Muñoz_44_RM,88.0,,trailing,,10,0.000977707,0.000167254,0.0,0.0,43
28055,2025-05-11 16:15:00,6,La Liga,30,Barcelona,31,Real Madrid,31,Real Madrid,0,Youssef Lekhedim_29_RM,,,,,0,,,,,0
28063,2025-05-14 21:30:00,6,La Liga,31,Real Madrid,201,Mallorca,31,Real Madrid,1,Arda Güler_15_RM,,,,,95,7.01941e-05,-0.000836821,0.211,0.452,2380
28063,2025-05-14 21:30:00,6,La Liga,31,Real Madrid,201,Mallorca,31,Real Madrid,1,Chema_36_RM,,,,,0,-0.000144558,7.16954e-05,0.0,0.0,40
28063,2025-05-14 21:30:00,6,La Liga,31,Real Madrid,201,Mallorca,31,Real Madrid,1,Dani Ceballos_19_RM,,,,,95,0.0010414,0.00086943,0.0,0.0,4606
28063,2025-05-14 21:30:00,6,La Liga,31,Real Madrid,201,Mallorca,31,Real Madrid,1,Endrick_16_RM,,74.0,,level,74,0.00034253,0.000427653,0.0,0.0,935
28063,2025-05-14 21:30:00,6,La Liga,31,Real Madrid,201,Mallorca,31,Real Madrid,1,Federico Valverde_8_RM,,,,,95,0.00109636,0.00134977,0.264,0.565,11707
28063,2025-05-14 21:30:00,6,La Liga,31,Real Madrid,201,Mallorca,31,Real Madrid,1,Fran Garcia_20_RM,,,,,95,0.00151615,4.55278e-05,0.0,0.0,4807
28063,2025-05-14 21:30:00,6,La Liga,31,Real Madrid,201,Mallorca,31,Real Madrid,1,Fran_26_RM,,,,,0,0.000589259,3.17888e-05,0.0,0.0,101
28063,2025-05-14 21:30:00,6,La Liga,31,Real Madrid,201,Mallorca,31,Real Madrid,1,Gonzalo García_30_RM,74.0,,level,,21,-5.36235e-05,0.000482841,0.0,0.0,94
28063,2025-05-14 21:30:00,6,La Liga,31,Real Madrid,201,Mallorca,31,Real Madrid,1,Jacobo Ramón_31_RM,,,,,95,-0.000368683,-0.000752092,0.0,0.0,322
28063,2025-05-14 21:30:00,6,La Liga,31,Real Madrid,201,Mallorca,31,Real Madrid,1,Jesús Vallejo_18_RM,64.0,,trailing,,31,-0.000301268,0.000142833,0.0,0.0,215
28063,2025-05-14 21:30:00,6,La Liga,31,Real Madrid,201,Mallorca,31,Real Madrid,1,Jude Bellingham_5_RM,,,,,95,0.00112068,-0.000274762,0.0,0.0,7793
28063,2025-05-14 21:30:00,6,La Liga,31,Real Madrid,201,Mallorca,31,Real Madrid,1,Kylian Mbappé_9_RM,,,,,95,0.00303121,2.59154e-05,0.0,0.0,4484
28063,2025-05-14 21:30:00,6,La Liga,31,Real Madrid,201,Mallorca,31,Real Madrid,1,Luka Modrić_10_RM,,,,,95,0.00146142,0.000547068,0.0,0.0,6907
28063,2025-05-14 21:30:00,6,La Liga,31,Real Madrid,201,Mallorca,31,Real Madrid,1,Raúl Asencio_35_RM,,64.0,,trailing,64,0.00142608,0.000223416,0.0,0.0,3080
28063,2025-05-14 21:30:00,6,La Liga,31,Real Madrid,201,Mallorca,31,Real Madrid,1,Thibaut Courtois_1_RM,,,,,95,0.000111719,-0.000758962,0.264,0.565,7657
28063,2025-05-14 21:30:00,6,La Liga,31,Real Madrid,201,Mallorca,31,Real Madrid,1,Víctor Muñoz_44_RM,,,,,0,0.000977707,0.000167254,0.0,0.0,43
28067,2025-05-15 21:30:00,6,La Liga,666,Espanyol,30,Barcelona,30,Barcelona,0,Alejandro Balde_3_B,47.0,,level,,50,0.00209699,0.000618303,0.0,0.0,7371
28067,2025-05-15 21:30:00,6,La Liga,666,Espanyol,30,Barcelona,30,Barcelona,0,Andreas Christensen_15_B,,78.0,,leading,78,-0.000657376,0.000304607,0.172,0.304,4789
28067,2025-05-15 21:30:00,6,La Liga,666,Espanyol,30,Barcelona,30,Barcelona,0,Ansu Fati_10_B,,,,,0,-0.000152001,0.000578713,0.0,0.0,1536
28067,2025-05-15 21:30:00,6,La Liga,666,Espanyol,30,Barcelona,30,Barcelona,0,Dani Olmo_20_B,,78.0,,leading,78,0.0012088,0.000304766,0.074,0.13,1994
28067,2025-05-15 21:30:00,6,La Liga,666,Espanyol,30,Barcelona,30,Barcelona,0,Eric García_24_B,,,,,97,0.00269696,0.00108346,0.082,0.145,3325
28067,2025-05-15 21:30:00,6,La Liga,666,Espanyol,30,Barcelona,30,Barcelona,0,Fermin López_16_B,66.0,,leading,,31,-0.000980475,6.51575e-05,0.728,1.0,4228
28067,2025-05-15 21:30:00,6,La Liga,666,Espanyol,30,Barcelona,30,Barcelona,0,Frenkie de Jong_21_B,,,,,97,0.00304554,-0.000291865,0.736,1.0,7300
28067,2025-05-15 21:30:00,6,La Liga,666,Espanyol,30,Barcelona,30,Barcelona,0,Gavi_6_B,78.0,,leading,,19,0.00196965,0.00152903,0.0,0.0,5150
28067,2025-05-15 21:30:00,6,La Liga,666,Espanyol,30,Barcelona,30,Barcelona,0,Gerard Martín_35_B,,47.0,,level,47,0.000994252,0.000286335,0.0,0.0,1872
28067,2025-05-15 21:30:00,6,La Liga,666,Espanyol,30,Barcelona,30,Barcelona,0,Héctor Fort_32_B,78.0,,leading,,19,-0.000463914,-0.000603466,0.0,0.0,1296
28067,2025-05-15 21:30:00,6,La Liga,666,Espanyol,30,Barcelona,30,Barcelona,0,Iñaki Peña_13_B,,,,,0,0.001789,-0.000771425,0.0,0.0,3754
28067,2025-05-15 21:30:00,6,La Liga,666,Espanyol,30,Barcelona,30,Barcelona,0,Lamine Yamal_19_B,,,,,97,0.00308054,0.000554778,0.0,0.0,7670
28067,2025-05-15 21:30:00,6,La Liga,666,Espanyol,30,Barcelona,30,Barcelona,0,Marc Casado_17_B,,,,,0,0.00126044,0.000330566,0.008,0.014,2412
28067,2025-05-15 21:30:00,6,La Liga,666,Espanyol,30,Barcelona,30,Barcelona,0,Marc-André ter Stegen_1_B,,,,,0,-0.000183835,0.000794651,0.0,0.0,6921
28067,2025-05-15 21:30:00,6,La Liga,666,Espanyol,30,Barcelona,30,Barcelona,0,Pablo Torre_14_B,,,,,0,0.000269459,-0.000418288,0.0,0.0,690
28067,2025-05-15 21:30:00,6,La Liga,666,Espanyol,30,Barcelona,30,Barcelona,0,Pau Cubarsí_2_B,52.0,,level,,45,0.000489738,0.000689197,0.0,0.0,6208
28067,2025-05-15 21:30:00,6,La Liga,666,Espanyol,30,Barcelona,30,Barcelona,0,Pau Victor_18_B,,,,,0,0.00344954,-0.00023187,0.0,0.013,524
28067,2025-05-15 21:30:00,6,La Liga,666,Espanyol,30,Barcelona,30,Barcelona,0,Pedri_8_B,,,,,97,-0.000452767,-0.000759786,0.736,1.0,7907
28067,2025-05-15 21:30:00,6,La Liga,666,Espanyol,30,Barcelona,30,Barcelona,0,Raphinha_11_B,,,,,97,0.00131215,0.000402672,0.736,1.0,8931
28067,2025-05-15 21:30:00,6,La Liga,666,Espanyol,30,Barcelona,30,Barcelona,0,Robert Lewandowski_9_B,,66.0,,leading,66,-0.00130583,0.000914094,0.564,0.999,10145
28067,2025-05-15 21:30:00,6,La Liga,666,Espanyol,30,Barcelona,30,Barcelona,0,Ronald Araújo_4_B,,52.0,,level,52,0.00016609,0.000959492,0.736,1.0,6661
28067,2025-05-15 21:30:00,6,La Liga,666,Espanyol,30,Barcelona,30,Barcelona,0,Wojciech Szczęsny_25_B,,,,,97,0.000657671,0.000653952,0.0,0.0,2653
28073,2025-05-18 19:00:00,6,La Liga,30,Barcelona,23,Villarreal,30,Barcelona,1,Alejandro Balde_3_B,51.0,,level,,48,0.00209699,0.000618303,0.0,0.0,7371
28073,2025-05-18 19:00:00,6,La Liga,30,Barcelona,23,Villarreal,30,Barcelona,1,Andreas Christensen_15_B,,,,,0,-0.000657376,0.000304607,0.172,0.304,4789
28073,2025-05-18 19:00:00,6,La Liga,30,Barcelona,23,Villarreal,30,Barcelona,1,Ansu Fati_10_B,,,,,0,-0.000152001,0.000578713,0.0,0.0,1536
28073,2025-05-18 19:00:00,6,La Liga,30,Barcelona,23,Villarreal,30,Barcelona,1,Dani Olmo_20_B,90.0,,trailing,,9,0.0012088,0.000304766,0.074,0.13,1994
28073,2025-05-18 19:00:00,6,La Liga,30,Barcelona,23,Villarreal,30,Barcelona,1,Eric García_24_B,,79.0,,level,79,0.00269696,0.00108346,0.082,0.145,3325
28073,2025-05-18 19:00:00,6,La Liga,30,Barcelona,23,Villarreal,30,Barcelona,1,Fermin López_16_B,,,,,99,-0.000980475,6.51575e-05,0.728,1.0,4228
28073,2025-05-18 19:00:00,6,La Liga,30,Barcelona,23,Villarreal,30,Barcelona,1,Frenkie de Jong_21_B,51.0,,level,,48,0.00304554,-0.000291865,0.736,1.0,7300
28073,2025-05-18 19:00:00,6,La Liga,30,Barcelona,23,Villarreal,30,Barcelona,1,Gavi_6_B,,90.0,,trailing,90,0.00196965,0.00152903,0.0,0.0,5150
28073,2025-05-18 19:00:00,6,La Liga,30,Barcelona,23,Villarreal,30,Barcelona,1,Gerard Martín_35_B,,51.0,,level,51,0.000994252,0.000286335,0.0,0.0,1872
28073,2025-05-18 19:00:00,6,La Liga,30,Barcelona,23,Villarreal,30,Barcelona,1,Héctor Fort_32_B,79.0,,level,,20,-0.000463914,-0.000603466,0.0,0.0,1296
28073,2025-05-18 19:00:00,6,La Liga,30,Barcelona,23,Villarreal,30,Barcelona,1,Iñaki Peña_13_B,,,,,0,0.001789,-0.000771425,0.0,0.0,3754
28073,2025-05-18 19:00:00,6,La Liga,30,Barcelona,23,Villarreal,30,Barcelona,1,Iñigo Martínez_5_B,,,,,99,0.00172975,0.000118759,0.0,0.0,5736
28073,2025-05-18 19:00:00,6,La Liga,30,Barcelona,23,Villarreal,30,Barcelona,1,Lamine Yamal_19_B,,,,,99,0.00308054,0.000554778,0.0,0.0,7670
28073,2025-05-18 19:00:00,6,La Liga,30,Barcelona,23,Villarreal,30,Barcelona,1,Marc Casado_17_B,,,,,0,0.00126044,0.000330566,0.008,0.014,2412
28073,2025-05-18 19:00:00,6,La Liga,30,Barcelona,23,Villarreal,30,Barcelona,1,Marc-André ter Stegen_1_B,,,,,99,-0.000183835,0.000794651,0.0,0.0,6921
28073,2025-05-18 19:00:00,6,La Liga,30,Barcelona,23,Villarreal,30,Barcelona,1,Pablo Torre_14_B,,,,,0,0.000269459,-0.000418288,0.0,0.0,690
28073,2025-05-18 19:00:00,6,La Liga,30,Barcelona,23,Villarreal,30,Barcelona,1,Pau Cubarsí_2_B,,,,,99,0.000489738,0.000689197,0.0,0.0,6208
28073,2025-05-18 19:00:00,6,La Liga,30,Barcelona,23,Villarreal,30,Barcelona,1,Pau Victor_18_B,79.0,,level,,20,0.00344954,-0.00023187,0.0,0.013,524
28073,2025-05-18 19:00:00,6,La Liga,30,Barcelona,23,Villarreal,30,Barcelona,1,Pedri_8_B,,51.0,,level,51,-0.000452767,-0.000759786,0.736,1.0,7907
28073,2025-05-18 19:00:00,6,La Liga,30,Barcelona,23,Villarreal,30,Barcelona,1,Raphinha_11_B,,,,,99,0.00131215,0.000402672,0.736,1.0,8931
28073,2025-05-18 19:00:00,6,La Liga,30,Barcelona,23,Villarreal,30,Barcelona,1,Robert Lewandowski_9_B,,79.0,,level,79,-0.00130583,0.000914094,0.564,0.999,10145
28073,2025-05-18 19:00:00,6,La Liga,30,Barcelona,23,Villarreal,30,Barcelona,1,Sergi Dominguez_36_B,,,,,0,0.000107451,-0.000938386,0.0,0.0,246
28073,2025-05-18 19:00:00,6,La Liga,30,Barcelona,23,Villarreal,30,Barcelona,1,Wojciech Szczęsny_25_B,,,,,0,0.000657671,0.000653952,0.0,0.0,2653
28076,2025-05-18 19:00:00,6,La Liga,32,Sevilla,31,Real Madrid,31,Real Madrid,0,Andriy Lunin_13_RM,,,,,96,0.00135314,0.00113184,0.0,0.0,4637
28076,2025-05-18 19:00:00,6,La Liga,32,Sevilla,31,Real Madrid,31,Real Madrid,0,Arda Güler_15_RM,,82.0,,leading,82,7.01941e-05,-0.000836821,0.211,0.452,2380
28076,2025-05-18 19:00:00,6,La Liga,32,Sevilla,31,Real Madrid,31,Real Madrid,0,Aurélien Tchouaméni_14_RM,,,,,96,-0.000603586,0.00091019,0.264,0.565,8572
28076,2025-05-18 19:00:00,6,La Liga,32,Sevilla,31,Real Madrid,31,Real Madrid,0,Chema_36_RM,,,,,0,-0.000144558,7.16954e-05,0.0,0.0,40
28076,2025-05-18 19:00:00,6,La Liga,32,Sevilla,31,Real Madrid,31,Real Madrid,0,Dani Ceballos_19_RM,82.0,,leading,,14,0.0010414,0.00086943,0.0,0.0,4606
28076,2025-05-18 19:00:00,6,La Liga,32,Sevilla,31,Real Madrid,31,Real Madrid,0,Endrick_16_RM,,63.0,,level,63,0.00034253,0.000427653,0.0,0.0,935
28076,2025-05-18 19:00:00,6,La Liga,32,Sevilla,31,Real Madrid,31,Real Madrid,0,Federico Valverde_8_RM,,,,,96,0.00109636,0.00134977,0.264,0.565,11707
28076,2025-05-18 19:00:00,6,La Liga,32,Sevilla,31,Real Madrid,31,Real Madrid,0,Fran Garcia_20_RM,,82.0,,leading,82,0.00151615,4.55278e-05,0.0,0.0,4807
28076,2025-05-18 19:00:00,6,La Liga,32,Sevilla,31,Real Madrid,31,Real Madrid,0,Gonzalo García_30_RM,71.0,,level,,25,-5.36235e-05,0.000482841,0.0,0.0,94
28076,2025-05-18 19:00:00,6,La Liga,32,Sevilla,31,Real Madrid,31,Real Madrid,0,Jacobo Ramón_31_RM,,,,,96,-0.000368683,-0.000752092,0.0,0.0,322
28076,2025-05-18 19:00:00,6,La Liga,32,Sevilla,31,Real Madrid,31,Real Madrid,0,Jesús Vallejo_18_RM,,71.0,,level,71,-0.000301268,0.000142833,0.0,0.0,215
28076,2025-05-18 19:00:00,6,La Liga,32,Sevilla,31,Real Madrid,31,Real Madrid,0,Jude Bellingham_5_RM,,,,,96,0.00112068,-0.000274762,0.0,0.0,7793
28076,2025-05-18 19:00:00,6,La Liga,32,Sevilla,31,Real Madrid,31,Real Madrid,0,Kylian Mbappé_9_RM,,,,,96,0.00303121,2.59154e-05,0.0,0.0,4484
28076,2025-05-18 19:00:00,6,La Liga,32,Sevilla,31,Real Madrid,31,Real Madrid,0,Lucas Vázquez_17_RM,82.0,,leading,,14,0.00132007,-0.000853061,0.0,0.0,6072
28076,2025-05-18 19:00:00,6,La Liga,32,Sevilla,31,Real Madrid,31,Real Madrid,0,Luka Modrić_10_RM,,,,,96,0.00146142,0.000547068,0.0,0.0,6907
28076,2025-05-18 19:00:00,6,La Liga,32,Sevilla,31,Real Madrid,31,Real Madrid,0,Thibaut Courtois_1_RM,,,,,0,0.000111719,-0.000758962,0.264,0.565,7657
28076,2025-05-18 19:00:00,6,La Liga,32,Sevilla,31,Real Madrid,31,Real Madrid,0,Víctor Muñoz_44_RM,63.0,,level,,33,0.000977707,0.000167254,0.0,0.0,43
28079,2025-05-24 16:15:00,6,La Liga,31,Real Madrid,38,Real Sociedad,31,Real Madrid,1,Andriy Lunin_13_RM,,,,,92,0.00135314,0.00113184,0.0,0.0,4637
28079,2025-05-24 16:15:00,6,La Liga,31,Real Madrid,38,Real Sociedad,31,Real Madrid,1,Arda Güler_15_RM,,,,,92,7.01941e-05,-0.000836821,0.211,0.452,2380
28079,2025-05-24 16:15:00,6,La Liga,31,Real Madrid,38,Real Sociedad,31,Real Madrid,1,Aurélien Tchouaméni_14_RM,,57.0,,leading,57,-0.000603586,0.00091019,0.264,0.565,8572
28079,2025-05-24 16:15:00,6,La Liga,31,Real Madrid,38,Real Sociedad,31,Real Madrid,1,Brahim Díaz_21_RM,,56.0,,leading,56,0.00321062,-0.000354507,0.082,0.176,4411
28079,2025-05-24 16:15:00,6,La Liga,31,Real Madrid,38,Real Sociedad,31,Real Madrid,1,Chema_36_RM,88.0,,leading,,4,-0.000144558,7.16954e-05,0.0,0.0,40
28079,2025-05-24 16:15:00,6,La Liga,31,Real Madrid,38,Real Sociedad,31,Real Madrid,1,Dani Ceballos_19_RM,,,,,92,0.0010414,0.00086943,0.0,0.0,4606
28079,2025-05-24 16:15:00,6,La Liga,31,Real Madrid,38,Real Sociedad,31,Real Madrid,1,Federico Valverde_8_RM,,,,,92,0.00109636,0.00134977,0.264,0.565,11707
28079,2025-05-24 16:15:00,6,La Liga,31,Real Madrid,38,Real Sociedad,31,Real Madrid,1,Fran Garcia_20_RM,,,,,92,0.00151615,4.55278e-05,0.0,0.0,4807
28079,2025-05-24 16:15:00,6,La Liga,31,Real Madrid,38,Real Sociedad,31,Real Madrid,1,Fran_26_RM,,,,,0,0.000589259,3.17888e-05,0.0,0.0,101
28079,2025-05-24 16:15:00,6,La Liga,31,Real Madrid,38,Real Sociedad,31,Real Madrid,1,Gonzalo García_30_RM,78.0,,leading,,14,-5.36235e-05,0.000482841,0.0,0.0,94
28079,2025-05-24 16:15:00,6,La Liga,31,Real Madrid,38,Real Sociedad,31,Real Madrid,1,Jacobo Ramón_31_RM,,,,,0,-0.000368683,-0.000752092,0.0,0.0,322
28079,2025-05-24 16:15:00,6,La Liga,31,Real Madrid,38,Real Sociedad,31,Real Madrid,1,Jesús Vallejo_18_RM,57.0,,leading,,35,-0.000301268,0.000142833,0.0,0.0,215
28079,2025-05-24 16:15:00,6,La Liga,31,Real Madrid,38,Real Sociedad,31,Real Madrid,1,Kylian Mbappé_9_RM,,,,,92,0.00303121,2.59154e-05,0.0,0.0,4484
28079,2025-05-24 16:15:00,6,La Liga,31,Real Madrid,38,Real Sociedad,31,Real Madrid,1,Lucas Vázquez_17_RM,,78.0,,leading,78,0.00132007,-0.000853061,0.0,0.0,6072
28079,2025-05-24 16:15:00,6,La Liga,31,Real Madrid,38,Real Sociedad,31,Real Madrid,1,Luka Modrić_10_RM,,88.0,,leading,88,0.00146142,0.000547068,0.0,0.0,6907
28079,2025-05-24 16:15:00,6,La Liga,31,Real Madrid,38,Real Sociedad,31,Real Madrid,1,Raúl Asencio_35_RM,,,,,92,0.00142608,0.000223416,0.0,0.0,3080
28079,2025-05-24 16:15:00,6,La Liga,31,Real Madrid,38,Real Sociedad,31,Real Madrid,1,Thibaut Courtois_1_RM,,,,,0,0.000111719,-0.000758962,0.264,0.565,7657
28079,2025-05-24 16:15:00,6,La Liga,31,Real Madrid,38,Real Sociedad,31,Real Madrid,1,Vinicius Júnior_7_RM,56.0,,leading,,36,-0.00186706,0.000820191,0.082,0.176,9694
28087,2025-05-25 21:00:00,6,La Liga,33,Athletic Club,30,Barcelona,30,Barcelona,0,Alejandro Balde_3_B,,81.0,,leading,81,0.00209699,0.000618303,0.0,0.0,7371
28087,2025-05-25 21:00:00,6,La Liga,33,Athletic Club,30,Barcelona,30,Barcelona,0,Andreas Christensen_15_B,64.0,,leading,,30,-0.000657376,0.000304607,0.172,0.304,4789
28087,2025-05-25 21:00:00,6,La Liga,33,Athletic Club,30,Barcelona,30,Barcelona,0,Ansu Fati_10_B,,,,,0,-0.000152001,0.000578713,0.0,0.0,1536
28087,2025-05-25 21:00:00,6,La Liga,33,Athletic Club,30,Barcelona,30,Barcelona,0,Dani Olmo_20_B,64.0,,leading,,30,0.0012088,0.000304766,0.074,0.13,1994
28087,2025-05-25 21:00:00,6,La Liga,33,Athletic Club,30,Barcelona,30,Barcelona,0,Eric García_24_B,,,,,94,0.00269696,0.00108346,0.082,0.145,3325
28087,2025-05-25 21:00:00,6,La Liga,33,Athletic Club,30,Barcelona,30,Barcelona,0,Fermin López_16_B,,,,,94,-0.000980475,6.51575e-05,0.728,1.0,4228
28087,2025-05-25 21:00:00,6,La Liga,33,Athletic Club,30,Barcelona,30,Barcelona,0,Frenkie de Jong_21_B,81.0,,leading,,13,0.00304554,-0.000291865,0.736,1.0,7300
28087,2025-05-25 21:00:00,6,La Liga,33,Athletic Club,30,Barcelona,30,Barcelona,0,Gavi_6_B,,,,,94,0.00196965,0.00152903,0.0,0.0,5150
28087,2025-05-25 21:00:00,6,La Liga,33,Athletic Club,30,Barcelona,30,Barcelona,0,Gerard Martín_35_B,81.0,,leading,,13,0.000994252,0.000286335,0.0,0.0,1872
28087,2025-05-25 21:00:00,6,La Liga,33,Athletic Club,30,Barcelona,30,Barcelona,0,Héctor Fort_32_B,,,,,0,-0.000463914,-0.000603466,0.0,0.0,1296
28087,2025-05-25 21:00:00,6,La Liga,33,Athletic Club,30,Barcelona,30,Barcelona,0,Iñaki Peña_13_B,,,,,94,0.001789,-0.000771425,0.0,0.0,3754
28087,2025-05-25 21:00:00,6,La Liga,33,Athletic Club,30,Barcelona,30,Barcelona,0,Iñigo Martínez_5_B,,,,,0,0.00172975,0.000118759,0.0,0.0,5736
28087,2025-05-25 21:00:00,6,La Liga,33,Athletic Club,30,Barcelona,30,Barcelona,0,Lamine Yamal_19_B,,,,,94,0.00308054,0.000554778,0.0,0.0,7670
28087,2025-05-25 21:00:00,6,La Liga,33,Athletic Club,30,Barcelona,30,Barcelona,0,Marc Casado_17_B,,,,,0,0.00126044,0.000330566,0.008,0.014,2412
28087,2025-05-25 21:00:00,6,La Liga,33,Athletic Club,30,Barcelona,30,Barcelona,0,Marc-André ter Stegen_1_B,,,,,0,-0.000183835,0.000794651,0.0,0.0,6921
28087,2025-05-25 21:00:00,6,La Liga,33,Athletic Club,30,Barcelona,30,Barcelona,0,Pablo Torre_14_B,,,,,0,0.000269459,-0.000418288,0.0,0.0,690
28087,2025-05-25 21:00:00,6,La Liga,33,Athletic Club,30,Barcelona,30,Barcelona,0,Pau Cubarsí_2_B,,,,,94,0.000489738,0.000689197,0.0,0.0,6208
28087,2025-05-25 21:00:00,6,La Liga,33,Athletic Club,30,Barcelona,30,Barcelona,0,Pau Victor_18_B,89.0,,leading,,5,0.00344954,-0.00023187,0.0,0.013,524
28087,2025-05-25 21:00:00,6,La Liga,33,Athletic Club,30,Barcelona,30,Barcelona,0,Pedri_8_B,,81.0,,leading,81,-0.000452767,-0.000759786,0.736,1.0,7907
28087,2025-05-25 21:00:00,6,La Liga,33,Athletic Club,30,Barcelona,30,Barcelona,0,Raphinha_11_B,,64.0,,leading,64,0.00131215,0.000402672,0.736,1.0,8931
28087,2025-05-25 21:00:00,6,La Liga,33,Athletic Club,30,Barcelona,30,Barcelona,0,Robert Lewandowski_9_B,,89.0,,leading,89,-0.00130583,0.000914094,0.564,0.999,10145
28087,2025-05-25 21:00:00,6,La Liga,33,Athletic Club,30,Barcelona,30,Barcelona,0,Ronald Araújo_4_B,,64.0,,leading,64,0.00016609,0.000959492,0.736,1.0,6661
28087,2025-05-25 21:00:00,6,La Liga,33,Athletic Club,30,Barcelona,30,Barcelona,0,Wojciech Szczęsny_25_B,,,,,0,0.000657671,0.000653952,0.0,0.0,2653
34774,2025-09-16 21:00:00,13,Champions League,31,Real Madrid,97,Marseille,31,Real Madrid,1,Andriy Lunin_13_RM,,,,,0,0.00135314,0.00113184,0.0,0.0,4637
34774,2025-09-16 21:00:00,13,Champions League,31,Real Madrid,97,Marseille,31,Real Madrid,1,Arda Güler_15_RM,,,,,72,7.01941e-05,-0.000836821,0.211,0.452,2380
34774,2025-09-16 21:00:00,13,Champions League,31,Real Madrid,97,Marseille,31,Real Madrid,1,Aurélien Tchouaméni_14_RM,,,,,90,-0.000603586,0.00091019,0.264,0.565,8572
34774,2025-09-16 21:00:00,13,Champions League,31,Real Madrid,97,Marseille,31,Real Madrid,1,Brahim Díaz_21_RM,,,,,28,0.00321062,-0.000354507,0.082,0.176,4411
34774,2025-09-16 21:00:00,13,Champions League,31,Real Madrid,97,Marseille,31,Real Madrid,1,Dani Carvajal_2_RM,,,,,67,0.000618357,0.000728238,0.196,0.42,6003
34774,2025-09-16 21:00:00,13,Champions League,31,Real Madrid,97,Marseille,31,Real Madrid,1,Dani Ceballos_19_RM,,,,,0,0.0010414,0.00086943,0.0,0.0,4606
34774,2025-09-16 21:00:00,13,Champions League,31,Real Madrid,97,Marseille,31,Real Madrid,1,David Alaba_4_RM,,,,,0,0.000547684,0.000271426,0.0,0.0,3366
34774,2025-09-16 21:00:00,13,Champions League,31,Real Madrid,97,Marseille,31,Real Madrid,1,Eduardo Camavinga_6_RM,,,,,0,0.000527662,0.000882211,0.0,0.0,7525
34774,2025-09-16 21:00:00,13,Champions League,31,Real Madrid,97,Marseille,31,Real Madrid,1,Federico Valverde_8_RM,,,,,90,0.00109636,0.00134977,0.264,0.565,11707
34774,2025-09-16 21:00:00,13,Champions League,31,Real Madrid,97,Marseille,31,Real Madrid,1,Fran Garcia_20_RM,,,,,0,0.00151615,4.55278e-05,0.0,0.0,4807
34774,2025-09-16 21:00:00,13,Champions League,31,Real Madrid,97,Marseille,31,Real Madrid,1,Fran_26_RM,,,,,0,0.000589259,3.17888e-05,0.0,0.0,101
34774,2025-09-16 21:00:00,13,Champions League,31,Real Madrid,97,Marseille,31,Real Madrid,1,Jude Bellingham_5_RM,,,,,0,0.00112068,-0.000274762,0.0,0.0,7793
34774,2025-09-16 21:00:00,13,Champions League,31,Real Madrid,97,Marseille,31,Real Madrid,1,Rodrygo_11_RM,,,,,62,0.000204649,0.000315861,0.182,0.389,9181
34774,2025-09-16 21:00:00,13,Champions League,31,Real Madrid,97,Marseille,31,Real Madrid,1,Thibaut Courtois_1_RM,,,,,90,0.000111719,-0.000758962,0.264,0.565,7657
34774,2025-09-16 21:00:00,13,Champions League,31,Real Madrid,97,Marseille,31,Real Madrid,1,Vinicius Júnior_7_RM,,,,,28,-0.00186706,0.000820191,0.082,0.176,9694
34774,2025-09-16 21:00:00,13,Champions League,31,Real Madrid,97,Marseille,31,Real Madrid,1,Éder Militão_3_RM,,,,,90,0.000207186,0.000444794,0.264,0.565,4777
34785,2025-09-18 20:00:00,13,Champions League,1,Unknown Team X,30,Barcelona,30,Barcelona,0,Andreas Christensen_15_B,,,,,21,-0.000657376,0.000304607,0.172,0.304,4789
34785,2025-09-18 20:00:00,13,Champions League,1,Unknown Team X,30,Barcelona,30,Barcelona,0,Dani Olmo_20_B,,,,,9,0.0012088,0.000304766,0.074,0.13,1994
34785,2025-09-18 20:00:00,13,Champions League,1,Unknown Team X,30,Barcelona,30,Barcelona,0,Eric García_24_B,,,,,10,0.00269696,0.00108346,0.082,0.145,3325
34785,2025-09-18 20:00:00,13,Champions League,1,Unknown Team X,30,Barcelona,30,Barcelona,0,Fermin López_16_B,,,,,89,-0.000980475,6.51575e-05,0.728,1.0,4228
34785,2025-09-18 20:00:00,13,Champions League,1,Unknown Team X,30,Barcelona,30,Barcelona,0,Ferrán Torres_7_B,,,,,22,0.000824349,-0.000703702,0.18,0.318,5186
34785,2025-09-18 20:00:00,13,Champions League,1,Unknown Team X,30,Barcelona,30,Barcelona,0,Frenkie de Jong_21_B,,,,,90,0.00304554,-0.000291865,0.736,1.0,7300
34785,2025-09-18 20:00:00,13,Champions League,1,Unknown Team X,30,Barcelona,30,Barcelona,0,Jules Koundé_23_B,,,,,90,0.00223783,0.00075356,0.736,1.0,11254
34785,2025-09-18 20:00:00,13,Champions League,1,Unknown Team X,30,Barcelona,30,Barcelona,0,Marc Casado_17_B,,,,,1,0.00126044,0.000330566,0.008,0.014,2412
34785,2025-09-18 20:00:00,13,Champions League,1,Unknown Team X,30,Barcelona,30,Barcelona,0,Pedri_8_B,,,,,90,-0.000452767,-0.000759786,0.736,1.0,7907
34785,2025-09-18 20:00:00,13,Champions League,1,Unknown Team X,30,Barcelona,30,Barcelona,0,Raphinha_11_B,,,,,90,0.00131215,0.000402672,0.736,1.0,8931
34785,2025-09-18 20:00:00,13,Champions League,1,Unknown Team X,30,Barcelona,30,Barcelona,0,Robert Lewandowski_9_B,,,,,69,-0.00130583,0.000914094,0.564,0.999,10145
34785,2025-09-18 20:00:00,13,Champions League,1,Unknown Team X,30,Barcelona,30,Barcelona,0,Ronald Araújo_4_B,,,,,90,0.00016609,0.000959492,0.736,1.0,6661
34785,2025-09-18 20:00:00,13,Champions League,1,Unknown Team X,30,Barcelona,30,Barcelona,0,Wojciech Szczęsny_25_B,,,,,0,0.000657671,0.000653952,0.0,0.0,2653
37140,2025-09-18 20:00:00,13,Champions League,810,Newcastle United,30,Barcelona,30,Barcelona,0,Andreas Christensen_15_B,,,,,21,-0.000657376,0.000304607,0.172,0.304,4789
37140,2025-09-18 20:00:00,13,Champions League,810,Newcastle United,30,Barcelona,30,Barcelona,0,Dani Olmo_20_B,,,,,9,0.0012088,0.000304766,0.074,0.13,1994
37140,2025-09-18 20:00:00,13,Champions League,810,Newcastle United,30,Barcelona,30,Barcelona,0,Eric García_24_B,,,,,10,0.00269696,0.00108346,0.082,0.145,3325
37140,2025-09-18 20:00:00,13,Champions League,810,Newcastle United,30,Barcelona,30,Barcelona,0,Fermin López_16_B,,,,,89,-0.000980475,6.51575e-05,0.728,1.0,4228
37140,2025-09-18 20:00:00,13,Champions League,810,Newcastle United,30,Barcelona,30,Barcelona,0,Ferrán Torres_7_B,,,,,22,0.000824349,-0.000703702,0.18,0.318,5186
37140,2025-09-18 20:00:00,13,Champions League,810,Newcastle United,30,Barcelona,30,Barcelona,0,Frenkie de Jong_21_B,,,,,90,0.00304554,-0.000291865,0.736,1.0,7300
37140,2025-09-18 20:00:00,13,Champions League,810,Newcastle United,30,Barcelona,30,Barcelona,0,Jules Koundé_23_B,,,,,90,0.00223783,0.00075356,0.736,1.0,11254
37140,2025-09-18 20:00:00,13,Champions League,810,Newcastle United,30,Barcelona,30,Barcelona,0,Marc Casado_17_B,,,,,1,0.00126044,0.000330566,0.008,0.014,2412
37140,2025-09-18 20:00:00,13,Champions League,810,Newcastle United,30,Barcelona,30,Barcelona,0,Pedri_8_B,,,,,90,-0.000452767,-0.000759786,0.736,1.0,7907
37140,2025-09-18 20:00:00,13,Champions League,810,Newcastle United,30,Barcelona,30,Barcelona,0,Raphinha_11_B,,,,,90,0.00131215,0.000402672,0.736,1.0,8931
37140,2025-09-18 20:00:00,13,Champions League,810,Newcastle United,30,Barcelona,30,Barcelona,0,Robert Lewandowski_9_B,,,,,69,-0.00130583,0.000914094,0.564,0.999,10145
37140,2025-09-18 20:00:00,13,Champions League,810,Newcastle United,30,Barcelona,30,Barcelona,0,Ronald Araújo_4_B,,,,,90,0.00016609,0.000959492,0.736,1.0,6661
37140,2025-09-18 20:00:00,13,Champions League,810,Newcastle United,30,Barcelona,30,Barcelona,0,Wojciech Szczęsny_25_B,,,,,0,0.000657671,0.000653952,0.0,0.0,2653
