fecha,campana_id,canal,tipo_campana,objetivo,audiencia,impresiones,clics,ctr,cpc_mxn,gasto_mxn,conversiones,valor_conv_mxn,roas,dia_semana
2024-11-10,FB-AWA-002,Facebook,Awareness,Alcance,Lookalike 1% compradores anteriores,6267,85,0.01356,5.45,467.15,0,0.0,0.0,Sunday
2024-06-18,GG-SRC-003,Google,Search,Clics,Intención: como perder peso en casa,412,36,0.08723,19.36,707.76,2,1256.68,1.78,Tuesday
2024-05-26,GG-DSP-001,Google,Display,Impresiones,Afinidad: bienestar y fitness,14286,179,0.01253,3.27,586.7,2,1465.95,2.5,Sunday
2024-04-04,FB-CVR-001,Facebook,Conversion,Compras,Retargeting carrito abandonado,2601,169,0.06496,9.85,1666.62,9,7784.51,4.67,Thursday
2024-02-12,FB-CON-002,Facebook,Consideracion,Trafico,"Intereses: yoga, meditacion, fitness",3376,132,0.03909,7.17,949.99,4,2596.36,2.73,Monday
2024-01-09,FB-CVR-001,Facebook,Conversion,Compras,Retargeting carrito abandonado,2101,165,0.07852,10.51,1740.15,13,5919.48,3.4,Tuesday
2024-03-03,FB-CON-001,Facebook,Consideracion,,,3309,109,,6.97,762.13,1,563.52,0.74,Sunday
2024-07-15,FB-AWA-001,Facebook,Awareness,Alcance,Mujeres 25-40 CDMX interesadas en bienestar,8436,86,0.01019,4.78,413.73,0,0.0,0.0,Monday
2024-09-13,FB-CON-002,Facebook,Consideracion,Trafico,"Intereses: yoga, meditacion, fitness",3109,129,0.04149,6.42,832.98,2,1142.33,1.37,Friday
2024-03-29,GG-YTB-001,Google,YouTube,Vistas,"Canal: wellness, yoga, fitness",5521,111,0.0201,6.24,698.15,1,886.07,1.27,Friday
2024-04-11,GG-SRC-001,Google,Search,Clics,Intención: cursos de yoga online MX,550,72,0.13087,16.8,1224.46,3,1731.62,1.41,Thursday
2024-02-11,FB-CVR-001,Facebook,Conversion,Compras,Retargeting carrito abandonado,2253,100,0.04438,11.03,1108.24,6,2839.94,2.56,Sunday
2024-12-26,FB-CON-001,Facebook,Consideracion,Trafico,Retargeting visitantes 30 días,4298,74,0.01722,6.91,517.33,1,801.01,1.55,Thursday
2024-06-12,FB-CVR-001,Facebook,Conversion,Compras,Retargeting carrito abandonado,2524,126,0.0499,11.59,1466.47,7,6304.65,4.3,Wednesday
2024-10-12,GG-SRC-001,Google,Search,Clics,Intención: cursos de yoga online MX,490,42,0.08559,17.95,764.61,1,636.98,0.83,Saturday
2024-09-04,GG-SRC-003,Google,Search,Clics,Intención: como perder peso en casa,480,43,0.08949,16.92,731.86,2,1572.75,2.15,Wednesday
2024-01-02,GG-DSP-002,Google,Display,Impresiones,Remarketing sitio web 7 días,16772,264,0.01574,3.07,811.25,3,1871.37,2.31,Tuesday
2024-11-20,FB-AWA-002,Facebook,Awareness,Alcance,Lookalike 1% compradores anteriores,11050,145,0.01312,3.96,578.63,0,0.0,0.0,Wednesday
2024-09-21,GG-SRC-002,Google,Search,Clics,Intención: meditacion guiada online,457,39,0.08531,17.92,709.22,2,1566.69,2.21,Saturday
2024-03-20,FB-AWA-001,FACEBOOK,Awareness,Alcance,Mujeres 25-40 CDMX interesadas en bienestar,11450,164,0.01432,3.91,644.11,1,811.6,1.26,Wednesday
2024-03-23,GG-DSP-002,Google,Display,Impresiones,Remarketing sitio web 7 días,11895,127,0.01068,3.83,486.51,1,472.53,0.97,Saturday
2024-01-09,GG-SRC-003,Google,Search,Clics,Intención: como perder peso en casa,357,53,0.14831,19.19,1023.85,6,4991.59,4.88,Tuesday
2024-02-19,GG-YTB-001,Google,YouTube,Vistas,,6012,157,,4.74,747.16,2,1233.55,1.65,Monday
2024-07-26,GG-SRC-003,GOOGLE,Search,Clics,Intención: como perder peso en casa,526,22,0.04178,18.48,423.53,0,0.0,0.0,Friday
2024-04-02,FB-AWA-002,Facebook,Awareness,Alcance,Lookalike 1% compradores anteriores,6685,131,0.0196,6.08,799.13,1,466.35,0.58,Tuesday
2024-03-14,GG-SRC-002,Google,Search,Clics,Intención: meditacion guiada online,321,30,0.09338,24.75,747.62,1,713.91,0.95,Thursday
2024-08-12,GG-SRC-002,Google,Search,Clics,Intención: meditacion guiada online,489,23,0.04695,20.32,472.28,0,0.0,0.0,Monday
2024-07-21,GG-SRC-003,Google,Search,Clics,Intención: como perder peso en casa,226,13,0.05737,22.0,287.27,0,0.0,0.0,Sunday
2024-09-29,FB-AWA-002,Facebook,Awareness,Alcance,Lookalike 1% compradores anteriores,9091,127,0.01397,4.95,632.44,1,541.32,0.86,Sunday
2024-07-26,FB-AWA-002,Facebook,Awareness,Alcance,Lookalike 1% compradores anteriores,9965,76,0.00763,5.36,409.58,0,0.0,0.0,Friday
2024-10-18,FB-CON-001,Facebook,Consideracion,Trafico,Retargeting visitantes 30 días,5590,167,0.02987,5.27,881.43,5,4225.65,4.79,Friday
2024-03-27,GG-SRC-001,Google,Search,,,742,61,,16.62,1023.54,3,1919.46,1.88,Wednesday
2024-11-28,GG-SRC-001,Google,Search,Clics,Intención: cursos de yoga online MX,876,57,0.06502,16.3,939.18,2,1248.59,1.33,Thursday
2024-05-29,FB-CON-001,Facebook,Consideracion,Trafico,Retargeting visitantes 30 días,5705,220,0.03856,5.48,1210.7,7,4247.52,3.51,Wednesday
2024-07-02,FB-CVR-002,Facebook,Conversion,Compras,Lookalike 3% suscriptores activos,2165,58,0.02678,10.29,604.17,1,645.45,1.07,Tuesday
2024-10-20,GG-SRC-002,Google,Search,Clics,Intención: meditacion guiada online,517,32,0.06184,18.34,587.0,1,817.19,1.39,Sunday
2024-06-25,GG-SRC-002,Google,Search,Clics,Intención: meditacion guiada online,592,52,0.08781,18.69,983.22,2,1033.74,1.05,Tuesday
2024-07-18,FB-CON-001,Facebook,Consideracion,Trafico,Retargeting visitantes 30 días,3974,85,0.02138,6.44,552.69,1,740.25,1.34,Thursday
2024-05-05,FB-AWA-001,Facebook,Awareness,Alcance,Mujeres 25-40 CDMX interesadas en bienestar,9971,178,0.01785,4.82,860.55,1,586.56,0.68,Sunday
2024-07-31,GG-SRC-003,Google,Search,Clics,Intención: como perder peso en casa,289,20,0.06918,21.46,449.14,0,0.0,0.0,Wednesday
2024-02-18,FB-CON-001,Facebook,Consideracion,Trafico,Retargeting visitantes 30 días,4537,135,0.02975,5.65,767.63,3,2389.86,3.11,Sunday
2024-03-19,FB-AWA-001,Facebook,Awareness,Alcance,Mujeres 25-40 CDMX interesadas en bienestar,14242,164,0.01152,4.77,783.46,1,583.49,0.74,Tuesday
2024-03-26,GG-DSP-002,Google,Display,Impresiones,Remarketing sitio web 7 días,21649,235,0.01085,2.55,601.33,1,1097.72,1.83,Tuesday
2024-03-21,GG-SRC-001,Google,Search,Clics,Intención: cursos de yoga online MX,528,57,0.10794,20.37,1163.61,3,1667.24,1.43,Thursday
2024-08-03,FB-CON-001,Facebook,Consideracion,Trafico,Retargeting visitantes 30 días,4138,83,0.02005,6.54,543.88,1,544.25,1.0,Saturday
2024-11-24,FB-AWA-001,Facebook,Awareness,Alcance,Mujeres 25-40 CDMX interesadas en bienestar,7713,104,0.01348,5.79,608.35,0,0.0,0.0,Sunday
2024-01-12,GG-DSP-001,Google,Display,Impresiones,Afinidad: bienestar y fitness,25690,257,0.01,3.18,817.09,3,2289.4,2.8,Friday
2024-02-22,FB-CVR-002,Facebook,Conversion,Compras,Lookalike 3% suscriptores activos,2287,83,0.03628,11.13,923.65,5,1017.65,1.1,Thursday
2024-02-13,FB-CVR-001,Facebook,Conversion,Compras,Retargeting carrito abandonado,1997,91,0.04556,12.5,1138.57,5,3276.65,2.88,Tuesday
2024-06-05,FB-AWA-001,Facebook,Awareness,Alcance,Mujeres 25-40 CDMX interesadas en bienestar,11564,236,0.02041,4.42,1044.1,1,646.86,0.62,Wednesday
2024-06-26,FB-CON-001,Facebook,Consideracion,Trafico,Retargeting visitantes 30 días,3385,144,0.04253,7.28,1054.23,3,2322.29,2.2,Wednesday
2024-03-14,GG-SRC-003,Google,Search,Clics,Intención: como perder peso en casa,345,30,0.0868,19.52,602.03,1,484.3,0.8,Thursday
2024-01-20,GG-SRC-002,Google,Search,Clics,Intención: meditacion guiada online,615,58,0.09417,17.55,1018.12,6,4728.97,4.64,Saturday
2024-05-26,FB-CVR-002,Facebook,Conversion,Compras,Lookalike 3% suscriptores activos,1806,104,0.05758,12.13,1264.5,7,3969.8,3.14,Sunday
2024-04-13,FB-CVR-001,Facebook,Conversion,Compras,Retargeting carrito abandonado,2121,114,0.05374,10.41,1195.06,9,6119.55,5.12,Saturday
2024-01-09,FB-AWA-001,Facebook,Awareness,Alcance,Mujeres 25-40 CDMX interesadas en bienestar,15392,386,0.02508,3.38,1308.39,3,1314.07,1.0,Tuesday
2024-04-09,GG-YTB-001,Google,YouTube,Vistas,"Canal: wellness, yoga, fitness",4699,142,0.03022,6.13,871.42,1,709.61,0.81,Tuesday
2024-07-26,FB-CON-002,FB,Consideracion,,,3802,80,,6.52,528.41,1,890.96,1.69,Friday
2024-10-10,FB-CON-002,Facebook,Consideracion,Trafico,"Intereses: yoga, meditacion, fitness",4424,104,0.0235,6.41,668.04,2,1322.38,1.98,Thursday
2024-03-29,FB-CON-001,Facebook,Consideracion,Trafico,Retargeting visitantes 30 días,4266,145,0.03399,7.28,1061.4,4,2890.81,2.72,Friday
2024-10-07,GG-SRC-001,Google,Search,Clics,Intención: cursos de yoga online MX,528,47,0.08889,19.59,936.94,2,1036.83,1.11,Monday
2024-05-01,GG-YTB-001,Google,YouTube,Vistas,"Canal: wellness, yoga, fitness",7671,170,0.02216,6.09,1036.27,2,1528.32,1.47,Wednesday
2024-11-26,FB-CON-002,Facebook,Consideracion,Trafico,"Intereses: yoga, meditacion, fitness",3482,94,0.02699,8.48,797.53,1,974.67,1.22,Tuesday
2024-09-24,GG-DSP-002,Google,Display,Impresiones,Remarketing sitio web 7 días,19251,229,0.01189,2.84,650.04,2,1004.37,1.55,Tuesday
2024-09-02,GG-SRC-003,Google,Search,Clics,Intención: como perder peso en casa,360,29,0.08051,22.09,649.11,2,1544.26,2.38,Monday
2024-06-21,FB-CON-001,Facebook,Consideracion,Trafico,Retargeting visitantes 30 días,3838,127,0.03309,7.36,937.58,3,2724.71,2.91,Friday
2024-12-14,FB-CON-002,Facebook,Consideracion,Trafico,"Intereses: yoga, meditacion, fitness",3546,46,0.01297,6.93,325.49,0,0.0,0.0,Saturday
2024-09-14,FB-AWA-002,Facebook,Awareness,Alcance,Lookalike 1% compradores anteriores,10869,154,0.01417,3.38,521.4,1,497.67,0.95,Saturday
2024-03-07,FB-CVR-001,Facebook,Conversion,Compras,Retargeting carrito abandonado,1636,84,0.05132,12.31,1039.66,5,2899.71,2.79,Thursday
2024-12-15,FB-CVR-001,Facebook,Conversion,Compras,Retargeting carrito abandonado,1308,37,0.02827,14.28,542.04,1,598.8,1.1,Sunday
2024-11-21,FB-CVR-001,Facebook,Conversion,Compras,Retargeting carrito abandonado,1859,76,0.04088,11.89,905.62,4,2852.31,3.15,Thursday
2024-08-26,FB-CVR-002,Facebook,Conversion,Compras,Lookalike 3% suscriptores activos,2337,75,0.03209,10.87,816.12,4,2759.11,3.38,Monday
2024-05-12,GG-YTB-001,Google,YouTube,Vistas,"Canal: wellness, yoga, fitness",6084,145,0.02383,5.08,736.63,2,1284.13,1.74,Sunday
2024-01-30,FB-CVR-001,Facebook,Conversion,Compras,Retargeting carrito abandonado,2259,138,0.06109,13.27,1834.85,12,7448.06,4.06,Tuesday
2024-09-24,FB-AWA-001,Facebook,Awareness,Alcance,Mujeres 25-40 CDMX interesadas en bienestar,10188,176,0.01727,4.77,842.21,1,632.06,0.75,Tuesday
2024-12-05,GG-SRC-002,GOOGLE,Search,Clics,Intención: meditacion guiada online,467,21,0.04488,21.82,470.84,0,0.0,0.0,Thursday
2024-04-10,FB-AWA-002,Facebook,Awareness,Alcance,Lookalike 1% compradores anteriores,8570,216,0.0252,3.96,856.56,1,687.64,0.8,Wednesday
2024-10-28,FB-CVR-001,Facebook,Conversion,Compras,Retargeting carrito abandonado,1769,89,0.05029,13.79,1237.4,3,1790.87,1.45,Monday
2024-07-11,FB-CVR-002,Facebook,Conversion,Compras,Lookalike 3% suscriptores activos,1677,53,0.03159,13.34,714.7,1,679.03,0.95,Thursday
2024-10-27,GG-SRC-001,Google,Search,Clics,Intención: cursos de yoga online MX,878,48,0.05467,16.28,785.26,2,992.72,1.26,Sunday
2024-09-08,FB-AWA-001,Facebook,Awareness,Alcance,Mujeres 25-40 CDMX interesadas en bienestar,12085,187,0.01547,3.92,733.86,1,741.05,1.01,Sunday
2024-09-23,FB-AWA-002,Facebook,Awareness,Alcance,Lookalike 1% compradores anteriores,14534,259,0.01782,3.2,829.43,2,809.4,0.98,Monday
2024-07-08,GG-YTB-001,Google,YouTube,Vistas,"Canal: wellness, yoga, fitness",7465,111,0.01487,4.56,510.32,0,0.0,0.0,Monday
2024-04-27,FB-AWA-001,facebook,Awareness,Alcance,Mujeres 25-40 CDMX interesadas en bienestar,12448,204,0.01639,4.1,836.99,1,561.42,0.67,Saturday
2024-05-20,FB-CVR-001,Facebook,Conversion,Compras,Retargeting carrito abandonado,2237,119,0.05319,11.39,1364.7,8,4500.63,3.3,Monday
2024-07-12,FB-AWA-001,Facebook,Awareness,Alcance,Mujeres 25-40 CDMX interesadas en bienestar,11389,108,0.00948,4.86,527.79,0,0.0,0.0,Friday
2024-07-25,FB-CVR-002,Facebook,Conversion,Compras,Lookalike 3% suscriptores activos,1745,58,0.03322,10.95,644.55,2,1369.14,2.12,Thursday
2024-05-31,GG-SRC-001,Google,Search,Clics,Intención: cursos de yoga online MX,598,68,0.11368,19.12,1317.91,4,2510.08,1.9,Friday
2024-08-02,FB-AWA-002,Facebook,Awareness,Alcance,Lookalike 1% compradores anteriores,11376,132,0.0116,4.28,568.81,0,0.0,0.0,Friday
2024-07-23,GG-DSP-002,Google,Display,Impresiones,Remarketing sitio web 7 días,17620,118,0.0067,3.25,385.72,0,0.0,0.0,Tuesday
2024-11-23,FB-CVR-002,Facebook,Conversion,Compras,Lookalike 3% suscriptores activos,2416,87,0.03601,10.39,912.19,4,2732.89,3.0,Saturday
2024-06-29,GG-SRC-003,Google,Search,Clics,Intención: como perder peso en casa,427,38,0.08897,17.4,670.9,1,708.99,1.06,Saturday
2024-03-08,FB-CON-001,Facebook,Consideracion,Trafico,Retargeting visitantes 30 días,3334,122,0.03659,7.79,958.54,3,2375.2,2.48,Friday
2024-02-20,GG-DSP-001,Google,Display,Impresiones,Afinidad: bienestar y fitness,18999,195,0.01026,3.04,593.32,1,644.89,1.09,Tuesday
2024-11-15,FB-CVR-002,Facebook,Conversion,Compras,Lookalike 3% suscriptores activos,2995,108,0.03606,9.77,1056.47,6,2294.91,2.17,Friday
2024-03-08,GG-SRC-002,Google,Search,Clics,Intención: meditacion guiada online,254,32,0.12561,23.62,767.66,1,632.72,0.82,Friday
2024-09-14,GG-SRC-002,Google,Search,Clics,Intención: meditacion guiada online,642,35,0.05451,20.13,715.05,1,299.48,0.42,Saturday
2024-03-27,GG-YTB-001,Google,YouTube,Vistas,"Canal: wellness, yoga, fitness",9267,146,0.01575,5.15,752.96,1,727.9,0.97,Wednesday
2024-08-18,GG-YTB-001,Google,YouTube,Vistas,"Canal: wellness, yoga, fitness",5177,91,0.01757,5.52,504.86,0,0.0,0.0,Sunday
2024-10-16,FB-AWA-002,Meta,Awareness,Alcance,Lookalike 1% compradores anteriores,8379,141,0.01683,4.46,629.51,0,0.0,0.0,Wednesday
2024-02-24,FB-CON-001,Facebook,Consideracion,Trafico,Retargeting visitantes 30 días,3656,137,0.03747,6.11,841.81,3,2047.41,2.43,Saturday
2024-04-25,GG-SRC-003,Google,Search,Clics,Intención: como perder peso en casa,395,33,0.08339,23.26,789.36,1,675.8,0.86,Thursday
2024-10-21,GG-YTB-001,Google,YouTube,Vistas,"Canal: wellness, yoga, fitness",6225,123,0.01976,5.31,655.68,2,1909.19,2.91,Monday
2024-01-19,GG-YTB-001,Google,YouTube,Vistas,"Canal: wellness, yoga, fitness",6165,217,0.0352,6.21,1349.49,4,2487.79,1.84,Friday
2024-07-07,FB-CON-002,Facebook,Consideracion,Trafico,"Intereses: yoga, meditacion, fitness",3832,61,0.01592,6.39,393.97,0,0.0,0.0,Sunday
2024-03-15,FB-CVR-002,Facebook,Conversion,Compras,Lookalike 3% suscriptores activos,1635,88,0.05381,11.15,990.97,5,3308.73,3.34,Friday
2024-06-13,GG-SRC-002,Google,Search,Clics,Intención: meditacion guiada online,511,49,0.09573,20.11,989.16,2,1569.47,1.59,Thursday
2024-02-04,FB-CVR-001,Facebook,Conversion,Compras,Retargeting carrito abandonado,2068,87,0.04207,12.61,1101.01,4,2590.61,2.35,Sunday
2024-10-20,FB-CVR-002,Facebook,Conversion,Compras,Lookalike 3% suscriptores activos,1989,63,0.03167,12.77,815.7,3,2822.52,3.46,Sunday
2024-10-09,GG-DSP-001,Google,Display,Impresiones,Afinidad: bienestar y fitness,15453,165,0.01068,2.73,452.15,1,538.54,1.19,Wednesday
2024-06-13,GG-SRC-003,Google,Search,Clics,Intención: como perder peso en casa,326,27,0.08259,20.67,570.67,1,683.73,1.2,Thursday
2024-01-05,FB-CON-001,Facebook,Consideracion,Trafico,Retargeting visitantes 30 días,5188,275,0.05301,5.92,1630.08,8,6083.48,3.73,Friday
2024-12-29,GG-SRC-003,Google,Search,Clics,Intención: como perder peso en casa,251,10,0.03984,22.46,241.18,0,0.0,0.0,Sunday
2024-06-01,FB-CVR-001,Facebook,Conversion,Compras,Retargeting carrito abandonado,1593,101,0.06337,10.87,1104.46,7,6180.98,5.6,Saturday
2024-04-14,GG-SRC-003,Google Ads,Search,Clics,Intención: como perder peso en casa,357,33,0.09238,21.29,714.39,2,1223.65,1.71,Sunday
2024-12-05,FB-CVR-001,Facebook,Conversion,,,1675,43,,13.18,571.77,1,504.45,0.88,Thursday
2024-08-06,GG-DSP-001,Google,Display,Impresiones,Afinidad: bienestar y fitness,15635,133,0.00851,2.88,384.04,1,606.28,1.58,Tuesday
2024-01-16,GG-SRC-002,Google,Search,Clics,Intención: meditacion guiada online,502,60,0.11946,19.55,1188.09,4,3011.41,2.53,Tuesday
2024-11-18,GG-DSP-001,Google,Display,Impresiones,Afinidad: bienestar y fitness,27228,154,0.00566,3.11,478.33,0,0.0,0.0,Monday
2024-06-18,GG-YTB-001,Google,YouTube,Vistas,"Canal: wellness, yoga, fitness",6744,136,0.02016,5.1,698.43,2,1087.73,1.56,Tuesday
2024-06-03,FB-CON-001,Facebook,Consideracion,Trafico,Retargeting visitantes 30 días,3049,108,0.03541,7.6,823.57,2,1864.85,2.26,Monday
2024-04-11,GG-SRC-002,Google,Search,Clics,Intención: meditacion guiada online,661,46,0.06955,17.99,843.38,2,1282.94,1.52,Thursday
2024-12-03,FB-CON-001,Facebook,Consideracion,Trafico,Retargeting visitantes 30 días,3818,76,0.01991,6.39,491.73,0,0.0,0.0,Tuesday
2024-01-01,FB-CVR-001,Facebook,Conversion,Compras,Retargeting carrito abandonado,2112,143,0.06768,12.45,1783.73,11,4625.51,2.59,Monday
2024-06-15,GG-SRC-002,Google,Search,Clics,Intención: meditacion guiada online,321,29,0.09018,23.83,712.99,1,981.52,1.38,Saturday
2024-08-15,FB-CVR-001,Facebook,Conversion,Compras,Retargeting carrito abandonado,1650,61,0.03696,13.93,857.38,2,1343.97,1.57,Thursday
2024-10-17,FB-AWA-002,Facebook,Awareness,Alcance,Lookalike 1% compradores anteriores,9648,144,0.01492,4.18,603.81,0,0.0,0.0,Thursday
2024-11-27,FB-CVR-001,Facebook,Conversion,Compras,Retargeting carrito abandonado,2184,92,0.04211,11.84,1093.94,5,4061.58,3.71,Wednesday
2024-09-17,FB-CVR-002,Facebook,Conversion,Compras,Lookalike 3% suscriptores activos,1403,85,0.06054,13.54,1158.94,4,1604.9,1.38,Tuesday
2024-04-17,GG-SRC-003,Google,Search,Clics,Intención: como perder peso en casa,445,47,0.10546,18.14,859.63,2,1323.45,1.54,Wednesday
2024-02-14,FB-CVR-002,Facebook,Conversion,Compras,Lookalike 3% suscriptores activos,2133,137,0.06422,10.14,1398.2,9,5114.4,3.66,Wednesday
2024-04-19,GG-SRC-003,Google,Search,Clics,Intención: como perder peso en casa,471,50,0.10596,17.44,878.71,2,1009.58,1.15,Friday
2024-10-06,GG-DSP-002,Google,Display,Impresiones,Remarketing sitio web 7 días,17344,175,0.01009,2.62,460.6,1,665.94,1.45,Sunday
2024-04-21,GG-SRC-001,Google,Search,Clics,Intención: cursos de yoga online MX,738,69,0.09349,17.64,1222.19,5,2850.61,2.33,Sunday
2024-01-19,GG-SRC-002,Google,Search,Clics,Intención: meditacion guiada online,569,71,0.12475,18.45,1325.88,8,7445.81,5.62,Friday
2024-02-22,GG-YTB-001,Google,YouTube,Vistas,"Canal: wellness, yoga, fitness",5460,145,0.02655,5.02,728.78,2,1522.79,2.09,Thursday
2024-06-06,GG-SRC-001,Google,Search,Clics,Intención: cursos de yoga online MX,537,65,0.12098,18.19,1187.11,3,2620.6,2.21,Thursday
2024-04-09,FB-CON-001,Facebook,Consideracion,Trafico,Retargeting visitantes 30 días,3532,163,0.04614,8.14,1332.83,5,4198.6,3.15,Tuesday
2024-12-28,GG-DSP-001,Google,Display,Impresiones,Afinidad: bienestar y fitness,16095,67,0.00416,3.61,244.44,0,0.0,0.0,Saturday
19/04/2024,FB-CON-001,Facebook,Consideracion,Trafico,Retargeting visitantes 30 días,5947,227,0.03817,5.39,1227.99,9,5760.64,4.69,Friday
2024-08-26,FB-AWA-002,Meta,Awareness,Alcance,Lookalike 1% compradores anteriores,19086,129,0.00676,3.72,480.02,0,0.0,0.0,Monday
2024-04-11,GG-YTB-001,Google,YouTube,Vistas,"Canal: wellness, yoga, fitness",5931,161,0.02714,5.63,912.27,2,982.67,1.08,Thursday
2024-02-15,FB-CVR-002,Facebook,Conversion,Compras,Lookalike 3% suscriptores activos,2157,110,0.05097,11.6,1286.77,8,5642.07,4.38,Thursday
2024-03-21,FB-AWA-002,Facebook,Awareness,Alcance,Lookalike 1% compradores anteriores,8666,159,0.01835,4.35,695.23,0,0.0,0.0,Thursday
2024-12-13,GG-SRC-001,Google,Search,Clics,Intención: cursos de yoga online MX,597,26,0.04353,20.33,543.9,0,0.0,0.0,Friday
2024-06-21,FB-AWA-001,Facebook,Awareness,Alcance,Mujeres 25-40 CDMX interesadas en bienestar,13054,243,0.01861,4.02,978.1,1,691.3,0.71,Friday
2024-07-15,GG-SRC-001,Google,Search,Clics,Intención: cursos de yoga online MX,634,36,0.05676,17.99,651.79,1,462.56,0.71,Monday
2024-10-21,FB-AWA-001,Facebook,Awareness,Alcance,Mujeres 25-40 CDMX interesadas en bienestar,9034,136,0.01505,4.64,632.93,0,0.0,0.0,Monday
2024-11-14,GG-SRC-003,Google,Search,Clics,Intención: como perder peso en casa,460,32,0.06948,18.32,601.45,1,623.63,1.04,Thursday
2024-05-02,FB-CVR-001,Facebook,Conversion,Compras,Retargeting carrito abandonado,1435,92,0.0641,14.75,1366.9,8,6953.93,5.09,Thursday
2024-02-17,GG-SRC-003,Google,Search,Clics,Intención: como perder peso en casa,371,34,0.09159,18.69,636.92,2,1433.17,2.25,Saturday
2024-02-17,FB-CON-001,Facebook,Consideracion,Trafico,Retargeting visitantes 30 días,4703,138,0.02934,6.77,936.08,3,2363.61,2.53,Saturday
2024-02-24,GG-DSP-002,Google,Display,Impresiones,Remarketing sitio web 7 días,35848,279,0.00778,2.11,591.11,2,1479.32,2.5,Saturday
2024-05-14,GG-DSP-001,G Ads,Display,Impresiones,Afinidad: bienestar y fitness,16305,198,0.01214,3.65,725.39,2,898.4,1.24,Tuesday
2024-08-11,GG-SRC-002,Google,Search,Clics,Intención: meditacion guiada online,434,30,0.069,19.46,587.93,1,578.74,0.98,Sunday
2024-06-10,GG-SRC-001,Google,Search,Clics,Intención: cursos de yoga online MX,666,61,0.09156,18.71,1146.13,2,830.21,0.72,Monday
2024-05-02,GG-SRC-003,Google,Search,Clics,Intención: como perder peso en casa,340,43,0.12645,20.6,899.99,3,1642.46,1.82,Thursday
2024-08-18,FB-CON-002,Facebook,Consideracion,Trafico,"Intereses: yoga, meditacion, fitness",4142,103,0.02487,6.06,626.78,1,517.87,0.83,Sunday
2024-04-22,GG-SRC-002,Google,Search,Clics,Intención: meditacion guiada online,675,70,0.10362,15.34,1081.72,4,3090.72,2.86,Monday
2024-09-24,GG-YTB-001,Google,YouTube,Vistas,"Canal: wellness, yoga, fitness",8279,173,0.0209,5.07,877.11,1,429.37,0.49,Tuesday
2024-10-18,FB-CON-002,Facebook,Consideracion,Trafico,"Intereses: yoga, meditacion, fitness",3585,102,0.02845,6.61,679.77,2,598.24,0.88,Friday
2024-02-08,FB-AWA-001,Facebook,Awareness,Alcance,Mujeres 25-40 CDMX interesadas en bienestar,10195,179,0.01756,4.84,867.45,0,0.0,0.0,Thursday
2024-10-31,FB-AWA-001,Facebook,Awareness,Alcance,Mujeres 25-40 CDMX interesadas en bienestar,8717,131,0.01503,5.08,671.08,1,239.2,0.36,Thursday
2024-06-17,GG-DSP-001,google,Display,Impresiones,Afinidad: bienestar y fitness,16427,220,0.01339,3.01,662.8,2,1120.89,1.69,Monday
2024-02-18,GG-YTB-001,Google,YouTube,Vistas,"Canal: wellness, yoga, fitness",4897,107,0.02185,5.47,587.96,1,704.25,1.2,Sunday
2024-08-20,FB-CVR-001,FB,Conversion,Compras,Retargeting carrito abandonado,2264,72,0.0318,12.11,873.53,2,1333.98,1.53,Tuesday
2024-11-17,GG-DSP-002,Google,Display,Impresiones,Remarketing sitio web 7 días,16320,150,0.00919,2.79,419.31,1,653.05,1.56,Sunday
2024-07-25,FB-AWA-002,FB,Awareness,Alcance,Lookalike 1% compradores anteriores,7477,71,0.0095,4.95,352.75,0,0.0,0.0,Thursday
2024-03-20,GG-YTB-001,Google,YouTube,Vistas,"Canal: wellness, yoga, fitness",5196,128,0.02463,4.94,634.01,1,571.54,0.9,Wednesday
2024-12-11,GG-SRC-002,Google,Search,Clics,Intención: meditacion guiada online,519,23,0.04424,16.69,390.09,0,0.0,0.0,Wednesday
2024-10-18,FB-CVR-002,Facebook,Conversion,Compras,Lookalike 3% suscriptores activos,1828,74,0.04046,12.89,958.3,4,2958.41,3.09,Friday
2024-04-12,FB-CVR-002,Facebook,Conversion,Compras,Lookalike 3% suscriptores activos,1571,102,0.06492,11.49,1182.81,7,5343.95,4.52,Friday
2024-05-12,GG-SRC-001,Google,Search,Clics,Intención: cursos de yoga online MX,639,70,0.1094,18.44,1293.47,5,3788.31,2.93,Sunday
2024-11-11,GG-DSP-002,Google,Display,Impresiones,,16882,144,0.00853,3.69,532.45,0,0.0,0.0,Monday
2024-05-16,FB-AWA-002,Facebook,Awareness,Alcance,Lookalike 1% compradores anteriores,13437,219,0.0163,4.33,951.45,1,352.02,0.37,Thursday
2024-01-03,GG-SRC-001,Google,Search,Clics,Intención: cursos de yoga online MX,904,109,0.12046,17.79,1940.39,10,4499.85,2.32,Wednesday
2024-11-19,FB-AWA-001,Facebook,Awareness,Alcance,Mujeres 25-40 CDMX interesadas en bienestar,13155,176,0.01338,3.74,660.38,0,0.0,0.0,Tuesday
2024-02-20,FB-CON-001,Facebook,Consideracion,Trafico,Retargeting visitantes 30 días,4191,151,0.03602,6.18,935.74,2,1502.38,1.61,Tuesday
2024-10-17,GG-DSP-001,Google,Display,Impresiones,Afinidad: bienestar y fitness,13703,146,0.01065,3.51,514.24,1,749.86,1.46,Thursday
12-02-2024,FB-CVR-001,Facebook,Conversion,Compras,Retargeting carrito abandonado,2410,58,0.02407,10.61,622.47,0,0.0,0.0,Monday
2024-02-23,FB-CVR-001,Facebook,Conversion,Compras,Retargeting carrito abandonado,2562,127,0.04956,10.72,1369.51,9,7131.22,5.21,Friday
2024-05-24,GG-SRC-002,Google,Search,Clics,Intención: meditacion guiada online,552,48,0.08689,22.74,1101.41,2,1213.85,1.1,Friday
2024-02-13,FB-AWA-001,Facebook,Awareness,Alcance,Mujeres 25-40 CDMX interesadas en bienestar,17475,270,0.01545,3.58,968.83,1,850.82,0.88,Tuesday
2024-06-03,GG-SRC-001,Google,Search,Clics,Intención: cursos de yoga online MX,715,72,0.10063,16.33,1186.01,4,2324.51,1.96,Monday
2024-12-03,GG-SRC-002,G Ads,Search,Clics,,350,18,0.05142,19.6,358.81,0,0.0,0.0,Tuesday
2024-11-14,FB-CVR-002,Facebook,Conversion,Compras,Lookalike 3% suscriptores activos,1572,72,0.04579,13.75,1003.56,3,1073.23,1.07,Thursday
2024-10-11,GG-SRC-001,Google Ads,Search,Clics,Intención: cursos de yoga online MX,939,54,0.05745,20.51,1112.06,2,1012.16,0.91,Friday
2024-09-18,FB-AWA-002,Meta,Awareness,Alcance,Lookalike 1% compradores anteriores,10188,155,0.01521,4.55,707.17,0,0.0,0.0,Wednesday
2024-09-03,FB-CVR-002,Facebook,Conversion,Compras,Lookalike 3% suscriptores activos,2010,79,0.0393,13.64,1089.33,5,2215.48,2.03,Tuesday
2024-09-12,GG-DSP-001,Google,Display,Impresiones,Afinidad: bienestar y fitness,16897,162,0.00959,3.34,541.28,1,737.04,1.36,Thursday
2024-01-03,GG-DSP-001,Google,Display,Impresiones,Afinidad: bienestar y fitness,16522,292,0.01767,2.94,861.04,4,2790.5,3.24,Wednesday
2024-09-13,GG-DSP-002,Google,Display,Impresiones,Remarketing sitio web 7 días,26350,237,0.00899,2.55,604.52,1,681.49,1.13,Friday
2024-09-24,FB-CON-002,Facebook,Consideracion,Trafico,"Intereses: yoga, meditacion, fitness",5046,195,0.03864,5.08,991.97,6,5389.13,5.43,Tuesday
2024-11-27,FB-AWA-001,Facebook,Awareness,Alcance,Mujeres 25-40 CDMX interesadas en bienestar,11379,145,0.01274,4.93,716.38,0,0.0,0.0,Wednesday
2024-09-20,GG-SRC-001,Google,Search,Clics,Intención: cursos de yoga online MX,606,52,0.08572,21.92,1144.68,3,1636.67,1.43,Friday
2024-07-19,FB-CON-001,Facebook,Consideracion,Trafico,Retargeting visitantes 30 días,3617,72,0.01991,8.03,580.56,0,0.0,0.0,Friday
2024-09-12,FB-AWA-002,Facebook,Awareness,Alcance,Lookalike 1% compradores anteriores,8487,147,0.01732,4.5,664.06,0,0.0,0.0,Thursday
2024-09-24,GG-SRC-002,Google,Search,Clics,Intención: meditacion guiada online,533,44,0.08253,19.15,860.42,2,1133.17,1.32,Tuesday
2024-02-11,FB-CON-001,Facebook,Consideracion,Trafico,Retargeting visitantes 30 días,3322,111,0.03341,7.81,869.38,2,1521.07,1.75,Sunday
2024-05-29,GG-DSP-001,Google,Display,Impresiones,Afinidad: bienestar y fitness,16689,176,0.01055,3.48,613.49,2,1814.96,2.96,Wednesday
2024-12-13,GG-DSP-002,Google,Display,Impresiones,Remarketing sitio web 7 días,13279,79,0.00595,3.6,284.94,0,0.0,0.0,Friday
2024-12-31,GG-DSP-001,Google,Display,Impresiones,Afinidad: bienestar y fitness,13388,83,0.0062,3.36,281.91,0,0.0,0.0,Tuesday
2024-08-10,GG-YTB-001,Google,YouTube,Vistas,"Canal: wellness, yoga, fitness",5626,80,0.01422,5.27,426.05,0,0.0,0.0,Saturday
2024-08-09,FB-CVR-002,Facebook,Conversion,,,1945,75,,11.63,880.01,2,947.39,1.08,Friday
2024-04-15,FB-CON-002,Facebook,Consideracion,Trafico,"Intereses: yoga, meditacion, fitness",3984,145,0.03639,7.75,1126.69,2,814.2,0.72,Monday
2024-08-28,FB-CVR-002,Facebook,Conversion,,,1803,84,,10.95,930.21,5,2433.68,2.62,Wednesday
2024-12-25,FB-AWA-002,Facebook,Awareness,Alcance,Lookalike 1% compradores anteriores,8293,72,0.00868,4.54,327.12,0,0.0,0.0,Wednesday
2024-08-20,GG-YTB-001,GOOGLE,YouTube,Vistas,"Canal: wellness, yoga, fitness",4726,94,0.01989,6.26,593.76,0,0.0,0.0,Tuesday
2024-09-15,FB-CON-002,Facebook,Consideracion,Trafico,"Intereses: yoga, meditacion, fitness",3181,107,0.03363,7.02,754.88,2,792.39,1.05,Sunday
2024-09-21,GG-DSP-001,Google,Display,Impresiones,Afinidad: bienestar y fitness,17416,163,0.00936,3.46,565.67,1,681.11,1.2,Saturday
2024-10-29,GG-SRC-002,Google,Search,Clics,Intención: meditacion guiada online,467,38,0.08134,19.21,732.03,1,377.68,0.52,Tuesday
2024-03-17,FB-AWA-001,Facebook,Awareness,Alcance,Mujeres 25-40 CDMX interesadas en bienestar,9044,132,0.0146,5.19,689.24,0,0.0,0.0,Sunday
2024-02-13,FB-CVR-002,Facebook,Conversion,Compras,Lookalike 3% suscriptores activos,2005,103,0.05136,10.67,1099.74,7,5727.6,5.21,Tuesday
2024-11-02,FB-CON-002,Facebook,Consideracion,Trafico,"Intereses: yoga, meditacion, fitness",3890,85,0.02185,7.36,627.31,1,771.8,1.23,Saturday
2024-04-05,FB-AWA-002,Facebook,Awareness,Alcance,Lookalike 1% compradores anteriores,10494,186,0.01772,4.07,760.16,1,775.26,1.02,Friday
2024-06-24,FB-CON-002,Facebook,Consideracion,Trafico,"Intereses: yoga, meditacion, fitness",5238,162,0.03092,6.68,1084.0,2,1172.21,1.08,Monday
2024-01-23,GG-SRC-002,Google,Search,Clics,Intención: meditacion guiada online,528,70,0.13233,17.21,1212.23,4,2177.97,1.8,Tuesday
2024-05-16,GG-DSP-002,Google,Display,Impresiones,Remarketing sitio web 7 días,17341,220,0.01269,3.45,760.19,2,1817.71,2.39,Thursday
2024-03-17,GG-DSP-002,Google,Display,Impresiones,Remarketing sitio web 7 días,12815,136,0.01061,2.97,405.66,1,654.1,1.61,Sunday
2024-07-21,GG-SRC-001,Google,Search,Clics,Intención: cursos de yoga online MX,870,37,0.04251,14.42,539.66,1,465.34,0.86,Sunday
2024-04-17,FB-AWA-002,Facebook,Awareness,Alcance,Lookalike 1% compradores anteriores,9374,182,0.01941,5.05,920.02,2,1494.38,1.62,Wednesday
2024-12-06,FB-CON-001,Facebook,Consideracion,Trafico,Retargeting visitantes 30 días,5932,102,0.01719,5.15,525.48,1,553.77,1.05,Friday
2024-07-28,FB-AWA-002,Facebook,Awareness,Alcance,Lookalike 1% compradores anteriores,13356,81,0.00606,4.03,328.79,0,0.0,0.0,Sunday
2024-12-24,GG-DSP-001,Google,Display,Impresiones,Afinidad: bienestar y fitness,12530,67,0.00535,3.77,253.49,0,0.0,0.0,Tuesday
2024-08-19,FB-CON-001,Facebook,Consideracion,Trafico,Retargeting visitantes 30 días,3785,98,0.02589,7.43,730.16,1,766.65,1.05,Monday
2024-03-15,FB-CON-001,Facebook,Consideracion,Trafico,Retargeting visitantes 30 días,4055,118,0.0291,8.17,967.66,1,863.06,0.89,Friday
2024-03-23,GG-DSP-001,Google,Display,Impresiones,Afinidad: bienestar y fitness,13488,121,0.00897,3.7,448.99,1,862.91,1.92,Saturday
2024-06-09,GG-YTB-001,Google,YouTube,Vistas,"Canal: wellness, yoga, fitness",3518,91,0.02586,5.76,524.42,1,794.9,1.52,Sunday
2024-12-17,GG-SRC-003,Google,Search,Clics,Intención: como perder peso en casa,297,15,0.05045,20.46,311.53,0,0.0,0.0,Tuesday
2024-07-29,FB-AWA-002,Facebook,Awareness,Alcance,Lookalike 1% compradores anteriores,7123,92,0.01291,4.09,377.93,0,0.0,0.0,Monday
2024-10-18,FB-CVR-001,Facebook,Conversion,Compras,Retargeting carrito abandonado,2622,88,0.03356,11.59,1026.11,4,2651.8,2.58,Friday
2024-01-24,GG-SRC-001,Google,Search,Clics,Intención: cursos de yoga online MX,501,94,0.18754,18.49,1745.28,8,5306.38,3.04,Wednesday
2024-09-17,GG-DSP-002,Google,Display,Impresiones,Remarketing sitio web 7 días,19501,187,0.00959,3.46,647.84,2,892.08,1.38,Tuesday
2024-01-12,FB-AWA-001,Facebook,Awareness,Alcance,Mujeres 25-40 CDMX interesadas en bienestar,17508,390,0.02228,3.83,1496.48,2,1786.21,1.19,Friday
2024-08-11,GG-DSP-001,Google,Display,Impresiones,Afinidad: bienestar y fitness,17801,121,0.0068,2.78,339.33,0,0.0,0.0,Sunday
2024-09-28,FB-CON-002,Facebook,Consideracion,Trafico,"Intereses: yoga, meditacion, fitness",2819,107,0.03795,6.63,711.06,3,1877.03,2.64,Saturday
2024-06-05,FB-AWA-002,Facebook,Awareness,Alcance,Lookalike 1% compradores anteriores,6666,141,0.02115,5.36,757.62,0,0.0,0.0,Wednesday
2024-03-15,GG-SRC-001,Google,Search,Clics,Intención: cursos de yoga online MX,549,41,0.07463,21.5,883.98,2,1279.64,1.45,Friday
2024-10-15,FB-CVR-002,facebook,Conversion,Compras,Lookalike 3% suscriptores activos,1361,58,0.0426,15.58,907.8,2,1194.34,1.32,Tuesday
2024-05-09,GG-YTB-001,Google,YouTube,Vistas,"Canal: wellness, yoga, fitness",7147,208,0.0291,4.73,985.47,3,1190.99,1.21,Thursday
2024-12-04,GG-DSP-001,Google,Display,Impresiones,Afinidad: bienestar y fitness,16268,84,0.00516,3.59,305.02,0,0.0,0.0,Wednesday
2024-05-25,FB-CON-001,Facebook,Consideracion,Trafico,Retargeting visitantes 30 días,2987,114,0.03816,8.91,1020.34,2,653.27,0.64,Saturday
2024-03-18,FB-AWA-002,Facebook,Awareness,Alcance,Lookalike 1% compradores anteriores,9968,136,0.01364,5.27,717.3,0,0.0,0.0,Monday
2024-09-09,FB-CON-002,Facebook,Consideracion,Trafico,"Intereses: yoga, meditacion, fitness",3121,112,0.03588,8.42,949.99,1,517.51,0.54,Monday
2024-08-29,FB-CVR-001,Facebook,Conversion,Compras,Retargeting carrito abandonado,2010,71,0.03532,11.66,829.12,2,471.24,0.57,Thursday
2024-06-01,GG-DSP-002,Google,Display,Impresiones,Remarketing sitio web 7 días,17355,155,0.00893,3.39,526.94,1,715.03,1.36,Saturday
2024-01-11,GG-DSP-001,Google,Display,Impresiones,Afinidad: bienestar y fitness,16029,250,0.0156,3.38,846.01,3,2455.8,2.9,Thursday
2024-04-17,GG-YTB-001,Google,YouTube,Vistas,"Canal: wellness, yoga, fitness",5064,197,0.0389,4.93,973.53,3,1595.71,1.64,Wednesday
2024-08-04,GG-DSP-001,Google,Display,Impresiones,Afinidad: bienestar y fitness,13102,109,0.00832,3.53,387.16,0,0.0,0.0,Sunday
2024-12-21,FB-AWA-001,Facebook,Awareness,Alcance,Mujeres 25-40 CDMX interesadas en bienestar,9285,72,0.00775,4.64,338.85,0,0.0,0.0,Saturday
2024-03-26,GG-DSP-001,Google,Display,Impresiones,Afinidad: bienestar y fitness,14765,153,0.01036,3.66,560.7,1,133.79,0.24,Tuesday
2024-10-06,FB-CVR-001,Meta,Conversion,Compras,Retargeting carrito abandonado,1355,59,0.04351,14.19,846.44,3,2156.99,2.55,Sunday
2024-03-26,GG-SRC-003,Google,Search,Clics,Intención: como perder peso en casa,443,32,0.07214,19.93,650.99,1,272.95,0.42,Tuesday
2024-11-27,FB-CON-002,Facebook,Consideracion,Trafico,"Intereses: yoga, meditacion, fitness",4562,105,0.02302,6.79,715.93,1,1102.28,1.54,Wednesday
2024-08-12,FB-CVR-001,Facebook,Conversion,Compras,Retargeting carrito abandonado,1723,67,0.03888,12.65,859.38,2,1701.53,1.98,Monday
2024-10-03,GG-SRC-002,Google,Search,Clics,Intención: meditacion guiada online,433,43,0.09929,18.45,798.78,1,749.7,0.94,Thursday
2024-05-04,GG-DSP-001,Google,Display,Impresiones,Afinidad: bienestar y fitness,11643,180,0.01546,3.06,552.95,1,761.68,1.38,Saturday
2024-09-03,FB-CVR-001,Facebook,Conversion,Compras,Retargeting carrito abandonado,2464,120,0.0487,10.76,1298.99,6,3466.63,2.67,Tuesday
2024-08-23,FB-AWA-001,Facebook,Awareness,Alcance,Mujeres 25-40 CDMX interesadas en bienestar,9658,115,0.01191,5.32,616.32,0,0.0,0.0,Friday
2024-02-03,GG-SRC-002,Google,Search,Clics,Intención: meditacion guiada online,389,38,0.09745,16.58,640.62,2,1438.84,2.25,Saturday
2024-11-13,GG-DSP-002,Google,Display,Impresiones,Remarketing sitio web 7 días,17027,169,0.00993,3.14,531.19,1,579.95,1.09,Wednesday
2024-07-13,FB-CON-002,FACEBOOK,Consideracion,Trafico,,4341,72,0.01659,5.69,409.76,0,0.0,0.0,Saturday
2024-05-10,FB-AWA-002,Facebook,Awareness,Alcance,Lookalike 1% compradores anteriores,10811,195,0.01804,4.47,874.99,1,752.52,0.86,Friday
2024-05-22,FB-CVR-002,Facebook,Conversion,Compras,Lookalike 3% suscriptores activos,1410,113,0.0801,14.2,1607.01,9,5480.54,3.41,Wednesday
2024-11-08,FB-AWA-001,Facebook,Awareness,Alcance,Mujeres 25-40 CDMX interesadas en bienestar,6958,106,0.01523,5.75,610.35,0,0.0,0.0,Friday
2024-02-13,FB-CON-002,Facebook,Consideracion,Trafico,"Intereses: yoga, meditacion, fitness",5496,182,0.03311,5.72,1041.81,4,2769.18,2.66,Tuesday
2024-08-22,FB-CVR-002,Facebook,Conversion,Compras,Lookalike 3% suscriptores activos,1544,65,0.04208,13.31,875.18,2,1441.23,1.65,Thursday
2024-08-20,GG-SRC-003,Google Ads,Search,Clics,Intención: como perder peso en casa,376,30,0.07978,15.01,453.97,1,656.32,1.45,Tuesday
2024-02-24,GG-SRC-001,Google,Search,Clics,Intención: cursos de yoga online MX,705,60,0.08507,15.74,959.38,3,1874.31,1.95,Saturday
2024-02-23,FB-CON-002,Facebook,Consideracion,Trafico,"Intereses: yoga, meditacion, fitness",3867,133,0.03439,6.98,932.95,4,3240.54,3.47,Friday
2024-08-15,GG-SRC-002,Google,Search,Clics,Intención: meditacion guiada online,404,31,0.07655,19.07,604.64,1,714.84,1.18,Thursday
2024-01-07,FB-CON-002,Facebook,Consideracion,Trafico,"Intereses: yoga, meditacion, fitness",3103,152,0.04898,7.0,1064.85,5,2867.28,2.69,Sunday
2024-09-18,GG-DSP-001,Google,Display,Impresiones,Afinidad: bienestar y fitness,17069,147,0.00861,3.35,495.44,1,614.3,1.24,Wednesday
2024-12-18,FB-AWA-002,Facebook,Awareness,Alcance,Lookalike 1% compradores anteriores,8245,65,0.00788,4.94,322.97,0,0.0,0.0,Wednesday
2024-06-17,GG-SRC-001,Google,Search,Clics,Intención: cursos de yoga online MX,894,72,0.08046,15.26,1102.3,4,2972.11,2.7,Monday
2024-08-14,FB-CON-002,Facebook,Consideracion,Trafico,"Intereses: yoga, meditacion, fitness",2239,82,0.03661,6.82,564.12,1,854.24,1.51,Wednesday
2024-01-20,GG-DSP-002,Google,Display,Impresiones,Remarketing sitio web 7 días,15230,229,0.01504,3.48,797.5,3,2307.16,2.89,Saturday
2024-12-15,GG-SRC-002,Google,Search,Clics,Intención: meditacion guiada online,432,19,0.04395,17.35,340.76,0,0.0,0.0,Sunday
2024-06-04,GG-DSP-002,Google,Display,Impresiones,Remarketing sitio web 7 días,14241,206,0.01446,3.16,654.26,2,1226.76,1.88,Tuesday
2024-07-28,FB-CON-001,Facebook,Consideracion,Trafico,Retargeting visitantes 30 días,3719,70,0.01882,6.71,476.03,0,0.0,0.0,Sunday
2024-10-02,GG-SRC-003,Google,Search,Clics,Intención: como perder peso en casa,369,31,0.08394,17.03,534.14,1,732.79,1.37,Wednesday
2024-01-25,FB-CON-001,Meta,Consideracion,Trafico,Retargeting visitantes 30 días,3902,176,0.0451,6.68,1179.61,5,3737.44,3.17,Thursday
2024-07-16,GG-SRC-002,Google,Search,Clics,Intención: meditacion guiada online,867,29,0.03341,16.06,478.88,0,0.0,0.0,Tuesday
2024-10-28,FB-CVR-002,Facebook,Conversion,Compras,Lookalike 3% suscriptores activos,1680,90,0.05354,11.79,1063.79,4,3046.64,2.86,Monday
2024-02-17,FB-CVR-001,Facebook,Conversion,Compras,Retargeting carrito abandonado,1490,78,0.05233,11.09,870.02,3,1645.63,1.89,Saturday
2024-10-16,FB-CON-001,Facebook,Consideracion,Trafico,,5724,178,0.03109,4.74,844.66,3,1537.95,1.82,Wednesday
2024-07-08,FB-CVR-001,Facebook,Conversion,Compras,Retargeting carrito abandonado,1855,63,0.03395,11.14,712.99,2,873.44,1.23,Monday
2024-01-26,FB-AWA-001,Facebook,Awareness,Alcance,Mujeres 25-40 CDMX interesadas en bienestar,10718,243,0.02267,5.06,1233.63,2,1893.45,1.53,Friday
2024-04-24,GG-DSP-001,Google,Display,Impresiones,Afinidad: bienestar y fitness,11340,182,0.01605,3.26,594.96,0,0.0,0.0,Wednesday
2024-06-16,FB-CON-002,Facebook,Consideracion,Trafico,"Intereses: yoga, meditacion, fitness",4340,144,0.03317,6.49,934.36,3,2081.03,2.23,Sunday
2024-08-30,FB-CON-001,Facebook,Consideracion,Trafico,Retargeting visitantes 30 días,4700,112,0.02383,6.89,774.07,2,961.1,1.24,Friday
2024-07-22,FB-AWA-002,Facebook,Awareness,Alcance,Lookalike 1% compradores anteriores,8270,90,0.01088,4.73,428.16,0,0.0,0.0,Monday
2024-01-13,GG-DSP-001,GOOGLE,Display,Impresiones,Afinidad: bienestar y fitness,13143,230,0.0175,2.93,676.68,2,794.1,1.17,Saturday
2024-01-28,FB-CVR-002,Facebook,Conversion,Compras,Lookalike 3% suscriptores activos,1361,108,0.07932,13.38,1448.48,10,8900.99,6.15,Sunday
2024-08-30,GG-DSP-002,Google,Display,Impresiones,Remarketing sitio web 7 días,17401,143,0.00822,2.69,387.03,1,873.3,2.26,Friday
2024-05-28,GG-SRC-001,Google,Search,Clics,Intención: cursos de yoga online MX,875,77,0.08792,16.98,1316.37,4,2639.51,2.01,Tuesday
2024-09-09,GG-SRC-003,Google,Search,Clics,Intención: como perder peso en casa,427,38,0.08899,18.54,717.47,1,758.45,1.06,Monday
2024-06-04,FB-CON-001,facebook,Consideracion,Trafico,Retargeting visitantes 30 días,3740,179,0.04786,6.68,1198.6,5,2447.25,2.04,Tuesday
2024-08-10,GG-DSP-002,Google,Display,Impresiones,Remarketing sitio web 7 días,19048,148,0.00777,2.58,382.95,0,0.0,0.0,Saturday
2024-07-15,GG-DSP-001,Google,Display,Impresiones,Afinidad: bienestar y fitness,12218,76,0.00622,3.69,281.33,0,0.0,0.0,Monday
2024-06-02,GG-SRC-002,Google,Search,Clics,Intención: meditacion guiada online,444,37,0.08323,18.77,708.28,1,758.73,1.07,Sunday
2024-10-04,GG-DSP-001,Google,Display,Impresiones,Afinidad: bienestar y fitness,20102,188,0.00935,2.92,549.77,1,764.81,1.39,Friday
2024-03-29,FB-AWA-001,Facebook,Awareness,Alcance,Mujeres 25-40 CDMX interesadas en bienestar,7967,149,0.0187,4.95,739.58,0,0.0,0.0,Friday
2024-12-11,GG-SRC-001,Google,Search,Clics,Intención: cursos de yoga online MX,696,28,0.0402,20.16,579.38,0,0.0,0.0,Wednesday
2024-09-07,FB-CVR-002,Facebook,Conversion,Compras,Lookalike 3% suscriptores activos,2306,114,0.04942,10.67,1225.14,7,4765.37,3.89,Saturday
2024-12-17,FB-AWA-001,Facebook,Awareness,Alcance,Mujeres 25-40 CDMX interesadas en bienestar,15778,90,0.0057,4.74,428.51,0,0.0,0.0,Tuesday
2024-05-07,GG-DSP-002,Google,Display,Impresiones,Remarketing sitio web 7 días,18805,236,0.01255,3.02,714.43,2,1448.28,2.03,Tuesday
2024-02-28,FB-CVR-002,Facebook,Conversion,Compras,Lookalike 3% suscriptores activos,2100,92,0.0438,14.4,1330.84,7,5386.77,4.05,Wednesday
2024-07-08,GG-DSP-002,Google,Display,Impresiones,Remarketing sitio web 7 días,22309,108,0.00484,3.49,379.97,0,0.0,0.0,Monday
2024-05-11,FB-CON-001,Meta,Consideracion,Trafico,Retargeting visitantes 30 días,4082,159,0.03895,7.41,1186.05,4,2166.23,1.83,Saturday
2024-06-17,FB-CVR-001,Facebook,Conversion,Compras,Retargeting carrito abandonado,1270,85,0.06689,13.83,1177.55,4,3482.45,2.96,Monday
2024-04-11,FB-CVR-001,Facebook,Conversion,Compras,Retargeting carrito abandonado,2122,109,0.05135,13.23,1452.53,8,5712.95,3.93,Thursday
2024-10-05,GG-DSP-001,G Ads,Display,Impresiones,Afinidad: bienestar y fitness,18237,138,0.00757,2.93,405.78,1,814.01,2.01,Saturday
2024-04-24,GG-YTB-001,Google,YouTube,Vistas,"Canal: wellness, yoga, fitness",6036,165,0.02733,5.47,904.91,2,1039.21,1.15,Wednesday
2024-10-17,GG-SRC-001,Google,Search,Clics,Intención: cursos de yoga online MX,709,60,0.08463,17.36,1044.64,2,870.6,0.83,Thursday
2024-01-27,GG-DSP-001,Google,Display,Impresiones,Afinidad: bienestar y fitness,18417,253,0.01374,3.15,799.44,3,1567.36,1.96,Saturday
2024-12-16,FB-CON-002,Facebook,Consideracion,Trafico,"Intereses: yoga, meditacion, fitness",3018,56,0.01855,7.19,408.31,0,0.0,0.0,Monday
2024-04-30,FB-CON-002,Facebook,Consideracion,Trafico,"Intereses: yoga, meditacion, fitness",3698,150,0.04055,7.19,1085.46,6,2931.25,2.7,Tuesday
2024-01-07,GG-SRC-002,Google,Search,Clics,Intención: meditacion guiada online,403,61,0.15109,18.26,1126.62,5,3810.74,3.38,Sunday
2024-08-05,GG-SRC-001,Google,Search,Clics,Intención: cursos de yoga online MX,616,41,0.06652,20.03,838.29,1,504.79,0.6,Monday
2024-08-28,GG-SRC-002,Google,Search,Clics,Intención: meditacion guiada online,531,38,0.07153,16.4,634.8,1,501.05,0.79,Wednesday
2024-02-15,GG-YTB-001,Google,YouTube,Vistas,"Canal: wellness, yoga, fitness",5076,136,0.02679,5.9,807.17,2,932.46,1.16,Thursday
2024-07-07,GG-DSP-002,Google,Display,Impresiones,,15643,73,0.00467,2.91,215.02,0,0.0,0.0,Sunday
2024-06-27,FB-AWA-001,Facebook,Awareness,Alcance,Mujeres 25-40 CDMX interesadas en bienestar,13020,216,0.01659,4.19,908.91,1,543.77,0.6,Thursday
2024-03-28,GG-YTB-001,Google,YouTube,Vistas,"Canal: wellness, yoga, fitness",7572,164,0.02166,4.74,781.37,2,1032.35,1.32,Thursday
2024-10-28,GG-DSP-002,google,Display,Impresiones,Remarketing sitio web 7 días,22011,228,0.01036,2.84,649.2,1,853.62,1.31,Monday
2024-03-13,GG-SRC-003,Google,Search,Clics,Intención: como perder peso en casa,618,36,0.05816,17.79,651.85,2,1417.21,2.17,Wednesday
2024-06-24,FB-CVR-001,Facebook,Conversion,Compras,Retargeting carrito abandonado,2394,119,0.04969,11.34,1354.62,5,3312.63,2.45,Monday
2024-03-01,FB-CVR-001,FACEBOOK,Conversion,Compras,Retargeting carrito abandonado,2346,115,0.049,10.59,1218.72,8,8216.05,6.74,Friday
2024-07-17,GG-DSP-001,Google,Display,Impresiones,Afinidad: bienestar y fitness,20277,138,0.00681,2.43,336.27,0,0.0,0.0,Wednesday
2024-08-07,FB-AWA-001,Facebook,Awareness,Alcance,Mujeres 25-40 CDMX interesadas en bienestar,10483,138,0.01316,4.88,677.88,0,0.0,0.0,Wednesday
2024-01-06,GG-DSP-002,Google,Display,Impresiones,Remarketing sitio web 7 días,17061,281,0.01647,2.89,811.04,5,2432.61,3.0,Saturday
2024-04-13,FB-AWA-001,Facebook,Awareness,Alcance,Mujeres 25-40 CDMX interesadas en bienestar,9325,196,0.02102,4.62,906.02,1,254.26,0.28,Saturday
2024-05-23,FB-AWA-002,Facebook,Awareness,Alcance,Lookalike 1% compradores anteriores,10262,256,0.02495,3.39,870.39,2,866.88,1.0,Thursday
2024-05-01,FB-CON-001,Facebook,Consideracion,Trafico,Retargeting visitantes 30 días,4247,182,0.04285,7.14,1302.67,5,2951.65,2.27,Wednesday
2024-02-17,GG-YTB-001,Google,YouTube,Vistas,"Canal: wellness, yoga, fitness",5058,118,0.02333,6.12,724.63,1,714.66,0.99,Saturday
2024-08-01,GG-DSP-002,GOOGLE,Display,Impresiones,Remarketing sitio web 7 días,12616,134,0.01062,2.83,380.83,0,0.0,0.0,Thursday
2024-09-12,FB-CON-002,Facebook,Consideracion,Trafico,"Intereses: yoga, meditacion, fitness",4600,163,0.03543,6.53,1066.08,4,2497.09,2.34,Thursday
2024-10-11,GG-DSP-002,Google,Display,Impresiones,Remarketing sitio web 7 días,22111,161,0.00728,3.06,494.86,1,756.59,1.53,Friday
2024-09-15,FB-CVR-001,Facebook,Conversion,Compras,Retargeting carrito abandonado,2320,92,0.03965,11.04,1020.89,5,3541.47,3.47,Sunday
2024-02-26,FB-CVR-001,Facebook,Conversion,Compras,Retargeting carrito abandonado,1788,110,0.06151,12.84,1421.21,6,4465.36,3.14,Monday
2024-10-01,GG-DSP-002,Google,Display,Impresiones,Remarketing sitio web 7 días,21642,170,0.00786,3.46,591.25,1,783.83,1.33,Tuesday
2024-02-05,FB-AWA-001,Facebook,Awareness,Alcance,Mujeres 25-40 CDMX interesadas en bienestar,16788,175,0.01042,4.35,762.77,1,968.23,1.27,Monday
2024-02-24,FB-CVR-001,Facebook,Conversion,Compras,Retargeting carrito abandonado,1680,79,0.047,12.13,968.18,3,3125.69,3.23,Saturday
2024-07-06,GG-SRC-001,Google,Search,Clics,Intención: cursos de yoga online MX,671,28,0.04168,17.43,497.72,0,0.0,0.0,Saturday
2024-01-28,GG-YTB-001,Google,YouTube,Vistas,"Canal: wellness, yoga, fitness",4366,160,0.03664,5.15,825.19,2,366.51,0.44,Sunday
2024-10-21,GG-DSP-001,Google,Display,,,17245,153,,3.23,494.49,1,326.27,0.66,Monday
2024-10-26,FB-AWA-002,Facebook,Awareness,Alcance,Lookalike 1% compradores anteriores,8329,100,0.012,4.66,470.14,0,0.0,0.0,Saturday
2024-02-26,GG-SRC-001,Google,Search,Clics,Intención: cursos de yoga online MX,790,58,0.07335,19.77,1160.48,3,1038.46,0.89,Monday
2024-10-26,GG-SRC-003,Google,Search,Clics,,356,22,0.06164,20.09,456.89,1,658.35,1.44,Saturday
2024-05-12,FB-CON-001,Facebook,Consideracion,Trafico,Retargeting visitantes 30 días,3524,112,0.03177,7.59,856.47,4,2835.95,3.31,Sunday
2024-07-26,GG-SRC-002,Google,Search,Clics,Intención: meditacion guiada online,481,28,0.05817,19.66,554.8,1,321.74,0.58,Friday
2024-07-25,FB-CON-002,Facebook,Consideracion,Trafico,"Intereses: yoga, meditacion, fitness",3572,78,0.02183,6.77,529.39,1,583.77,1.1,Thursday
2024-01-26,GG-SRC-001,Google,Search,Clics,Intención: cursos de yoga online MX,481,71,0.14749,21.13,1504.12,6,4871.15,3.24,Friday
2024-11-12,GG-SRC-002,Google,Search,Clics,Intención: meditacion guiada online,412,37,0.08963,16.64,624.68,1,787.85,1.26,Tuesday
2024-05-07,GG-DSP-001,Google,Display,Impresiones,Afinidad: bienestar y fitness,19550,233,0.01192,2.79,651.51,2,1664.49,2.55,Tuesday
2024-05-22,FB-CON-002,Facebook,Consideracion,Trafico,"Intereses: yoga, meditacion, fitness",3617,194,0.05363,7.39,1435.71,5,3157.71,2.2,Wednesday
2024-06-06,GG-DSP-001,Google,Display,Impresiones,Afinidad: bienestar y fitness,22926,223,0.00973,2.73,609.33,2,1137.54,1.87,Thursday
2024-11-08,GG-SRC-002,Google Ads,Search,Clics,Intención: meditacion guiada online,467,32,0.0684,19.67,644.07,1,463.42,0.72,Friday
2024-06-20,GG-DSP-001,Google,Display,Impresiones,Afinidad: bienestar y fitness,13692,172,0.01256,3.53,607.43,1,339.44,0.56,Thursday
2024-10-20,GG-DSP-001,Google,Display,Impresiones,Afinidad: bienestar y fitness,18153,136,0.00749,3.19,434.94,1,725.22,1.67,Sunday
2024-08-12,FB-CVR-002,Facebook,Conversion,Compras,Lookalike 3% suscriptores activos,1749,82,0.04688,11.02,904.16,3,1969.19,2.18,Monday
2024-05-21,FB-CON-001,Facebook,Consideracion,Trafico,Retargeting visitantes 30 días,3693,141,0.03817,6.41,904.87,2,923.84,1.02,Tuesday
2024-10-07,GG-DSP-001,Google,Display,Impresiones,Afinidad: bienestar y fitness,11304,148,0.01309,3.17,472.08,1,806.61,1.71,Monday
2024-03-20,FB-AWA-002,Facebook,Awareness,Alcance,Lookalike 1% compradores anteriores,12238,123,0.01005,5.6,691.99,0,0.0,0.0,Wednesday
2024-09-14,FB-CON-002,Facebook,Consideracion,Trafico,"Intereses: yoga, meditacion, fitness",3175,110,0.03464,7.43,823.82,2,1143.88,1.39,Saturday
2024-07-31,GG-DSP-002,Google,Display,Impresiones,Remarketing sitio web 7 días,17416,123,0.00706,3.12,387.25,0,0.0,0.0,Wednesday
2024-01-11,FB-AWA-001,Facebook,Awareness,,,10035,247,,5.13,1270.91,2,1409.72,1.11,Thursday
2024-04-22,GG-YTB-001,Google,YouTube,Vistas,"Canal: wellness, yoga, fitness",6117,174,0.02844,5.7,997.65,2,1359.15,1.36,Monday
2024-01-12,FB-CON-001,Facebook,Consideracion,Trafico,Retargeting visitantes 30 días,4264,222,0.05206,7.03,1566.19,6,6284.61,4.01,Friday
2024-08-17,FB-AWA-002,FACEBOOK,Awareness,Alcance,Lookalike 1% compradores anteriores,10293,104,0.0101,4.24,442.54,0,0.0,0.0,Saturday
2024-03-26,GG-SRC-002,Google,Search,Clics,Intención: meditacion guiada online,633,44,0.0695,17.94,799.46,2,1558.93,1.95,Tuesday
2024-09-03,GG-SRC-002,Google,Search,Clics,Intención: meditacion guiada online,705,60,0.08499,16.71,1008.25,2,1639.23,1.63,Tuesday
2024-05-11,GG-SRC-001,Google,Search,Clics,Intención: cursos de yoga online MX,883,67,0.07579,18.89,1269.91,4,2552.48,2.01,Saturday
2024-01-12,GG-SRC-002,Google,Search,Clics,Intención: meditacion guiada online,365,56,0.15335,18.66,1051.49,3,1318.65,1.25,Friday
2024-09-11,FB-CVR-001,Facebook,Conversion,Compras,Retargeting carrito abandonado,2341,91,0.03887,12.82,1173.02,3,1584.25,1.35,Wednesday
2024-09-25,GG-SRC-001,Google,Search,Clics,Intención: cursos de yoga online MX,519,48,0.09237,19.87,963.81,2,1009.95,1.05,Wednesday
2024-05-26,GG-SRC-002,Google,Search,,,464,52,,16.49,864.18,2,1126.77,1.3,Sunday
2024-05-13,FB-CVR-002,Facebook,Conversion,Compras,Lookalike 3% suscriptores activos,2223,120,0.05396,11.48,1384.63,11,3881.72,2.8,Monday
2024-07-16,FB-CVR-001,Facebook,Conversion,Compras,Retargeting carrito abandonado,2614,78,0.02983,10.33,812.66,2,1149.07,1.41,Tuesday
2024-08-26,GG-DSP-002,Google,Display,Impresiones,Remarketing sitio web 7 días,14705,124,0.00843,3.36,419.97,0,0.0,0.0,Monday
2024-12-05,FB-CON-001,Facebook,Consideracion,Trafico,Retargeting visitantes 30 días,3322,79,0.02378,7.42,587.14,1,496.26,0.85,Thursday
2024-12-01,GG-SRC-003,Google,Search,Clics,Intención: como perder peso en casa,319,17,0.05316,19.94,347.98,0,0.0,0.0,Sunday
2024-10-31,GG-SRC-003,GOOGLE,Search,Clics,Intención: como perder peso en casa,397,27,0.068,17.99,495.5,1,541.11,1.09,Thursday
2024-06-09,GG-SRC-003,Google,Search,Clics,Intención: como perder peso en casa,430,45,0.10458,16.28,732.84,3,1632.42,2.23,Sunday
2024-03-04,GG-SRC-003,Google,Search,Clics,Intención: como perder peso en casa,509,39,0.07655,18.6,726.74,1,568.46,0.78,Monday
2024-08-10,FB-CVR-001,Facebook,Conversion,Compras,Retargeting carrito abandonado,1663,64,0.03847,11.67,750.69,3,2508.91,3.34,Saturday
2024-03-20,GG-DSP-002,Google,Display,Impresiones,Remarketing sitio web 7 días,20675,180,0.00871,3.68,665.13,1,503.65,0.76,Wednesday
2024-09-15,GG-SRC-002,Google,Search,Clics,Intención: meditacion guiada online,512,34,0.06633,18.86,644.01,2,1167.18,1.81,Sunday
2024-04-14,FB-CON-001,Facebook,Consideracion,Trafico,Retargeting visitantes 30 días,2251,98,0.04352,7.35,723.17,1,409.7,0.57,Sunday
2024-05-06,GG-SRC-003,Google,Search,Clics,Intención: como perder peso en casa,281,39,0.13847,19.04,761.68,2,1095.85,1.44,Monday
2024-08-30,FB-CON-002,Facebook,Consideracion,Trafico,"Intereses: yoga, meditacion, fitness",3415,91,0.02664,7.22,663.21,1,989.02,1.49,Friday
2024-04-04,GG-SRC-002,Google,Search,Clics,Intención: meditacion guiada online,627,64,0.10199,16.61,1063.88,3,1472.86,1.38,Thursday
2024-02-01,FB-AWA-001,Facebook,Awareness,Alcance,Mujeres 25-40 CDMX interesadas en bienestar,8002,148,0.01849,5.53,819.73,1,491.64,0.6,Thursday
2024-09-19,GG-YTB-001,Google,YouTube,Vistas,"Canal: wellness, yoga, fitness",5879,146,0.02483,5.51,805.92,1,815.39,1.01,Thursday
2024-01-06,GG-SRC-002,Google,Search,Clics,Intención: meditacion guiada online,430,63,0.14639,17.19,1083.57,5,3085.72,2.85,Saturday
2024-04-29,GG-DSP-002,Google,Display,Impresiones,Remarketing sitio web 7 días,18442,301,0.01632,2.87,863.43,3,2315.28,2.68,Monday
2024-12-19,GG-DSP-002,Google,Display,Impresiones,Remarketing sitio web 7 días,15366,111,0.00722,2.74,305.87,0,0.0,0.0,Thursday
2024-06-02,FB-CVR-001,Facebook,Conversion,Compras,Retargeting carrito abandonado,2079,97,0.04664,11.3,1103.57,7,5353.65,4.85,Sunday
2024-07-09,GG-SRC-001,Google,Search,Clics,Intención: cursos de yoga online MX,806,38,0.04714,14.53,564.4,1,856.54,1.52,Tuesday
2024-07-04,GG-DSP-002,Google,Display,Impresiones,Remarketing sitio web 7 días,22340,108,0.00483,2.92,315.12,0,0.0,0.0,Thursday
2024-09-25,GG-YTB-001,Google,YouTube,Vistas,"Canal: wellness, yoga, fitness",6483,163,0.02514,4.91,803.43,2,1233.78,1.54,Wednesday
2024-06-21,GG-DSP-002,Google,Display,Impresiones,Remarketing sitio web 7 días,18427,211,0.01145,2.97,629.2,2,1689.08,2.68,Friday
2024-02-14,GG-SRC-003,Google,Search,Clics,Intención: como perder peso en casa,505,42,0.08308,19.03,804.11,2,1453.4,1.81,Wednesday
2024-01-08,GG-SRC-001,Google,Search,Clics,Intención: cursos de yoga online MX,1048,119,0.11347,15.09,1799.55,11,7744.01,4.3,Monday
2024-01-08,GG-DSP-001,Google,Display,Impresiones,Afinidad: bienestar y fitness,19139,275,0.01437,3.46,954.97,4,1456.82,1.53,Monday
2024-07-07,GG-SRC-001,Google,Search,,,608,24,,20.03,483.24,0,0.0,0.0,Sunday
2024-02-15,GG-SRC-003,Google,Search,Clics,Intención: como perder peso en casa,375,37,0.09847,19.72,733.73,1,629.61,0.86,Thursday
2024-02-03,FB-AWA-001,Facebook,Awareness,Alcance,Mujeres 25-40 CDMX interesadas en bienestar,15430,158,0.01024,4.11,650.37,1,489.58,0.75,Saturday
2024-01-22,GG-SRC-003,Google,Search,Clics,Intención: como perder peso en casa,558,61,0.10919,17.16,1061.06,5,1955.69,1.84,Monday
2024-12-26,GG-SRC-003,Google,Search,Clics,Intención: como perder peso en casa,270,15,0.05547,21.08,334.57,0,0.0,0.0,Thursday
2024-10-14,FB-CVR-001,Facebook,Conversion,Compras,Retargeting carrito abandonado,2635,108,0.04097,9.0,974.81,7,2013.23,2.07,Monday
2024-10-23,FB-AWA-001,Facebook,Awareness,Alcance,Mujeres 25-40 CDMX interesadas en bienestar,8194,138,0.01684,4.71,650.49,0,0.0,0.0,Wednesday
2024-04-21,FB-CVR-002,Facebook,Conversion,Compras,Lookalike 3% suscriptores activos,1490,110,0.0738,11.24,1238.81,9,5694.84,4.6,Sunday
2024-10-24,GG-DSP-002,Google,Display,Impresiones,Remarketing sitio web 7 días,15903,160,0.01006,3.79,607.01,1,564.94,0.93,Thursday
2024-10-15,FB-AWA-002,Facebook,Awareness,Alcance,Lookalike 1% compradores anteriores,9369,124,0.01323,4.58,572.08,0,0.0,0.0,Tuesday
2024-06-02,GG-DSP-001,Google,Display,Impresiones,Afinidad: bienestar y fitness,13109,146,0.01114,3.25,476.18,1,355.08,0.75,Sunday
2024-12-10,FB-CON-001,Facebook,Consideracion,Trafico,Retargeting visitantes 30 días,4625,68,0.0147,6.69,459.99,0,0.0,0.0,Tuesday
2024-09-16,GG-SRC-001,Google,Search,Clics,Intención: cursos de yoga online MX,769,78,0.10134,15.64,1227.46,4,2844.61,2.32,Monday
2024-07-31,GG-SRC-002,Google,Search,Clics,Intención: meditacion guiada online,606,30,0.04944,15.38,476.34,0,0.0,0.0,Wednesday
2024-04-16,GG-YTB-001,Google,YouTube,Vistas,"Canal: wellness, yoga, fitness",4477,129,0.02881,6.51,843.35,1,510.08,0.6,Tuesday
2024-02-15,FB-CON-002,Facebook,Consideracion,Trafico,"Intereses: yoga, meditacion, fitness",4428,146,0.03297,6.76,988.22,3,1014.16,1.03,Thursday
2024-01-26,FB-CVR-002,Facebook,Conversion,Compras,Lookalike 3% suscriptores activos,2685,171,0.06367,10.6,1817.97,20,10865.09,5.98,Friday
2024-10-24,GG-SRC-003,Google,Search,Clics,Intención: como perder peso en casa,383,25,0.06527,19.35,490.65,0,0.0,0.0,Thursday
2024-03-16,FB-CVR-002,Facebook,Conversion,Compras,,1688,81,0.04797,11.31,918.86,4,2654.71,2.89,Saturday
2024-08-12,GG-SRC-001,Google,Search,Clics,Intención: cursos de yoga online MX,846,43,0.05082,18.75,821.11,1,708.23,0.86,Monday
2024-02-05,GG-SRC-002,Google,Search,Clics,Intención: meditacion guiada online,598,37,0.06185,25.47,955.45,2,1372.55,1.44,Monday
2024-09-16,GG-DSP-001,Google,Display,Impresiones,Afinidad: bienestar y fitness,22234,216,0.00971,3.01,653.48,2,1586.26,2.43,Monday
2024-08-03,GG-DSP-002,Google,Display,Impresiones,Remarketing sitio web 7 días,18443,125,0.00678,3.16,395.81,1,536.37,1.36,Saturday
2024-06-03,GG-SRC-003,Google,Search,Clics,Intención: como perder peso en casa,432,37,0.0855,18.0,684.03,2,1250.32,1.83,Monday
2024-05-30,FB-CON-001,Facebook,Consideracion,Trafico,Retargeting visitantes 30 días,4735,178,0.03759,7.73,1382.43,5,3454.91,2.5,Thursday
2024-09-19,FB-CVR-001,Facebook,Conversion,Compras,Retargeting carrito abandonado,1357,89,0.06555,12.25,1090.1,5,1871.74,1.72,Thursday
2024-04-20,GG-SRC-003,Google,Search,Clics,Intención: como perder peso en casa,336,35,0.10402,18.3,655.36,1,584.47,0.89,Saturday
2024-08-10,FB-AWA-001,Facebook,Awareness,Alcance,Mujeres 25-40 CDMX interesadas en bienestar,11530,96,0.00833,5.64,543.35,0,0.0,0.0,Saturday
2024-03-17,GG-YTB-001,Google,YouTube,Vistas,,3382,73,,6.95,513.97,1,640.65,1.25,Sunday
2024-06-04,GG-SRC-003,Google,Search,Clics,Intención: como perder peso en casa,352,42,0.11914,17.04,720.67,3,2348.52,3.26,Tuesday
2024-11-08,GG-DSP-002,Google,Display,Impresiones,Remarketing sitio web 7 días,15508,140,0.00903,3.29,463.68,0,0.0,0.0,Friday
2024-08-01,FB-AWA-001,Facebook,Awareness,Alcance,,14013,150,0.0107,4.63,695.39,0,0.0,0.0,Thursday
2024-05-11,GG-SRC-002,Google,Search,Clics,Intención: meditacion guiada online,392,45,0.11461,17.6,798.44,2,633.92,0.79,Saturday
2024-07-15,GG-DSP-002,Google,Display,Impresiones,Remarketing sitio web 7 días,20997,120,0.00571,2.99,359.3,0,0.0,0.0,Monday
2024-03-17,FB-CVR-001,Facebook,Conversion,Compras,Retargeting carrito abandonado,1786,73,0.04087,13.15,969.01,2,1314.78,1.36,Sunday
2024-10-22,FB-CVR-001,Facebook,Conversion,Compras,Retargeting carrito abandonado,1530,74,0.04836,12.61,933.12,3,2860.28,3.07,Tuesday
2024-08-21,GG-SRC-001,Google,Search,Clics,Intención: cursos de yoga online MX,834,51,0.06111,15.14,776.53,1,858.8,1.11,Wednesday
2024-08-02,GG-DSP-001,GOOGLE,Display,Impresiones,Afinidad: bienestar y fitness,11534,99,0.00858,4.01,397.64,0,0.0,0.0,Friday
2024-12-23,FB-AWA-001,Facebook,Awareness,Alcance,Mujeres 25-40 CDMX interesadas en bienestar,12331,84,0.00681,4.85,407.57,0,0.0,0.0,Monday
2024-07-02,GG-DSP-002,Google,Display,,,17331,115,,3.56,410.56,0,0.0,0.0,Tuesday
2024-11-24,GG-DSP-002,Google,Display,Impresiones,Remarketing sitio web 7 días,17176,118,0.00687,3.47,409.82,0,0.0,0.0,Sunday
2024-10-24,GG-SRC-002,Google,Search,Clics,Intención: meditacion guiada online,433,32,0.07388,20.6,671.3,1,661.17,0.98,Thursday
2024-04-18,GG-DSP-001,Google,Display,Impresiones,Afinidad: bienestar y fitness,18726,234,0.0125,2.85,668.7,2,791.5,1.18,Thursday
2024-04-02,GG-YTB-001,Google,YouTube,Vistas,"Canal: wellness, yoga, fitness",5442,184,0.03381,5.17,952.8,2,1320.26,1.39,Tuesday
2024-04-02,GG-SRC-001,Google,Search,Clics,Intención: cursos de yoga online MX,741,72,0.09704,18.05,1307.99,4,3276.28,2.5,Tuesday
2024-12-28,FB-CON-001,FACEBOOK,Consideracion,Trafico,Retargeting visitantes 30 días,4139,66,0.01594,7.07,466.98,1,496.25,1.06,Saturday
2024-06-30,GG-DSP-002,Google Ads,Display,Impresiones,Remarketing sitio web 7 días,13785,153,0.0111,3.23,493.78,0,0.0,0.0,Sunday
2024-04-13,FB-CON-002,Facebook,Consideracion,Trafico,"Intereses: yoga, meditacion, fitness",3021,107,0.03541,6.83,735.98,3,2614.04,3.55,Saturday
2024-11-30,FB-AWA-001,Facebook,Awareness,,,8697,123,,5.42,671.56,0,0.0,0.0,Saturday
2024-06-16,GG-DSP-001,Google,Display,Impresiones,Afinidad: bienestar y fitness,12362,136,0.011,3.44,469.35,1,407.99,0.87,Sunday
2024-09-07,FB-CON-001,Facebook,Consideracion,,,5926,193,,5.18,1003.34,4,2662.96,2.65,Saturday
2024-11-11,GG-SRC-003,Google,Search,Clics,Intención: como perder peso en casa,398,32,0.08031,16.11,524.24,1,749.3,1.43,Monday
2024-03-25,FB-AWA-002,Facebook,Awareness,Alcance,Lookalike 1% compradores anteriores,6677,115,0.01722,5.1,587.43,0,0.0,0.0,Monday
2024-08-07,FB-CON-002,Facebook,Consideracion,Trafico,"Intereses: yoga, meditacion, fitness",5360,138,0.02574,5.14,711.49,1,808.49,1.14,Wednesday
2024-10-13,FB-CON-002,Facebook,Consideracion,Trafico,"Intereses: yoga, meditacion, fitness",2068,74,0.03577,7.87,586.22,1,424.06,0.72,Sunday
2024-06-05,FB-CON-002,Facebook,Consideracion,Trafico,"Intereses: yoga, meditacion, fitness",3107,113,0.03636,7.6,862.32,3,2509.69,2.91,Wednesday
2024-01-21,GG-YTB-001,Google,YouTube,Vistas,"Canal: wellness, yoga, fitness",7554,174,0.02303,5.08,884.42,2,1833.65,2.07,Sunday
2024-05-06,GG-SRC-002,Google,Search,Clics,Intención: meditacion guiada online,447,49,0.10955,18.39,905.68,3,2272.85,2.51,Monday
2024-06-21,GG-SRC-001,Google,Search,Clics,Intención: cursos de yoga online MX,643,58,0.09013,19.67,1146.5,3,1368.43,1.19,Friday
2024-03-02,GG-SRC-001,Google,Search,Clics,Intención: cursos de yoga online MX,624,56,0.08963,18.97,1075.39,3,2489.13,2.31,Saturday
2024-10-25,GG-DSP-001,Google,Display,Impresiones,Afinidad: bienestar y fitness,15640,159,0.01017,3.19,508.18,1,461.5,0.91,Friday
2024-10-22,GG-YTB-001,Google,YouTube,Vistas,"Canal: wellness, yoga, fitness",4489,101,0.0225,6.18,625.22,1,881.06,1.41,Tuesday
2024-05-19,GG-DSP-002,Google,Display,Impresiones,Remarketing sitio web 7 días,17585,197,0.0112,2.5,495.16,1,139.99,0.28,Sunday
2024-12-13,FB-CVR-002,Facebook,Conversion,Compras,Lookalike 3% suscriptores activos,2927,57,0.01947,10.71,615.12,1,608.37,0.99,Friday
2024-08-19,FB-CVR-001,Facebook,Conversion,Compras,Retargeting carrito abandonado,2605,92,0.0353,9.5,878.6,4,2696.78,3.07,Monday
2024-09-09,FB-CON-001,Facebook,Consideracion,Trafico,Retargeting visitantes 30 días,4854,181,0.03728,5.04,911.94,4,3767.89,4.13,Monday
2024-01-29,GG-SRC-001,Google,Search,Clics,Intención: cursos de yoga online MX,602,83,0.13787,19.65,1632.74,4,2256.12,1.38,Monday
2024-11-20,FB-AWA-001,Facebook,Awareness,Alcance,Mujeres 25-40 CDMX interesadas en bienestar,8569,117,0.01365,5.23,614.16,0,0.0,0.0,Wednesday
2024-12-02,GG-SRC-001,Google,Search,Clics,Intención: cursos de yoga online MX,586,33,0.05625,16.32,553.32,0,0.0,0.0,Monday
2024-05-14,GG-DSP-002,Google,Display,Impresiones,Remarketing sitio web 7 días,13910,230,0.01653,3.26,751.84,2,1832.09,2.44,Tuesday
2024-10-31,FB-CON-002,Facebook,Consideracion,Trafico,"Intereses: yoga, meditacion, fitness",3570,108,0.03025,7.34,795.11,1,900.95,1.13,Thursday
2024-01-15,FB-CON-001,Facebook,Consideracion,Trafico,Retargeting visitantes 30 días,3997,187,0.04677,6.6,1239.18,6,4505.16,3.64,Monday
2024-10-27,FB-AWA-002,Meta,Awareness,,,9274,130,,4.01,525.82,0,0.0,0.0,Sunday
2024-12-27,FB-CON-001,Facebook,Consideracion,Trafico,Retargeting visitantes 30 días,5916,64,0.01082,7.04,451.58,0,0.0,0.0,Friday
2024-05-17,GG-YTB-001,Google,YouTube,Vistas,"Canal: wellness, yoga, fitness",5614,174,0.03099,5.32,928.35,3,2331.79,2.51,Friday
2024-09-16,GG-SRC-002,Google,Search,Clics,Intención: meditacion guiada online,460,45,0.09772,19.51,890.94,3,1912.86,2.15,Monday
2024-02-16,GG-DSP-001,Google,Display,Impresiones,Afinidad: bienestar y fitness,20761,182,0.00877,3.08,562.14,1,1075.88,1.91,Friday
2024-04-30,FB-AWA-002,Facebook,Awareness,Alcance,Lookalike 1% compradores anteriores,9098,199,0.02187,3.54,705.87,1,608.07,0.86,Tuesday
2024-05-22,FB-CVR-001,Facebook,Conversion,Compras,Retargeting carrito abandonado,1509,116,0.07685,12.38,1446.86,7,4014.52,2.77,Wednesday
2024-12-15,GG-SRC-003,Google,Search,Clics,Intención: como perder peso en casa,543,17,0.03129,16.68,295.0,0,0.0,0.0,Sunday
2024-08-07,GG-SRC-001,G Ads,Search,Clics,Intención: cursos de yoga online MX,925,51,0.0551,17.99,927.58,1,493.94,0.53,Wednesday
2024-09-29,FB-CON-002,Facebook,Consideracion,Trafico,"Intereses: yoga, meditacion, fitness",3778,112,0.02964,7.7,867.76,2,1625.0,1.87,Sunday
2024-08-30,GG-YTB-001,Google,YouTube,Vistas,"Canal: wellness, yoga, fitness",6605,98,0.01484,5.42,534.54,0,0.0,0.0,Friday
2024-12-15,FB-AWA-002,Facebook,Awareness,Alcance,Lookalike 1% compradores anteriores,5184,43,0.00829,5.65,245.3,0,0.0,0.0,Sunday
2024-01-26,FB-CON-002,Facebook,Consideracion,,,2772,174,,8.07,1405.85,6,3165.42,2.25,Friday
2024-03-25,GG-SRC-001,Google,Search,Clics,Intención: cursos de yoga online MX,695,46,0.06618,19.98,936.74,2,1487.64,1.59,Monday
2024-03-08,FB-CON-002,facebook,Consideracion,Trafico,"Intereses: yoga, meditacion, fitness",3870,115,0.02971,7.07,818.38,3,1841.42,2.25,Friday
2024-05-27,GG-DSP-001,Google,Display,Impresiones,Afinidad: bienestar y fitness,13544,199,0.01469,3.66,730.41,1,822.93,1.13,Monday
2024-09-06,GG-SRC-003,Google,Search,Clics,Intención: como perder peso en casa,442,41,0.09271,20.72,854.56,2,962.72,1.13,Friday
2024-12-01,GG-SRC-001,Google,Search,Clics,Intención: cursos de yoga online MX,565,24,0.04244,18.68,459.26,0,0.0,0.0,Sunday
2024-03-24,GG-SRC-003,Google,Search,Clics,Intención: como perder peso en casa,336,28,0.0832,18.6,538.76,1,764.31,1.42,Sunday
2024-08-14,GG-DSP-002,Google,Display,Impresiones,Remarketing sitio web 7 días,19100,135,0.00707,2.75,372.14,0,0.0,0.0,Wednesday
2024-03-07,GG-SRC-002,Google,Search,Clics,Intención: meditacion guiada online,504,38,0.07527,19.33,751.92,1,843.82,1.12,Thursday
2024-02-04,GG-YTB-001,Google,YouTube,Vistas,"Canal: wellness, yoga, fitness",4321,109,0.02522,4.79,524.95,1,987.04,1.88,Sunday
2024-02-03,GG-DSP-001,Google,Display,Impresiones,Afinidad: bienestar y fitness,11735,143,0.01219,3.1,444.08,1,692.3,1.56,Saturday
2024-03-24,GG-SRC-002,Google,Search,Clics,Intención: meditacion guiada online,681,41,0.06016,18.42,770.16,1,612.73,0.8,Sunday
2024-07-01,FB-CON-001,Facebook,Consideracion,Trafico,Retargeting visitantes 30 días,3572,78,0.02183,6.83,535.45,1,1023.74,1.91,Monday
2024-07-29,GG-DSP-001,Google,Display,Impresiones,Afinidad: bienestar y fitness,17115,106,0.00619,3.3,352.87,0,0.0,0.0,Monday
2024-03-06,FB-CVR-001,Facebook,Conversion,Compras,Retargeting carrito abandonado,1559,84,0.05388,15.32,1295.0,3,2563.88,1.98,Wednesday
2024-03-19,FB-CVR-001,Facebook,Conversion,Compras,Retargeting carrito abandonado,2325,95,0.04085,13.09,1249.72,5,3634.34,2.91,Tuesday
2024-08-09,GG-YTB-001,Google,YouTube,Vistas,"Canal: wellness, yoga, fitness",6034,122,0.02022,4.86,595.77,1,687.62,1.15,Friday
2024-11-01,GG-DSP-002,Google,Display,Impresiones,Remarketing sitio web 7 días,15421,162,0.01051,3.31,537.29,1,827.87,1.54,Friday
2024-09-10,GG-SRC-002,Google,Search,Clics,Intención: meditacion guiada online,389,39,0.10016,19.23,759.52,2,1315.24,1.73,Tuesday
2024-01-24,GG-YTB-001,Google,YouTube,Vistas,"Canal: wellness, yoga, fitness",5950,189,0.03176,5.3,1003.48,3,1858.85,1.85,Wednesday
2024-02-05,GG-SRC-003,Google,Search,Clics,Intención: como perder peso en casa,368,35,0.0949,19.66,696.16,2,1480.57,2.13,Monday
2024-12-10,GG-SRC-003,Google,Search,Clics,Intención: como perder peso en casa,420,20,0.04759,16.51,342.54,0,0.0,0.0,Tuesday
2024-04-05,GG-YTB-001,Google,YouTube,Vistas,"Canal: wellness, yoga, fitness",5629,195,0.03464,4.5,882.04,2,592.16,0.67,Friday
2024-12-31,FB-CVR-002,Facebook,Conversion,Compras,Lookalike 3% suscriptores activos,1675,45,0.02685,12.65,578.27,1,485.62,0.84,Tuesday
2024-11-10,FB-CVR-002,Facebook,Conversion,Compras,Lookalike 3% suscriptores activos,1624,68,0.04187,10.89,745.51,4,2389.67,3.21,Sunday
2024-07-20,GG-SRC-003,google,Search,Clics,Intención: como perder peso en casa,218,14,0.06397,20.58,304.98,0,0.0,0.0,Saturday
2024-11-19,GG-SRC-001,Google,Search,Clics,Intención: cursos de yoga online MX,755,48,0.06357,16.99,831.65,2,1268.56,1.53,Tuesday
2024-12-20,FB-CVR-001,Facebook,Conversion,Compras,Retargeting carrito abandonado,1871,52,0.02779,12.73,665.9,1,640.06,0.96,Friday
2024-04-01,FB-CVR-001,Facebook,Conversion,Compras,Retargeting carrito abandonado,1357,114,0.08396,11.94,1370.79,5,3140.98,2.29,Monday
2024-03-26,GG-YTB-001,Google,YouTube,,,5237,136,,5.07,693.15,1,622.33,0.9,Tuesday
2024-01-08,FB-CVR-002,Facebook,Conversion,Compras,Lookalike 3% suscriptores activos,2387,160,0.06702,11.79,1896.18,15,11003.94,5.8,Monday
2024-10-11,GG-SRC-002,google,Search,,,487,44,,16.66,738.11,2,1583.19,2.14,Friday
2024-02-12,FB-CVR-002,Facebook,Conversion,Compras,Lookalike 3% suscriptores activos,2223,117,0.05263,9.81,1155.02,6,4768.12,4.13,Monday
2024-03-30,GG-SRC-003,Google,Search,Clics,Intención: como perder peso en casa,402,34,0.08442,18.52,640.81,1,662.45,1.03,Saturday
2024-06-04,GG-DSP-001,Google,Display,Impresiones,Afinidad: bienestar y fitness,13622,171,0.01255,3.18,545.19,2,1227.44,2.25,Tuesday
2024-12-11,FB-CON-001,Facebook,Consideracion,Trafico,Retargeting visitantes 30 días,5621,95,0.0169,5.24,498.54,1,761.7,1.53,Wednesday
2024-03-09,GG-SRC-003,Google,Search,Clics,Intención: como perder peso en casa,652,36,0.05516,15.77,578.55,1,636.01,1.1,Saturday
2024-10-23,FB-CON-001,Facebook,Consideracion,Trafico,Retargeting visitantes 30 días,3841,112,0.02916,7.92,892.81,2,1201.6,1.35,Wednesday
2024-08-21,FB-AWA-002,Facebook,Awareness,Alcance,Lookalike 1% compradores anteriores,10354,131,0.01265,3.84,506.81,0,0.0,0.0,Wednesday
2024-09-02,FB-CVR-001,Facebook,Conversion,,,1826,110,,12.8,1410.69,7,3850.08,2.73,Monday
2024-06-19,GG-DSP-001,G Ads,Display,Impresiones,Afinidad: bienestar y fitness,14468,223,0.01541,2.68,598.74,1,928.32,1.55,Wednesday
2024-04-10,GG-SRC-003,Google,Search,Clics,Intención: como perder peso en casa,553,58,0.10472,17.08,999.79,5,2178.34,2.18,Wednesday
2024-03-09,FB-AWA-001,Facebook,Awareness,Alcance,Mujeres 25-40 CDMX interesadas en bienestar,8653,131,0.01514,4.67,615.62,0,0.0,0.0,Saturday
2024-02-03,GG-SRC-003,Google,Search,Clics,Intención: como perder peso en casa,337,35,0.10371,15.85,556.55,2,1625.19,2.92,Saturday
2024-01-10,FB-CVR-002,Facebook,Conversion,Compras,Lookalike 3% suscriptores activos,2109,181,0.0858,10.59,1919.84,17,13125.71,6.84,Wednesday
2024-07-04,GG-SRC-001,Google,Search,Clics,Intención: cursos de yoga online MX,704,39,0.05538,17.79,699.79,1,902.92,1.29,Thursday
2024-01-26,GG-SRC-003,Google,Search,Clics,,405,60,,19.51,1189.46,6,3272.57,2.75,Friday
2024-06-29,FB-CVR-001,facebook,Conversion,Compras,Retargeting carrito abandonado,1991,90,0.0452,13.32,1199.79,7,3425.16,2.85,Saturday
2024-05-07,FB-CON-001,Facebook,Consideracion,Trafico,Retargeting visitantes 30 días,4697,200,0.04258,7.12,1426.05,7,4382.63,3.07,Tuesday
2024-05-29,FB-CVR-002,Facebook,Conversion,Compras,Lookalike 3% suscriptores activos,1722,104,0.06037,13.51,1416.38,6,4236.78,2.99,Wednesday
2024-07-13,FB-AWA-001,Facebook,Awareness,Alcance,Mujeres 25-40 CDMX interesadas en bienestar,14637,117,0.00799,4.11,484.3,0,0.0,0.0,Saturday
2024-06-20,GG-DSP-002,Google,Display,Impresiones,Remarketing sitio web 7 días,10496,160,0.01524,3.98,636.7,2,1237.28,1.94,Thursday
2024-07-13,GG-DSP-001,Google,Display,Impresiones,Afinidad: bienestar y fitness,11308,74,0.00654,3.36,248.43,0,0.0,0.0,Saturday
2024-10-14,GG-SRC-001,Google,Search,Clics,Intención: cursos de yoga online MX,717,51,0.0711,16.8,867.32,2,1356.19,1.56,Monday
2024-08-10,GG-SRC-002,Google Ads,Search,Clics,Intención: meditacion guiada online,527,27,0.05123,15.26,412.97,0,0.0,0.0,Saturday
2024-01-01,FB-CVR-002,Facebook,Conversion,Compras,Lookalike 3% suscriptores activos,2192,169,0.0771,12.1,2046.62,11,6176.92,3.02,Monday
2024-01-13,FB-CON-001,Facebook,Consideracion,Trafico,Retargeting visitantes 30 días,3454,157,0.04544,8.03,1262.8,2,1654.74,1.31,Saturday
2024-10-13,FB-AWA-001,FB,Awareness,Alcance,Mujeres 25-40 CDMX interesadas en bienestar,10570,135,0.01277,4.66,631.57,1,798.37,1.26,Sunday
2024-07-07,GG-SRC-003,Google,Search,Clics,Intención: como perder peso en casa,277,15,0.054,20.37,316.44,0,0.0,0.0,Sunday
2024-11-17,GG-SRC-002,Google,Search,Clics,Intención: meditacion guiada online,450,30,0.06658,19.19,576.4,0,0.0,0.0,Sunday
2024-03-31,GG-DSP-001,Google,Display,Impresiones,Afinidad: bienestar y fitness,13166,124,0.00942,3.6,446.45,1,890.19,1.99,Sunday
2024-06-20,FB-CON-001,Facebook,Consideracion,Trafico,Retargeting visitantes 30 días,4901,194,0.03958,5.89,1148.14,5,4038.52,3.52,Thursday
2024-05-24,GG-SRC-001,Google,Search,Clics,Intención: cursos de yoga online MX,897,92,0.10254,16.9,1557.72,6,4710.71,3.02,Friday
2024-12-27,FB-CVR-001,Facebook,Conversion,Compras,Retargeting carrito abandonado,2035,47,0.02309,13.32,639.32,1,858.73,1.34,Friday
2024-08-09,GG-SRC-003,Google,Search,Clics,Intención: como perder peso en casa,373,22,0.05891,20.59,464.03,0,0.0,0.0,Friday
2024-06-06,FB-CVR-002,Facebook,Conversion,Compras,Lookalike 3% suscriptores activos,2623,142,0.05413,10.34,1471.71,7,2634.75,1.79,Thursday
2024-01-22,GG-SRC-001,Google,Search,Clics,Intención: cursos de yoga online MX,503,83,0.165,20.54,1710.22,4,1956.74,1.14,Monday
2024-07-14,FB-CON-002,Facebook,Consideracion,Trafico,"Intereses: yoga, meditacion, fitness",3070,53,0.01726,7.9,421.81,0,0.0,0.0,Sunday
2024-05-22,GG-SRC-003,Google Ads,Search,Clics,Intención: como perder peso en casa,472,49,0.1037,18.34,901.34,3,2002.5,2.22,Wednesday
2024-12-28,FB-CVR-002,Facebook,Conversion,Compras,Lookalike 3% suscriptores activos,1968,42,0.02133,10.45,443.09,1,854.37,1.93,Saturday
12-02-2024,GG-DSP-001,Google,Display,Impresiones,Afinidad: bienestar y fitness,20285,105,0.00518,2.93,307.91,0,0.0,0.0,Monday
2024-06-11,GG-DSP-001,Google,Display,Impresiones,Afinidad: bienestar y fitness,16126,212,0.01315,3.02,642.11,1,753.98,1.17,Tuesday
2024-05-19,FB-AWA-002,Facebook,Awareness,Alcance,Lookalike 1% compradores anteriores,9719,152,0.01564,4.89,745.69,1,371.2,0.5,Sunday
2024-07-12,FB-CVR-001,Facebook,Conversion,,,2165,60,,12.28,741.81,2,1269.36,1.71,Friday
2024-10-29,FB-CON-001,Facebook,Consideracion,Trafico,Retargeting visitantes 30 días,3561,107,0.03004,7.39,791.79,3,2393.08,3.02,Tuesday
2024-06-21,FB-AWA-002,Facebook,Awareness,Alcance,Lookalike 1% compradores anteriores,10651,203,0.01906,3.94,802.28,1,719.21,0.9,Friday
2024-05-25,FB-CON-002,Facebook,Consideracion,Trafico,"Intereses: yoga, meditacion, fitness",3796,137,0.03609,7.06,970.47,4,3434.67,3.54,Saturday
2024-02-11,GG-DSP-001,Google,Display,Impresiones,Afinidad: bienestar y fitness,12415,133,0.01071,3.74,500.87,1,405.75,0.81,Sunday
2024-12-01,FB-CON-002,Facebook,Consideracion,Trafico,"Intereses: yoga, meditacion, fitness",3034,50,0.01648,6.84,348.31,0,0.0,0.0,Sunday
2024-10-12,FB-CON-002,Facebook,Consideracion,Trafico,"Intereses: yoga, meditacion, fitness",2513,80,0.03182,8.24,662.56,1,656.77,0.99,Saturday
2024-03-11,FB-CVR-001,Facebook,Conversion,Compras,Retargeting carrito abandonado,1448,75,0.05177,14.38,1084.77,4,3247.48,2.99,Monday
2024-11-21,GG-DSP-002,Google,Display,Impresiones,Remarketing sitio web 7 días,17111,140,0.00818,3.37,473.66,1,527.59,1.11,Thursday
2024-01-12,GG-DSP-002,Google,Display,Impresiones,Remarketing sitio web 7 días,18381,361,0.01964,3.1,1119.73,4,4272.68,3.82,Friday
2024-01-12,GG-YTB-001,Google,YouTube,Vistas,"Canal: wellness, yoga, fitness",5570,211,0.03788,5.48,1161.84,4,2506.17,2.16,Friday
2024-11-23,FB-CVR-001,Facebook,Conversion,Compras,Retargeting carrito abandonado,1573,62,0.0394,12.38,771.81,2,575.97,0.75,Saturday
2024-01-07,GG-SRC-001,Google,Search,Clics,Intención: cursos de yoga online MX,579,71,0.12251,17.86,1284.84,6,3093.45,2.41,Sunday
2024-06-21,GG-SRC-003,Google,Search,Clics,Intención: como perder peso en casa,418,42,0.1003,19.97,857.52,1,844.06,0.98,Friday
2024-10-09,GG-SRC-003,Google,Search,Clics,Intención: como perder peso en casa,268,25,0.09311,20.61,515.82,0,0.0,0.0,Wednesday
2024-06-19,GG-YTB-001,Google,YouTube,Vistas,"Canal: wellness, yoga, fitness",5258,139,0.02643,5.28,734.7,2,936.24,1.27,Wednesday
2024-06-10,FB-AWA-002,Facebook,Awareness,Alcance,Lookalike 1% compradores anteriores,10283,164,0.01595,4.12,675.39,1,477.26,0.71,Monday
2024-09-10,FB-CON-002,Facebook,Consideracion,Trafico,"Intereses: yoga, meditacion, fitness",3132,117,0.03736,8.07,951.16,3,1539.77,1.62,Tuesday
2024-01-10,FB-CVR-001,facebook,Conversion,Compras,Retargeting carrito abandonado,2095,166,0.0792,11.66,1941.12,12,6675.3,3.44,Wednesday
2024-01-10,FB-CON-002,facebook,Consideracion,Trafico,"Intereses: yoga, meditacion, fitness",4452,213,0.04783,6.09,1298.51,8,4119.76,3.17,Wednesday
2024-06-27,FB-CON-001,Facebook,Consideracion,Trafico,Retargeting visitantes 30 días,3425,140,0.04087,7.65,1076.46,3,2038.86,1.89,Thursday
2024-04-11,FB-AWA-002,Facebook,Awareness,Alcance,Lookalike 1% compradores anteriores,11358,205,0.01805,4.1,841.92,1,749.58,0.89,Thursday
2024-02-11,GG-DSP-002,Google,Display,Impresiones,Remarketing sitio web 7 días,22517,193,0.00857,3.05,591.83,1,974.3,1.65,Sunday
2024-10-04,FB-CON-002,Facebook,Consideracion,Trafico,"Intereses: yoga, meditacion, fitness",3529,111,0.03145,7.7,855.42,2,975.93,1.14,Friday
2024-09-04,FB-CVR-002,Facebook,Conversion,Compras,Lookalike 3% suscriptores activos,2004,119,0.05937,10.48,1248.53,6,4637.73,3.71,Wednesday
2024-04-05,FB-CVR-002,Facebook,Conversion,Compras,Lookalike 3% suscriptores activos,3005,138,0.04592,10.7,1481.71,6,3632.03,2.45,Friday
2024-06-01,FB-CVR-002,Facebook,Conversion,Compras,Lookalike 3% suscriptores activos,1397,68,0.04866,13.64,934.49,5,3110.66,3.33,Saturday
2024-11-26,GG-SRC-001,Google,Search,Clics,Intención: cursos de yoga online MX,665,38,0.05707,20.61,792.35,1,648.82,0.82,Tuesday
2024-02-20,GG-SRC-002,Google,Search,Clics,Intención: meditacion guiada online,694,57,0.08213,15.83,913.46,2,1141.66,1.25,Tuesday
2024-09-10,FB-CON-001,Facebook,Consideracion,Trafico,Retargeting visitantes 30 días,2701,111,0.04108,7.47,833.93,3,2611.41,3.13,Tuesday
2024-03-24,FB-AWA-001,Facebook,Awareness,Alcance,Mujeres 25-40 CDMX interesadas en bienestar,12875,126,0.00979,5.28,667.5,0,0.0,0.0,Sunday
2024-02-11,GG-SRC-003,Google,Search,Clics,Intención: como perder peso en casa,393,37,0.09393,18.69,698.46,1,515.05,0.74,Sunday
2024-01-31,FB-CVR-002,Facebook,Conversion,Compras,Lookalike 3% suscriptores activos,2015,152,0.07541,11.44,1742.35,11,10037.48,5.76,Wednesday
2024-09-22,FB-AWA-002,Facebook,Awareness,Alcance,Lookalike 1% compradores anteriores,10925,193,0.01766,3.67,710.86,1,709.0,1.0,Sunday
2024-09-06,GG-YTB-001,Google,YouTube,Vistas,"Canal: wellness, yoga, fitness",6372,150,0.02354,6.25,942.84,1,899.97,0.95,Friday
2024-09-06,GG-DSP-002,Google,Display,Impresiones,Remarketing sitio web 7 días,15852,237,0.01495,3.13,745.23,1,347.06,0.47,Friday
2024-10-31,GG-SRC-001,Google,Search,Clics,Intención: cursos de yoga online MX,749,55,0.07341,16.21,900.85,2,1441.17,1.6,Thursday
2024-05-31,GG-SRC-002,Google,Search,Clics,Intención: meditacion guiada online,288,47,0.16284,20.51,981.5,3,1836.31,1.87,Friday
2024-10-01,GG-SRC-002,Google,Search,Clics,Intención: meditacion guiada online,545,43,0.07878,20.24,879.93,1,653.13,0.74,Tuesday
2024-08-06,FB-AWA-002,Facebook,Awareness,Alcance,Lookalike 1% compradores anteriores,11444,135,0.0118,3.72,504.56,0,0.0,0.0,Tuesday
11-07-2024,GG-DSP-001,Google,Display,Impresiones,Afinidad: bienestar y fitness,19485,153,0.00785,2.96,454.8,1,674.08,1.48,Thursday
2024-06-12,FB-AWA-001,facebook,Awareness,Alcance,Mujeres 25-40 CDMX interesadas en bienestar,11961,186,0.01555,4.8,896.86,1,451.04,0.5,Wednesday
2024-08-23,GG-DSP-002,Google,Display,Impresiones,Remarketing sitio web 7 días,25184,179,0.00711,3.08,553.85,1,538.3,0.97,Friday
2024-01-29,FB-CVR-002,Facebook,Conversion,Compras,Lookalike 3% suscriptores activos,2949,209,0.07086,8.51,1781.19,23,17703.95,9.94,Monday
2024-03-02,FB-AWA-001,Facebook,Awareness,Alcance,Mujeres 25-40 CDMX interesadas en bienestar,13656,194,0.01421,3.35,652.02,1,490.8,0.75,Saturday
2024-11-10,FB-CON-002,Facebook,Consideracion,Trafico,"Intereses: yoga, meditacion, fitness",2633,70,0.02658,6.42,454.24,1,504.32,1.11,Sunday
2024-11-14,GG-SRC-001,Google,Search,Clics,Intención: cursos de yoga online MX,857,52,0.06063,16.89,886.18,2,1189.85,1.34,Thursday
2024-07-28,FB-CVR-002,Facebook,Conversion,Compras,Lookalike 3% suscriptores activos,1987,49,0.02466,12.25,607.28,1,652.83,1.08,Sunday
2024-10-25,FB-AWA-001,Facebook,Awareness,Alcance,Mujeres 25-40 CDMX interesadas en bienestar,8016,147,0.01834,5.09,752.76,0,0.0,0.0,Friday
2024-01-20,GG-YTB-001,Google,YouTube,Vistas,"Canal: wellness, yoga, fitness",6740,232,0.03442,4.18,973.83,5,3531.52,3.63,Saturday
2024-11-05,FB-AWA-001,Facebook,Awareness,Alcance,Mujeres 25-40 CDMX interesadas en bienestar,11253,160,0.01422,4.06,650.68,0,0.0,0.0,Tuesday
2024-03-21,GG-YTB-001,Google,YouTube,Vistas,"Canal: wellness, yoga, fitness",4703,117,0.02488,5.12,600.97,1,650.22,1.08,Thursday
2024-01-02,GG-SRC-003,Google,Search,Clics,Intención: como perder peso en casa,396,62,0.15633,16.94,1060.19,4,2345.13,2.21,Tuesday
2024-12-27,FB-CVR-002,Meta,Conversion,Compras,Lookalike 3% suscriptores activos,1710,55,0.03215,11.77,653.97,1,663.65,1.01,Friday
2024-06-09,FB-AWA-002,Facebook,Awareness,Alcance,Lookalike 1% compradores anteriores,8741,153,0.0175,3.6,553.83,0,0.0,0.0,Sunday
2024-03-05,GG-DSP-002,Google,Display,Impresiones,Remarketing sitio web 7 días,15059,162,0.01076,3.61,588.02,1,796.9,1.36,Tuesday
2024-03-24,GG-SRC-001,Google,Search,Clics,Intención: cursos de yoga online MX,683,53,0.07752,18.0,955.96,3,2260.7,2.36,Sunday
2024-08-16,FB-AWA-001,Facebook,Awareness,Alcance,Mujeres 25-40 CDMX interesadas en bienestar,8507,116,0.01363,4.85,564.7,0,0.0,0.0,Friday
2024-04-17,FB-CVR-002,Facebook,Conversion,Compras,Lookalike 3% suscriptores activos,2380,117,0.04914,10.71,1255.17,6,5203.24,4.15,Wednesday
2024-10-29,FB-AWA-001,Facebook,Awareness,Alcance,Mujeres 25-40 CDMX interesadas en bienestar,9343,131,0.01402,5.52,728.54,0,0.0,0.0,Tuesday
2024-12-05,GG-SRC-001,Google,Search,Clics,Intención: cursos de yoga online MX,568,27,0.04745,22.42,609.83,0,0.0,0.0,Thursday
2024-02-17,FB-CVR-002,Facebook,Conversion,Compras,Lookalike 3% suscriptores activos,2572,112,0.04354,8.82,992.84,8,6857.34,6.91,Saturday
2024-01-22,GG-YTB-001,Google,YouTube,Vistas,"Canal: wellness, yoga, fitness",6771,229,0.03382,5.06,1159.69,3,2802.92,2.42,Monday
2024-08-21,GG-SRC-003,Google,Search,Clics,Intención: como perder peso en casa,292,24,0.0821,21.48,518.89,0,0.0,0.0,Wednesday
2024-07-25,FB-CON-001,Facebook,Consideracion,Trafico,Retargeting visitantes 30 días,6614,95,0.01436,6.53,625.79,1,652.59,1.04,Thursday
2024-09-17,GG-SRC-003,Google,Search,Clics,Intención: como perder peso en casa,393,36,0.09147,18.73,686.7,2,1432.82,2.09,Tuesday
2024-01-30,FB-CVR-002,Facebook,Conversion,Compras,Lookalike 3% suscriptores activos,2578,215,0.08338,10.92,2354.97,18,15059.2,6.39,Tuesday
2024-06-19,GG-SRC-003,Google,Search,Clics,Intención: como perder peso en casa,528,42,0.07954,17.79,754.4,3,2105.42,2.79,Wednesday
2024-07-19,GG-DSP-002,Google,Display,Impresiones,Remarketing sitio web 7 días,13388,82,0.00612,3.95,324.34,0,0.0,0.0,Friday
2024-09-06,GG-SRC-001,Google,Search,Clics,Intención: cursos de yoga online MX,556,65,0.11677,19.24,1269.0,3,910.07,0.72,Friday
2024-07-18,GG-DSP-001,Google,Display,Impresiones,Afinidad: bienestar y fitness,14840,90,0.00606,3.55,321.01,0,0.0,0.0,Thursday
2024-05-17,FB-CON-001,Facebook,Consideracion,Trafico,Retargeting visitantes 30 días,5846,254,0.04344,5.64,1434.45,6,3452.6,2.41,Friday
2024-09-05,GG-SRC-003,Google,Search,Clics,Intención: como perder peso en casa,312,29,0.09292,22.16,642.74,1,567.5,0.88,Thursday
2024-11-30,FB-CVR-001,Facebook,Conversion,Compras,Retargeting carrito abandonado,1448,65,0.04488,12.82,842.65,2,1396.28,1.66,Saturday
2024-06-04,GG-SRC-001,Google,Search,Clics,Intención: cursos de yoga online MX,680,65,0.09546,19.07,1255.25,3,2275.19,1.81,Tuesday
2024-04-23,GG-SRC-003,Google,Search,Clics,Intención: como perder peso en casa,402,48,0.11913,16.06,778.17,2,810.38,1.04,Tuesday
2024-05-21,GG-SRC-002,Google,Search,Clics,Intención: meditacion guiada online,535,67,0.12507,16.4,1110.3,4,2782.79,2.51,Tuesday
2024-03-13,GG-SRC-002,Google,Search,Clics,Intención: meditacion guiada online,573,45,0.07853,14.11,648.24,2,628.85,0.97,Wednesday
2024-06-08,GG-SRC-003,Google,Search,Clics,Intención: como perder peso en casa,330,25,0.07558,21.19,544.98,1,549.69,1.01,Saturday
2024-05-08,GG-SRC-003,Google,Search,Clics,Intención: como perder peso en casa,390,44,0.1126,17.38,772.18,3,2589.19,3.35,Wednesday
2024-10-03,FB-CON-002,Facebook,Consideracion,Trafico,"Intereses: yoga, meditacion, fitness",3135,114,0.03635,6.42,734.98,3,1525.56,2.08,Thursday
2024-04-25,GG-YTB-001,Google,YouTube,Vistas,"Canal: wellness, yoga, fitness",4745,166,0.03498,5.33,889.11,2,1387.48,1.56,Thursday
2024-03-26,GG-SRC-001,Google,Search,Clics,Intención: cursos de yoga online MX,483,45,0.09298,19.99,907.92,2,976.81,1.08,Tuesday
09/06/2024,FB-CON-001,Facebook,Consideracion,Trafico,Retargeting visitantes 30 días,4219,141,0.03342,6.79,962.29,2,1202.6,1.25,Sunday
2024-09-08,GG-YTB-001,Google,YouTube,Vistas,"Canal: wellness, yoga, fitness",6746,169,0.02505,3.9,661.13,2,960.4,1.45,Sunday
2024-10-09,FB-CON-001,Facebook,Consideracion,Trafico,Retargeting visitantes 30 días,5311,148,0.02786,6.14,911.88,2,830.18,0.91,Wednesday
2024-10-23,FB-AWA-002,FB,Awareness,Alcance,Lookalike 1% compradores anteriores,9323,135,0.01448,4.11,557.41,0,0.0,0.0,Wednesday
2024-08-19,GG-DSP-002,Google,Display,Impresiones,Remarketing sitio web 7 días,12379,105,0.00848,2.95,311.28,0,0.0,0.0,Monday
2024-12-29,FB-CVR-002,Facebook,Conversion,Compras,Lookalike 3% suscriptores activos,1977,48,0.02427,9.39,457.69,1,429.15,0.94,Sunday
2024-03-02,GG-SRC-002,GOOGLE,Search,Clics,Intención: meditacion guiada online,494,33,0.06674,18.67,625.61,1,672.6,1.08,Saturday
2024-10-26,FB-CON-001,Facebook,Consideracion,Trafico,Retargeting visitantes 30 días,4071,117,0.02873,6.91,814.12,2,1173.53,1.44,Saturday
2024-09-02,FB-AWA-001,Facebook,Awareness,Alcance,Mujeres 25-40 CDMX interesadas en bienestar,14047,228,0.01623,3.8,867.6,1,498.05,0.57,Monday
2024-08-24,GG-SRC-003,Google,Search,Clics,Intención: como perder peso en casa,394,24,0.06091,18.55,446.2,1,453.74,1.02,Saturday
2024-05-16,FB-CON-002,Facebook,Consideracion,Trafico,"Intereses: yoga, meditacion, fitness",2807,127,0.04523,8.21,1043.64,5,1687.75,1.62,Thursday
2024-01-24,GG-DSP-001,Google,Display,Impresiones,Afinidad: bienestar y fitness,14166,239,0.01687,3.2,764.53,4,2908.55,3.8,Wednesday
2024-07-15,GG-YTB-001,Google,YouTube,Vistas,"Canal: wellness, yoga, fitness",5678,77,0.01356,6.04,466.09,0,0.0,0.0,Monday
2024-08-07,FB-AWA-002,Facebook,Awareness,Alcance,Lookalike 1% compradores anteriores,9853,99,0.01005,5.19,515.94,0,0.0,0.0,Wednesday
2024-02-26,FB-CON-001,Facebook,Consideracion,Trafico,Retargeting visitantes 30 días,3717,129,0.0347,7.79,1010.38,1,673.33,0.67,Monday
2024-08-02,FB-CON-002,facebook,Consideracion,Trafico,"Intereses: yoga, meditacion, fitness",3103,81,0.0261,7.9,641.17,1,802.12,1.25,Friday
2024-01-11,FB-CON-002,Facebook,Consideracion,Trafico,"Intereses: yoga, meditacion, fitness",2716,187,0.06884,7.51,1404.55,6,5071.18,3.61,Thursday
2024-01-02,FB-CVR-002,Facebook,Conversion,Compras,Lookalike 3% suscriptores activos,2053,166,0.08084,11.57,1931.71,15,4905.3,2.54,Tuesday
2024-03-02,FB-CVR-001,Facebook,Conversion,Compras,Retargeting carrito abandonado,1918,70,0.03649,14.09,986.8,5,1882.84,1.91,Saturday
2024-06-05,GG-DSP-002,Google,Display,Impresiones,Remarketing sitio web 7 días,16357,205,0.01253,3.35,689.63,1,601.0,0.87,Wednesday
2024-01-29,GG-DSP-002,Google,Display,Impresiones,Remarketing sitio web 7 días,19136,330,0.01724,3.06,1010.5,4,2655.99,2.63,Monday
2024-07-02,FB-CVR-001,Facebook,Conversion,Compras,Retargeting carrito abandonado,2266,70,0.03088,11.52,807.48,1,700.46,0.87,Tuesday
2024-02-21,GG-DSP-002,Google,Display,Impresiones,Remarketing sitio web 7 días,16984,214,0.0126,2.78,595.46,2,1695.84,2.85,Wednesday
2024-06-28,FB-CON-001,Facebook,Consideracion,Trafico,Retargeting visitantes 30 días,4994,214,0.04284,6.05,1296.66,5,2977.7,2.3,Friday
2024-04-25,GG-SRC-002,Google,Search,Clics,Intención: meditacion guiada online,440,56,0.12701,18.07,1027.89,3,2578.32,2.51,Thursday
2024-04-19,FB-CVR-002,Facebook,Conversion,,,2471,118,,11.31,1339.67,7,4142.5,3.09,Friday
2024-06-12,GG-SRC-001,Google,Search,Clics,Intención: cursos de yoga online MX,639,60,0.09383,16.34,989.01,3,2649.16,2.68,Wednesday
2024-11-18,FB-CVR-002,Facebook,Conversion,Compras,Lookalike 3% suscriptores activos,1979,87,0.04395,10.64,930.4,6,3372.24,3.62,Monday
2024-06-01,FB-CON-001,Facebook,Consideracion,Trafico,Retargeting visitantes 30 días,6141,167,0.02719,5.83,979.2,5,3197.73,3.27,Saturday
2024-08-01,FB-CON-001,Facebook,Consideracion,Trafico,Retargeting visitantes 30 días,5670,109,0.01922,5.8,633.16,2,1195.8,1.89,Thursday
2024-12-17,FB-AWA-002,FB,Awareness,Alcance,Lookalike 1% compradores anteriores,8352,71,0.0085,4.42,315.73,0,0.0,0.0,Tuesday
2024-10-24,FB-CON-002,Facebook,Consideracion,Trafico,"Intereses: yoga, meditacion, fitness",3922,113,0.02881,6.06,687.92,1,791.4,1.15,Thursday
2024-08-26,FB-CON-001,Facebook,Consideracion,Trafico,Retargeting visitantes 30 días,4272,112,0.02621,6.78,763.19,2,1998.18,2.62,Monday
2024-02-25,GG-DSP-002,Google,Display,Impresiones,Remarketing sitio web 7 días,11221,142,0.01265,3.28,467.53,1,530.88,1.14,Sunday
2024-01-13,GG-SRC-001,Google,Search,Clics,Intención: cursos de yoga online MX,726,86,0.11842,17.67,1529.82,7,5055.35,3.3,Saturday
2024-04-24,FB-AWA-001,Facebook,Awareness,Alcance,Mujeres 25-40 CDMX interesadas en bienestar,11479,210,0.01829,4.57,963.61,0,0.0,0.0,Wednesday
2024-12-13,FB-CON-001,Facebook,Consideracion,Trafico,Retargeting visitantes 30 días,3452,71,0.02056,6.8,489.73,0,0.0,0.0,Friday
2024-05-12,GG-DSP-001,Google,Display,Impresiones,Afinidad: bienestar y fitness,20637,193,0.00935,2.8,539.8,2,1382.79,2.56,Sunday
2024-11-29,GG-DSP-002,Google,Display,Impresiones,Remarketing sitio web 7 días,18708,161,0.00861,3.09,498.17,1,719.23,1.44,Friday
2024-11-23,FB-CON-001,Facebook,Consideracion,Trafico,Retargeting visitantes 30 días,4814,103,0.02139,6.36,659.16,2,1259.32,1.91,Saturday
2024-01-27,FB-CVR-002,Facebook,Conversion,Compras,Lookalike 3% suscriptores activos,1397,126,0.09016,12.35,1564.11,18,13354.12,8.54,Saturday
2024-01-21,GG-SRC-002,Google,Search,Clics,Intención: meditacion guiada online,382,50,0.13062,22.08,1105.42,4,2441.3,2.21,Sunday
2024-12-09,FB-CVR-001,Facebook,Conversion,Compras,Retargeting carrito abandonado,2812,74,0.02631,8.15,608.03,1,517.79,0.85,Monday
2024-04-21,FB-CON-001,Facebook,Consideracion,Trafico,Retargeting visitantes 30 días,4323,122,0.02822,7.58,930.9,4,1334.23,1.43,Sunday
2024-07-01,FB-AWA-001,Facebook,Awareness,Alcance,Mujeres 25-40 CDMX interesadas en bienestar,15457,117,0.00757,3.8,446.91,0,0.0,0.0,Monday
2024-03-06,GG-DSP-002,Google,Display,Impresiones,Remarketing sitio web 7 días,18815,206,0.01095,2.44,504.69,1,958.39,1.9,Wednesday
2024-01-31,GG-SRC-003,Google,Search,Clics,Intención: como perder peso en casa,488,62,0.12699,18.95,1174.71,5,3039.64,2.59,Wednesday
2024-04-23,GG-YTB-001,google,YouTube,Vistas,"Canal: wellness, yoga, fitness",7282,183,0.02513,5.18,951.2,3,1626.57,1.71,Tuesday
2024-01-07,GG-DSP-002,Google,Display,Impresiones,Remarketing sitio web 7 días,13217,226,0.0171,3.27,741.61,4,2074.61,2.8,Sunday
2024-08-23,FB-CVR-002,Facebook,Conversion,Compras,Lookalike 3% suscriptores activos,1638,78,0.04759,9.86,778.51,4,2534.22,3.26,Friday
2024-02-07,FB-CVR-002,Facebook,Conversion,Compras,Lookalike 3% suscriptores activos,1659,82,0.0494,13.26,1092.51,5,3407.29,3.12,Wednesday
2024-12-30,FB-AWA-002,Facebook,Awareness,Alcance,Lookalike 1% compradores anteriores,9649,85,0.00881,4.56,392.32,0,0.0,0.0,Monday
2024-10-20,GG-YTB-001,Google,YouTube,Vistas,"Canal: wellness, yoga, fitness",4844,110,0.02271,5.63,623.69,1,684.71,1.1,Sunday
2024-04-06,FB-AWA-002,Facebook,Awareness,Alcance,Lookalike 1% compradores anteriores,8379,150,0.0179,4.9,734.61,0,0.0,0.0,Saturday
2024-06-07,GG-SRC-003,Google,Search,Clics,Intención: como perder peso en casa,376,38,0.1009,20.71,799.4,2,1204.11,1.51,Friday
2024-08-29,GG-YTB-001,Google,YouTube,Vistas,"Canal: wellness, yoga, fitness",4146,62,0.01495,7.08,443.77,0,0.0,0.0,Thursday
2024-06-13,GG-DSP-001,Google,Display,Impresiones,Afinidad: bienestar y fitness,9199,141,0.01533,3.66,519.19,1,584.24,1.13,Thursday
2024-07-01,GG-SRC-002,Google,Search,Clics,Intención: meditacion guiada online,359,21,0.05844,19.21,419.17,0,0.0,0.0,Monday
2024-10-12,FB-CON-001,Facebook,Consideracion,Trafico,Retargeting visitantes 30 días,4275,107,0.02502,6.83,731.96,2,854.67,1.17,Saturday
2024-08-06,FB-CON-002,Facebook,Consideracion,Trafico,"Intereses: yoga, meditacion, fitness",3885,109,0.02806,6.55,714.69,1,716.28,1.0,Tuesday
2024-09-26,GG-SRC-002,Google,Search,Clics,Intención: meditacion guiada online,684,53,0.07747,17.15,925.44,3,1966.94,2.13,Thursday
2024-03-10,GG-SRC-002,Google,Search,Clics,Intención: meditacion guiada online,590,37,0.06263,19.58,740.68,2,1456.3,1.97,Sunday
2024-09-30,FB-CVR-001,Facebook,Conversion,Compras,Retargeting carrito abandonado,2763,121,0.04379,11.03,1339.77,9,5026.52,3.75,Monday
2024-08-06,GG-YTB-001,Google,YouTube,Vistas,"Canal: wellness, yoga, fitness",5709,103,0.01804,5.63,584.06,0,0.0,0.0,Tuesday
2024-03-31,GG-SRC-001,Google,Search,Clics,Intención: cursos de yoga online MX,545,48,0.08799,17.76,857.02,1,770.84,0.9,Sunday
2024-09-20,GG-SRC-003,Google,Search,,,475,46,,17.95,828.66,2,1576.19,1.9,Friday
2024-05-17,GG-SRC-002,Google,Search,Clics,Intención: meditacion guiada online,554,72,0.1299,14.83,1068.48,5,3032.14,2.84,Friday
2024-08-16,FB-CVR-002,FACEBOOK,Conversion,Compras,Lookalike 3% suscriptores activos,2303,85,0.03691,11.14,957.57,3,1711.97,1.79,Friday
2024-10-27,GG-SRC-003,Google,Search,Clics,Intención: como perder peso en casa,285,23,0.08069,19.34,449.12,1,924.35,2.06,Sunday
2024-04-04,GG-SRC-003,Google,Search,Clics,Intención: como perder peso en casa,373,46,0.12325,16.71,778.21,2,1086.58,1.4,Thursday
2024-04-18,GG-SRC-001,Google,Search,Clics,Intención: cursos de yoga online MX,629,65,0.10328,18.46,1218.01,4,2983.98,2.45,Thursday
2024-04-24,GG-DSP-002,Google,Display,Impresiones,Remarketing sitio web 7 días,17935,227,0.01266,3.06,694.93,2,1663.9,2.39,Wednesday
2024-10-27,FB-CON-001,Facebook,Consideracion,Trafico,Retargeting visitantes 30 días,4255,109,0.02562,7.18,788.24,3,2057.19,2.61,Sunday
2024-11-22,GG-SRC-002,Google,Search,Clics,Intención: meditacion guiada online,716,48,0.067,15.75,763.52,1,533.88,0.7,Friday
2024-09-27,FB-AWA-002,Facebook,Awareness,Alcance,Lookalike 1% compradores anteriores,8422,143,0.01698,5.54,795.96,1,545.22,0.68,Friday
2024-12-12,FB-AWA-002,Facebook,Awareness,Alcance,Lookalike 1% compradores anteriores,9071,76,0.00838,4.37,336.4,0,0.0,0.0,Thursday
2024-10-10,FB-CVR-002,Facebook,Conversion,Compras,Lookalike 3% suscriptores activos,1453,86,0.05917,10.85,935.25,3,2217.96,2.37,Thursday
2024-01-30,GG-SRC-001,Google,Search,Clics,Intención: cursos de yoga online MX,765,82,0.10705,20.54,1699.03,5,4772.05,2.81,Tuesday
2024-06-10,FB-CVR-002,Facebook,Conversion,Compras,Lookalike 3% suscriptores activos,1869,102,0.05457,10.56,1079.09,6,2829.27,2.62,Monday
2024-07-10,FB-CVR-002,Facebook,Conversion,Compras,Lookalike 3% suscriptores activos,1820,59,0.03241,11.89,713.27,2,1615.4,2.26,Wednesday
2024-07-05,FB-CVR-002,Facebook,Conversion,Compras,Lookalike 3% suscriptores activos,1718,53,0.03084,12.29,656.94,1,927.12,1.41,Friday
2024-01-13,GG-YTB-001,Google,YouTube,Vistas,"Canal: wellness, yoga, fitness",5816,195,0.03353,5.14,1002.47,4,2575.54,2.57,Saturday
2024-01-31,GG-SRC-002,Google,Search,Clics,Intención: meditacion guiada online,580,79,0.136,16.49,1310.87,6,2750.44,2.1,Wednesday
2024-06-25,FB-CVR-002,Facebook,Conversion,Compras,Lookalike 3% suscriptores activos,2211,143,0.06467,8.05,1151.96,11,8081.7,7.02,Tuesday
2024-02-19,FB-CON-001,Facebook,Consideracion,Trafico,Retargeting visitantes 30 días,2946,120,0.04073,8.44,1017.91,3,2071.54,2.04,Monday
2024-01-22,GG-DSP-002,Google,Display,Impresiones,Remarketing sitio web 7 días,18704,294,0.01572,3.25,956.83,4,2631.76,2.75,Monday
2024-08-19,FB-AWA-002,Facebook,Awareness,Alcance,Lookalike 1% compradores anteriores,10395,98,0.00943,5.19,513.26,0,0.0,0.0,Monday
2024-12-04,GG-SRC-001,Google,Search,Clics,Intención: cursos de yoga online MX,552,29,0.05247,19.25,559.79,0,0.0,0.0,Wednesday
2024-05-20,FB-AWA-002,Facebook,Awareness,Alcance,Lookalike 1% compradores anteriores,17382,272,0.01565,3.74,1018.76,2,2032.56,2.0,Monday
2024-05-17,GG-SRC-001,Google,Search,Clics,Intención: cursos de yoga online MX,516,55,0.10654,21.35,1180.47,3,2019.03,1.71,Friday
2024-04-06,FB-AWA-001,Facebook,Awareness,Alcance,Mujeres 25-40 CDMX interesadas en bienestar,9378,166,0.0177,4.56,758.93,1,420.7,0.55,Saturday
2024-07-11,FB-CVR-001,Facebook,Conversion,Compras,Retargeting carrito abandonado,2380,76,0.03192,10.29,784.4,2,1514.87,1.93,Thursday
2024-08-15,GG-DSP-002,Google,Display,Impresiones,Remarketing sitio web 7 días,18806,152,0.00808,2.99,457.07,1,347.28,0.76,Thursday
2024-01-06,GG-SRC-003,Google,Search,Clics,Intención: como perder peso en casa,293,42,0.1431,20.33,873.07,3,2586.42,2.96,Saturday
2024-07-30,GG-DSP-002,Google,Display,Impresiones,Remarketing sitio web 7 días,19390,118,0.00609,2.92,346.2,0,0.0,0.0,Tuesday
2024-07-07,FB-AWA-001,Facebook,Awareness,Alcance,Mujeres 25-40 CDMX interesadas en bienestar,11887,108,0.00909,3.72,404.96,0,0.0,0.0,Sunday
2024-05-06,FB-AWA-002,Facebook,Awareness,Alcance,Lookalike 1% compradores anteriores,9000,196,0.02178,4.44,875.32,2,819.26,0.94,Monday
2024-11-08,FB-CON-002,FB,Consideracion,Trafico,"Intereses: yoga, meditacion, fitness",3751,116,0.03092,6.1,713.0,1,606.68,0.85,Friday
2024-04-10,GG-SRC-002,Google,Search,Clics,Intención: meditacion guiada online,348,40,0.11483,20.09,822.12,1,866.76,1.05,Wednesday
2024-07-21,FB-CON-002,Facebook,Consideracion,Trafico,"Intereses: yoga, meditacion, fitness",4516,79,0.01749,5.95,474.06,1,474.04,1.0,Sunday
2024-08-02,FB-CON-001,Facebook,Consideracion,Trafico,Retargeting visitantes 30 días,4572,112,0.0245,6.05,683.42,2,954.77,1.4,Friday
2024-10-17,GG-YTB-001,Google,YouTube,Vistas,"Canal: wellness, yoga, fitness",7613,163,0.02141,4.28,701.55,2,403.7,0.58,Thursday
2024-07-18,GG-SRC-001,Google,Search,Clics,Intención: cursos de yoga online MX,573,32,0.05579,16.04,521.22,0,0.0,0.0,Thursday
2024-01-22,FB-AWA-001,Facebook,Awareness,,,10708,242,,5.72,1387.24,3,1791.64,1.29,Monday
2024-01-29,GG-YTB-001,Google,YouTube,Vistas,"Canal: wellness, yoga, fitness",8382,178,0.02124,5.79,1031.17,4,1064.09,1.03,Monday
2024-10-25,GG-DSP-002,Google,Display,Impresiones,Remarketing sitio web 7 días,15761,195,0.01237,3.22,629.44,2,1170.32,1.86,Friday
2024-03-20,FB-AWA-001,Facebook,Awareness,Alcance,Mujeres 25-40 CDMX interesadas en bienestar,11450,164,0.01432,3.91,644.11,1,811.6,1.26,Wednesday
2024-06-26,FB-CVR-002,Facebook,Conversion,Compras,Lookalike 3% suscriptores activos,1844,107,0.05801,12.56,1347.79,7,5903.22,4.38,Wednesday
2024-07-10,GG-DSP-001,Google,Display,Impresiones,Afinidad: bienestar y fitness,18251,100,0.00548,2.75,277.02,0,0.0,0.0,Wednesday
2024-04-08,FB-CVR-002,Facebook,Conversion,Compras,Lookalike 3% suscriptores activos,2872,147,0.05117,11.49,1700.12,7,5633.43,3.31,Monday
2024-06-21,GG-YTB-001,Google,YouTube,Vistas,"Canal: wellness, yoga, fitness",4894,152,0.03105,4.98,761.39,1,783.02,1.03,Friday
2024-11-17,GG-SRC-001,Google,Search,Clics,Intención: cursos de yoga online MX,521,33,0.0633,21.74,723.42,1,742.05,1.03,Sunday
2024-04-12,GG-YTB-001,Google,YouTube,Vistas,"Canal: wellness, yoga, fitness",8967,169,0.01885,5.26,892.03,4,2450.07,2.75,Friday
2024-09-29,GG-SRC-001,Google,Search,Clics,Intención: cursos de yoga online MX,455,35,0.07678,21.18,761.32,1,537.27,0.71,Sunday
2024-04-21,GG-SRC-003,Google,Search,Clics,Intención: como perder peso en casa,576,43,0.07453,17.52,769.64,2,1262.77,1.64,Sunday
2024-11-05,GG-SRC-002,Google,Search,Clics,Intención: meditacion guiada online,398,32,0.08032,19.09,618.94,1,759.61,1.23,Tuesday
2024-06-06,FB-CON-001,Facebook,Consideracion,Trafico,Retargeting visitantes 30 días,3845,145,0.03771,7.13,1039.28,3,2172.47,2.09,Thursday
2024-11-25,GG-DSP-002,Google,Display,Impresiones,Remarketing sitio web 7 días,16796,170,0.01012,3.31,565.09,1,788.52,1.4,Monday
2024-11-10,FB-AWA-001,Facebook,Awareness,Alcance,Mujeres 25-40 CDMX interesadas en bienestar,11380,136,0.01195,4.15,566.42,0,0.0,0.0,Sunday
2024-10-13,GG-DSP-001,Google,Display,Impresiones,Afinidad: bienestar y fitness,15138,141,0.00931,2.94,416.85,1,517.26,1.24,Sunday
2024-10-05,FB-AWA-001,Facebook,Awareness,Alcance,Mujeres 25-40 CDMX interesadas en bienestar,19127,182,0.00952,3.42,623.11,1,678.33,1.09,Saturday
2024-03-06,GG-DSP-001,Google,Display,Impresiones,Afinidad: bienestar y fitness,20311,180,0.00886,3.09,558.2,2,1590.76,2.85,Wednesday
2024-12-04,FB-CON-002,Facebook,Consideracion,Trafico,"Intereses: yoga, meditacion, fitness",3155,62,0.01965,8.07,500.78,0,0.0,0.0,Wednesday
2024-12-03,FB-AWA-002,Facebook,Awareness,Alcance,Lookalike 1% compradores anteriores,11333,85,0.0075,4.08,350.14,0,0.0,0.0,Tuesday
2024-07-21,GG-YTB-001,Google,YouTube,Vistas,"Canal: wellness, yoga, fitness",6081,62,0.0102,5.64,352.98,0,0.0,0.0,Sunday
2024-03-09,FB-CON-001,Facebook,Consideracion,Trafico,Retargeting visitantes 30 días,5533,109,0.0197,6.95,759.46,3,1231.36,1.62,Saturday
2024-10-04,GG-DSP-002,Google,Display,Impresiones,Remarketing sitio web 7 días,18789,185,0.00985,2.85,530.76,1,570.93,1.08,Friday
2024-01-25,GG-DSP-001,Google,Display,Impresiones,Afinidad: bienestar y fitness,14129,258,0.01826,3.25,838.71,3,2533.33,3.02,Thursday
2024-07-27,GG-YTB-001,Google,YouTube,Vistas,"Canal: wellness, yoga, fitness",6283,73,0.01162,5.44,398.77,0,0.0,0.0,Saturday
2024-06-28,GG-YTB-001,Google Ads,YouTube,Vistas,"Canal: wellness, yoga, fitness",6222,167,0.02684,5.17,866.82,3,1340.52,1.55,Friday
2024-09-07,GG-SRC-002,google,Search,Clics,Intención: meditacion guiada online,396,33,0.08314,23.33,771.29,1,503.77,0.65,Saturday
2024-05-18,GG-SRC-003,google,Search,Clics,Intención: como perder peso en casa,298,34,0.11404,17.9,620.23,1,869.71,1.4,Saturday
2024-06-22,GG-DSP-002,Google,Display,Impresiones,Remarketing sitio web 7 días,14660,164,0.01119,3.54,581.77,2,856.48,1.47,Saturday
2024-05-02,FB-CVR-002,Facebook,Conversion,Compras,Lookalike 3% suscriptores activos,1580,107,0.06771,13.44,1448.53,10,3328.65,2.3,Thursday
2024-12-15,FB-AWA-001,facebook,Awareness,Alcance,Mujeres 25-40 CDMX interesadas en bienestar,8666,70,0.00808,4.66,329.66,0,0.0,0.0,Sunday
2024-01-07,GG-YTB-001,Google,YouTube,Vistas,"Canal: wellness, yoga, fitness",7073,219,0.03096,4.1,899.31,4,2106.56,2.34,Sunday
2024-05-27,FB-AWA-002,Facebook,Awareness,Alcance,Lookalike 1% compradores anteriores,8602,202,0.02348,4.51,912.23,1,908.3,1.0,Monday
2024-05-19,GG-SRC-003,Google,Search,Clics,Intención: como perder peso en casa,358,38,0.10588,18.25,701.69,2,1177.35,1.68,Sunday
2024-04-07,GG-SRC-002,Google,Search,Clics,Intención: meditacion guiada online,471,45,0.09548,19.45,876.8,2,1175.05,1.34,Sunday
2024-11-14,GG-SRC-002,Google,Search,Clics,Intención: meditacion guiada online,468,37,0.07904,17.68,669.34,1,652.41,0.97,Thursday
2024-02-03,GG-SRC-001,Google,Search,Clics,Intención: cursos de yoga online MX,918,54,0.05878,17.28,939.76,2,1351.95,1.44,Saturday
2024-10-20,FB-CVR-001,Facebook,Conversion,Compras,Retargeting carrito abandonado,1973,97,0.04916,10.39,1012.65,4,3324.15,3.28,Sunday
2024-12-05,GG-SRC-003,Google,Search,Clics,Intención: como perder peso en casa,347,18,0.05173,20.61,391.21,0,0.0,0.0,Thursday
2024-12-26,FB-AWA-001,Facebook,Awareness,Alcance,Mujeres 25-40 CDMX interesadas en bienestar,10280,83,0.00807,5.34,445.17,0,0.0,0.0,Thursday
2024-07-14,GG-SRC-003,Google,Search,Clics,Intención: como perder peso en casa,467,16,0.03419,19.03,314.0,0,0.0,0.0,Sunday
2024-08-13,FB-CON-002,Facebook,Consideracion,Trafico,"Intereses: yoga, meditacion, fitness",3382,89,0.02631,7.54,678.0,1,575.6,0.85,Tuesday
2024-04-01,GG-DSP-002,Google,Display,Impresiones,Remarketing sitio web 7 días,13593,188,0.01383,3.6,678.66,1,797.54,1.18,Monday
2024-05-28,FB-CVR-001,Facebook,Conversion,Compras,Retargeting carrito abandonado,2153,109,0.05062,12.69,1395.06,10,8557.79,6.13,Tuesday
2024-03-15,GG-SRC-003,G Ads,Search,Clics,Intención: como perder peso en casa,428,32,0.07465,21.96,724.49,1,914.82,1.26,Friday
2024-06-26,FB-CVR-001,Facebook,Conversion,Compras,Retargeting carrito abandonado,1621,87,0.05366,14.84,1300.45,6,3158.41,2.43,Wednesday
2024-02-13,GG-SRC-003,Google,Search,Clics,Intención: como perder peso en casa,396,37,0.09341,17.29,649.48,1,921.94,1.42,Tuesday
2024-10-24,GG-SRC-001,Google,Search,Clics,Intención: cursos de yoga online MX,810,55,0.06786,18.84,1041.55,2,1696.32,1.63,Thursday
2024-10-22,FB-CVR-002,Facebook,Conversion,Compras,Lookalike 3% suscriptores activos,2562,78,0.03043,10.95,860.48,4,1913.7,2.22,Tuesday
2024-11-27,GG-SRC-001,Google,Search,Clics,Intención: cursos de yoga online MX,658,51,0.07747,20.94,1077.66,2,1030.16,0.96,Wednesday
2024-06-27,FB-AWA-002,Facebook,Awareness,Alcance,Lookalike 1% compradores anteriores,10656,227,0.0213,3.6,818.66,2,1969.64,2.41,Thursday
2024-10-05,FB-CON-001,Facebook,Consideracion,Trafico,Retargeting visitantes 30 días,5193,114,0.02195,6.83,780.32,2,1187.66,1.52,Saturday
2024/11/29,GG-SRC-002,Google,Search,Clics,Intención: meditacion guiada online,366,30,0.08179,20.79,632.41,1,583.55,0.92,Friday
2024-11-14,FB-CON-002,Facebook,Consideracion,Trafico,"Intereses: yoga, meditacion, fitness",6201,123,0.01984,6.22,766.11,2,919.01,1.2,Thursday
2024-05-26,GG-SRC-003,Google,Search,Clics,Intención: como perder peso en casa,396,39,0.09827,17.09,667.13,2,1206.35,1.81,Sunday
2024-07-26,FB-CVR-001,Facebook,Conversion,Compras,Retargeting carrito abandonado,1818,62,0.03409,12.42,770.74,1,480.24,0.62,Friday
2024-01-09,GG-SRC-001,Google,Search,Clics,Intención: cursos de yoga online MX,543,81,0.14908,20.18,1642.88,5,2782.15,1.69,Tuesday
2024-09-29,GG-DSP-002,Google,Display,Impresiones,Remarketing sitio web 7 días,20119,204,0.01014,2.85,582.59,1,705.71,1.21,Sunday
2024-05-28,GG-SRC-002,Google,Search,Clics,Intención: meditacion guiada online,509,57,0.11185,21.12,1216.48,3,1798.06,1.48,Tuesday
2024-12-19,FB-AWA-001,Facebook,Awareness,Alcance,Mujeres 25-40 CDMX interesadas en bienestar,17568,138,0.00785,3.3,456.98,0,0.0,0.0,Thursday
2024-09-21,FB-CON-001,Facebook,Consideracion,Trafico,Retargeting visitantes 30 días,4695,142,0.03024,5.66,806.5,3,2158.54,2.68,Saturday
2024-06-28,GG-SRC-001,Google,Search,Clics,Intención: cursos de yoga online MX,581,56,0.09635,21.16,1192.4,3,1744.48,1.46,Friday
2024-06-08,FB-CON-001,Facebook,Consideracion,Trafico,Retargeting visitantes 30 días,4184,133,0.03178,6.62,884.01,3,1866.55,2.11,Saturday
2024-01-15,FB-CVR-002,Facebook,Conversion,Compras,Lookalike 3% suscriptores activos,1822,150,0.08229,12.39,1861.69,10,4743.28,2.55,Monday
2024-06-20,GG-SRC-003,Google,Search,Clics,Intención: como perder peso en casa,399,34,0.08513,19.96,697.08,1,659.74,0.95,Thursday
2024-08-05,FB-CON-002,Facebook,Consideracion,Trafico,"Intereses: yoga, meditacion, fitness",3645,93,0.02551,6.54,608.71,1,386.37,0.63,Monday
2024-08-28,FB-AWA-001,Facebook,Awareness,Alcance,Mujeres 25-40 CDMX interesadas en bienestar,10152,131,0.0129,5.09,667.06,0,0.0,0.0,Wednesday
2024-05-17,FB-CVR-002,Facebook,Conversion,Compras,Lookalike 3% suscriptores activos,1885,111,0.05886,12.47,1393.82,7,5003.91,3.59,Friday
2024-03-30,FB-CVR-001,Facebook,Conversion,Compras,Retargeting carrito abandonado,1346,66,0.04902,11.83,785.72,4,2172.71,2.77,Saturday
2024-12-10,FB-AWA-001,Facebook,Awareness,Alcance,Mujeres 25-40 CDMX interesadas en bienestar,10424,105,0.01007,4.32,455.19,0,0.0,0.0,Tuesday
2024-01-25,GG-SRC-002,Google,Search,,,562,56,,19.7,1112.57,5,2781.59,2.5,Thursday
2024-12-29,FB-CON-002,Facebook,Consideracion,Trafico,"Intereses: yoga, meditacion, fitness",4306,67,0.01556,5.74,388.96,0,0.0,0.0,Sunday
2024-10-26,FB-AWA-001,Facebook,Awareness,Alcance,Mujeres 25-40 CDMX interesadas en bienestar,13996,167,0.01193,4.4,738.12,0,0.0,0.0,Saturday
2024-02-26,GG-SRC-002,Google,Search,Clics,Intención: meditacion guiada online,470,41,0.08714,17.83,742.41,1,713.21,0.96,Monday
2024-02-11,FB-CVR-002,Facebook,Conversion,Compras,Lookalike 3% suscriptores activos,1648,87,0.05276,10.35,901.67,6,4351.03,4.83,Sunday
2024-05-29,GG-SRC-001,Google,Search,Clics,Intención: cursos de yoga online MX,541,53,0.09787,24.24,1307.75,3,2248.97,1.72,Wednesday
2024-10-30,GG-SRC-001,Google,Search,Clics,Intención: cursos de yoga online MX,763,56,0.07335,17.2,979.37,3,953.66,0.97,Wednesday
2024-05-17,GG-DSP-002,Google,Display,Impresiones,Remarketing sitio web 7 días,17161,194,0.0113,3.35,651.18,1,830.8,1.28,Friday
2024-01-08,GG-DSP-002,Google,Display,Impresiones,Remarketing sitio web 7 días,23068,269,0.01166,3.1,833.18,4,3576.53,4.29,Monday
2024-11-05,GG-DSP-001,Google,Display,Impresiones,Afinidad: bienestar y fitness,13712,136,0.00992,3.11,424.02,0,0.0,0.0,Tuesday
2024-11-16,FB-AWA-002,Facebook,Awareness,Alcance,Lookalike 1% compradores anteriores,10011,125,0.01249,3.86,482.83,0,0.0,0.0,Saturday
2024-07-30,FB-CVR-002,Facebook,Conversion,Compras,Lookalike 3% suscriptores activos,1497,58,0.03873,12.6,731.22,2,1220.28,1.67,Tuesday
2024-03-15,GG-DSP-002,Google,Display,Impresiones,Remarketing sitio web 7 días,15119,154,0.01019,3.57,549.45,1,700.0,1.27,Friday
2024-04-08,GG-DSP-001,Google,Display,Impresiones,Afinidad: bienestar y fitness,11664,151,0.01295,3.6,547.14,1,775.96,1.42,Monday
2024-10-04,GG-SRC-002,Google,Search,Clics,Intención: meditacion guiada online,514,36,0.07001,17.35,638.09,1,926.86,1.45,Friday
2024-08-13,FB-CON-001,Facebook,Consideracion,Trafico,Retargeting visitantes 30 días,3575,104,0.02909,6.71,702.35,1,552.56,0.79,Tuesday
2024-07-08,FB-AWA-001,Facebook,Awareness,Alcance,Mujeres 25-40 CDMX interesadas en bienestar,9638,90,0.00934,5.49,498.12,0,0.0,0.0,Monday
2024-01-06,FB-CON-002,Facebook,Consideracion,Trafico,"Intereses: yoga, meditacion, fitness",2772,128,0.04617,7.28,933.76,5,2744.06,2.94,Saturday
2024-03-12,GG-SRC-002,Google,Search,Clics,Intención: meditacion guiada online,518,52,0.10034,15.54,810.29,2,1048.92,1.29,Tuesday
2024-11-18,FB-CON-002,Facebook,Consideracion,Trafico,"Intereses: yoga, meditacion, fitness",4152,96,0.02312,6.46,621.66,1,334.95,0.54,Monday
2024-10-27,FB-CON-002,Facebook,Consideracion,Trafico,"Intereses: yoga, meditacion, fitness",3419,95,0.02779,6.85,655.51,2,1401.02,2.14,Sunday
2024-12-14,FB-CON-001,Facebook,Consideracion,Trafico,Retargeting visitantes 30 días,6513,90,0.01382,5.14,467.0,1,814.15,1.74,Saturday
2024-11-09,FB-CVR-001,FB,Conversion,Compras,Retargeting carrito abandonado,1988,88,0.04425,9.69,854.84,4,2105.83,2.46,Saturday
2024-12-10,FB-CON-002,Facebook,Consideracion,Trafico,"Intereses: yoga, meditacion, fitness",5123,79,0.01542,5.72,457.49,1,747.42,1.63,Tuesday
2024-12-13,GG-SRC-003,Google,Search,Clics,Intención: como perder peso en casa,381,16,0.04191,19.07,323.16,0,0.0,0.0,Friday
2024-01-18,FB-CON-001,Facebook,Consideracion,Trafico,Retargeting visitantes 30 días,2930,174,0.05937,7.33,1281.8,6,5700.47,4.45,Thursday
2024-12-21,GG-DSP-002,Google,Display,Impresiones,Remarketing sitio web 7 días,15542,80,0.00515,3.06,246.45,0,0.0,0.0,Saturday
2024-12-01,GG-DSP-001,Google,Display,Impresiones,Afinidad: bienestar y fitness,20092,77,0.00383,3.17,246.71,0,0.0,0.0,Sunday
2024-05-21,FB-AWA-002,Facebook,Awareness,Alcance,Lookalike 1% compradores anteriores,8733,209,0.02393,5.13,1074.12,1,677.05,0.63,Tuesday
2024-01-14,FB-AWA-001,Facebook,Awareness,Alcance,Mujeres 25-40 CDMX interesadas en bienestar,11227,259,0.02307,4.58,1189.16,2,1281.49,1.08,Sunday
2024-05-08,FB-AWA-001,Facebook,Awareness,Alcance,Mujeres 25-40 CDMX interesadas en bienestar,11610,210,0.01809,4.62,974.07,1,468.34,0.48,Wednesday
2024-12-23,GG-SRC-001,Google,Search,Clics,Intención: cursos de yoga online MX,696,32,0.04596,16.57,537.44,0,0.0,0.0,Monday
2024-09-10,GG-YTB-001,Google,YouTube,,,3990,116,,6.51,760.01,1,736.85,0.97,Tuesday
2024-06-02,FB-AWA-002,Facebook,Awareness,Alcance,Lookalike 1% compradores anteriores,9068,141,0.01555,4.54,641.69,1,693.46,1.08,Sunday
2024-03-18,GG-SRC-002,Google,Search,Clics,Intención: meditacion guiada online,533,42,0.0787,18.91,795.85,2,1496.82,1.88,Monday
2024-02-27,FB-AWA-001,Facebook,Awareness,Alcance,Mujeres 25-40 CDMX interesadas en bienestar,11563,222,0.0192,3.95,877.21,1,606.51,0.69,Tuesday
2024-09-29,FB-CVR-002,Facebook,Conversion,Compras,Lookalike 3% suscriptores activos,1568,84,0.05354,12.06,1017.75,3,2501.99,2.46,Sunday
2024-11-03,GG-DSP-001,Google,Display,Impresiones,Afinidad: bienestar y fitness,13296,116,0.00872,3.16,366.36,0,0.0,0.0,Sunday
2024-01-11,GG-DSP-002,Google,Display,Impresiones,Remarketing sitio web 7 días,19665,317,0.01612,2.82,896.8,4,2845.25,3.17,Thursday
2024-02-21,GG-YTB-001,Google,YouTube,Vistas,"Canal: wellness, yoga, fitness",6048,136,0.02249,5.35,730.48,2,1363.08,1.87,Wednesday
2024-01-18,GG-SRC-001,Google,Search,Clics,Intención: cursos de yoga online MX,574,94,0.16371,18.94,1787.98,8,5083.34,2.84,Thursday
2024-09-23,GG-SRC-003,Google,Search,Clics,Intención: como perder peso en casa,716,60,0.0838,12.93,779.94,3,1958.38,2.51,Monday
2024-05-27,FB-CVR-001,Facebook,Conversion,Compras,Retargeting carrito abandonado,1723,137,0.0795,11.05,1518.42,9,6549.28,4.31,Monday
2024-06-24,GG-DSP-001,G Ads,Display,Impresiones,Afinidad: bienestar y fitness,14502,172,0.01186,3.41,587.97,2,1663.46,2.83,Monday
2024-08-27,FB-CVR-001,Facebook,Conversion,Compras,Retargeting carrito abandonado,1915,60,0.03133,12.86,783.77,1,601.59,0.77,Tuesday
2024-05-20,FB-AWA-001,Facebook,Awareness,Alcance,Mujeres 25-40 CDMX interesadas en bienestar,7401,185,0.025,5.26,977.68,1,596.93,0.61,Monday
2024-05-22,GG-YTB-001,Google,YouTube,Vistas,"Canal: wellness, yoga, fitness",5956,199,0.03341,4.47,893.24,2,1411.53,1.58,Wednesday
2024-12-15,FB-CON-002,facebook,Consideracion,Trafico,"Intereses: yoga, meditacion, fitness",3133,47,0.015,8.08,380.62,0,0.0,0.0,Sunday
2024-08-17,FB-CVR-001,Facebook,Conversion,Compras,Retargeting carrito abandonado,1768,62,0.03506,12.65,793.52,2,1417.01,1.79,Saturday
2024-02-23,GG-DSP-002,Google,Display,Impresiones,Remarketing sitio web 7 días,18865,192,0.01018,3.0,578.06,1,848.75,1.47,Friday
2024-04-10,FB-CON-001,Facebook,Consideracion,Trafico,Retargeting visitantes 30 días,7341,269,0.03664,4.49,1208.08,9,6962.24,5.76,Wednesday
2024-04-28,GG-SRC-003,Google,Search,Clics,Intención: como perder peso en casa,494,41,0.08284,17.91,740.81,2,668.99,0.9,Sunday
2024-06-26,GG-SRC-003,Google,Search,Clics,Intención: como perder peso en casa,518,40,0.07714,16.55,675.11,2,1333.51,1.98,Wednesday
2024-10-05,FB-AWA-002,Facebook,Awareness,Alcance,Lookalike 1% compradores anteriores,9390,129,0.01374,4.42,574.34,0,0.0,0.0,Saturday
2024-05-09,FB-CVR-001,Facebook,Conversion,Compras,Retargeting carrito abandonado,2601,170,0.06536,10.12,1726.27,12,7885.92,4.57,Thursday
2024-12-18,FB-CON-002,Facebook,Consideracion,Trafico,"Intereses: yoga, meditacion, fitness",4731,78,0.01648,5.76,452.48,1,516.16,1.14,Wednesday
2024-05-19,GG-YTB-001,Google,YouTube,Vistas,"Canal: wellness, yoga, fitness",6178,141,0.02282,5.54,783.86,1,663.47,0.85,Sunday
06/04/2024,FB-CON-001,Facebook,Consideracion,Trafico,Retargeting visitantes 30 días,3396,115,0.03385,7.24,838.92,3,1534.87,1.83,Saturday
2024-08-26,FB-AWA-001,Facebook,Awareness,Alcance,Mujeres 25-40 CDMX interesadas en bienestar,6941,101,0.01455,5.38,548.43,0,0.0,0.0,Monday
2024-10-01,GG-SRC-001,Google,Search,Clics,Intención: cursos de yoga online MX,498,43,0.08627,21.31,929.02,1,831.82,0.9,Tuesday
2024-12-29,FB-CON-001,Facebook,Consideracion,Trafico,Retargeting visitantes 30 días,3288,51,0.01551,7.27,375.8,0,0.0,0.0,Sunday
2024-01-17,GG-SRC-003,Google,Search,Clics,Intención: como perder peso en casa,382,57,0.14895,18.91,1079.3,4,2726.16,2.53,Wednesday
2024-04-10,GG-DSP-002,Google,Display,Impresiones,Remarketing sitio web 7 días,19022,231,0.01214,2.81,651.51,2,1116.64,1.71,Wednesday
2024-09-11,FB-CON-001,Facebook,Consideracion,Trafico,Retargeting visitantes 30 días,3281,132,0.04023,7.53,996.27,3,2242.33,2.25,Wednesday
2024-07-21,GG-DSP-002,Google,Display,Impresiones,Remarketing sitio web 7 días,17445,101,0.00579,3.0,305.99,0,0.0,0.0,Sunday
2024-06-07,GG-YTB-001,Google,YouTube,Vistas,"Canal: wellness, yoga, fitness",7709,169,0.02192,4.84,819.73,2,1411.22,1.72,Friday
2024-07-23,GG-SRC-003,Google,Search,Clics,Intención: como perder peso en casa,527,22,0.04174,18.2,410.15,0,0.0,0.0,Tuesday
2024-03-27,FB-AWA-001,Facebook,Awareness,Alcance,Mujeres 25-40 CDMX interesadas en bienestar,11660,171,0.01466,4.44,759.28,1,625.61,0.82,Wednesday
2024-06-06,GG-SRC-002,Google,Search,Clics,Intención: meditacion guiada online,290,37,0.12727,22.92,863.63,2,1112.3,1.29,Thursday
2024/03/11,GG-SRC-002,Google,Search,Clics,Intención: meditacion guiada online,634,55,0.08672,14.41,803.53,2,1279.17,1.59,Monday
2024-07-20,GG-SRC-001,Google,Search,Clics,Intención: cursos de yoga online MX,754,30,0.03976,17.7,532.37,0,0.0,0.0,Saturday
2024-02-23,FB-CVR-002,facebook,Conversion,Compras,Lookalike 3% suscriptores activos,2397,116,0.04838,11.67,1365.25,4,2344.89,1.72,Friday
2024-07-19,GG-SRC-001,Google,Search,Clics,Intención: cursos de yoga online MX,548,26,0.04739,21.94,583.56,0,0.0,0.0,Friday
2024-02-21,FB-CON-001,Facebook,Consideracion,Trafico,Retargeting visitantes 30 días,3695,117,0.03166,8.22,968.56,2,1895.58,1.96,Wednesday
2024-06-28,FB-AWA-001,Facebook,Awareness,Alcance,Mujeres 25-40 CDMX interesadas en bienestar,10174,177,0.0174,4.68,830.32,1,673.3,0.81,Friday
2024-03-17,GG-SRC-003,Google,Search,Clics,Intención: como perder peso en casa,295,27,0.09151,17.14,465.71,1,396.01,0.85,Sunday
2024-03-04,FB-CVR-001,Facebook,Conversion,Compras,Retargeting carrito abandonado,3254,98,0.03011,11.48,1134.64,5,2428.89,2.14,Monday
2024-09-12,FB-AWA-001,FB,Awareness,Alcance,Mujeres 25-40 CDMX interesadas en bienestar,17416,234,0.01344,4.45,1044.62,2,1658.86,1.59,Thursday
2024-07-05,FB-CON-001,Facebook,Consideracion,Trafico,Retargeting visitantes 30 días,3482,75,0.02154,7.04,528.2,1,801.21,1.52,Friday
2024-04-01,GG-SRC-002,Google,Search,Clics,Intención: meditacion guiada online,481,48,0.09973,18.47,894.37,3,1997.69,2.23,Monday
2024-07-10,FB-CON-001,facebook,Consideracion,Trafico,Retargeting visitantes 30 días,5638,96,0.01703,6.01,580.77,1,760.26,1.31,Wednesday
2024-12-09,FB-AWA-002,Facebook,Awareness,Alcance,Lookalike 1% compradores anteriores,9200,99,0.01076,4.02,398.13,0,0.0,0.0,Monday
2024-08-09,GG-DSP-002,Google,Display,Impresiones,Remarketing sitio web 7 días,18653,158,0.00847,2.87,454.21,1,457.3,1.01,Friday
2024-04-15,FB-CVR-001,Facebook,Conversion,Compras,Retargeting carrito abandonado,2179,133,0.06103,10.97,1459.67,11,8098.97,5.55,Monday
2024-12-11,GG-SRC-003,Google,Search,Clics,Intención: como perder peso en casa,330,19,0.05755,18.21,359.16,0,0.0,0.0,Wednesday
2024-02-29,GG-SRC-002,Google,Search,Clics,Intención: meditacion guiada online,467,50,0.10697,18.8,953.86,2,1480.07,1.55,Thursday
2024-02-12,GG-YTB-001,Google,YouTube,Vistas,"Canal: wellness, yoga, fitness",7616,153,0.02009,4.5,690.74,2,1095.49,1.59,Monday
2024-03-06,GG-SRC-002,Google,Search,Clics,Intención: meditacion guiada online,455,34,0.07462,20.9,718.31,1,582.53,0.81,Wednesday
2024-11-09,GG-SRC-003,Google,Search,Clics,Intención: como perder peso en casa,342,24,0.07014,20.94,518.58,0,0.0,0.0,Saturday
2024-06-02,GG-DSP-002,Google,Display,Impresiones,Remarketing sitio web 7 días,17605,194,0.01102,3.04,590.73,1,726.6,1.23,Sunday
2024-07-28,GG-DSP-002,Google,Display,Impresiones,Remarketing sitio web 7 días,16040,90,0.00561,3.56,323.08,0,0.0,0.0,Sunday
2024-05-27,FB-CVR-002,Facebook,Conversion,Compras,Lookalike 3% suscriptores activos,2103,139,0.06608,9.77,1361.59,15,6464.96,4.75,Monday
2024-04-28,FB-CVR-002,Facebook,Conversion,Compras,Lookalike 3% suscriptores activos,1580,97,0.06138,12.48,1214.92,11,5312.59,4.37,Sunday
2024-04-18,FB-CON-002,Facebook,Consideracion,Trafico,"Intereses: yoga, meditacion, fitness",2530,119,0.04703,8.02,959.08,2,827.11,0.86,Thursday
2024-05-07,GG-SRC-002,Google,Search,Clics,Intención: meditacion guiada online,335,43,0.12832,20.82,912.24,3,1942.41,2.13,Tuesday
2024-12-14,FB-CVR-001,Facebook,Conversion,Compras,Retargeting carrito abandonado,1492,34,0.02277,13.72,469.7,0,0.0,0.0,Saturday
2024-07-24,GG-SRC-001,GOOGLE,Search,Clics,Intención: cursos de yoga online MX,764,40,0.05229,15.83,641.14,0,0.0,0.0,Wednesday
2024-03-03,GG-SRC-003,Google,Search,Clics,Intención: como perder peso en casa,387,29,0.07478,16.71,489.46,1,582.79,1.19,Sunday
2024-04-21,GG-DSP-001,Google,Display,Impresiones,Afinidad: bienestar y fitness,14236,181,0.01271,3.03,548.57,2,1285.34,2.34,Sunday
2024-03-28,GG-SRC-001,Google,Search,Clics,Intención: cursos de yoga online MX,667,68,0.10191,16.61,1143.35,3,2258.32,1.98,Thursday
2024-09-25,GG-DSP-001,Google,Display,Impresiones,Afinidad: bienestar y fitness,12927,143,0.01106,3.58,511.84,1,795.17,1.55,Wednesday
2024-11-09,FB-CON-002,Facebook,Consideracion,Trafico,"Intereses: yoga, meditacion, fitness",3152,79,0.02506,6.69,534.85,1,676.82,1.27,Saturday
2024-11-05,FB-CON-002,Facebook,Consideracion,Trafico,"Intereses: yoga, meditacion, fitness",4300,107,0.02488,7.18,773.39,2,942.47,1.22,Tuesday
2024-03-12,FB-CON-001,Facebook,Consideracion,Trafico,Retargeting visitantes 30 días,3038,102,0.03357,7.62,781.21,1,406.41,0.52,Tuesday
2024-08-22,FB-CON-001,Facebook,Consideracion,Trafico,Retargeting visitantes 30 días,3525,93,0.02638,6.23,581.35,1,763.13,1.31,Thursday
2024-02-22,GG-DSP-001,Google,Display,Impresiones,Afinidad: bienestar y fitness,17735,186,0.01049,2.98,557.45,1,403.46,0.72,Thursday
2024-02-02,GG-DSP-001,Google,Display,Impresiones,Afinidad: bienestar y fitness,20453,227,0.0111,2.93,666.47,1,356.99,0.54,Friday
2024-04-04,GG-DSP-001,Google,Display,Impresiones,Afinidad: bienestar y fitness,20200,200,0.0099,3.12,623.34,2,1475.59,2.37,Thursday
2024-02-19,GG-DSP-001,Google,Display,Impresiones,Afinidad: bienestar y fitness,14947,159,0.01064,3.33,530.27,2,1577.54,2.98,Monday
2024-01-28,GG-DSP-001,Google,Display,Impresiones,Afinidad: bienestar y fitness,10724,208,0.01939,3.79,791.74,2,936.12,1.18,Sunday
2024-06-14,FB-CVR-002,Facebook,Conversion,Compras,Lookalike 3% suscriptores activos,2634,117,0.04441,13.06,1531.08,6,3572.62,2.33,Friday
2024-09-08,GG-SRC-003,Google,Search,Clics,Intención: como perder peso en casa,303,24,0.07896,18.42,453.2,1,657.75,1.45,Sunday
2024-06-02,GG-YTB-001,Google,YouTube,Vistas,"Canal: wellness, yoga, fitness",6281,159,0.02531,4.94,790.44,2,856.01,1.08,Sunday
2024-08-17,FB-CON-001,Facebook,Consideracion,Trafico,Retargeting visitantes 30 días,3341,89,0.02664,7.23,644.2,1,393.36,0.61,Saturday
2024-03-01,FB-CVR-002,Facebook,Conversion,Compras,Lookalike 3% suscriptores activos,2693,115,0.0427,9.77,1126.67,7,5805.66,5.15,Friday
2024-02-28,FB-CON-001,Facebook,Consideracion,Trafico,Retargeting visitantes 30 días,3897,151,0.03874,5.26,795.76,3,2163.19,2.72,Wednesday
2024-05-20,FB-CON-002,FB,Consideracion,Trafico,"Intereses: yoga, meditacion, fitness",4962,191,0.03849,6.22,1192.19,4,2654.52,2.23,Monday
2024-05-01,FB-CVR-001,Facebook,Conversion,Compras,Retargeting carrito abandonado,1405,109,0.07758,11.01,1207.19,10,8236.79,6.82,Wednesday
2024-11-01,GG-DSP-001,Google,Display,Impresiones,Afinidad: bienestar y fitness,14131,162,0.01146,2.74,445.73,1,824.01,1.85,Friday
2024-08-06,GG-SRC-001,Google,Search,Clics,Intención: cursos de yoga online MX,389,31,0.07967,21.15,676.06,1,699.84,1.04,Tuesday
2024-08-11,FB-CON-001,Facebook,Consideracion,Trafico,Retargeting visitantes 30 días,3395,88,0.02592,6.65,585.53,2,1343.47,2.29,Sunday
2024-11-21,FB-CVR-002,Facebook,Conversion,Compras,Lookalike 3% suscriptores activos,2287,89,0.03891,12.55,1126.71,6,3329.42,2.95,Thursday
2024-02-20,FB-AWA-001,Facebook,Awareness,Alcance,Mujeres 25-40 CDMX interesadas en bienestar,11173,232,0.02076,4.25,987.46,1,637.98,0.65,Tuesday
2024-01-17,GG-DSP-002,Google,Display,Impresiones,Remarketing sitio web 7 días,15528,239,0.01539,3.34,801.06,4,2557.26,3.19,Wednesday
2024-01-29,GG-DSP-001,Google,Display,Impresiones,Afinidad: bienestar y fitness,15435,304,0.01969,2.81,856.85,4,2878.73,3.36,Monday
2024-03-12,GG-SRC-003,Google,Search,Clics,Intención: como perder peso en casa,389,39,0.10009,17.17,674.64,1,583.01,0.86,Tuesday
2024-02-26,GG-DSP-002,Google,Display,Impresiones,Remarketing sitio web 7 días,22771,182,0.00799,3.71,676.6,1,583.13,0.86,Monday
2024-07-07,FB-CON-001,Facebook,Consideracion,Trafico,Retargeting visitantes 30 días,4677,67,0.01432,8.18,553.37,0,0.0,0.0,Sunday
2024-09-22,GG-DSP-001,Google,Display,Impresiones,Afinidad: bienestar y fitness,14904,152,0.0102,3.3,503.31,1,551.1,1.09,Sunday
2024-03-17,FB-AWA-002,Facebook,Awareness,Alcance,Lookalike 1% compradores anteriores,8745,143,0.01635,3.65,525.1,0,0.0,0.0,Sunday
2024-07-30,GG-SRC-003,Google,Search,Clics,Intención: como perder peso en casa,338,18,0.05312,19.62,364.64,0,0.0,0.0,Tuesday
2024-01-17,FB-CVR-002,Facebook,Conversion,Compras,Lookalike 3% suscriptores activos,2037,153,0.07509,12.04,1850.81,18,12258.96,6.62,Wednesday
2024-07-06,FB-CON-002,Facebook,Consideracion,Trafico,"Intereses: yoga, meditacion, fitness",4437,82,0.01848,6.15,507.05,1,746.71,1.47,Saturday
2024-04-08,FB-CON-001,Facebook,Consideracion,Trafico,Retargeting visitantes 30 días,3857,139,0.03603,7.41,1036.45,3,1532.53,1.48,Monday
2024-01-21,FB-CON-001,Facebook,Consideracion,Trafico,Retargeting visitantes 30 días,3643,188,0.05159,5.94,1119.56,6,5766.18,5.15,Sunday
2024-10-04,FB-CVR-002,Facebook,Conversion,Compras,Lookalike 3% suscriptores activos,1911,85,0.04447,11.48,978.55,5,4275.18,4.37,Friday
2024-10-16,GG-DSP-002,Google,Display,Impresiones,Remarketing sitio web 7 días,17888,173,0.00967,3.38,587.08,1,568.04,0.97,Wednesday
2024-06-28,GG-SRC-003,Google,Search,Clics,Intención: como perder peso en casa,459,46,0.1001,16.12,750.22,2,1301.16,1.73,Friday
2024-07-14,GG-YTB-001,Google,YouTube,Vistas,,4173,61,0.01461,6.0,367.99,0,0.0,0.0,Sunday
2024-06-28,GG-DSP-001,Google,Display,Impresiones,Afinidad: bienestar y fitness,12525,179,0.01429,3.28,588.32,2,1303.05,2.21,Friday
2024-10-14,FB-CON-002,Facebook,Consideracion,Trafico,"Intereses: yoga, meditacion, fitness",3071,126,0.04102,6.52,826.42,2,1119.28,1.35,Monday
2024-06-22,FB-AWA-002,Facebook,Awareness,Alcance,Lookalike 1% compradores anteriores,9859,134,0.01359,4.75,640.15,0,0.0,0.0,Saturday
2024-11-26,GG-SRC-003,Google,Search,Clics,Intención: como perder peso en casa,407,34,0.08343,16.15,562.75,1,714.32,1.27,Tuesday
2024-06-28,GG-SRC-002,GOOGLE,Search,Clics,Intención: meditacion guiada online,594,59,0.09927,16.83,994.06,4,2725.88,2.74,Friday
2024-01-13,FB-AWA-001,Facebook,Awareness,Alcance,Mujeres 25-40 CDMX interesadas en bienestar,10807,225,0.02082,4.48,1009.56,2,1068.33,1.06,Saturday
2024-02-14,FB-CON-002,Facebook,Consideracion,Trafico,"Intereses: yoga, meditacion, fitness",4755,141,0.02965,6.78,961.38,3,2059.84,2.14,Wednesday
2024-05-05,FB-CON-001,Facebook,Consideracion,Trafico,Retargeting visitantes 30 días,2467,100,0.04052,6.83,685.69,2,1400.66,2.04,Sunday
2024-06-01,GG-SRC-002,Google,Search,Clics,Intención: meditacion guiada online,447,43,0.09603,17.84,782.23,2,1069.21,1.37,Saturday
2024-03-02,GG-YTB-001,Google,YouTube,Vistas,"Canal: wellness, yoga, fitness",3489,81,0.02321,5.58,453.85,1,982.62,2.17,Saturday
2024-11-12,FB-AWA-002,Facebook,Awareness,Alcance,Lookalike 1% compradores anteriores,9381,131,0.01396,4.18,547.92,0,0.0,0.0,Tuesday
2024-04-06,GG-DSP-001,Google,Display,Impresiones,Afinidad: bienestar y fitness,12170,139,0.01142,3.65,510.65,1,640.24,1.25,Saturday
2024-01-08,GG-SRC-003,Google,Search,Clics,,405,70,0.17244,17.95,1266.38,6,4529.24,3.58,Monday
2024-08-01,FB-CVR-002,Facebook,Conversion,Compras,Lookalike 3% suscriptores activos,1760,70,0.03976,11.69,828.9,3,2278.07,2.75,Thursday
2024-04-13,FB-CVR-002,Facebook,Conversion,Compras,Lookalike 3% suscriptores activos,1995,78,0.03909,14.08,1107.44,4,2215.67,2.0,Saturday
2024-04-13,GG-DSP-001,Google,Display,Impresiones,Afinidad: bienestar y fitness,19276,148,0.00768,3.0,446.18,1,547.39,1.23,Saturday
2024-07-25,FB-AWA-001,Facebook,Awareness,Alcance,Mujeres 25-40 CDMX interesadas en bienestar,14113,106,0.00751,4.28,454.92,0,0.0,0.0,Thursday
2024-02-10,FB-CON-001,Facebook,Consideracion,Trafico,Retargeting visitantes 30 días,3193,123,0.03851,7.09,872.35,2,1299.77,1.49,Saturday
2024-08-10,FB-CVR-002,Facebook,Conversion,,,1961,75,,10.35,779.63,3,1521.73,1.95,Saturday
2024-04-06,FB-CVR-001,Facebook,Conversion,Compras,Retargeting carrito abandonado,2102,106,0.05042,10.9,1159.55,8,4277.74,3.69,Saturday
2024-08-05,FB-CON-001,Facebook,Consideracion,Trafico,Retargeting visitantes 30 días,4436,110,0.02479,6.06,672.0,1,590.42,0.88,Monday
2024-11-23,GG-SRC-002,Google,Search,Clics,Intención: meditacion guiada online,339,24,0.07061,21.17,527.03,1,821.57,1.56,Saturday
2024-07-05,GG-SRC-001,Google,Search,Clics,Intención: cursos de yoga online MX,737,38,0.0515,15.01,576.59,1,468.77,0.81,Friday
2024-07-25,GG-DSP-001,Google,Display,,,20980,129,,2.3,297.17,0,0.0,0.0,Thursday
2024-07-10,GG-YTB-001,Google,YouTube,Vistas,"Canal: wellness, yoga, fitness",6433,83,0.0129,5.73,479.53,0,0.0,0.0,Wednesday
2024-04-19,FB-AWA-002,Facebook,Awareness,Alcance,Lookalike 1% compradores anteriores,10774,202,0.01875,3.85,778.94,2,1584.93,2.03,Friday
2024-12-07,GG-DSP-001,Google,Display,Impresiones,Afinidad: bienestar y fitness,23196,97,0.00418,2.2,215.12,0,0.0,0.0,Saturday
2024-10-30,GG-SRC-002,Google,Search,Clics,Intención: meditacion guiada online,650,46,0.07074,16.83,783.13,2,815.88,1.04,Wednesday
2024-09-14,GG-SRC-003,google,Search,Clics,Intención: como perder peso en casa,333,25,0.0749,21.14,546.55,1,705.97,1.29,Saturday
2024-05-27,GG-DSP-002,Google,Display,Impresiones,Remarketing sitio web 7 días,19166,243,0.01268,3.93,956.67,2,853.97,0.89,Monday
2024-10-05,GG-SRC-003,Google,Search,,,343,19,,19.43,379.05,0,0.0,0.0,Saturday
2024-09-15,GG-DSP-001,google,Display,Impresiones,Afinidad: bienestar y fitness,14011,134,0.00956,3.54,477.03,1,713.52,1.5,Sunday
2024-11-23,GG-SRC-001,Google,Search,Clics,Intención: cursos de yoga online MX,684,45,0.06578,15.94,723.86,2,976.02,1.35,Saturday
2024-11-19,GG-SRC-002,Google,Search,Clics,Intención: meditacion guiada online,471,35,0.0743,17.58,631.72,1,491.75,0.78,Tuesday
2024-02-18,GG-DSP-002,Google,Display,Impresiones,Remarketing sitio web 7 días,19555,211,0.01079,2.61,552.43,2,1499.05,2.71,Sunday
2024-07-23,GG-DSP-001,Google,Display,Impresiones,Afinidad: bienestar y fitness,13019,93,0.00714,3.52,328.31,0,0.0,0.0,Tuesday
2024-04-30,FB-CON-001,Facebook,Consideracion,Trafico,Retargeting visitantes 30 días,3414,125,0.03661,8.33,1048.74,2,2093.4,2.0,Tuesday
2024-01-31,GG-DSP-001,Google,Display,Impresiones,Afinidad: bienestar y fitness,16086,251,0.0156,3.53,889.28,2,1341.07,1.51,Wednesday
2024-07-12,FB-CVR-002,Facebook,Conversion,Compras,Lookalike 3% suscriptores activos,2335,57,0.02441,12.06,692.34,2,1341.88,1.94,Friday
2024-04-24,FB-CVR-001,FB,Conversion,Compras,Retargeting carrito abandonado,2055,108,0.05253,13.38,1455.55,8,3866.09,2.66,Wednesday
2024-05-06,FB-CON-001,Facebook,Consideracion,Trafico,Retargeting visitantes 30 días,3751,161,0.04291,7.46,1206.62,4,1466.61,1.22,Monday
2024-11-03,FB-CVR-001,Facebook,Conversion,Compras,Retargeting carrito abandonado,2232,76,0.03405,11.11,853.23,4,3240.03,3.8,Sunday
2024-04-13,GG-DSP-002,Google,Display,Impresiones,Remarketing sitio web 7 días,16419,224,0.01364,3.07,688.1,1,557.91,0.81,Saturday
2024-10-01,FB-AWA-002,Facebook,Awareness,Alcance,Lookalike 1% compradores anteriores,9529,151,0.01585,4.27,646.95,0,0.0,0.0,Tuesday
2024-03-27,FB-CON-001,Facebook,Consideracion,Trafico,Retargeting visitantes 30 días,5214,168,0.03222,5.66,956.14,3,1821.91,1.91,Wednesday
2024-02-29,GG-YTB-001,Google,YouTube,Vistas,"Canal: wellness, yoga, fitness",4439,140,0.03154,4.88,687.2,1,834.81,1.21,Thursday
2024-05-12,FB-AWA-002,Facebook,Awareness,Alcance,Lookalike 1% compradores anteriores,7507,165,0.02198,4.49,741.59,1,615.29,0.83,Sunday
2024-02-02,FB-CVR-001,Facebook,Conversion,Compras,Retargeting carrito abandonado,1883,91,0.04832,11.95,1093.68,5,2687.41,2.46,Friday
2024-02-17,GG-SRC-002,Google,Search,Clics,Intención: meditacion guiada online,548,40,0.07288,18.68,761.72,2,1773.14,2.33,Saturday
2024/05/16,FB-CON-001,Facebook,Consideracion,Trafico,Retargeting visitantes 30 días,4637,177,0.03817,6.15,1090.8,5,3119.55,2.86,Thursday
2024-10-01,GG-YTB-001,Google,YouTube,Vistas,"Canal: wellness, yoga, fitness",4050,105,0.02592,6.25,661.14,1,887.38,1.34,Tuesday
2024-10-31,GG-SRC-002,Google,Search,Clics,Intención: meditacion guiada online,453,38,0.08375,18.98,729.48,1,792.71,1.09,Thursday
2024-07-17,GG-DSP-001,Google,Display,Impresiones,,20277,138,,2.43,336.27,0,0.0,0.0,Wednesday
2024-02-12,FB-CON-001,Facebook,Consideracion,Trafico,Retargeting visitantes 30 días,4111,162,0.0394,6.3,1021.32,3,1413.67,1.38,Monday
2024-12-01,FB-AWA-001,Facebook,Awareness,Alcance,Mujeres 25-40 CDMX interesadas en bienestar,10388,69,0.00664,4.67,323.58,0,0.0,0.0,Sunday
2024-03-22,GG-YTB-001,Google,YouTube,Vistas,"Canal: wellness, yoga, fitness",5987,138,0.02305,5.46,756.78,1,612.45,0.81,Friday
2024-02-09,FB-CON-002,Facebook,Consideracion,Trafico,"Intereses: yoga, meditacion, fitness",3935,130,0.03303,6.54,853.91,4,2962.5,3.47,Friday
2024-03-18,FB-CON-001,facebook,Consideracion,Trafico,Retargeting visitantes 30 días,4308,134,0.0311,7.42,1000.78,2,1280.56,1.28,Monday
2024-12-14,GG-DSP-001,Google,Display,Impresiones,Afinidad: bienestar y fitness,9307,49,0.00526,3.56,174.71,0,0.0,0.0,Saturday
2024-07-29,FB-CON-002,Facebook,Consideracion,Trafico,"Intereses: yoga, meditacion, fitness",5156,107,0.02075,6.26,673.15,1,606.74,0.9,Monday
2024-05-23,GG-SRC-002,Google,Search,Clics,Intención: meditacion guiada online,451,50,0.11083,17.61,882.34,5,3799.66,4.31,Thursday
2024-07-23,FB-AWA-001,Facebook,Awareness,Alcance,Mujeres 25-40 CDMX interesadas en bienestar,12660,118,0.00932,4.72,560.43,0,0.0,0.0,Tuesday
2024-01-19,FB-CON-001,Facebook,Consideracion,Trafico,Retargeting visitantes 30 días,2925,195,0.06666,7.32,1428.68,6,4458.27,3.12,Friday
2024-02-08,GG-SRC-001,Google,Search,Clics,Intención: cursos de yoga online MX,739,65,0.08788,16.29,1062.52,1,618.96,0.58,Thursday
2024-09-16,FB-CVR-001,Facebook,Conversion,Compras,Retargeting carrito abandonado,2570,92,0.03579,12.16,1126.58,6,3794.37,3.37,Monday
2024-10-26,GG-DSP-001,Google,Display,Impresiones,Afinidad: bienestar y fitness,11818,105,0.00888,3.56,374.66,0,0.0,0.0,Saturday
2024-03-16,GG-SRC-003,Google,Search,Clics,Intención: como perder peso en casa,350,26,0.07422,17.43,467.26,1,621.5,1.33,Saturday
2024-01-25,FB-CVR-002,Facebook,Conversion,Compras,Lookalike 3% suscriptores activos,1791,143,0.07984,12.63,1813.66,16,12868.84,7.1,Thursday
2024-01-15,FB-CVR-001,Facebook,Conversion,Compras,Retargeting carrito abandonado,1837,165,0.08978,12.66,2094.27,15,5701.41,2.72,Monday
2024-11-21,GG-SRC-003,Google,Search,Clics,Intención: como perder peso en casa,318,24,0.07546,20.22,486.88,0,0.0,0.0,Thursday
2024-07-16,GG-DSP-001,Google,Display,Impresiones,Afinidad: bienestar y fitness,18171,108,0.00594,2.95,318.16,0,0.0,0.0,Tuesday
2024-02-01,GG-SRC-002,Google,Search,Clics,Intención: meditacion guiada online,561,43,0.07662,16.13,704.23,2,1855.95,2.64,Thursday
2024-07-17,FB-CVR-002,Facebook,Conversion,Compras,Lookalike 3% suscriptores activos,1679,63,0.0375,12.27,774.87,2,1745.21,2.25,Wednesday
2024-12-31,FB-AWA-002,Facebook,Awareness,Alcance,Lookalike 1% compradores anteriores,7347,69,0.00939,4.82,332.52,0,0.0,0.0,Tuesday
2024-08-13,FB-AWA-002,Facebook,Awareness,Alcance,Lookalike 1% compradores anteriores,11460,129,0.01126,4.04,524.14,0,0.0,0.0,Tuesday
2024-03-06,FB-CON-002,FB,Consideracion,Trafico,"Intereses: yoga, meditacion, fitness",4156,121,0.02911,6.05,735.7,3,1756.84,2.39,Wednesday
2024-10-19,FB-CON-002,Facebook,Consideracion,Trafico,"Intereses: yoga, meditacion, fitness",4862,111,0.02283,5.84,650.86,3,2097.52,3.22,Saturday
2024-09-27,FB-CON-002,Facebook,Consideracion,Trafico,"Intereses: yoga, meditacion, fitness",3845,122,0.03173,8.08,988.36,3,2867.29,2.9,Friday
2024-09-02,FB-CON-002,Facebook,Consideracion,Trafico,"Intereses: yoga, meditacion, fitness",5316,167,0.03141,5.31,887.63,5,2684.64,3.02,Monday
2024-01-09,GG-YTB-001,Google,YouTube,Vistas,"Canal: wellness, yoga, fitness",4481,207,0.04619,5.55,1154.08,3,2692.52,2.33,Tuesday
2024-05-21,GG-SRC-001,Google,Search,Clics,Intención: cursos de yoga online MX,846,77,0.09094,19.43,1515.07,4,2383.23,1.57,Tuesday
2024-07-09,GG-DSP-001,G Ads,Display,Impresiones,Afinidad: bienestar y fitness,19764,116,0.00587,2.79,326.24,0,0.0,0.0,Tuesday
2024-10-30,FB-AWA-001,Facebook,Awareness,Alcance,Mujeres 25-40 CDMX interesadas en bienestar,10809,182,0.01684,4.28,781.42,1,730.04,0.93,Wednesday
2024-11-24,GG-DSP-001,Google,Display,Impresiones,Afinidad: bienestar y fitness,17497,153,0.00874,2.65,406.23,1,699.8,1.72,Sunday
2024-01-10,GG-DSP-001,Google,Display,Impresiones,Afinidad: bienestar y fitness,18863,276,0.01463,3.05,843.98,4,2225.02,2.64,Wednesday
2024-10-27,GG-YTB-001,G Ads,YouTube,Vistas,"Canal: wellness, yoga, fitness",6861,122,0.01778,4.89,598.09,0,0.0,0.0,Sunday
2024-04-09,GG-DSP-001,Google,Display,Impresiones,Afinidad: bienestar y fitness,12343,154,0.01248,3.07,476.57,1,624.99,1.31,Tuesday
2024-08-14,GG-YTB-001,Google,YouTube,Vistas,"Canal: wellness, yoga, fitness",3706,93,0.02509,5.39,506.12,1,395.02,0.78,Wednesday
2024-02-02,GG-YTB-001,Google,YouTube,Vistas,,4309,111,0.02575,6.56,732.8,1,606.36,0.83,Friday
2024-09-15,FB-AWA-002,Facebook,Awareness,Alcance,Lookalike 1% compradores anteriores,9145,131,0.01432,4.24,557.65,0,0.0,0.0,Sunday
2024-11-02,FB-AWA-002,Facebook,Awareness,Alcance,Lookalike 1% compradores anteriores,8682,119,0.01371,4.27,511.55,0,0.0,0.0,Saturday
2024-09-26,GG-SRC-001,Google,Search,Clics,Intención: cursos de yoga online MX,484,47,0.09707,19.93,954.66,2,967.29,1.01,Thursday
2024-02-23,GG-SRC-003,Google,Search,Clics,Intención: como perder peso en casa,393,40,0.10161,19.54,784.42,2,991.6,1.26,Friday
2024-01-05,FB-CVR-002,Facebook,Conversion,Compras,Lookalike 3% suscriptores activos,1644,129,0.07843,12.73,1643.54,14,6369.33,3.88,Friday
2024-09-05,GG-SRC-002,Google,Search,Clics,Intención: meditacion guiada online,387,38,0.0981,18.47,710.27,2,1142.87,1.61,Thursday
2024-09-11,FB-AWA-002,Facebook,Awareness,Alcance,Lookalike 1% compradores anteriores,7765,148,0.01906,4.55,674.81,1,572.62,0.85,Wednesday
2024-04-11,GG-SRC-003,Google,Search,Clics,Intención: como perder peso en casa,353,37,0.10467,20.77,788.41,2,1113.42,1.41,Thursday
2024-12-07,FB-AWA-001,Facebook,Awareness,Alcance,Mujeres 25-40 CDMX interesadas en bienestar,11684,64,0.00548,5.24,336.51,0,0.0,0.0,Saturday
2024-05-04,GG-SRC-001,Google,Search,Clics,,615,60,0.09755,18.73,1130.57,3,2258.7,2.0,Saturday
2024-06-15,FB-CVR-001,Facebook,Conversion,Compras,Retargeting carrito abandonado,1833,103,0.05619,11.28,1162.18,4,2307.26,1.99,Saturday
2024-11-28,FB-AWA-002,Facebook,Awareness,Alcance,Lookalike 1% compradores anteriores,7815,107,0.01369,4.49,480.46,0,0.0,0.0,Thursday
2024-05-23,GG-SRC-003,Google,Search,Clics,Intención: como perder peso en casa,602,56,0.09299,14.33,815.21,2,1337.36,1.64,Thursday
2024-01-13,GG-DSP-002,Google,Display,Impresiones,Remarketing sitio web 7 días,17927,219,0.01222,3.87,851.93,1,925.67,1.09,Saturday
2024-03-11,FB-AWA-001,Facebook,Awareness,Alcance,Mujeres 25-40 CDMX interesadas en bienestar,8475,142,0.01676,5.2,739.08,0,0.0,0.0,Monday
2024-01-19,GG-DSP-002,Google,Display,Impresiones,Remarketing sitio web 7 días,30194,414,0.01371,2.64,1093.74,6,4920.92,4.5,Friday
2024-05-25,GG-SRC-001,Google,Search,Clics,Intención: cursos de yoga online MX,764,79,0.10328,15.56,1231.75,4,3170.41,2.57,Saturday
2024-12-17,GG-DSP-001,Google,Display,Impresiones,Afinidad: bienestar y fitness,10817,72,0.00666,3.87,281.23,0,0.0,0.0,Tuesday
2024-12-16,FB-AWA-002,Facebook,Awareness,Alcance,Lookalike 1% compradores anteriores,12213,98,0.00802,3.88,384.01,0,0.0,0.0,Monday
2024-10-11,GG-YTB-001,Google,YouTube,Vistas,"Canal: wellness, yoga, fitness",6172,125,0.02025,5.24,659.9,1,476.38,0.72,Friday
2024-12-09,GG-SRC-002,Google,Search,Clics,Intención: meditacion guiada online,412,21,0.05088,20.96,456.79,0,0.0,0.0,Monday
2024-03-17,GG-SRC-002,Google,Search,Clics,Intención: meditacion guiada online,359,35,0.09737,19.43,697.47,1,651.39,0.93,Sunday
2024-11-15,GG-SRC-003,Google,Search,Clics,Intención: como perder peso en casa,379,23,0.06059,20.7,478.89,1,875.35,1.83,Friday
2024-11-14,FB-AWA-002,Facebook,Awareness,Alcance,Lookalike 1% compradores anteriores,14478,172,0.01188,4.14,711.6,1,553.29,0.78,Thursday
2024-05-28,GG-DSP-001,Google,Display,Impresiones,Afinidad: bienestar y fitness,13353,172,0.01288,4.02,692.33,2,1677.98,2.42,Tuesday
2024-06-28,FB-CVR-002,Facebook,Conversion,Compras,Lookalike 3% suscriptores activos,1547,82,0.05298,14.16,1165.43,5,1730.84,1.49,Friday
2024-07-08,FB-AWA-002,Facebook,Awareness,Alcance,Lookalike 1% compradores anteriores,9172,98,0.01068,4.18,409.93,0,0.0,0.0,Monday
2024-09-16,GG-DSP-002,Google,Display,Impresiones,Remarketing sitio web 7 días,16242,217,0.01336,2.95,641.3,1,700.07,1.09,Monday
2024-01-04,GG-SRC-001,Google,Search,Clics,Intención: cursos de yoga online MX,545,84,0.15403,18.98,1604.99,5,3390.71,2.11,Thursday
2024-09-14,FB-CVR-002,Facebook,Conversion,Compras,Lookalike 3% suscriptores activos,1933,69,0.03569,13.5,933.97,2,1189.3,1.27,Saturday
2024-09-21,FB-AWA-002,Facebook,Awareness,Alcance,Lookalike 1% compradores anteriores,7718,117,0.01516,4.98,583.96,1,376.11,0.64,Saturday
2024-10-15,GG-SRC-001,Google,Search,Clics,Intención: cursos de yoga online MX,734,56,0.07626,16.77,941.56,2,1649.57,1.75,Tuesday
2024-07-11,GG-SRC-003,Google,Search,Clics,Intención: como perder peso en casa,441,22,0.04982,17.88,393.58,0,0.0,0.0,Thursday
2024-03-10,FB-CON-002,Facebook,Consideracion,Trafico,"Intereses: yoga, meditacion, fitness",4931,145,0.0294,5.19,755.14,3,2345.26,3.11,Sunday
2024-04-25,FB-AWA-001,Meta,Awareness,Alcance,Mujeres 25-40 CDMX interesadas en bienestar,9257,190,0.02052,5.33,1015.58,1,538.58,0.53,Thursday
2024-03-07,GG-DSP-001,Google,Display,Impresiones,Afinidad: bienestar y fitness,17600,207,0.01176,2.76,573.53,2,1278.98,2.23,Thursday
2024-12-04,FB-CVR-001,FB,Conversion,Compras,Retargeting carrito abandonado,1565,46,0.02939,15.23,702.15,1,674.95,0.96,Wednesday
2024-08-09,FB-CON-001,Facebook,Consideracion,Trafico,Retargeting visitantes 30 días,3289,81,0.02462,8.01,654.36,1,385.41,0.59,Friday
2024-09-14,GG-DSP-001,Google,Display,Impresiones,Afinidad: bienestar y fitness,15300,152,0.00993,3.49,532.23,1,440.95,0.83,Saturday
2024-04-21,GG-YTB-001,Google,YouTube,,,4868,118,,6.34,753.66,1,532.84,0.71,Sunday
2024-04-07,FB-CON-001,Facebook,Consideracion,,,3109,123,,7.69,948.52,3,990.93,1.04,Sunday
2024-04-26,FB-CON-002,Facebook,Consideracion,Trafico,"Intereses: yoga, meditacion, fitness",3528,124,0.03514,6.95,863.03,3,2049.14,2.37,Friday
2024-10-09,FB-CVR-002,Facebook,Conversion,Compras,Lookalike 3% suscriptores activos,1840,66,0.03587,15.53,1040.41,4,4006.58,3.85,Wednesday
2024-06-25,FB-CON-001,Facebook,Consideracion,Trafico,Retargeting visitantes 30 días,3875,150,0.0387,7.2,1080.63,4,2599.6,2.41,Tuesday
2024-10-28,FB-CON-001,Facebook,Consideracion,Trafico,Retargeting visitantes 30 días,3444,105,0.03048,7.83,824.69,2,1696.48,2.06,Monday
2024-04-23,FB-AWA-002,Facebook,Awareness,Alcance,Lookalike 1% compradores anteriores,9031,140,0.0155,5.3,745.59,1,612.77,0.82,Tuesday
2024-04-07,GG-YTB-001,Google,YouTube,Vistas,"Canal: wellness, yoga, fitness",9664,211,0.02183,3.83,810.97,3,1880.89,2.32,Sunday
2024-05-25,GG-YTB-001,Google,YouTube,Vistas,"Canal: wellness, yoga, fitness",3442,118,0.03427,5.74,678.86,1,446.32,0.66,Saturday
2024-08-12,FB-CON-002,Facebook,Consideracion,Trafico,"Intereses: yoga, meditacion, fitness",3284,97,0.02953,6.41,622.57,1,965.67,1.55,Monday
2024-03-16,FB-CON-001,Facebook,Consideracion,,,3156,115,,7.11,821.37,2,806.35,0.98,Saturday
2024-01-03,FB-CON-001,Facebook,Consideracion,Trafico,Retargeting visitantes 30 días,4959,259,0.05223,5.85,1514.33,12,9266.27,6.12,Wednesday
2024-04-04,FB-CON-001,Facebook,Consideracion,Trafico,,3116,137,0.04395,7.64,1048.2,4,3652.21,3.48,Thursday
2024-06-15,FB-AWA-001,Facebook,Awareness,Alcance,Mujeres 25-40 CDMX interesadas en bienestar,10361,160,0.01544,5.18,832.06,1,666.76,0.8,Saturday
2024-06-20,FB-AWA-001,Facebook,Awareness,Alcance,Mujeres 25-40 CDMX interesadas en bienestar,11478,235,0.02047,4.3,1012.68,1,627.83,0.62,Thursday
2024-12-14,FB-AWA-002,Facebook,Awareness,Alcance,Lookalike 1% compradores anteriores,9386,79,0.00842,3.87,307.72,0,0.0,0.0,Saturday
2024-08-25,FB-AWA-002,Facebook,Awareness,Alcance,Lookalike 1% compradores anteriores,10981,101,0.0092,4.28,435.91,0,0.0,0.0,Sunday
2024-06-17,FB-CON-002,FACEBOOK,Consideracion,Trafico,"Intereses: yoga, meditacion, fitness",4425,166,0.03751,5.68,945.79,4,2851.99,3.02,Monday
2024-09-15,GG-SRC-001,Google,Search,Clics,Intención: cursos de yoga online MX,978,68,0.06951,14.67,1006.86,3,1692.38,1.68,Sunday
2024-03-19,GG-DSP-001,Google,Display,Impresiones,Afinidad: bienestar y fitness,16830,181,0.01075,3.08,557.23,1,760.54,1.36,Tuesday
2024-11-28,FB-CVR-001,Facebook,Conversion,Compras,Retargeting carrito abandonado,1327,76,0.05726,12.36,945.12,3,1144.87,1.21,Thursday
2024-04-28,FB-CVR-001,Facebook,Conversion,Compras,Retargeting carrito abandonado,2464,117,0.04747,12.21,1429.81,7,5249.5,3.67,Sunday
2024-03-20,GG-SRC-001,Google,Search,Clics,Intención: cursos de yoga online MX,662,65,0.09809,16.55,1090.68,3,1888.98,1.73,Wednesday
2024-02-10,GG-SRC-002,Google,Search,Clics,Intención: meditacion guiada online,513,47,0.09161,14.13,665.12,2,906.37,1.36,Saturday
2024-03-10,FB-CVR-001,Facebook,Conversion,Compras,Retargeting carrito abandonado,1756,83,0.04726,10.77,895.66,4,1778.08,1.99,Sunday
2024-11-04,GG-SRC-003,Google,Search,Clics,Intención: como perder peso en casa,391,25,0.06392,18.67,469.68,0,0.0,0.0,Monday
2024-04-26,GG-SRC-001,Google,Search,Clics,Intención: cursos de yoga online MX,467,50,0.10701,19.31,975.56,3,1630.91,1.67,Friday
2024-07-02,GG-SRC-003,google,Search,Clics,Intención: como perder peso en casa,408,22,0.05383,17.64,391.22,0,0.0,0.0,Tuesday
2024-02-21,FB-CVR-001,Facebook,Conversion,Compras,Retargeting carrito abandonado,1701,102,0.05994,11.93,1224.86,4,2565.94,2.09,Wednesday
2024-07-07,FB-AWA-002,Facebook,Awareness,Alcance,Lookalike 1% compradores anteriores,9308,80,0.00859,4.22,339.39,0,0.0,0.0,Sunday
2024-08-29,FB-AWA-001,Facebook,Awareness,Alcance,Mujeres 25-40 CDMX interesadas en bienestar,14072,162,0.01151,3.69,599.06,0,0.0,0.0,Thursday
2024-10-22,GG-DSP-001,Google,Display,Impresiones,Afinidad: bienestar y fitness,17454,184,0.01054,2.68,495.14,1,631.88,1.28,Tuesday
2024-09-13,FB-CON-001,Facebook,Consideracion,,,4019,140,,6.85,965.94,4,2114.31,2.19,Friday
2024-05-25,GG-DSP-001,Google,Display,Impresiones,Afinidad: bienestar y fitness,20442,199,0.00973,2.84,566.1,2,1374.98,2.43,Saturday
2024-07-24,FB-CVR-002,FACEBOOK,Conversion,Compras,Lookalike 3% suscriptores activos,1389,51,0.03672,12.57,646.62,1,823.22,1.27,Wednesday
2024-12-21,GG-SRC-003,Google,Search,Clics,Intención: como perder peso en casa,535,16,0.02987,20.12,322.65,0,0.0,0.0,Saturday
2024-09-13,FB-AWA-001,Facebook,Awareness,Alcance,Mujeres 25-40 CDMX interesadas en bienestar,10784,206,0.0191,4.61,953.49,1,600.61,0.63,Friday
2024-06-17,GG-SRC-003,Google,Search,Clics,Intención: como perder peso en casa,441,44,0.0996,16.11,713.65,2,1151.25,1.61,Monday
2024-05-01,FB-AWA-002,Facebook,Awareness,,,11321,206,,3.89,804.2,1,410.39,0.51,Wednesday
2024-04-13,GG-DSP-001,Google,Display,Impresiones,Afinidad: bienestar y fitness,19276,148,0.00768,3.0,446.18,1,547.39,1.23,Saturday
2024-06-13,FB-CON-001,Facebook,Consideracion,Trafico,Retargeting visitantes 30 días,5591,196,0.03505,5.65,1111.3,5,2037.67,1.83,Thursday
2024-01-24,GG-SRC-003,Google,Search,Clics,Intención: como perder peso en casa,344,54,0.15681,18.11,979.85,3,2211.55,2.26,Wednesday
2024-04-12,FB-AWA-001,Facebook,Awareness,Alcance,Mujeres 25-40 CDMX interesadas en bienestar,11566,181,0.01565,5.25,955.66,1,618.18,0.65,Friday
2024-03-30,FB-CON-001,Facebook,Consideracion,,,2896,96,,7.03,680.84,2,1483.57,2.18,Saturday
2024-07-06,FB-CVR-002,Facebook,Conversion,Compras,Lookalike 3% suscriptores activos,1129,34,0.0301,13.42,465.31,0,0.0,0.0,Saturday
2024-10-20,FB-CON-001,Facebook,Consideracion,Trafico,Retargeting visitantes 30 días,3924,122,0.03109,6.6,807.23,2,1703.31,2.11,Sunday
2024-11-13,FB-CVR-002,Facebook,Conversion,Compras,Lookalike 3% suscriptores activos,1537,74,0.04814,12.49,927.43,2,1332.14,1.44,Wednesday
2024-08-11,GG-SRC-003,Google,Search,Clics,Intención: como perder peso en casa,304,22,0.07236,19.03,436.98,1,504.08,1.15,Sunday
2024-08-07,FB-CON-001,Facebook,Consideracion,Trafico,Retargeting visitantes 30 días,5481,109,0.01989,7.13,779.86,1,590.07,0.76,Wednesday
2024-08-05,FB-AWA-001,Facebook,Awareness,Alcance,Mujeres 25-40 CDMX interesadas en bienestar,13416,128,0.00954,5.31,681.56,0,0.0,0.0,Monday
2024-10-03,FB-CVR-001,Facebook,Conversion,Compras,Retargeting carrito abandonado,1894,89,0.04698,13.86,1234.44,6,2795.71,2.26,Thursday
2024-11-10,GG-DSP-001,Google,Display,Impresiones,Afinidad: bienestar y fitness,20386,138,0.00677,2.43,336.47,0,0.0,0.0,Sunday
2024-03-23,FB-CVR-001,FACEBOOK,Conversion,Compras,Retargeting carrito abandonado,1671,71,0.04246,13.16,935.19,3,1584.69,1.69,Saturday
2024-01-02,FB-AWA-001,Facebook,Awareness,Alcance,Mujeres 25-40 CDMX interesadas en bienestar,14390,317,0.02203,4.33,1377.34,3,2425.58,1.76,Tuesday
2024-10-19,FB-CVR-002,Facebook,Conversion,Compras,Lookalike 3% suscriptores activos,3013,119,0.03948,8.48,1010.45,7,4201.49,4.16,Saturday
2024-05-07,FB-AWA-002,Facebook,Awareness,Alcance,Lookalike 1% compradores anteriores,10275,207,0.02015,4.85,1004.68,1,1048.51,1.04,Tuesday
2024-09-25,GG-SRC-002,Google,Search,Clics,Intención: meditacion guiada online,395,44,0.11124,20.58,918.74,2,1118.25,1.22,Wednesday
2024-08-14,GG-DSP-001,Google,Display,Impresiones,Afinidad: bienestar y fitness,22572,122,0.0054,3.55,434.58,0,0.0,0.0,Wednesday
2024-05-13,GG-SRC-003,Google,Search,Clics,Intención: como perder peso en casa,489,51,0.10413,18.36,943.82,3,2478.25,2.63,Monday
2024-12-27,GG-SRC-001,Google,Search,Clics,Intención: cursos de yoga online MX,779,32,0.04105,17.27,555.27,0,0.0,0.0,Friday
2024-10-29,FB-CVR-002,Facebook,Conversion,Compras,Lookalike 3% suscriptores activos,1910,94,0.04919,11.75,1108.09,4,2462.05,2.22,Tuesday
2024-02-17,GG-DSP-001,Google,Display,Impresiones,Afinidad: bienestar y fitness,10244,125,0.0122,3.47,435.01,1,572.08,1.32,Saturday
2024-08-03,FB-AWA-002,Facebook,Awareness,Alcance,Lookalike 1% compradores anteriores,6365,76,0.01194,4.68,359.83,0,0.0,0.0,Saturday
2024-04-14,FB-CON-002,Facebook,Consideracion,Trafico,"Intereses: yoga, meditacion, fitness",5247,168,0.03202,6.12,1031.83,2,1186.0,1.15,Sunday
2024-05-11,GG-DSP-001,Google,Display,,,18868,216,,2.39,515.82,2,1198.95,2.32,Saturday
2024-04-28,FB-AWA-002,Facebook,Awareness,Alcance,Lookalike 1% compradores anteriores,7951,159,0.02,4.46,711.34,1,789.72,1.11,Sunday
2024-12-07,GG-SRC-002,Google,Search,Clics,Intención: meditacion guiada online,457,18,0.03934,19.01,345.34,0,0.0,0.0,Saturday
2024-10-02,FB-CON-001,Facebook,Consideracion,Trafico,Retargeting visitantes 30 días,4099,122,0.02976,6.07,745.77,2,1736.4,2.33,Wednesday
2024-12-20,FB-AWA-002,Facebook,Awareness,Alcance,Lookalike 1% compradores anteriores,12646,99,0.00783,4.01,397.95,0,0.0,0.0,Friday
2024-08-04,GG-SRC-001,Google,Search,Clics,Intención: cursos de yoga online MX,652,38,0.05825,16.91,647.12,1,270.41,0.42,Sunday
2024-01-29,GG-SRC-003,Google,Search,Clics,Intención: como perder peso en casa,473,49,0.10343,21.09,1046.26,3,1555.0,1.49,Monday
2024-06-22,FB-CON-001,Facebook,Consideracion,Trafico,Retargeting visitantes 30 días,3531,130,0.03681,7.91,1030.38,3,2323.15,2.25,Saturday
2024-07-03,FB-CON-002,Facebook,Consideracion,Trafico,"Intereses: yoga, meditacion, fitness",4772,72,0.01509,6.59,475.79,1,567.86,1.19,Wednesday
2024-05-10,GG-SRC-003,Google,Search,Clics,Intención: como perder peso en casa,559,59,0.10543,15.76,930.59,4,2538.03,2.73,Friday
2024-11-05,GG-SRC-003,Google,Search,Clics,Intención: como perder peso en casa,411,28,0.06798,18.61,534.86,1,713.35,1.33,Tuesday
2024-12-25,FB-CON-001,Facebook,Consideracion,Trafico,Retargeting visitantes 30 días,4372,75,0.01715,6.51,492.14,0,0.0,0.0,Wednesday
2024-09-25,FB-AWA-002,Facebook,Awareness,Alcance,Lookalike 1% compradores anteriores,8457,159,0.0188,4.03,642.3,0,0.0,0.0,Wednesday
2024-01-11,GG-SRC-003,Google,Search,Clics,Intención: como perder peso en casa,503,64,0.12709,16.61,1076.06,5,2554.43,2.37,Thursday
2024-10-13,GG-DSP-002,Google,Display,Impresiones,Remarketing sitio web 7 días,13791,137,0.00993,2.62,360.45,1,704.11,1.95,Sunday
2024-03-25,FB-AWA-001,FACEBOOK,Awareness,Alcance,Mujeres 25-40 CDMX interesadas en bienestar,14767,174,0.01178,4.76,830.88,0,0.0,0.0,Monday
2024-04-10,FB-CVR-001,Facebook,Conversion,Compras,Retargeting carrito abandonado,1933,119,0.06156,11.81,1414.64,10,5076.76,3.59,Wednesday
2024-07-01,GG-YTB-001,Google,YouTube,Vistas,"Canal: wellness, yoga, fitness",4286,66,0.0154,5.43,358.44,0,0.0,0.0,Monday
2024-04-20,GG-YTB-001,Google,YouTube,Vistas,"Canal: wellness, yoga, fitness",5348,117,0.02188,5.96,701.91,2,1197.6,1.71,Saturday
2024-08-04,FB-CVR-001,Facebook,Conversion,Compras,Retargeting carrito abandonado,1847,79,0.04276,9.8,781.72,4,2649.02,3.39,Sunday
2024-09-25,FB-AWA-001,Facebook,Awareness,Alcance,Mujeres 25-40 CDMX interesadas en bienestar,11669,212,0.01817,4.58,973.66,1,797.49,0.82,Wednesday
2024-12-19,GG-SRC-003,Google Ads,Search,Clics,Intención: como perder peso en casa,417,20,0.04789,17.23,347.4,0,0.0,0.0,Thursday
2024-05-31,FB-AWA-002,Facebook,Awareness,Alcance,Lookalike 1% compradores anteriores,8956,247,0.02758,3.74,926.99,2,916.35,0.99,Friday
2024-01-14,GG-DSP-002,Google,Display,Impresiones,Remarketing sitio web 7 días,11690,180,0.0154,4.18,757.01,2,1673.51,2.21,Sunday
2024-11-26,FB-AWA-001,Facebook,Awareness,Alcance,Mujeres 25-40 CDMX interesadas en bienestar,9873,135,0.01367,5.06,685.91,0,0.0,0.0,Tuesday
2024-10-06,FB-CON-002,Facebook,Consideracion,,,2655,75,,6.92,522.22,1,540.64,1.04,Sunday
2024-07-16,GG-SRC-003,Google,Search,Clics,Intención: como perder peso en casa,355,19,0.05341,19.0,367.45,0,0.0,0.0,Tuesday
2024-11-27,GG-SRC-003,Google,Search,Clics,Intención: como perder peso en casa,500,35,0.0699,16.75,590.02,1,646.84,1.1,Wednesday
2024-07-26,FB-AWA-001,Facebook,Awareness,Alcance,Mujeres 25-40 CDMX interesadas en bienestar,9286,104,0.0112,5.08,531.62,0,0.0,0.0,Friday
2024-04-09,FB-CVR-001,FACEBOOK,Conversion,Compras,Retargeting carrito abandonado,2120,124,0.05848,10.91,1360.34,9,7495.21,5.51,Tuesday
2024-03-12,FB-CVR-001,Facebook,Conversion,Compras,Retargeting carrito abandonado,2350,120,0.05106,11.5,1387.09,4,2429.27,1.75,Tuesday
2024-11-30,FB-CVR-002,Facebook,Conversion,Compras,Lookalike 3% suscriptores activos,1945,70,0.03599,12.18,857.06,3,1278.41,1.49,Saturday
2024-12-30,GG-DSP-002,Google,Display,Impresiones,Remarketing sitio web 7 días,18658,87,0.00466,3.21,282.14,0,0.0,0.0,Monday
2024-09-23,GG-DSP-001,Google,Display,Impresiones,Afinidad: bienestar y fitness,13444,196,0.01458,3.05,600.55,1,460.38,0.77,Monday
2024-09-16,FB-CON-002,Facebook,Consideracion,Trafico,"Intereses: yoga, meditacion, fitness",2906,120,0.04129,7.37,886.42,3,1948.56,2.2,Monday
2024-10-16,FB-CVR-001,Facebook,Conversion,Compras,Retargeting carrito abandonado,2228,121,0.0543,10.19,1236.28,6,3319.46,2.69,Wednesday
2024-09-10,FB-AWA-002,Facebook,Awareness,Alcance,Lookalike 1% compradores anteriores,15443,187,0.01211,4.09,767.25,1,702.61,0.92,Tuesday
2024-10-22,GG-SRC-001,Google,Search,Clics,Intención: cursos de yoga online MX,493,44,0.08913,19.53,865.83,2,1553.96,1.79,Tuesday
2024-01-24,GG-SRC-002,Google,Search,Clics,Intención: meditacion guiada online,444,69,0.15532,17.86,1247.54,5,3511.38,2.81,Wednesday
2024-03-12,GG-DSP-002,Google,Display,Impresiones,Remarketing sitio web 7 días,16706,152,0.0091,4.04,615.14,1,555.64,0.9,Tuesday
2024-07-02,FB-CON-001,Meta,Consideracion,Trafico,Retargeting visitantes 30 días,3467,74,0.02134,7.17,536.42,1,844.71,1.57,Tuesday
2024-02-10,GG-SRC-001,Google,Search,Clics,Intención: cursos de yoga online MX,624,62,0.09934,17.17,1077.79,2,1627.44,1.51,Saturday
2024-07-11,FB-CON-002,Facebook,Consideracion,Trafico,"Intereses: yoga, meditacion, fitness",4262,69,0.01619,7.59,529.8,0,0.0,0.0,Thursday
2024-08-23,GG-DSP-001,Google,Display,Impresiones,Afinidad: bienestar y fitness,16654,125,0.00751,2.99,374.65,0,0.0,0.0,Friday
2024-04-23,FB-CON-001,Facebook,Consideracion,Trafico,Retargeting visitantes 30 días,3592,126,0.03507,7.86,992.65,3,1681.59,1.69,Tuesday
2024-12-26,FB-CON-002,Facebook,Consideracion,Trafico,"Intereses: yoga, meditacion, fitness",2978,50,0.01679,6.62,332.59,0,0.0,0.0,Thursday
2024-07-22,GG-DSP-002,Google,Display,Impresiones,Remarketing sitio web 7 días,20090,109,0.00543,3.44,375.17,0,0.0,0.0,Monday
2024-08-25,GG-DSP-001,Google,Display,Impresiones,Afinidad: bienestar y fitness,15583,132,0.00847,2.71,359.31,0,0.0,0.0,Sunday
2024-11-25,GG-SRC-003,Google,Search,Clics,Intención: como perder peso en casa,301,22,0.07287,18.26,411.07,0,0.0,0.0,Monday
2024-08-28,GG-YTB-001,Google,YouTube,Vistas,"Canal: wellness, yoga, fitness",5113,111,0.02171,4.66,521.74,0,0.0,0.0,Wednesday
2024-07-13,GG-SRC-002,Google,Search,Clics,Intención: meditacion guiada online,532,24,0.04507,15.99,385.59,0,0.0,0.0,Saturday
2024-12-17,FB-CVR-001,Facebook,Conversion,Compras,Retargeting carrito abandonado,2099,49,0.02334,11.39,565.7,1,844.75,1.49,Tuesday
2024-08-06,FB-CVR-001,Facebook,Conversion,,,1793,74,,9.9,741.8,4,2337.07,3.15,Tuesday
2024-04-20,GG-SRC-002,Google,Search,Clics,Intención: meditacion guiada online,422,40,0.09463,20.65,827.4,2,1460.54,1.77,Saturday
2024-08-27,FB-CON-001,Facebook,Consideracion,Trafico,Retargeting visitantes 30 días,4854,111,0.02286,7.13,792.05,1,719.38,0.91,Tuesday
2024-08-29,GG-SRC-003,Google,Search,Clics,Intención: como perder peso en casa,333,24,0.07206,21.52,534.68,0,0.0,0.0,Thursday
2024-07-17,FB-CON-001,Facebook,Consideracion,Trafico,Retargeting visitantes 30 días,9668,109,0.01127,5.8,633.72,1,516.8,0.82,Wednesday
2024-12-12,GG-SRC-002,Google,Search,Clics,Intención: meditacion guiada online,524,23,0.04387,20.27,481.43,0,0.0,0.0,Thursday
2024-04-15,GG-SRC-003,Google,Search,Clics,Intención: como perder peso en casa,413,43,0.10401,20.02,878.06,1,722.63,0.82,Monday
2024-04-12,GG-SRC-002,Google,Search,Clics,Intención: meditacion guiada online,429,44,0.10233,22.81,1016.75,1,665.38,0.65,Friday
2024-07-14,FB-CVR-001,Facebook,Conversion,Compras,Retargeting carrito abandonado,1251,37,0.02957,14.24,529.91,1,769.34,1.45,Sunday
2024-06-26,FB-AWA-002,Facebook,Awareness,Alcance,Lookalike 1% compradores anteriores,7455,148,0.01985,4.36,648.62,1,644.66,0.99,Wednesday
2024-10-25,FB-AWA-002,Facebook,Awareness,Alcance,Lookalike 1% compradores anteriores,8244,120,0.01455,4.88,589.22,0,0.0,0.0,Friday
2024-04-05,GG-SRC-001,Google,Search,Clics,Intención: cursos de yoga online MX,642,68,0.10578,18.64,1274.08,3,1857.26,1.46,Friday
2024-07-18,GG-SRC-002,Google,Search,Clics,Intención: meditacion guiada online,481,22,0.04573,19.0,428.27,0,0.0,0.0,Thursday
2024-08-21,FB-CON-002,Facebook,Consideracion,Trafico,"Intereses: yoga, meditacion, fitness",4110,93,0.02263,7.95,740.22,1,359.28,0.49,Wednesday
2024-11-17,FB-AWA-001,Facebook,Awareness,Alcance,Mujeres 25-40 CDMX interesadas en bienestar,11695,143,0.01223,4.07,585.66,0,0.0,0.0,Sunday
2024-09-22,GG-SRC-003,Google,Search,Clics,Intención: como perder peso en casa,221,23,0.10403,19.24,458.18,1,698.91,1.53,Sunday
2024-03-23,GG-YTB-001,Google,YouTube,Vistas,"Canal: wellness, yoga, fitness",5057,101,0.01997,5.82,592.33,1,513.68,0.87,Saturday
2024-07-14,FB-CVR-002,Facebook,Conversion,Compras,Lookalike 3% suscriptores activos,1849,51,0.02758,12.9,660.22,1,697.49,1.06,Sunday
2024-08-23,GG-YTB-001,Google,YouTube,Vistas,"Canal: wellness, yoga, fitness",10173,118,0.0116,5.15,610.4,1,602.21,0.99,Friday
2024-01-15,GG-SRC-002,Google,Search,Clics,Intención: meditacion guiada online,579,73,0.12593,18.71,1378.22,5,2896.97,2.1,Monday
2024-09-22,FB-CON-002,Facebook,Consideracion,Trafico,"Intereses: yoga, meditacion, fitness",3531,109,0.03087,6.79,746.07,2,1228.43,1.65,Sunday
2024-05-18,FB-CON-002,Facebook,Consideracion,Trafico,"Intereses: yoga, meditacion, fitness",4326,143,0.03305,6.92,995.67,4,1635.01,1.64,Saturday
2024-06-06,FB-CVR-001,Facebook,Conversion,Compras,Retargeting carrito abandonado,2892,152,0.05255,9.7,1474.6,13,12790.16,8.67,Thursday
2024-10-13,FB-CVR-002,Facebook,Conversion,Compras,Lookalike 3% suscriptores activos,1553,58,0.03733,14.2,827.82,1,756.59,0.91,Sunday
2024-02-04,FB-CON-002,facebook,Consideracion,Trafico,"Intereses: yoga, meditacion, fitness",3730,146,0.03913,5.79,848.13,3,1937.13,2.28,Sunday
13/05/2024,FB-AWA-001,Facebook,Awareness,Alcance,Mujeres 25-40 CDMX interesadas en bienestar,28089,256,0.00911,4.06,1044.02,2,1789.15,1.71,Monday
2024-10-03,GG-SRC-001,Google,Search,Clics,Intención: cursos de yoga online MX,670,51,0.07604,18.82,963.17,2,1517.18,1.58,Thursday
2024-10-16,GG-YTB-001,Google,YouTube,Vistas,"Canal: wellness, yoga, fitness",6013,125,0.02079,5.41,679.75,1,726.55,1.07,Wednesday
2024-12-26,GG-DSP-002,Google,Display,Impresiones,Remarketing sitio web 7 días,17972,115,0.0064,2.84,327.18,0,0.0,0.0,Thursday
2024-11-04,GG-SRC-002,Google,Search,Clics,Intención: meditacion guiada online,365,25,0.06839,24.76,634.45,1,836.9,1.32,Monday
2024-06-25,FB-AWA-002,Facebook,Awareness,Alcance,Lookalike 1% compradores anteriores,8326,156,0.01874,5.06,792.42,1,699.89,0.88,Tuesday
2024-10-28,GG-YTB-001,Google Ads,YouTube,Vistas,"Canal: wellness, yoga, fitness",5795,160,0.02761,3.68,591.53,2,1458.24,2.47,Monday
2024-05-09,FB-AWA-002,Facebook,Awareness,,,9623,210,,4.83,1017.65,1,714.52,0.7,Thursday
2024-03-18,FB-CON-002,Facebook,Consideracion,Trafico,"Intereses: yoga, meditacion, fitness",5041,171,0.03392,5.17,886.71,3,2403.09,2.71,Monday
2024-03-28,FB-CON-001,Facebook,Consideracion,Trafico,Retargeting visitantes 30 días,4846,138,0.02847,6.24,866.7,2,1275.34,1.47,Thursday
2024-07-19,GG-DSP-001,Google,Display,Impresiones,Afinidad: bienestar y fitness,14962,96,0.00642,3.06,294.39,0,0.0,0.0,Friday
2024-07-10,GG-DSP-002,Google,Display,Impresiones,Remarketing sitio web 7 días,15105,118,0.00781,2.69,318.04,0,0.0,0.0,Wednesday
2024-08-08,GG-SRC-003,Google,Search,Clics,Intención: como perder peso en casa,393,26,0.06611,19.01,509.87,1,443.1,0.87,Thursday
2024-04-29,GG-SRC-003,Google,Search,Clics,Intención: como perder peso en casa,612,50,0.08163,16.64,835.33,1,418.61,0.5,Monday
2024-01-08,FB-CON-002,Facebook,Consideracion,Trafico,"Intereses: yoga, meditacion, fitness",4204,164,0.03901,7.9,1300.96,6,5106.87,3.93,Monday
2024-05-28,FB-AWA-002,Facebook,Awareness,,,9509,167,,5.2,869.7,1,833.44,0.96,Tuesday
2024-08-31,FB-AWA-001,Facebook,Awareness,Alcance,Mujeres 25-40 CDMX interesadas en bienestar,7148,97,0.01357,5.13,502.45,0,0.0,0.0,Saturday
2024-06-24,FB-AWA-002,Facebook,Awareness,Alcance,Lookalike 1% compradores anteriores,13736,203,0.01478,3.51,714.33,1,439.39,0.62,Monday
2024-10-08,FB-AWA-002,Facebook,Awareness,Alcance,Lookalike 1% compradores anteriores,7285,114,0.01565,4.89,562.05,0,0.0,0.0,Tuesday
2024-08-13,GG-SRC-001,Google,Search,Clics,Intención: cursos de yoga online MX,667,41,0.06143,18.91,793.47,1,503.03,0.63,Tuesday
2024-09-18,GG-SRC-003,Google,Search,Clics,Intención: como perder peso en casa,375,30,0.07998,21.87,657.06,1,313.98,0.48,Wednesday
2024-03-20,GG-SRC-003,Google,Search,Clics,Intención: como perder peso en casa,441,37,0.08373,16.15,606.56,0,0.0,0.0,Wednesday
2024-06-11,GG-SRC-003,Google,Search,Clics,Intención: como perder peso en casa,342,41,0.11965,18.02,741.03,2,1355.24,1.83,Tuesday
2024-10-03,GG-DSP-001,Google,Display,Impresiones,Afinidad: bienestar y fitness,11582,112,0.00967,3.64,408.49,1,668.02,1.64,Thursday
2024-04-16,FB-CVR-001,Facebook,Conversion,Compras,Retargeting carrito abandonado,1788,116,0.06487,12.29,1431.54,10,7278.38,5.08,Tuesday
2024-08-21,FB-CVR-001,Facebook,Conversion,Compras,Retargeting carrito abandonado,2156,60,0.02783,13.68,832.68,2,575.79,0.69,Wednesday
2024-05-15,GG-SRC-002,Google,Search,Clics,Intención: meditacion guiada online,449,69,0.15358,14.67,1016.91,5,4197.8,4.13,Wednesday
2024-06-13,GG-SRC-001,Google,Search,Clics,Intención: cursos de yoga online MX,522,61,0.11684,18.89,1167.87,2,1900.61,1.63,Thursday
2024-04-23,FB-CVR-001,Facebook,Conversion,Compras,Retargeting carrito abandonado,3683,136,0.03692,9.87,1349.47,7,4703.78,3.49,Tuesday
2024-12-21,GG-SRC-002,Google,Search,Clics,Intención: meditacion guiada online,869,22,0.02529,16.64,379.81,0,0.0,0.0,Saturday
2024-12-22,FB-CON-002,Facebook,Consideracion,Trafico,"Intereses: yoga, meditacion, fitness",5735,68,0.01186,6.23,427.76,0,0.0,0.0,Sunday
2024-02-16,GG-YTB-001,Google,YouTube,Vistas,"Canal: wellness, yoga, fitness",5474,146,0.02667,5.46,798.65,2,1656.35,2.07,Friday
2024-11-02,FB-CVR-001,Facebook,Conversion,Compras,Retargeting carrito abandonado,2759,77,0.02791,10.59,818.43,3,2616.99,3.2,Saturday
2024-04-20,GG-DSP-001,Google,Display,Impresiones,Afinidad: bienestar y fitness,13366,175,0.01309,3.13,548.6,1,659.22,1.2,Saturday
2024-10-02,FB-CVR-001,Facebook,Conversion,Compras,Retargeting carrito abandonado,1776,95,0.05349,11.29,1074.32,6,5078.23,4.73,Wednesday
2024-07-31,FB-CVR-002,Facebook,Conversion,Compras,Lookalike 3% suscriptores activos,2340,73,0.03119,9.37,684.2,2,1551.14,2.27,Wednesday
2024-03-12,GG-SRC-001,Google,Search,Clics,Intención: cursos de yoga online MX,519,54,0.10387,20.47,1109.84,3,1979.29,1.78,Tuesday
2024-04-27,GG-SRC-001,Google,Search,Clics,Intención: cursos de yoga online MX,534,52,0.09736,20.09,1053.7,3,1957.86,1.86,Saturday
2024-11-13,FB-CVR-001,Facebook,Conversion,Compras,Retargeting carrito abandonado,2267,76,0.03352,12.2,930.31,4,2347.01,2.52,Wednesday
2024-01-05,GG-YTB-001,Google,YouTube,Vistas,"Canal: wellness, yoga, fitness",7080,210,0.02966,6.27,1321.47,4,1962.02,1.48,Friday
2024-12-04,FB-AWA-002,Facebook,Awareness,Alcance,Lookalike 1% compradores anteriores,10215,83,0.00812,4.53,377.91,0,0.0,0.0,Wednesday
2024-09-15,GG-DSP-002,Google,Display,Impresiones,Remarketing sitio web 7 días,29117,271,0.00931,1.8,490.53,3,2218.4,4.52,Sunday
2024-09-29,GG-YTB-001,Google,YouTube,Vistas,"Canal: wellness, yoga, fitness",6085,128,0.02103,6.03,773.52,1,667.95,0.86,Sunday
2024-08-06,GG-DSP-002,Google,Display,Impresiones,Remarketing sitio web 7 días,17438,168,0.00963,2.97,502.2,1,679.81,1.35,Tuesday
2024-09-29,GG-DSP-001,Google,Display,Impresiones,Afinidad: bienestar y fitness,13552,161,0.01188,3.09,498.39,1,741.85,1.49,Sunday
2024-10-09,FB-CON-002,Facebook,Consideracion,Trafico,"Intereses: yoga, meditacion, fitness",3958,105,0.02652,7.44,783.15,2,1848.65,2.36,Wednesday
2024-12-17,GG-DSP-002,Google,Display,Impresiones,Remarketing sitio web 7 días,17696,95,0.00537,3.56,341.47,0,0.0,0.0,Tuesday
2024-03-07,GG-SRC-003,Google,Search,Clics,Intención: como perder peso en casa,298,28,0.09377,19.81,568.24,1,705.04,1.24,Thursday
2024-11-23,GG-DSP-001,Google,Display,Impresiones,Afinidad: bienestar y fitness,14351,108,0.00753,3.78,408.45,0,0.0,0.0,Saturday
2024-02-03,FB-CON-001,Facebook,Consideracion,Trafico,Retargeting visitantes 30 días,3891,124,0.03186,6.62,822.07,2,1354.81,1.65,Saturday
2024-11-18,FB-CON-001,Facebook,Consideracion,Trafico,Retargeting visitantes 30 días,5809,147,0.0253,5.88,867.09,3,1243.84,1.43,Monday
2024-05-15,GG-DSP-002,Google,Display,Impresiones,,14421,226,0.01567,3.24,735.46,4,2725.71,3.71,Wednesday
2024-08-18,FB-CON-001,Facebook,Consideracion,Trafico,Retargeting visitantes 30 días,4352,97,0.02229,6.85,670.74,1,1167.82,1.74,Sunday
2024-07-05,FB-AWA-002,Facebook,Awareness,Alcance,,13268,91,,4.24,388.88,0,0.0,0.0,Friday
2024-02-18,FB-CVR-002,Facebook,Conversion,Compras,Lookalike 3% suscriptores activos,1664,69,0.04145,12.86,892.59,3,2175.81,2.44,Sunday
2024-01-06,GG-DSP-001,Google,Display,Impresiones,Afinidad: bienestar y fitness,13919,232,0.01667,3.08,715.5,3,1886.56,2.64,Saturday
2024-06-07,FB-CVR-001,Facebook,Conversion,Compras,Retargeting carrito abandonado,1643,122,0.07422,12.35,1514.77,8,3219.88,2.13,Friday
2024-09-27,FB-CON-001,Facebook,Consideracion,Trafico,Retargeting visitantes 30 días,5144,157,0.03052,6.25,985.01,7,5708.69,5.8,Friday
2024-04-22,FB-CVR-002,Facebook,Conversion,Compras,Lookalike 3% suscriptores activos,1935,124,0.06406,12.09,1509.39,10,6617.41,4.38,Monday
2024-01-04,GG-YTB-001,Google,YouTube,Vistas,"Canal: wellness, yoga, fitness",6942,232,0.03342,5.34,1242.66,4,2653.22,2.14,Thursday
2024-09-04,GG-YTB-001,Google,YouTube,Vistas,"Canal: wellness, yoga, fitness",5609,145,0.02585,5.11,745.21,2,920.24,1.23,Wednesday
2024-08-11,FB-CON-002,Facebook,Consideracion,Trafico,"Intereses: yoga, meditacion, fitness",3568,90,0.02522,6.77,611.16,1,703.94,1.15,Sunday
2024-02-15,GG-DSP-002,Google,Display,Impresiones,Remarketing sitio web 7 días,11779,191,0.01622,3.34,641.04,1,799.79,1.25,Thursday
2024-09-30,FB-CON-001,Facebook,Consideracion,Trafico,Retargeting visitantes 30 días,2729,131,0.048,7.47,981.75,3,1552.34,1.58,Monday
2024-07-10,FB-CON-002,Facebook,Consideracion,Trafico,"Intereses: yoga, meditacion, fitness",3060,66,0.02157,6.36,422.51,0,0.0,0.0,Wednesday
2024-08-09,FB-CVR-001,Facebook,Conversion,Compras,,1854,63,0.03397,14.51,914.88,4,2418.92,2.64,Friday
2024-01-31,FB-CON-002,Facebook,Consideracion,Trafico,"Intereses: yoga, meditacion, fitness",5894,304,0.05157,5.07,1544.79,10,8607.62,5.57,Wednesday
2024-06-15,FB-CVR-002,Facebook,Conversion,Compras,Lookalike 3% suscriptores activos,1843,109,0.05911,10.31,1127.84,8,4357.77,3.86,Saturday
2024-08-12,GG-YTB-001,Google,YouTube,Vistas,"Canal: wellness, yoga, fitness",3838,80,0.02084,5.17,414.11,0,0.0,0.0,Monday
2024-08-13,GG-YTB-001,Google,YouTube,Vistas,"Canal: wellness, yoga, fitness",6863,108,0.01574,6.28,684.25,1,647.75,0.95,Tuesday
2024-11-21,FB-AWA-001,Facebook,Awareness,Alcance,Mujeres 25-40 CDMX interesadas en bienestar,10562,193,0.01827,4.15,804.66,0,0.0,0.0,Thursday
2024-07-22,FB-CON-001,Facebook,Consideracion,Trafico,Retargeting visitantes 30 días,4506,71,0.01576,7.39,529.41,1,468.29,0.88,Monday
2024-06-30,GG-SRC-003,Google,Search,Clics,Intención: como perder peso en casa,507,41,0.08082,17.53,735.72,2,772.53,1.05,Sunday
2024-02-27,FB-CVR-002,facebook,Conversion,Compras,Lookalike 3% suscriptores activos,1869,81,0.04333,12.16,995.88,6,4205.35,4.22,Tuesday
2024-08-19,GG-YTB-001,GOOGLE,YouTube,Vistas,"Canal: wellness, yoga, fitness",6501,98,0.01507,6.19,611.83,1,774.18,1.27,Monday
2024-11-22,FB-CVR-001,Facebook,Conversion,Compras,Retargeting carrito abandonado,2569,77,0.02996,13.01,1013.98,5,2238.9,2.21,Friday
2024-06-07,GG-SRC-001,Google,Search,Clics,Intención: cursos de yoga online MX,653,62,0.09491,19.05,1199.81,3,1740.84,1.45,Friday
2024-12-18,FB-CVR-001,Facebook,Conversion,Compras,Retargeting carrito abandonado,2016,52,0.02579,11.17,584.96,2,1125.89,1.92,Wednesday
2024-12-29,GG-SRC-001,Google,Search,Clics,Intención: cursos de yoga online MX,508,25,0.04917,17.98,451.49,0,0.0,0.0,Sunday
2024-07-01,GG-SRC-001,Google,Search,Clics,Intención: cursos de yoga online MX,433,32,0.07385,17.42,570.33,0,0.0,0.0,Monday
2024-04-23,GG-DSP-001,Google,Display,Impresiones,Afinidad: bienestar y fitness,15193,160,0.01053,3.58,575.73,1,670.18,1.16,Tuesday
2024-08-18,GG-DSP-002,Google,Display,Impresiones,Remarketing sitio web 7 días,18849,123,0.00653,3.75,463.22,0,0.0,0.0,Sunday
2024-11-16,FB-CON-001,Facebook,Consideracion,Trafico,Retargeting visitantes 30 días,3535,81,0.02291,7.59,615.94,1,693.75,1.13,Saturday
2024-06-03,FB-CON-002,Facebook,Consideracion,Trafico,"Intereses: yoga, meditacion, fitness",3831,151,0.03941,6.7,1016.82,4,2428.77,2.39,Monday
2024-12-09,FB-CVR-002,Facebook,Conversion,Compras,Lookalike 3% suscriptores activos,2523,60,0.02378,10.82,651.42,2,774.18,1.19,Monday
2024-10-06,GG-SRC-002,Google,Search,Clics,Intención: meditacion guiada online,567,32,0.05642,18.85,615.91,1,765.22,1.24,Sunday
2024-06-04,FB-CVR-002,Facebook,Conversion,Compras,Lookalike 3% suscriptores activos,2592,122,0.04706,11.49,1408.97,9,5411.43,3.84,Tuesday
2024-06-11,FB-CON-002,Facebook,Consideracion,Trafico,"Intereses: yoga, meditacion, fitness",2942,105,0.03568,7.89,828.67,3,2130.02,2.57,Tuesday
2024-09-30,GG-YTB-001,Google,YouTube,Vistas,"Canal: wellness, yoga, fitness",5332,153,0.02869,5.14,789.26,1,744.98,0.94,Monday
2024-02-06,GG-DSP-002,Google,Display,Impresiones,Remarketing sitio web 7 días,12232,174,0.01422,3.68,641.58,1,570.11,0.89,Tuesday
2024-08-19,FB-AWA-001,Facebook,Awareness,Alcance,Mujeres 25-40 CDMX interesadas en bienestar,9351,125,0.01337,4.38,550.45,0,0.0,0.0,Monday
2024-06-02,FB-CON-001,Facebook,Consideracion,Trafico,Retargeting visitantes 30 días,3255,132,0.04055,7.02,926.49,3,2380.76,2.57,Sunday
2024-08-09,GG-SRC-001,Google,Search,Clics,Intención: cursos de yoga online MX,580,40,0.06895,17.35,709.15,0,0.0,0.0,Friday
2024-09-28,GG-SRC-003,GOOGLE,Search,Clics,Intención: como perder peso en casa,356,29,0.08139,17.6,525.04,1,758.08,1.44,Saturday
2024-05-10,GG-SRC-001,Google,Search,Clics,Intención: cursos de yoga online MX,727,80,0.10997,15.88,1277.63,3,2979.26,2.33,Friday
2024-05-28,GG-YTB-001,Google,YouTube,Vistas,"Canal: wellness, yoga, fitness",4414,160,0.03625,5.85,936.71,2,740.27,0.79,Tuesday
2024-01-30,FB-CON-002,Facebook,Consideracion,Trafico,"Intereses: yoga, meditacion, fitness",2824,151,0.05347,8.13,1234.87,6,3653.96,2.96,Tuesday
2024-10-27,FB-CVR-001,Facebook,Conversion,Compras,Retargeting carrito abandonado,1326,63,0.04749,13.77,868.02,2,1798.15,2.07,Sunday
2024-02-17,GG-DSP-002,Google,Display,Impresiones,Remarketing sitio web 7 días,15583,168,0.01078,3.28,551.38,1,926.24,1.68,Saturday
2024-02-12,GG-SRC-002,Google,Search,Clics,Intención: meditacion guiada online,465,45,0.09675,19.59,898.7,2,600.16,0.67,Monday
2024/06/16,FB-CVR-002,FACEBOOK,Conversion,Compras,Lookalike 3% suscriptores activos,2004,87,0.0434,14.29,1244.65,6,3893.11,3.13,Sunday
2024-10-31,GG-DSP-001,Google,Display,Impresiones,Afinidad: bienestar y fitness,12850,160,0.01245,3.27,523.78,1,788.04,1.5,Thursday
2024-04-23,GG-SRC-001,Google,Search,Clics,Intención: cursos de yoga online MX,656,67,0.102,15.43,1036.84,4,3109.7,3.0,Tuesday
2024-11-27,GG-SRC-002,Google,Search,Clics,Intención: meditacion guiada online,369,29,0.07854,17.95,537.4,0,0.0,0.0,Wednesday
2024-06-11,FB-AWA-002,Facebook,Awareness,Alcance,Lookalike 1% compradores anteriores,8087,160,0.01978,4.9,786.19,1,700.22,0.89,Tuesday
2024-08-27,GG-DSP-002,Google,Display,Impresiones,Remarketing sitio web 7 días,22021,152,0.0069,2.86,435.64,1,352.92,0.81,Tuesday
2024-06-12,GG-YTB-001,Google,YouTube,Vistas,"Canal: wellness, yoga, fitness",5120,168,0.03281,4.27,721.91,2,1269.36,1.76,Wednesday
2024-03-18,GG-SRC-001,Google,Search,Clics,Intención: cursos de yoga online MX,903,59,0.06534,21.07,1257.69,3,1570.19,1.25,Monday
2024-02-20,GG-SRC-003,Google,Search,Clics,Intención: como perder peso en casa,534,43,0.08049,15.62,675.37,2,1358.96,2.01,Tuesday
2024-12-06,FB-CVR-002,Facebook,Conversion,Compras,Lookalike 3% suscriptores activos,1430,42,0.02936,13.95,595.07,1,602.1,1.01,Friday
2024-08-01,FB-CVR-001,Facebook,Conversion,Compras,Retargeting carrito abandonado,2245,105,0.04677,9.68,1021.44,5,2618.8,2.56,Thursday
2024-05-14,FB-CON-002,Facebook,Consideracion,Trafico,"Intereses: yoga, meditacion, fitness",4222,166,0.03931,7.24,1204.7,4,2472.54,2.05,Tuesday
2024-09-26,GG-YTB-001,Google,YouTube,Vistas,"Canal: wellness, yoga, fitness",5834,122,0.02091,5.33,649.98,2,1199.82,1.85,Thursday
2024-08-06,GG-SRC-003,Google,Search,Clics,Intención: como perder peso en casa,301,26,0.08637,15.88,428.35,1,367.14,0.86,Tuesday
2024-06-23,FB-AWA-002,Facebook,Awareness,Alcance,Lookalike 1% compradores anteriores,10750,157,0.0146,3.92,617.71,1,481.03,0.78,Sunday
2024-12-30,FB-AWA-001,Facebook,Awareness,Alcance,Mujeres 25-40 CDMX interesadas en bienestar,9138,91,0.00996,4.68,429.24,0,0.0,0.0,Monday
2024-08-25,FB-CVR-002,Facebook,Conversion,Compras,Lookalike 3% suscriptores activos,2597,58,0.02233,12.03,704.98,2,1133.44,1.61,Sunday
2024-03-14,FB-AWA-001,Facebook,Awareness,Alcance,Mujeres 25-40 CDMX interesadas en bienestar,10362,150,0.01447,4.88,734.83,0,0.0,0.0,Thursday
2024-10-21,GG-SRC-002,Google,Search,Clics,Intención: meditacion guiada online,505,36,0.07127,21.34,781.7,2,1263.22,1.62,Monday
2024-04-16,GG-SRC-003,Google,Search,Clics,Intención: como perder peso en casa,349,34,0.09737,19.62,669.29,1,418.14,0.62,Tuesday
2024-04-11,GG-DSP-002,Google,Display,Impresiones,Remarketing sitio web 7 días,21295,232,0.01089,3.21,744.36,1,362.53,0.49,Thursday
2024-09-01,FB-AWA-001,Facebook,Awareness,Alcance,Mujeres 25-40 CDMX interesadas en bienestar,10770,186,0.01727,3.75,701.05,0,0.0,0.0,Sunday
2024-05-30,GG-SRC-002,GOOGLE,Search,Clics,Intención: meditacion guiada online,689,65,0.09422,16.98,1107.68,4,3119.07,2.82,Thursday
2024-10-14,GG-SRC-003,Google,Search,Clics,Intención: como perder peso en casa,376,32,0.08491,19.27,621.29,1,846.83,1.36,Monday
2024-07-10,FB-AWA-001,Facebook,Awareness,,,11116,112,,4.47,503.57,0,0.0,0.0,Wednesday
2024-10-08,GG-SRC-003,Google,Search,Clics,Intención: como perder peso en casa,354,33,0.093,18.31,611.22,2,917.86,1.5,Tuesday
2024-08-24,GG-YTB-001,GOOGLE,YouTube,,,4278,69,,6.47,450.25,0,0.0,0.0,Saturday
2024-02-25,FB-CON-001,Facebook,Consideracion,Trafico,Retargeting visitantes 30 días,3064,87,0.02839,7.17,625.72,1,659.58,1.05,Sunday
2024-05-30,FB-AWA-001,Facebook,Awareness,Alcance,Mujeres 25-40 CDMX interesadas en bienestar,8505,166,0.01952,5.32,884.56,1,469.25,0.53,Thursday
2024-08-04,FB-CON-001,Facebook,Consideracion,Trafico,Retargeting visitantes 30 días,4618,102,0.02208,6.5,669.5,1,789.49,1.18,Sunday
2024-06-19,GG-DSP-002,Google,Display,Impresiones,Remarketing sitio web 7 días,21360,247,0.01156,2.74,678.1,2,1476.95,2.18,Wednesday
2024-10-08,GG-DSP-001,Google,Display,Impresiones,Afinidad: bienestar y fitness,14960,132,0.00882,3.56,472.77,0,0.0,0.0,Tuesday
2024-04-14,GG-SRC-002,Google,Search,Clics,Intención: meditacion guiada online,713,65,0.09113,12.06,784.34,5,2517.63,3.21,Sunday
2024-04-06,FB-CON-002,Facebook,Consideracion,Trafico,"Intereses: yoga, meditacion, fitness",4111,114,0.02773,7.74,884.55,3,2495.29,2.82,Saturday
2024-01-15,GG-SRC-003,G Ads,Search,Clics,Intención: como perder peso en casa,411,58,0.14105,17.44,1017.54,5,2523.13,2.48,Monday
2024-05-10,GG-DSP-002,Google,Display,Impresiones,Remarketing sitio web 7 días,17602,250,0.0142,2.99,747.75,2,1190.21,1.59,Friday
2024-05-16,FB-CVR-002,Facebook,Conversion,Compras,Lookalike 3% suscriptores activos,2305,136,0.05899,10.71,1466.88,9,6192.6,4.22,Thursday
2024-02-16,FB-CVR-002,Facebook,Conversion,Compras,Lookalike 3% suscriptores activos,1780,68,0.0382,14.69,1001.27,4,2035.61,2.03,Friday
2024-10-29,GG-YTB-001,Google,YouTube,Vistas,"Canal: wellness, yoga, fitness",5746,122,0.02123,4.83,592.85,1,707.59,1.19,Tuesday
2024-06-24,GG-SRC-001,Google,Search,Clics,Intención: cursos de yoga online MX,557,53,0.09503,19.13,1020.82,2,495.04,0.48,Monday
2024-12-07,GG-SRC-001,Google,Search,Clics,Intención: cursos de yoga online MX,477,21,0.04396,20.63,443.06,0,0.0,0.0,Saturday
2024-06-05,GG-SRC-002,Google,Search,Clics,Intención: meditacion guiada online,504,46,0.09112,20.88,962.52,2,1079.18,1.12,Wednesday
2024-02-11,GG-SRC-001,GOOGLE,Search,Clics,Intención: cursos de yoga online MX,502,37,0.07358,21.15,787.7,1,574.53,0.73,Sunday
2024-08-10,GG-DSP-001,Google,Display,Impresiones,Afinidad: bienestar y fitness,15037,107,0.00712,3.0,321.49,0,0.0,0.0,Saturday
2024-10-16,GG-DSP-001,Google,Display,Impresiones,Afinidad: bienestar y fitness,19862,158,0.00795,3.39,535.27,1,674.99,1.26,Wednesday
2024-07-29,FB-AWA-001,Facebook,Awareness,Alcance,Mujeres 25-40 CDMX interesadas en bienestar,11750,122,0.01038,4.04,494.86,0,0.0,0.0,Monday
2024-11-03,GG-SRC-003,Google,Search,Clics,Intención: como perder peso en casa,576,27,0.04687,17.52,473.69,1,719.67,1.52,Sunday
2024-04-04,GG-YTB-001,Google,YouTube,Vistas,"Canal: wellness, yoga, fitness",5835,155,0.02656,5.64,879.19,2,732.26,0.83,Thursday
2024-11-04,FB-AWA-002,FACEBOOK,Awareness,Alcance,Lookalike 1% compradores anteriores,8075,95,0.01176,5.23,500.14,0,0.0,0.0,Monday
2024-04-21,GG-SRC-002,Google,Search,Clics,Intención: meditacion guiada online,405,35,0.08634,19.87,700.72,2,1336.12,1.91,Sunday
2024-03-03,GG-DSP-002,Google,Display,Impresiones,Remarketing sitio web 7 días,18000,196,0.01089,3.06,599.33,1,459.61,0.77,Sunday
2024-09-25,GG-DSP-002,Google,Display,Impresiones,Remarketing sitio web 7 días,16919,181,0.0107,3.73,676.44,1,895.3,1.32,Wednesday
2024-10-12,GG-SRC-003,GOOGLE,Search,Clics,Intención: como perder peso en casa,618,32,0.05171,14.13,464.82,1,871.25,1.87,Saturday
2024-09-28,GG-SRC-002,Google,Search,Clics,Intención: meditacion guiada online,513,36,0.07008,18.68,678.66,1,551.07,0.81,Saturday
2024-06-15,FB-AWA-002,Facebook,Awareness,Alcance,Lookalike 1% compradores anteriores,9757,135,0.01384,4.48,608.72,1,597.32,0.98,Saturday
2024-10-09,FB-CVR-001,Facebook,Conversion,Compras,Retargeting carrito abandonado,1606,79,0.04916,14.02,1119.56,3,1224.47,1.09,Wednesday
2024-05-29,FB-AWA-002,Facebook,Awareness,Alcance,Lookalike 1% compradores anteriores,10855,222,0.02045,3.97,884.5,1,720.04,0.81,Wednesday
2024-05-31,GG-SRC-003,Google,Search,Clics,Intención: como perder peso en casa,387,42,0.10833,19.15,811.65,1,394.97,0.49,Friday
2024-04-02,GG-SRC-003,Google,Search,Clics,Intención: como perder peso en casa,357,37,0.10336,19.73,749.17,1,349.93,0.47,Tuesday
2024-04-01,FB-CON-002,Facebook,Consideracion,Trafico,"Intereses: yoga, meditacion, fitness",4583,155,0.03382,6.84,1060.97,3,1989.53,1.88,Monday
2024-12-27,FB-CON-002,Facebook,Consideracion,Trafico,"Intereses: yoga, meditacion, fitness",3926,66,0.01681,6.89,454.6,0,0.0,0.0,Friday
2024-09-20,GG-DSP-002,Google,Display,Impresiones,Remarketing sitio web 7 días,12396,155,0.0125,3.43,532.46,1,672.46,1.26,Friday
2024-02-24,GG-YTB-001,Google,YouTube,Vistas,"Canal: wellness, yoga, fitness",6633,140,0.0211,5.23,733.06,2,692.33,0.94,Saturday
2024-08-30,FB-CVR-001,Facebook,Conversion,Compras,Retargeting carrito abandonado,1209,56,0.04632,13.75,783.46,3,1175.74,1.5,Friday
2024-06-07,GG-DSP-001,Google,Display,Impresiones,Afinidad: bienestar y fitness,13292,167,0.01256,3.42,572.23,2,1687.13,2.95,Friday
2024-08-23,FB-CVR-001,Meta,Conversion,Compras,Retargeting carrito abandonado,2043,77,0.03769,11.39,881.74,3,1931.96,2.19,Friday
2024-09-18,FB-CVR-001,Facebook,Conversion,Compras,,1723,89,0.05163,14.1,1257.15,4,2196.25,1.75,Wednesday
2024-01-31,GG-SRC-001,Google,Search,Clics,Intención: cursos de yoga online MX,458,74,0.16142,21.88,1625.85,7,4059.03,2.5,Wednesday
2024-06-22,FB-CVR-001,Facebook,Conversion,Compras,Retargeting carrito abandonado,1655,97,0.05858,12.73,1241.99,5,1643.83,1.32,Saturday
2024-03-07,GG-YTB-001,Google,YouTube,Vistas,"Canal: wellness, yoga, fitness",5131,113,0.02202,5.62,634.95,1,748.0,1.18,Thursday
2024-04-26,FB-CVR-001,Facebook,Conversion,Compras,Retargeting carrito abandonado,2155,150,0.06958,10.23,1538.17,15,11620.73,7.55,Friday
2024-12-22,FB-CVR-001,Facebook,Conversion,Compras,Retargeting carrito abandonado,2038,47,0.02306,11.84,565.82,1,664.35,1.17,Sunday
2024-09-10,FB-CVR-002,Facebook,Conversion,Compras,Lookalike 3% suscriptores activos,1862,103,0.05532,11.37,1175.5,6,4685.75,3.99,Tuesday
2024-12-08,FB-CON-001,Facebook,Consideracion,Trafico,Retargeting visitantes 30 días,5287,74,0.014,5.96,443.95,1,703.3,1.58,Sunday
2024-11-09,GG-SRC-002,Google,Search,Clics,Intención: meditacion guiada online,259,20,0.07712,18.79,394.04,0,0.0,0.0,Saturday
2024-08-11,FB-AWA-001,Facebook,Awareness,Alcance,Mujeres 25-40 CDMX interesadas en bienestar,16006,147,0.00918,3.82,565.0,1,543.08,0.96,Sunday
2024-08-06,FB-CON-001,Facebook,Consideracion,Trafico,Retargeting visitantes 30 días,4131,100,0.0242,6.02,604.8,1,761.76,1.26,Tuesday
2024-09-17,GG-DSP-001,Google,Display,Impresiones,Afinidad: bienestar y fitness,18567,167,0.00899,2.36,395.57,1,689.08,1.74,Tuesday
2024-03-06,FB-CON-001,facebook,Consideracion,Trafico,Retargeting visitantes 30 días,3359,131,0.03899,8.37,1103.35,2,1323.16,1.2,Wednesday
2024-05-22,GG-SRC-002,Google,Search,Clics,Intención: meditacion guiada online,367,44,0.11974,19.9,884.72,3,2411.46,2.73,Wednesday
2024-03-22,FB-CVR-002,Facebook,Conversion,Compras,Lookalike 3% suscriptores activos,1727,80,0.04631,12.5,1004.13,5,2520.51,2.51,Friday
2024-09-24,FB-CVR-001,Facebook,Conversion,Compras,Retargeting carrito abandonado,2014,111,0.05509,10.72,1199.25,4,2119.84,1.77,Tuesday
2024-09-26,GG-DSP-002,Google,Display,Impresiones,Remarketing sitio web 7 días,13894,174,0.01252,3.56,621.36,1,934.34,1.5,Thursday
2024-08-16,GG-YTB-001,Google,YouTube,Vistas,"Canal: wellness, yoga, fitness",8850,151,0.01706,4.01,608.71,1,624.62,1.03,Friday
2024-09-29,GG-SRC-002,Google,Search,Clics,Intención: meditacion guiada online,685,49,0.07144,15.79,776.78,2,1240.55,1.6,Sunday
2024-05-20,GG-YTB-001,Google,YouTube,Vistas,"Canal: wellness, yoga, fitness",8329,179,0.02149,5.32,956.99,3,1696.03,1.77,Monday
2024-02-28,GG-SRC-001,Google,Search,Clics,Intención: cursos de yoga online MX,1111,76,0.06839,17.34,1319.56,3,2301.72,1.74,Wednesday
2024-04-08,FB-AWA-001,Facebook,Awareness,Alcance,Mujeres 25-40 CDMX interesadas en bienestar,9390,200,0.0213,4.84,973.01,1,844.27,0.87,Monday
2024-06-25,FB-CVR-001,Facebook,Conversion,Compras,Retargeting carrito abandonado,1654,100,0.06044,12.96,1308.02,6,2034.49,1.56,Tuesday
2024-04-05,FB-CON-002,Facebook,Consideracion,Trafico,"Intereses: yoga, meditacion, fitness",6310,242,0.03835,5.0,1214.19,4,2622.12,2.16,Friday
2024-08-07,GG-YTB-001,Google,YouTube,Vistas,"Canal: wellness, yoga, fitness",6886,127,0.01844,4.53,576.49,1,471.23,0.82,Wednesday
2024-04-24,FB-CON-001,Facebook,Consideracion,Trafico,Retargeting visitantes 30 días,7077,197,0.02783,6.08,1197.64,5,3821.3,3.19,Wednesday
2024-05-11,GG-DSP-002,Google,Display,Impresiones,Remarketing sitio web 7 días,16109,196,0.01217,3.51,689.91,2,1643.91,2.38,Saturday
2024-12-22,GG-SRC-001,Google,Search,Clics,Intención: cursos de yoga online MX,618,25,0.04045,18.75,469.07,0,0.0,0.0,Sunday
2024-10-29,GG-SRC-001,Google,Search,Clics,Intención: cursos de yoga online MX,899,62,0.06896,15.42,960.79,3,1762.12,1.83,Tuesday
2024-02-25,GG-SRC-002,Google,Search,Clics,Intención: meditacion guiada online,452,34,0.07508,18.95,652.83,1,585.7,0.9,Sunday
2024-04-08,FB-CVR-001,Facebook,Conversion,Compras,Retargeting carrito abandonado,2167,117,0.05397,13.89,1626.06,8,4991.45,3.07,Monday
2024-06-13,FB-AWA-001,Facebook,Awareness,Alcance,Mujeres 25-40 CDMX interesadas en bienestar,12041,268,0.02226,3.5,937.11,1,304.39,0.32,Thursday
2024-05-03,FB-CON-001,Facebook,Consideracion,Trafico,Retargeting visitantes 30 días,7001,225,0.03214,6.35,1433.8,6,5008.95,3.49,Friday
2024-02-14,GG-YTB-001,Google,YouTube,Vistas,"Canal: wellness, yoga, fitness",5009,171,0.03414,4.98,852.62,1,699.37,0.82,Wednesday
2024-05-01,FB-CVR-002,Facebook,Conversion,Compras,Lookalike 3% suscriptores activos,1480,80,0.05405,15.69,1259.17,8,5159.03,4.1,Wednesday
2024-06-18,FB-CVR-002,Facebook,Conversion,Compras,Lookalike 3% suscriptores activos,2015,114,0.05656,12.54,1433.74,7,3204.24,2.23,Tuesday
2024-06-11,GG-YTB-001,Google,YouTube,Vistas,"Canal: wellness, yoga, fitness",8397,186,0.02215,5.22,973.95,2,1740.64,1.79,Tuesday
12/04/2024,GG-SRC-001,Google,Search,Clics,Intención: cursos de yoga online MX,610,57,0.09332,19.52,1122.23,4,2510.25,2.24,Friday
2024-03-25,GG-DSP-002,Google,Display,Impresiones,Remarketing sitio web 7 días,17844,200,0.01121,3.21,643.92,1,636.85,0.99,Monday
2024-06-03,FB-AWA-002,Facebook,Awareness,Alcance,Lookalike 1% compradores anteriores,10895,188,0.01726,3.84,725.02,1,544.62,0.75,Monday
2024-10-18,GG-SRC-002,Google,Search,Clics,Intención: meditacion guiada online,490,40,0.08162,18.64,748.38,1,233.01,0.31,Friday
2024-06-14,GG-DSP-001,google,Display,Impresiones,Afinidad: bienestar y fitness,17249,157,0.0091,3.49,549.27,1,594.97,1.08,Friday
2024-11-08,FB-CON-001,Facebook,Consideracion,Trafico,Retargeting visitantes 30 días,4298,111,0.02582,7.3,816.05,2,1378.07,1.69,Friday
2024-04-29,FB-AWA-001,Facebook,Awareness,Alcance,Mujeres 25-40 CDMX interesadas en bienestar,14976,289,0.0193,3.3,956.92,1,471.76,0.49,Monday
2024-02-29,FB-AWA-001,Facebook,Awareness,Alcance,Mujeres 25-40 CDMX interesadas en bienestar,12282,220,0.01791,4.1,904.84,1,348.09,0.38,Thursday
06-27-2024,FB-CON-002,Facebook,Consideracion,Trafico,"Intereses: yoga, meditacion, fitness",3056,117,0.03828,7.21,846.87,3,2469.39,2.92,Thursday
2024-10-07,FB-AWA-001,Facebook,Awareness,Alcance,Mujeres 25-40 CDMX interesadas en bienestar,10176,179,0.01759,4.19,754.4,1,402.44,0.53,Monday
2024-10-23,GG-DSP-002,Google,Display,,,21987,173,,3.16,546.74,0,0.0,0.0,Wednesday
2024-12-13,FB-CVR-001,Facebook,Conversion,Compras,Retargeting carrito abandonado,1491,48,0.03219,13.14,639.54,0,0.0,0.0,Friday
2024-06-27,GG-SRC-002,Google,Search,Clics,Intención: meditacion guiada online,343,38,0.11048,21.6,839.39,2,1230.0,1.47,Thursday
2024-10-08,FB-AWA-001,Facebook,Awareness,Alcance,Mujeres 25-40 CDMX interesadas en bienestar,12732,207,0.01626,3.96,820.56,1,684.11,0.83,Tuesday
2024-05-25,FB-AWA-002,Facebook,Awareness,Alcance,Lookalike 1% compradores anteriores,12684,199,0.01569,3.77,750.55,1,622.17,0.83,Saturday
2024-06-25,GG-DSP-002,Google Ads,Display,Impresiones,Remarketing sitio web 7 días,24084,261,0.01084,3.02,788.78,3,2740.66,3.47,Tuesday
2024-04-17,GG-DSP-001,Google,Display,Impresiones,Afinidad: bienestar y fitness,19990,212,0.0106,3.23,687.25,2,1066.63,1.55,Wednesday
2024-10-28,GG-SRC-002,Google,Search,Clics,Intención: meditacion guiada online,483,41,0.08486,20.17,842.29,1,625.24,0.74,Monday
2024-10-25,GG-SRC-001,Google,Search,Clics,Intención: cursos de yoga online MX,655,46,0.07017,22.39,1046.08,2,799.62,0.76,Friday
2024-10-24,FB-CVR-001,Facebook,Conversion,Compras,Retargeting carrito abandonado,2218,104,0.04689,9.83,1023.86,4,3091.46,3.02,Thursday
2024-09-13,GG-SRC-002,Google,Search,Clics,Intención: meditacion guiada online,390,36,0.09229,20.14,735.14,1,739.56,1.01,Friday
2024-11-09,GG-SRC-001,Google,Search,Clics,Intención: cursos de yoga online MX,840,40,0.0476,15.67,633.55,1,759.71,1.2,Saturday
2024-07-10,FB-AWA-002,Facebook,Awareness,Alcance,Lookalike 1% compradores anteriores,11920,92,0.00772,4.6,424.66,0,0.0,0.0,Wednesday
2024-12-18,GG-DSP-002,Google,Display,Impresiones,Remarketing sitio web 7 días,15524,96,0.00618,3.21,308.19,0,0.0,0.0,Wednesday
2024-05-24,GG-DSP-002,Google,Display,Impresiones,Remarketing sitio web 7 días,14313,156,0.0109,3.89,611.22,2,1321.38,2.16,Friday
2024-12-15,GG-SRC-001,Google,Search,Clics,Intención: cursos de yoga online MX,1097,31,0.02825,13.33,420.64,0,0.0,0.0,Sunday
2024-08-12,FB-AWA-002,Facebook,Awareness,Alcance,Lookalike 1% compradores anteriores,6681,85,0.01272,5.5,468.19,0,0.0,0.0,Monday
2024-02-23,FB-CON-001,Facebook,Consideracion,Trafico,Retargeting visitantes 30 días,3495,136,0.03891,6.64,909.55,3,1994.73,2.19,Friday
2024-01-21,GG-SRC-003,Google,Search,Clics,Intención: como perder peso en casa,428,62,0.14477,15.77,978.54,5,3819.7,3.9,Sunday
2024-06-05,GG-SRC-003,Google,Search,Clics,Intención: como perder peso en casa,404,38,0.094,19.59,749.1,1,645.23,0.86,Wednesday
2024-11-28,FB-CON-001,Facebook,Consideracion,Trafico,Retargeting visitantes 30 días,3732,112,0.03001,6.88,774.42,1,365.97,0.47,Thursday
2024-04-28,GG-DSP-002,GOOGLE,Display,Impresiones,Remarketing sitio web 7 días,17796,199,0.01118,3.31,662.17,2,609.7,0.92,Sunday
2024-06-28,GG-DSP-002,Google,Display,Impresiones,Remarketing sitio web 7 días,18245,232,0.01272,3.21,746.3,2,989.81,1.33,Friday
2024-06-23,FB-CVR-001,Facebook,Conversion,Compras,Retargeting carrito abandonado,3032,129,0.04253,8.46,1097.14,6,3789.18,3.45,Sunday
2024-10-08,GG-SRC-002,Google,Search,Clics,Intención: meditacion guiada online,557,37,0.0664,16.55,616.11,1,564.5,0.92,Tuesday
2024-12-24,GG-DSP-002,Google,Display,Impresiones,Remarketing sitio web 7 días,16302,71,0.00436,3.26,232.33,0,0.0,0.0,Tuesday
2024-07-10,GG-SRC-001,Google,Search,Clics,Intención: cursos de yoga online MX,629,33,0.05243,19.96,666.46,1,822.38,1.23,Wednesday
2024-10-23,GG-DSP-001,Google,Display,Impresiones,Afinidad: bienestar y fitness,12731,179,0.01406,2.6,467.03,1,420.44,0.9,Wednesday
2024-11-06,GG-DSP-001,Google,Display,Impresiones,Afinidad: bienestar y fitness,22125,170,0.00768,2.92,497.71,1,589.75,1.18,Wednesday
2024-04-16,GG-DSP-002,Google,Display,Impresiones,Remarketing sitio web 7 días,12814,194,0.01514,4.05,788.69,2,1335.61,1.69,Tuesday
2024-12-01,GG-DSP-002,Google,Display,Impresiones,Remarketing sitio web 7 días,11363,74,0.00651,3.55,266.15,0,0.0,0.0,Sunday
2024-10-07,FB-CVR-002,Facebook,Conversion,Compras,Lookalike 3% suscriptores activos,2036,107,0.05255,9.89,1062.4,5,4557.75,4.29,Monday
2024-06-16,FB-CON-001,Facebook,Consideracion,Trafico,Retargeting visitantes 30 días,3866,136,0.03517,6.52,887.86,3,1661.46,1.87,Sunday
2024-12-07,GG-SRC-003,Google,Search,Clics,Intención: como perder peso en casa,326,14,0.04287,17.67,259.29,0,0.0,0.0,Saturday
2024-06-19,FB-AWA-001,Facebook,Awareness,Alcance,Mujeres 25-40 CDMX interesadas en bienestar,12025,190,0.0158,4.25,808.31,1,1001.9,1.24,Wednesday
2024-07-04,FB-CON-002,Facebook,Consideracion,Trafico,"Intereses: yoga, meditacion, fitness",4369,85,0.01945,6.03,516.21,0,0.0,0.0,Thursday
2024-08-17,GG-DSP-001,Google,Display,Impresiones,Afinidad: bienestar y fitness,26608,133,0.005,2.79,373.2,0,0.0,0.0,Saturday
2024-10-16,GG-SRC-001,Google,Search,Clics,Intención: cursos de yoga online MX,536,43,0.08013,21.52,927.38,1,506.01,0.55,Wednesday
2024-08-18,FB-CVR-001,Facebook,Conversion,Compras,Retargeting carrito abandonado,2262,79,0.03492,10.38,827.89,3,1535.91,1.86,Sunday
2024-10-11,GG-SRC-003,Google,Search,Clics,Intención: como perder peso en casa,353,27,0.07634,19.17,535.74,1,507.14,0.95,Friday
2024-06-09,FB-CON-002,Facebook,Consideracion,Trafico,"Intereses: yoga, meditacion, fitness",3558,127,0.03569,5.99,765.48,4,1510.87,1.97,Sunday
2024-09-16,FB-CON-001,Facebook,Consideracion,Trafico,Retargeting visitantes 30 días,5867,145,0.02471,6.48,940.87,2,1208.61,1.28,Monday
2024-02-22,GG-SRC-002,Google,Search,Clics,Intención: meditacion guiada online,678,42,0.06192,20.21,851.87,2,1465.19,1.72,Thursday
2024-12-13,FB-AWA-001,Facebook,Awareness,Alcance,Mujeres 25-40 CDMX interesadas en bienestar,10326,82,0.00794,4.24,350.98,0,0.0,0.0,Friday
2024-10-22,GG-DSP-002,Google,Display,Impresiones,Remarketing sitio web 7 días,29235,189,0.00646,3.73,705.85,1,387.21,0.55,Tuesday
2024-08-20,FB-CON-002,Facebook,Consideracion,Trafico,"Intereses: yoga, meditacion, fitness",3633,99,0.02725,6.1,607.16,1,310.85,0.51,Tuesday
2024-04-06,FB-CVR-002,Facebook,Conversion,Compras,Lookalike 3% suscriptores activos,2597,134,0.05158,9.15,1230.52,8,3667.16,2.98,Saturday
2024-08-07,GG-DSP-001,Google,Display,Impresiones,Afinidad: bienestar y fitness,13554,110,0.00812,3.41,375.42,0,0.0,0.0,Wednesday
2024-01-06,GG-SRC-001,Google,Search,Clics,Intención: cursos de yoga online MX,568,64,0.11253,20.16,1309.62,5,3233.02,2.47,Saturday
2024-10-06,GG-SRC-001,Google,Search,Clics,Intención: cursos de yoga online MX,509,39,0.07649,20.48,801.15,2,1621.27,2.02,Sunday
2024-10-13,GG-SRC-002,Google,Search,Clics,Intención: meditacion guiada online,521,30,0.05758,20.76,628.21,1,666.91,1.06,Sunday
2024-09-06,FB-CVR-002,Facebook,Conversion,Compras,Lookalike 3% suscriptores activos,1339,73,0.05449,13.24,976.16,3,2169.23,2.22,Friday
2024-12-01,FB-CON-001,Facebook,Consideracion,Trafico,Retargeting visitantes 30 días,3783,51,0.01348,8.08,418.48,0,0.0,0.0,Sunday
2024-01-07,FB-CVR-001,Facebook,Conversion,Compras,Retargeting carrito abandonado,2917,164,0.05622,9.97,1643.78,13,7999.09,4.87,Sunday
2024-11-20,FB-CON-001,Facebook,Consideracion,Trafico,Retargeting visitantes 30 días,3245,91,0.02804,7.24,660.4,2,845.53,1.28,Wednesday
2024-05-02,GG-DSP-001,Google,Display,Impresiones,Afinidad: bienestar y fitness,14503,220,0.01517,3.0,659.75,2,1429.6,2.17,Thursday
2024-02-16,GG-SRC-001,Google,Search,Clics,Intención: cursos de yoga online MX,1144,63,0.05502,18.51,1179.88,3,2400.58,2.03,Friday
2024-03-24,FB-AWA-002,Facebook,Awareness,Alcance,Lookalike 1% compradores anteriores,10939,180,0.01645,2.97,535.39,1,632.8,1.18,Sunday
2024-06-22,GG-SRC-003,Google,Search,Clics,Intención: como perder peso en casa,312,30,0.09613,17.01,524.54,1,470.53,0.9,Saturday
2024-09-02,FB-AWA-002,Facebook,Awareness,Alcance,Lookalike 1% compradores anteriores,11139,183,0.01643,4.22,776.0,1,844.37,1.09,Monday
2024-05-22,GG-DSP-002,Google,Display,Impresiones,Remarketing sitio web 7 días,9737,157,0.01612,2.99,471.5,1,585.25,1.24,Wednesday
2024-10-07,FB-CON-002,Meta,Consideracion,Trafico,"Intereses: yoga, meditacion, fitness",2931,95,0.0324,6.73,645.63,2,1653.47,2.56,Monday
2024-05-27,FB-CON-002,FB,Consideracion,Trafico,"Intereses: yoga, meditacion, fitness",2869,133,0.04635,7.94,1062.88,3,1674.11,1.58,Monday
2024-11-01,GG-SRC-003,Google,Search,Clics,Intención: como perder peso en casa,457,28,0.06114,19.45,556.36,1,625.86,1.12,Friday
2024-04-16,GG-SRC-002,Google,Search,Clics,Intención: meditacion guiada online,530,64,0.12072,15.16,971.19,2,1109.19,1.14,Tuesday
2024-09-27,FB-AWA-001,Facebook,Awareness,Alcance,Mujeres 25-40 CDMX interesadas en bienestar,9456,193,0.02041,4.34,837.32,1,582.2,0.7,Friday
2024-05-03,GG-DSP-001,Google,Display,Impresiones,Afinidad: bienestar y fitness,13488,176,0.01305,3.19,562.63,2,1523.26,2.71,Friday
2024-01-20,GG-YTB-001,Google,YouTube,Vistas,"Canal: wellness, yoga, fitness",6740,232,0.03442,4.18,973.83,5,3531.52,3.63,Saturday
2024-09-25,FB-CON-001,Facebook,Consideracion,Trafico,Retargeting visitantes 30 días,4693,179,0.03814,5.94,1064.66,4,2701.98,2.54,Wednesday
2024-08-20,FB-AWA-001,Facebook,Awareness,Alcance,Mujeres 25-40 CDMX interesadas en bienestar,12433,153,0.01231,4.22,647.42,0,0.0,0.0,Tuesday
2024-01-15,FB-CON-002,Facebook,Consideracion,Trafico,"Intereses: yoga, meditacion, fitness",4644,195,0.04198,7.11,1389.26,8,5927.73,4.27,Monday
2024-02-11,GG-SRC-002,Google,Search,Clics,Intención: meditacion guiada online,447,41,0.09152,17.94,746.99,1,881.14,1.18,Sunday
2024-11-04,GG-DSP-002,Google,Display,Impresiones,Remarketing sitio web 7 días,14015,134,0.00956,3.74,502.16,1,732.99,1.46,Monday
2024-09-26,GG-YTB-001,Google,YouTube,Vistas,"Canal: wellness, yoga, fitness",5834,122,0.02091,5.33,649.98,2,1199.82,1.85,Thursday
2024-12-12,GG-SRC-003,Google,Search,Clics,Intención: como perder peso en casa,490,20,0.0408,17.82,357.15,0,0.0,0.0,Thursday
2024-02-04,FB-AWA-001,Facebook,Awareness,Alcance,Mujeres 25-40 CDMX interesadas en bienestar,9977,146,0.01463,4.33,635.05,1,862.93,1.36,Sunday
2024-01-24,FB-AWA-001,Facebook,Awareness,Alcance,Mujeres 25-40 CDMX interesadas en bienestar,10855,269,0.02478,4.01,1081.87,2,1701.73,1.57,Wednesday
2024-05-10,FB-CON-002,Facebook,Consideracion,Trafico,"Intereses: yoga, meditacion, fitness",4172,198,0.04745,6.41,1271.05,7,4260.53,3.35,Friday
2024-05-01,FB-CON-002,Facebook,Consideracion,Trafico,"Intereses: yoga, meditacion, fitness",4960,174,0.03508,6.51,1136.78,4,2021.13,1.78,Wednesday
2024-08-20,GG-SRC-002,Google,Search,Clics,Intención: meditacion guiada online,541,32,0.05908,19.45,631.26,1,683.29,1.08,Tuesday
2024-06-14,FB-CON-001,Facebook,Consideracion,Trafico,Retargeting visitantes 30 días,4230,145,0.03427,7.44,1084.51,3,2636.7,2.43,Friday
2024-06-21,FB-CON-002,Facebook,Consideracion,Trafico,"Intereses: yoga, meditacion, fitness",4314,150,0.03476,6.79,1023.86,4,2126.55,2.08,Friday
2024-02-06,GG-YTB-001,Google,YouTube,Vistas,"Canal: wellness, yoga, fitness",6644,143,0.02152,5.81,832.15,2,1644.57,1.98,Tuesday
2024-07-02,FB-CON-002,Facebook,Consideracion,Trafico,"Intereses: yoga, meditacion, fitness",3389,81,0.0239,6.22,505.15,1,944.21,1.87,Tuesday
2024-01-23,FB-CVR-002,Facebook,Conversion,Compras,Lookalike 3% suscriptores activos,2223,141,0.0634,11.87,1685.49,20,10388.06,6.16,Tuesday
2024-03-05,FB-CVR-001,FACEBOOK,Conversion,Compras,Retargeting carrito abandonado,2296,125,0.05443,10.83,1356.55,7,4367.59,3.22,Tuesday
2024-06-24,FB-CVR-002,Meta,Conversion,Compras,Lookalike 3% suscriptores activos,2645,126,0.04762,11.1,1409.6,9,7622.68,5.41,Monday
2024-05-29,FB-CVR-001,Facebook,Conversion,Compras,Retargeting carrito abandonado,2420,118,0.04874,14.79,1752.59,9,5709.6,3.26,Wednesday
2024-12-02,FB-CVR-002,Facebook,Conversion,Compras,Lookalike 3% suscriptores activos,1863,55,0.02951,12.33,685.4,1,812.07,1.18,Monday
2024-08-01,GG-YTB-001,Google,YouTube,Vistas,"Canal: wellness, yoga, fitness",5343,92,0.01722,5.78,534.12,1,774.72,1.45,Thursday
2024-12-16,GG-DSP-002,Google,Display,Impresiones,Remarketing sitio web 7 días,24908,129,0.00518,2.81,363.19,0,0.0,0.0,Monday
2024-12-12,FB-AWA-001,Facebook,Awareness,Alcance,Mujeres 25-40 CDMX interesadas en bienestar,9786,91,0.0093,4.93,452.22,0,0.0,0.0,Thursday
2024-03-22,GG-SRC-001,GOOGLE,Search,Clics,Intención: cursos de yoga online MX,509,50,0.09812,19.6,989.28,3,2525.31,2.55,Friday
2024-02-27,FB-CON-002,Facebook,Consideracion,Trafico,"Intereses: yoga, meditacion, fitness",4890,153,0.03128,6.22,952.77,3,1512.89,1.59,Tuesday
2024-02-01,GG-DSP-001,Google,Display,Impresiones,Afinidad: bienestar y fitness,13163,169,0.01284,3.39,573.35,1,812.67,1.42,Thursday
2024-01-30,GG-DSP-001,Google,Display,Impresiones,Afinidad: bienestar y fitness,16605,239,0.01439,3.36,806.09,4,1906.1,2.36,Tuesday
2024-07-12,GG-YTB-001,Google,YouTube,Vistas,"Canal: wellness, yoga, fitness",5464,82,0.01501,6.03,500.11,0,0.0,0.0,Friday
2024-08-18,GG-SRC-001,Google,Search,Clics,Intención: cursos de yoga online MX,530,32,0.06028,20.05,653.42,0,0.0,0.0,Sunday
2024-01-10,GG-YTB-001,Google,YouTube,Vistas,"Canal: wellness, yoga, fitness",4820,198,0.04107,5.37,1062.96,4,2207.41,2.08,Wednesday
2024-01-17,GG-DSP-001,Google,Display,Impresiones,Afinidad: bienestar y fitness,20122,286,0.01421,3.25,930.19,3,2532.59,2.72,Wednesday
2024-06-06,GG-SRC-003,Google,Search,Clics,Intención: como perder peso en casa,541,50,0.09242,15.93,802.29,3,2543.02,3.17,Thursday
2024-07-20,GG-DSP-002,Google,Display,Impresiones,Remarketing sitio web 7 días,16965,96,0.00566,3.16,305.44,0,0.0,0.0,Saturday
2024-04-20,GG-DSP-002,Google,Display,Impresiones,Remarketing sitio web 7 días,14694,174,0.01184,3.55,618.94,2,1106.88,1.79,Saturday
2024-03-19,GG-SRC-001,Google,Search,Clics,Intención: cursos de yoga online MX,563,49,0.08693,22.83,1137.88,2,1087.48,0.96,Tuesday
2024-05-09,FB-CVR-002,Facebook,Conversion,,,1229,96,,12.21,1179.73,7,6103.29,5.17,Thursday
2024-06-12,FB-CVR-002,Facebook,Conversion,Compras,Lookalike 3% suscriptores activos,1586,92,0.05798,11.84,1093.97,7,4431.69,4.05,Wednesday
2024-08-05,GG-DSP-002,Google,Display,Impresiones,Remarketing sitio web 7 días,18241,157,0.00861,2.81,441.72,0,0.0,0.0,Monday
2024-03-10,GG-DSP-002,Google,Display,Impresiones,Remarketing sitio web 7 días,15543,130,0.00836,3.58,466.7,0,0.0,0.0,Sunday
2024-08-21,FB-CON-001,Facebook,Consideracion,Trafico,Retargeting visitantes 30 días,4151,109,0.02625,7.29,800.67,2,1107.81,1.38,Wednesday
2024-01-25,GG-SRC-001,Google,Search,Clics,Intención: cursos de yoga online MX,819,69,0.08421,20.57,1430.54,4,2453.9,1.72,Thursday
2024-03-16,FB-CON-002,Facebook,Consideracion,Trafico,"Intereses: yoga, meditacion, fitness",2519,78,0.03095,6.72,529.3,1,689.57,1.3,Saturday
2024-11-13,FB-AWA-001,Facebook,Awareness,Alcance,Mujeres 25-40 CDMX interesadas en bienestar,19328,182,0.00942,4.42,805.75,1,655.47,0.81,Wednesday
2024-05-19,FB-CVR-002,Facebook,Conversion,Compras,Lookalike 3% suscriptores activos,2262,138,0.06099,10.8,1499.68,14,13826.94,9.22,Sunday
2024-05-16,FB-AWA-001,Facebook,Awareness,Alcance,Mujeres 25-40 CDMX interesadas en bienestar,14300,257,0.01797,4.0,1031.63,1,662.0,0.64,Thursday
2024-10-14,FB-CON-001,facebook,Consideracion,Trafico,Retargeting visitantes 30 días,3877,132,0.03404,6.9,916.66,2,1101.13,1.2,Monday
2024-09-03,FB-CON-001,Facebook,Consideracion,Trafico,Retargeting visitantes 30 días,4575,129,0.02819,7.51,974.68,3,1620.66,1.66,Tuesday
2024-07-05,FB-CON-002,Facebook,Consideracion,Trafico,"Intereses: yoga, meditacion, fitness",3885,71,0.01827,6.79,485.64,0,0.0,0.0,Friday
2024-04-09,FB-AWA-001,Facebook,Awareness,Alcance,Mujeres 25-40 CDMX interesadas en bienestar,12567,222,0.01766,4.31,959.73,1,490.76,0.51,Tuesday
2024-12-14,GG-DSP-002,Google,Display,Impresiones,Remarketing sitio web 7 días,23376,96,0.00411,2.86,277.31,0,0.0,0.0,Saturday
2024-03-21,FB-CVR-002,Facebook,Conversion,Compras,Lookalike 3% suscriptores activos,2743,112,0.04083,10.08,1136.9,4,3030.33,2.67,Thursday
2024-02-02,GG-DSP-002,Google,Display,Impresiones,Remarketing sitio web 7 días,13391,156,0.01165,3.4,530.2,1,795.44,1.5,Friday
2024-08-05,GG-SRC-003,Google,Search,Clics,Intención: como perder peso en casa,407,27,0.06626,17.72,479.75,1,538.95,1.12,Monday
2024-10-18,GG-SRC-003,Google,Search,,,303,30,,18.53,573.61,1,652.75,1.14,Friday
2024-11-13,GG-DSP-001,Google,Display,Impresiones,Afinidad: bienestar y fitness,13746,129,0.00938,3.22,417.51,0,0.0,0.0,Wednesday
2024-03-03,GG-SRC-002,Google,Search,Clics,Intención: meditacion guiada online,506,35,0.06904,18.81,672.65,2,1526.01,2.27,Sunday
2024-04-12,GG-SRC-003,GOOGLE,Search,Clics,Intención: como perder peso en casa,523,34,0.0649,19.16,669.96,2,1207.43,1.8,Friday
2024-05-05,FB-AWA-002,Facebook,Awareness,Alcance,Lookalike 1% compradores anteriores,10988,182,0.01656,4.17,759.79,1,869.87,1.14,Sunday
2024-06-08,FB-CON-002,Facebook,Consideracion,Trafico,"Intereses: yoga, meditacion, fitness",4582,115,0.0251,7.12,823.27,3,2735.02,3.32,Saturday
2024-09-30,FB-AWA-002,Facebook,Awareness,Alcance,Lookalike 1% compradores anteriores,12513,174,0.0139,4.06,709.93,1,811.59,1.14,Monday
2024-01-31,GG-DSP-002,GOOGLE,Display,Impresiones,Remarketing sitio web 7 días,26822,383,0.01428,2.94,1128.23,6,4075.09,3.61,Wednesday
2024-11-13,FB-AWA-002,FB,Awareness,Alcance,Lookalike 1% compradores anteriores,11546,136,0.01178,4.18,571.01,0,0.0,0.0,Wednesday
2024-09-13,FB-CVR-001,Facebook,Conversion,Compras,Retargeting carrito abandonado,1387,91,0.06561,13.33,1218.41,7,5482.72,4.5,Friday
2024-03-27,FB-CON-002,Facebook,Consideracion,Trafico,"Intereses: yoga, meditacion, fitness",3322,96,0.0289,7.33,710.15,2,1163.68,1.64,Wednesday
2024-08-03,GG-SRC-001,Google,Search,Clics,Intención: cursos de yoga online MX,673,38,0.05645,17.57,674.05,1,470.8,0.7,Saturday
2024-04-12,GG-DSP-002,Google,Display,Impresiones,Remarketing sitio web 7 días,19687,243,0.01234,3.04,741.26,3,2523.88,3.4,Friday
2024-01-11,FB-CVR-002,Facebook,Conversion,Compras,Lookalike 3% suscriptores activos,1431,143,0.09987,12.47,1788.29,12,9417.34,5.27,Thursday
2024-11-28,GG-SRC-003,Google,Search,Clics,,431,27,,19.45,532.15,1,868.59,1.63,Thursday
2024-10-27,FB-AWA-001,Facebook,Awareness,Alcance,Mujeres 25-40 CDMX interesadas en bienestar,6484,112,0.01727,4.89,550.24,0,0.0,0.0,Sunday
2024-09-17,FB-CON-002,Facebook,Consideracion,Trafico,"Intereses: yoga, meditacion, fitness",3818,141,0.03693,5.72,809.71,3,1596.26,1.97,Tuesday
2024-09-11,FB-AWA-001,Facebook,Awareness,Alcance,Mujeres 25-40 CDMX interesadas en bienestar,10010,190,0.01898,4.55,867.45,1,749.79,0.86,Wednesday
2024-12-31,GG-DSP-002,Google,Display,Impresiones,Remarketing sitio web 7 días,20290,125,0.00616,2.62,328.65,0,0.0,0.0,Tuesday
2024-06-10,FB-CON-002,Facebook,Consideracion,Trafico,"Intereses: yoga, meditacion, fitness",3557,150,0.04217,7.1,1066.39,4,3271.05,3.07,Monday
2024-07-25,GG-SRC-001,Google,Search,Clics,Intención: cursos de yoga online MX,534,30,0.05612,19.71,601.84,1,807.0,1.34,Thursday
2024-03-21,FB-AWA-001,Facebook,Awareness,Alcance,Mujeres 25-40 CDMX interesadas en bienestar,13293,138,0.01038,4.62,641.07,0,0.0,0.0,Thursday
2024-08-31,FB-CVR-001,Facebook,Conversion,Compras,Retargeting carrito abandonado,2382,79,0.03316,10.2,807.14,3,2218.83,2.75,Saturday
2024-09-26,GG-SRC-003,Google,Search,Clics,Intención: como perder peso en casa,287,33,0.11485,17.32,574.2,1,691.56,1.2,Thursday
2024-07-21,GG-DSP-001,Google,Display,Impresiones,Afinidad: bienestar y fitness,21217,88,0.00415,2.91,256.99,0,0.0,0.0,Sunday
2024-10-12,GG-YTB-001,Google,YouTube,Vistas,"Canal: wellness, yoga, fitness",4850,84,0.01732,6.3,533.11,0,0.0,0.0,Saturday
2024-11-16,FB-AWA-001,Facebook,Awareness,Alcance,Mujeres 25-40 CDMX interesadas en bienestar,8659,120,0.01386,3.88,468.21,0,0.0,0.0,Saturday
2024-10-22,FB-CON-002,FACEBOOK,Consideracion,Trafico,"Intereses: yoga, meditacion, fitness",3746,102,0.02722,7.37,756.05,2,1279.06,1.69,Tuesday
26/01/2024,FB-CVR-001,Facebook,Conversion,Compras,Retargeting carrito abandonado,1841,132,0.07169,14.9,1976.93,12,7087.62,3.59,Friday
2024-09-14,GG-SRC-001,Google,Search,Clics,Intención: cursos de yoga online MX,616,50,0.08105,18.58,930.65,2,515.01,0.55,Saturday
2024-09-02,FB-CVR-002,Facebook,Conversion,Compras,Lookalike 3% suscriptores activos,2110,113,0.05354,12.43,1411.08,6,2992.11,2.12,Monday
2024-02-12,GG-SRC-001,Google,Search,Clics,Intención: cursos de yoga online MX,643,63,0.09783,18.61,1184.42,3,1628.09,1.37,Monday
2024-12-24,GG-SRC-003,Google,Search,Clics,Intención: como perder peso en casa,450,21,0.04664,16.87,366.84,0,0.0,0.0,Tuesday
2024-11-19,GG-DSP-001,Google,Display,Impresiones,Afinidad: bienestar y fitness,14946,147,0.00984,3.21,473.73,0,0.0,0.0,Tuesday
2024-02-06,GG-SRC-001,Google,Search,Clics,Intención: cursos de yoga online MX,747,68,0.09102,16.69,1143.89,4,3209.42,2.81,Tuesday
2024-10-12,GG-DSP-002,Google,Display,Impresiones,Remarketing sitio web 7 días,15290,135,0.00883,3.74,506.94,1,549.61,1.08,Saturday
2024-09-07,FB-CVR-001,Facebook,Conversion,Compras,Retargeting carrito abandonado,3536,140,0.03958,8.55,1204.48,6,730.92,0.61,Saturday
2024-04-23,FB-CVR-002,Facebook,Conversion,Compras,Lookalike 3% suscriptores activos,2328,113,0.04853,11.6,1315.63,8,5886.19,4.47,Tuesday
2024-11-10,FB-CVR-001,Facebook,Conversion,Compras,Retargeting carrito abandonado,1706,73,0.04277,12.82,942.17,4,2115.35,2.25,Sunday
2024-04-13,FB-CON-001,Facebook,Consideracion,Trafico,Retargeting visitantes 30 días,4325,162,0.03745,5.89,955.21,5,2765.02,2.89,Saturday
2024-06-18,FB-CON-002,Facebook,Consideracion,Trafico,"Intereses: yoga, meditacion, fitness",3135,121,0.03859,8.17,994.88,2,1104.71,1.11,Tuesday
2024-12-22,FB-CON-002,FACEBOOK,Consideracion,Trafico,"Intereses: yoga, meditacion, fitness",5735,68,0.01186,6.23,427.76,0,0.0,0.0,Sunday
2024-03-23,FB-AWA-002,Facebook,Awareness,Alcance,Lookalike 1% compradores anteriores,9561,114,0.01192,4.69,535.9,0,0.0,0.0,Saturday
2024-10-19,FB-AWA-002,Facebook,Awareness,Alcance,Lookalike 1% compradores anteriores,9772,119,0.01218,4.23,505.42,0,0.0,0.0,Saturday
2024-11-06,FB-CVR-001,Facebook,Conversion,Compras,Retargeting carrito abandonado,1779,66,0.03709,13.29,882.02,3,2302.85,2.61,Wednesday
2024-01-25,GG-DSP-002,Google,Display,Impresiones,Remarketing sitio web 7 días,19544,327,0.01673,2.84,930.02,4,2024.88,2.18,Thursday
2024-07-20,FB-CVR-001,Facebook,Conversion,Compras,Retargeting carrito abandonado,1924,53,0.02754,13.64,734.52,2,1490.29,2.03,Saturday
2024-07-01,GG-DSP-001,Google,Display,Impresiones,Afinidad: bienestar y fitness,13663,94,0.00688,3.54,336.0,0,0.0,0.0,Monday
2024-05-08,FB-CVR-001,facebook,Conversion,Compras,Retargeting carrito abandonado,1787,128,0.07162,15.41,1980.29,12,8271.51,4.18,Wednesday
2024-11-04,FB-CVR-001,Facebook,Conversion,Compras,Retargeting carrito abandonado,2782,82,0.02947,12.64,1038.43,5,803.95,0.77,Monday
2024-08-02,GG-SRC-003,Google,Search,Clics,Intención: como perder peso en casa,393,26,0.06615,17.71,460.98,1,624.45,1.35,Friday
2024-05-24,FB-CON-001,Facebook,Consideracion,Trafico,Retargeting visitantes 30 días,3004,154,0.05126,7.46,1152.32,1,486.84,0.42,Friday
2024-07-26,GG-SRC-001,Google,Search,Clics,Intención: cursos de yoga online MX,815,43,0.05274,16.71,720.57,1,519.23,0.72,Friday
2024-10-13,GG-SRC-001,Google,Search,Clics,Intención: cursos de yoga online MX,832,50,0.06008,14.04,710.55,2,1790.99,2.52,Sunday
2024-06-25,FB-AWA-001,Meta,Awareness,Alcance,,9373,162,,5.08,824.74,1,595.63,0.72,Tuesday
2024-08-15,GG-SRC-001,G Ads,Search,Clics,Intención: cursos de yoga online MX,608,40,0.06578,18.77,765.67,1,585.21,0.76,Thursday
2024-04-14,FB-AWA-001,Facebook,Awareness,Alcance,Mujeres 25-40 CDMX interesadas en bienestar,9090,162,0.01782,4.69,764.14,1,856.55,1.12,Sunday
2024-09-10,FB-CVR-001,Facebook,Conversion,,,2192,105,,12.73,1339.78,7,2976.31,2.22,Tuesday
2024-05-05,GG-DSP-001,Google,Display,Impresiones,Afinidad: bienestar y fitness,14632,211,0.01442,2.83,598.79,2,1064.6,1.78,Sunday
2024-03-22,FB-CVR-001,Facebook,Conversion,Compras,Retargeting carrito abandonado,1607,92,0.05724,11.15,1031.12,4,2484.35,2.41,Friday
2024-05-07,FB-CVR-002,Facebook,Conversion,Compras,Lookalike 3% suscriptores activos,2059,112,0.05438,11.9,1343.28,8,6200.96,4.62,Tuesday
2024-10-05,FB-CVR-002,Facebook,Conversion,Compras,Lookalike 3% suscriptores activos,1291,55,0.04259,11.4,628.18,2,1005.1,1.6,Saturday
2024-06-22,GG-YTB-001,Google,YouTube,Vistas,"Canal: wellness, yoga, fitness",5151,120,0.02329,5.79,697.57,1,592.71,0.85,Saturday
2024-02-02,FB-CON-002,Facebook,Consideracion,Trafico,"Intereses: yoga, meditacion, fitness",3303,145,0.0439,6.29,913.97,3,1588.05,1.74,Friday
2024-09-02,GG-DSP-001,Google,Display,Impresiones,Afinidad: bienestar y fitness,14865,152,0.01023,3.95,603.87,1,788.63,1.31,Monday
2024-08-19,GG-SRC-003,Google,Search,Clics,Intención: como perder peso en casa,312,23,0.07348,22.3,531.89,1,721.45,1.36,Monday
2024-11-27,FB-AWA-002,Facebook,Awareness,Alcance,Lookalike 1% compradores anteriores,7550,118,0.01563,4.61,546.14,0,0.0,0.0,Wednesday
2024-07-23,GG-SRC-002,Google,Search,Clics,Intención: meditacion guiada online,729,41,0.05624,14.49,603.85,1,641.35,1.06,Tuesday
2024-12-21,FB-AWA-002,Facebook,Awareness,Alcance,Lookalike 1% compradores anteriores,8609,63,0.00732,4.0,252.67,0,0.0,0.0,Saturday
2024-02-16,GG-DSP-002,Google,Display,Impresiones,Remarketing sitio web 7 días,11420,156,0.01366,3.58,559.95,1,935.78,1.67,Friday
2024-11-29,FB-AWA-002,Facebook,Awareness,Alcance,Lookalike 1% compradores anteriores,8213,128,0.01558,4.25,547.77,0,0.0,0.0,Friday
2024-06-22,FB-AWA-001,Facebook,Awareness,Alcance,Mujeres 25-40 CDMX interesadas en bienestar,12042,220,0.01827,3.79,835.53,1,783.74,0.94,Saturday
2024-10-08,FB-CVR-001,Facebook,Conversion,Compras,Retargeting carrito abandonado,2156,80,0.0371,11.89,958.4,4,2607.37,2.72,Tuesday
2024-07-24,GG-YTB-001,Google Ads,YouTube,Vistas,"Canal: wellness, yoga, fitness",5285,77,0.01457,6.09,471.71,0,0.0,0.0,Wednesday
2024-08-22,GG-DSP-002,Google,Display,Impresiones,Remarketing sitio web 7 días,23054,166,0.0072,3.03,504.42,1,535.66,1.06,Thursday
2024-03-04,GG-SRC-002,Google,Search,Clics,Intención: meditacion guiada online,527,50,0.09484,18.39,930.94,2,1184.08,1.27,Monday
2024-08-14,GG-SRC-003,Google,Search,Clics,Intención: como perder peso en casa,315,21,0.06665,19.34,419.76,1,862.91,2.06,Wednesday
2024-08-06,FB-AWA-001,Facebook,Awareness,Alcance,Mujeres 25-40 CDMX interesadas en bienestar,9657,131,0.01356,4.43,583.98,0,0.0,0.0,Tuesday
2024-08-30,FB-CVR-002,Facebook,Conversion,Compras,Lookalike 3% suscriptores activos,1784,83,0.0465,9.3,776.15,2,1141.3,1.47,Friday
2024-11-17,FB-CVR-002,Facebook,Conversion,Compras,Lookalike 3% suscriptores activos,2034,55,0.02703,14.19,788.21,2,990.47,1.26,Sunday
2024-12-12,FB-CVR-001,Facebook,Conversion,Compras,Retargeting carrito abandonado,2575,69,0.02679,9.98,690.36,1,401.47,0.58,Thursday
2024-09-21,GG-SRC-001,Google,Search,Clics,Intención: cursos de yoga online MX,440,42,0.0953,22.19,943.76,2,953.43,1.01,Saturday
2024-10-28,GG-DSP-001,Google,Display,Impresiones,Afinidad: bienestar y fitness,12878,153,0.01188,3.33,509.93,1,516.99,1.01,Monday
2024-08-15,GG-DSP-001,Google,Display,Impresiones,Afinidad: bienestar y fitness,14055,122,0.00868,3.61,443.03,0,0.0,0.0,Thursday
2024-09-07,GG-DSP-002,Google,Display,Impresiones,Remarketing sitio web 7 días,12692,139,0.01095,3.56,498.39,1,528.58,1.06,Saturday
2024-07-03,FB-CON-001,Facebook,Consideracion,Trafico,Retargeting visitantes 30 días,3795,77,0.02029,6.65,513.38,1,393.7,0.77,Wednesday
2024-11-20,FB-CVR-001,FB,Conversion,Compras,Retargeting carrito abandonado,1862,81,0.0435,12.03,985.29,4,2541.01,2.58,Wednesday
2024-04-24,GG-SRC-001,Google,Search,Clics,Intención: cursos de yoga online MX,857,73,0.08512,19.47,1437.09,3,2469.37,1.72,Wednesday
2024-08-15,GG-SRC-003,Google,Search,Clics,Intención: como perder peso en casa,392,29,0.07394,19.72,585.38,1,883.99,1.51,Thursday
2024-09-05,GG-DSP-002,Google,Display,Impresiones,Remarketing sitio web 7 días,22265,189,0.00849,3.77,713.24,1,463.36,0.65,Thursday
2024-07-03,GG-SRC-002,Google,Search,Clics,Intención: meditacion guiada online,516,27,0.05225,16.52,446.09,0,0.0,0.0,Wednesday
2024-05-30,GG-SRC-003,Google,Search,Clics,Intención: como perder peso en casa,373,51,0.13652,18.35,945.28,4,2377.5,2.52,Thursday
2024-07-12,FB-CON-002,Facebook,Consideracion,,,1634,46,,8.03,376.1,0,0.0,0.0,Friday
2024-02-07,GG-YTB-001,GOOGLE,YouTube,Vistas,"Canal: wellness, yoga, fitness",5369,125,0.02328,5.4,676.01,1,886.03,1.31,Wednesday
2024-12-07,FB-CON-001,Facebook,Consideracion,Trafico,Retargeting visitantes 30 días,3613,62,0.01716,5.34,335.76,0,0.0,0.0,Saturday
2024-01-30,GG-DSP-002,Google,Display,Impresiones,Remarketing sitio web 7 días,14637,298,0.02036,3.17,947.29,4,1909.44,2.02,Tuesday
2024-07-22,GG-DSP-001,Google,Display,Impresiones,Afinidad: bienestar y fitness,11017,68,0.00617,3.59,245.59,0,0.0,0.0,Monday
2024-01-11,FB-CON-001,Facebook,Consideracion,Trafico,Retargeting visitantes 30 días,4480,218,0.04866,6.45,1409.45,8,4652.72,3.3,Thursday
2024-09-04,FB-CON-001,Facebook,Consideracion,Trafico,Retargeting visitantes 30 días,3324,125,0.0376,6.92,868.77,3,2838.45,3.27,Wednesday
2024-07-05,GG-DSP-001,Google,Display,Impresiones,Afinidad: bienestar y fitness,18472,106,0.00574,2.94,312.47,0,0.0,0.0,Friday
2024-12-02,FB-AWA-001,Facebook,Awareness,Alcance,Mujeres 25-40 CDMX interesadas en bienestar,12436,104,0.00836,4.68,490.39,0,0.0,0.0,Monday
2024-11-16,FB-CVR-001,Facebook,Conversion,Compras,Retargeting carrito abandonado,1920,65,0.03385,13.39,882.12,3,1434.01,1.63,Saturday
2024-01-14,GG-SRC-001,Google,Search,Clics,Intención: cursos de yoga online MX,684,68,0.09927,17.11,1165.12,5,3670.6,3.15,Sunday
2024-07-03,FB-CVR-001,Facebook,Conversion,Compras,Retargeting carrito abandonado,1454,50,0.03438,13.54,683.23,1,761.27,1.11,Wednesday
2024-03-11,FB-CON-002,Facebook,Consideracion,Trafico,"Intereses: yoga, meditacion, fitness",4118,118,0.02865,6.79,806.81,2,1179.15,1.46,Monday
2024-02-04,FB-CON-001,Facebook,Consideracion,Trafico,Retargeting visitantes 30 días,4957,143,0.02884,6.63,949.26,2,1038.09,1.09,Sunday
2024-02-18,FB-CON-002,Facebook,Consideracion,Trafico,"Intereses: yoga, meditacion, fitness",2507,97,0.03868,7.22,703.29,2,1086.2,1.54,Sunday
2024-03-29,FB-CVR-001,FACEBOOK,Conversion,Compras,Retargeting carrito abandonado,2744,91,0.03316,14.21,1298.3,6,3451.73,2.66,Friday
2024-09-27,GG-SRC-002,Google,Search,Clics,Intención: meditacion guiada online,447,42,0.09382,18.7,785.85,2,1470.2,1.87,Friday
2024-12-03,FB-CVR-001,Facebook,Conversion,Compras,Retargeting carrito abandonado,1509,52,0.03446,11.07,585.56,1,789.78,1.35,Tuesday
2024-10-05,GG-SRC-001,GOOGLE,Search,Clics,Intención: cursos de yoga online MX,530,45,0.08486,17.51,803.91,2,1037.94,1.29,Saturday
2024-12-08,GG-SRC-002,Google,Search,Clics,Intención: meditacion guiada online,515,22,0.04269,16.42,369.43,0,0.0,0.0,Sunday
2024-07-13,GG-SRC-003,Google,Search,Clics,Intención: como perder peso en casa,509,20,0.03927,16.62,335.72,0,0.0,0.0,Saturday
2024-10-30,GG-DSP-001,Google,Display,Impresiones,Afinidad: bienestar y fitness,24819,166,0.00669,3.41,566.26,1,738.24,1.3,Wednesday
2024-08-26,GG-SRC-002,Google,Search,Clics,Intención: meditacion guiada online,309,30,0.09704,20.04,620.94,1,742.43,1.2,Monday
2024-09-24,GG-SRC-003,Google,Search,Clics,Intención: como perder peso en casa,584,42,0.07192,17.96,754.86,2,1206.54,1.6,Tuesday
2024-05-31,FB-CVR-002,Facebook,Conversion,Compras,,1764,125,0.07084,12.21,1526.87,10,5199.04,3.41,Friday
2024-11-15,GG-SRC-001,Google,Search,Clics,Intención: cursos de yoga online MX,987,61,0.0618,16.05,987.32,2,962.6,0.97,Friday
2024-04-23,GG-DSP-002,Google,Display,Impresiones,Remarketing sitio web 7 días,21230,220,0.01036,3.14,692.59,2,907.48,1.31,Tuesday
2024-04-09,GG-DSP-002,Google,Display,Impresiones,Remarketing sitio web 7 días,26109,245,0.00938,2.84,696.93,3,2786.5,4.0,Tuesday
2024-09-15,FB-CVR-002,Facebook,Conversion,Compras,Lookalike 3% suscriptores activos,2044,90,0.04402,13.12,1191.59,6,5163.6,4.33,Sunday
2024-02-02,GG-SRC-002,Google,Search,Clics,Intención: meditacion guiada online,399,37,0.09257,18.14,682.49,2,1369.29,2.01,Friday
2024-06-16,GG-YTB-001,Google,YouTube,Vistas,"Canal: wellness, yoga, fitness",3469,104,0.02998,6.16,644.52,1,475.3,0.74,Sunday
2024-11-02,FB-CON-001,Facebook,Consideracion,Trafico,Retargeting visitantes 30 días,4395,96,0.02184,7.44,718.96,1,817.61,1.14,Saturday
2024-10-31,FB-CVR-002,Facebook,Conversion,Compras,Lookalike 3% suscriptores activos,1470,75,0.05102,13.43,1017.13,3,1803.34,1.77,Thursday
2024-07-19,FB-AWA-001,Facebook,Awareness,Alcance,Mujeres 25-40 CDMX interesadas en bienestar,10302,94,0.00912,5.81,551.71,0,0.0,0.0,Friday
2024-05-01,GG-DSP-001,Google,Display,Impresiones,Afinidad: bienestar y fitness,14198,235,0.01655,3.02,712.68,2,877.14,1.23,Wednesday
2024-11-30,FB-AWA-002,Facebook,Awareness,Alcance,Lookalike 1% compradores anteriores,9421,84,0.00892,5.31,447.31,0,0.0,0.0,Saturday
2024-06-12,FB-CON-001,Facebook,Consideracion,Trafico,Retargeting visitantes 30 días,3915,153,0.03908,7.04,1080.68,4,3164.72,2.93,Wednesday
2024-01-04,FB-AWA-001,Facebook,Awareness,Alcance,Mujeres 25-40 CDMX interesadas en bienestar,8372,237,0.02831,5.52,1312.01,2,1055.04,0.8,Thursday
2024-01-30,GG-YTB-001,Google,YouTube,Vistas,"Canal: wellness, yoga, fitness",5307,195,0.03674,6.15,1204.47,5,5354.02,4.45,Tuesday
2024-01-01,FB-CON-002,Facebook,Consideracion,Trafico,"Intereses: yoga, meditacion, fitness",3808,186,0.04883,7.0,1301.74,4,1478.8,1.14,Monday
2024-05-18,GG-DSP-002,Google,Display,Impresiones,Remarketing sitio web 7 días,13774,210,0.01525,2.9,609.25,2,1118.27,1.84,Saturday
2024-09-04,FB-CVR-001,Facebook,Conversion,Compras,Retargeting carrito abandonado,2764,139,0.05029,9.88,1380.9,8,4085.68,2.96,Wednesday
2024-06-09,FB-CVR-002,Facebook,Conversion,Compras,Lookalike 3% suscriptores activos,2206,99,0.04487,10.42,1032.23,10,6091.23,5.9,Sunday
2024-08-20,FB-AWA-002,Facebook,Awareness,Alcance,Lookalike 1% compradores anteriores,13163,116,0.00881,4.12,479.11,0,0.0,0.0,Tuesday
2024-03-07,GG-DSP-002,Google,Display,Impresiones,Remarketing sitio web 7 días,17785,187,0.01051,3.14,589.26,2,1272.79,2.16,Thursday
2024-04-24,GG-SRC-003,Google,Search,Clics,Intención: como perder peso en casa,458,54,0.11776,16.81,924.1,3,2020.9,2.19,Wednesday
2024-05-14,FB-CON-001,Facebook,Consideracion,Trafico,Retargeting visitantes 30 días,5058,189,0.03736,6.62,1253.4,7,5681.07,4.53,Tuesday
2024-10-04,GG-SRC-003,Google,Search,Clics,Intención: como perder peso en casa,454,30,0.066,18.26,558.79,1,414.88,0.74,Friday
05-01-2024,GG-SRC-003,google,Search,Clics,Intención: como perder peso en casa,328,41,0.12464,19.05,783.5,2,1585.66,2.02,Wednesday
2024-09-01,FB-AWA-002,Facebook,Awareness,Alcance,Lookalike 1% compradores anteriores,9638,159,0.0165,3.92,625.43,1,694.73,1.11,Sunday
2024-11-20,GG-DSP-001,Google,Display,Impresiones,Afinidad: bienestar y fitness,14182,128,0.00903,3.13,401.38,1,510.88,1.27,Wednesday
2024-01-10,GG-DSP-002,Google,Display,Impresiones,Remarketing sitio web 7 días,21500,300,0.01395,3.4,1023.97,5,1241.79,1.21,Wednesday
2024-06-02,GG-SRC-001,Google,Search,Clics,Intención: cursos de yoga online MX,524,51,0.09722,18.34,947.92,2,1441.44,1.52,Sunday
2024-09-23,FB-AWA-001,Facebook,Awareness,Alcance,Mujeres 25-40 CDMX interesadas en bienestar,11392,185,0.01624,4.14,769.14,1,679.17,0.88,Monday
2024-03-03,FB-CVR-002,Facebook,Conversion,Compras,Lookalike 3% suscriptores activos,1440,77,0.05344,12.75,983.07,4,4077.08,4.15,Sunday
2024-10-16,GG-SRC-003,Google,Search,Clics,Intención: como perder peso en casa,405,31,0.07642,18.46,574.69,1,688.33,1.2,Wednesday
2024-04-21,FB-CON-002,Facebook,Consideracion,Trafico,"Intereses: yoga, meditacion, fitness",4079,129,0.03162,7.5,970.5,3,1964.03,2.02,Sunday
2024-02-06,FB-CON-001,Facebook,Consideracion,Trafico,Retargeting visitantes 30 días,3659,142,0.03881,7.22,1030.28,3,2160.56,2.1,Tuesday
2024-11-14,FB-CON-001,Facebook,Consideracion,Trafico,Retargeting visitantes 30 días,4474,103,0.02302,7.2,747.56,2,1197.56,1.6,Thursday
2024-10-14,FB-CVR-002,Facebook,Conversion,Compras,Lookalike 3% suscriptores activos,2450,92,0.03754,10.73,993.09,6,4096.04,4.12,Monday
2024-06-10,GG-SRC-003,Google,Search,Clics,Intención: como perder peso en casa,527,49,0.09297,17.22,855.8,3,2198.39,2.57,Monday
2024-12-16,GG-SRC-001,Google,Search,Clics,Intención: cursos de yoga online MX,841,35,0.0416,15.65,561.19,0,0.0,0.0,Monday
2024-06-27,FB-CVR-001,Facebook,Conversion,Compras,Retargeting carrito abandonado,1601,84,0.05245,14.73,1245.4,5,3412.53,2.74,Thursday
2024-06-25,GG-SRC-001,Google,Search,Clics,Intención: cursos de yoga online MX,1025,97,0.0946,13.92,1357.94,6,5142.79,3.79,Tuesday
2024-03-03,GG-YTB-001,Google Ads,YouTube,Vistas,"Canal: wellness, yoga, fitness",4657,126,0.02705,5.6,710.81,1,678.48,0.95,Sunday
2024-01-09,GG-YTB-001,Google,YouTube,Vistas,"Canal: wellness, yoga, fitness",4481,207,0.04619,5.55,1154.08,3,2692.52,2.33,Tuesday
2024-03-26,FB-CON-001,Facebook,Consideracion,Trafico,Retargeting visitantes 30 días,4009,140,0.03492,6.8,957.22,3,2732.12,2.85,Tuesday
2024-07-12,GG-DSP-002,Google,Display,Impresiones,Remarketing sitio web 7 días,18121,106,0.00585,3.18,340.08,0,0.0,0.0,Friday
2024-02-24,FB-AWA-001,Facebook,Awareness,Alcance,Mujeres 25-40 CDMX interesadas en bienestar,10224,153,0.01496,3.76,577.46,1,798.1,1.38,Saturday
2024-05-03,GG-SRC-002,Google,Search,Clics,Intención: meditacion guiada online,469,52,0.1107,18.29,963.38,2,925.25,0.96,Friday
2024-03-08,GG-SRC-001,Google,Search,Clics,Intención: cursos de yoga online MX,678,46,0.06782,19.12,890.67,1,814.55,0.91,Friday
2024-10-25,GG-SRC-002,Google,Search,Clics,Intención: meditacion guiada online,420,33,0.07851,18.81,633.98,2,962.49,1.52,Friday
2024-08-04,FB-AWA-001,Facebook,Awareness,Alcance,Mujeres 25-40 CDMX interesadas en bienestar,8486,111,0.01308,4.06,450.69,0,0.0,0.0,Sunday
2024-01-18,GG-SRC-002,Google,Search,Clics,Intención: meditacion guiada online,521,64,0.12265,22.5,1441.45,5,2087.5,1.45,Thursday
2024-03-09,GG-DSP-001,Google,Display,,,17413,155,,2.8,435.36,1,725.46,1.67,Saturday
11-19-2024,FB-CVR-001,Facebook,Conversion,Compras,Retargeting carrito abandonado,2251,88,0.03908,11.44,1013.62,3,1952.21,1.93,Tuesday
2024-03-30,FB-AWA-001,Facebook,Awareness,Alcance,Mujeres 25-40 CDMX interesadas en bienestar,13915,193,0.01387,3.96,764.36,0,0.0,0.0,Saturday
2024-06-15,GG-DSP-002,Google,Display,Impresiones,Remarketing sitio web 7 días,12624,144,0.01141,3.3,476.15,1,614.77,1.29,Saturday
2024-05-10,GG-SRC-002,Google,Search,Clics,Intención: meditacion guiada online,494,52,0.10515,17.68,932.22,3,2252.91,2.42,Friday
2024-12-23,GG-SRC-003,G Ads,Search,Clics,Intención: como perder peso en casa,556,20,0.03592,18.05,372.93,0,0.0,0.0,Monday
2024-11-04,FB-CON-001,Facebook,Consideracion,Trafico,Retargeting visitantes 30 días,5801,142,0.02447,6.07,866.66,2,946.2,1.09,Monday
2024-03-09,FB-CVR-002,Facebook,Conversion,Compras,Lookalike 3% suscriptores activos,2005,89,0.04439,10.83,969.5,6,4120.12,4.25,Saturday
2024-11-07,GG-DSP-002,Google,Display,Impresiones,Remarketing sitio web 7 días,13940,123,0.00882,3.73,460.22,1,746.35,1.62,Thursday
01/11/2024,GG-SRC-001,Google,Search,Clics,Intención: cursos de yoga online MX,958,62,0.06467,15.8,988.09,2,1418.36,1.44,Friday
2024-04-06,GG-YTB-001,Google,YouTube,Vistas,"Canal: wellness, yoga, fitness",5272,109,0.02067,6.67,731.4,1,421.37,0.58,Saturday
2024-06-29,FB-AWA-002,Facebook,Awareness,Alcance,Lookalike 1% compradores anteriores,11986,150,0.01251,4.31,648.94,1,542.86,0.84,Saturday
2024-08-19,GG-DSP-001,Google,Display,Impresiones,Afinidad: bienestar y fitness,17875,124,0.00694,3.5,436.16,0,0.0,0.0,Monday
2024-11-23,GG-DSP-002,Google,Display,Impresiones,Remarketing sitio web 7 días,14917,150,0.01006,3.02,453.83,1,492.49,1.09,Saturday
2024-11-07,GG-SRC-002,Google,Search,,,408,28,,19.88,572.46,1,796.63,1.39,Thursday
2024-09-09,FB-AWA-002,Facebook,Awareness,Alcance,Lookalike 1% compradores anteriores,10053,183,0.0182,4.06,743.91,1,686.33,0.92,Monday
2024-03-13,GG-YTB-001,Google,YouTube,Vistas,"Canal: wellness, yoga, fitness",7960,147,0.01847,4.85,716.62,1,637.15,0.89,Wednesday
2024-09-14,FB-CON-001,Facebook,Consideracion,Trafico,Retargeting visitantes 30 días,4166,132,0.03168,7.26,965.12,3,2051.37,2.13,Saturday
2024-07-29,FB-CVR-001,Facebook,Conversion,Compras,Retargeting carrito abandonado,2082,51,0.02448,15.41,786.67,2,752.7,0.96,Monday
2024-05-15,FB-CVR-001,Facebook,Conversion,Compras,Retargeting carrito abandonado,1714,116,0.06767,13.17,1533.35,7,4611.48,3.01,Wednesday
2024-04-18,GG-SRC-002,Google,Search,Clics,Intención: meditacion guiada online,504,53,0.10499,17.67,938.87,2,1383.72,1.47,Thursday
2024-03-31,FB-AWA-001,Facebook,Awareness,Alcance,Mujeres 25-40 CDMX interesadas en bienestar,7073,118,0.01668,4.89,581.04,0,0.0,0.0,Sunday
2024-03-14,FB-CVR-002,Facebook,Conversion,Compras,Lookalike 3% suscriptores activos,1934,103,0.05323,11.68,1210.72,5,2690.28,2.22,Thursday
2024-11-07,FB-CVR-001,Facebook,Conversion,Compras,Retargeting carrito abandonado,1633,68,0.04164,11.14,760.17,4,3740.95,4.92,Thursday
2024-07-08,GG-SRC-003,Google,Search,Clics,Intención: como perder peso en casa,431,22,0.05099,18.2,408.27,0,0.0,0.0,Monday
2024-07-05,GG-DSP-002,Google,Display,Impresiones,Remarketing sitio web 7 días,20297,108,0.00532,2.88,313.93,0,0.0,0.0,Friday
2024-02-29,FB-CVR-001,Facebook,Conversion,Compras,Retargeting carrito abandonado,2128,114,0.05357,10.7,1230.0,8,6065.04,4.93,Thursday
2024-05-25,FB-CVR-001,Facebook,Conversion,Compras,Retargeting carrito abandonado,1632,87,0.05328,12.62,1104.49,7,7045.05,6.38,Saturday
2024-09-21,FB-CON-002,Facebook,Consideracion,Trafico,"Intereses: yoga, meditacion, fitness",3388,82,0.0242,9.15,751.94,2,1336.3,1.78,Saturday
2024-09-24,GG-DSP-001,Google,Display,Impresiones,Afinidad: bienestar y fitness,17322,190,0.01097,2.88,548.42,2,969.14,1.77,Tuesday
2024-04-12,FB-CON-001,Facebook,Consideracion,Trafico,Retargeting visitantes 30 días,4338,187,0.0431,6.0,1123.3,3,2002.26,1.78,Friday
2024-06-25,GG-SRC-003,Google,Search,Clics,Intención: como perder peso en casa,612,49,0.07999,16.52,821.65,2,815.67,0.99,Tuesday
2024-09-21,GG-YTB-001,Google,YouTube,Vistas,"Canal: wellness, yoga, fitness",6269,140,0.02233,5.16,726.33,1,756.73,1.04,Saturday
2024-07-19,FB-CVR-002,Facebook,Conversion,Compras,Lookalike 3% suscriptores activos,1240,46,0.03708,13.57,633.08,1,577.1,0.91,Friday
2024-01-27,FB-AWA-001,Facebook,Awareness,Alcance,Mujeres 25-40 CDMX interesadas en bienestar,8721,222,0.02546,4.96,1103.92,2,1245.69,1.13,Saturday
2024-06-18,FB-AWA-001,Facebook,Awareness,Alcance,Mujeres 25-40 CDMX interesadas en bienestar,7779,146,0.01877,3.73,546.98,1,600.91,1.1,Tuesday
2024-01-25,FB-CVR-001,Facebook,Conversion,Compras,Retargeting carrito abandonado,2166,157,0.07246,11.56,1826.29,13,8810.0,4.82,Thursday
2024-11-25,FB-AWA-001,Facebook,Awareness,Alcance,Mujeres 25-40 CDMX interesadas en bienestar,14659,158,0.01078,4.22,667.54,0,0.0,0.0,Monday
2024-03-26,FB-CVR-002,Facebook,Conversion,Compras,Lookalike 3% suscriptores activos,2140,82,0.03831,13.84,1137.59,4,3069.24,2.7,Tuesday
2024-07-25,GG-DSP-002,Google,Display,Impresiones,Remarketing sitio web 7 días,18563,117,0.0063,3.16,371.77,0,0.0,0.0,Thursday
2024-01-19,FB-CVR-001,Facebook,Conversion,Compras,Retargeting carrito abandonado,1679,152,0.09052,12.91,1964.37,17,9571.41,4.87,Friday
2024-04-12,GG-DSP-001,Google,Display,Impresiones,Afinidad: bienestar y fitness,10880,204,0.01875,3.1,633.2,2,1088.96,1.72,Friday
2024-12-10,GG-DSP-001,Google,Display,Impresiones,Afinidad: bienestar y fitness,12231,66,0.0054,3.87,256.82,0,0.0,0.0,Tuesday
2024-09-29,FB-AWA-001,Facebook,Awareness,Alcance,Mujeres 25-40 CDMX interesadas en bienestar,11937,181,0.01516,4.04,732.53,1,734.06,1.0,Sunday
2024-10-30,GG-SRC-003,Google,Search,Clics,Intención: como perder peso en casa,440,30,0.06807,18.01,551.04,1,910.18,1.65,Wednesday
2024-07-09,GG-DSP-002,Google,Display,Impresiones,Remarketing sitio web 7 días,14265,115,0.00806,3.41,392.0,0,0.0,0.0,Tuesday
2024-06-14,GG-SRC-001,Google,Search,Clics,Intención: cursos de yoga online MX,676,58,0.08575,19.77,1161.95,4,2905.51,2.5,Friday
2024-09-26,GG-DSP-001,Google,Display,Impresiones,Afinidad: bienestar y fitness,16005,232,0.01449,2.56,595.0,2,1541.48,2.59,Thursday
2024-10-26,GG-SRC-002,Google,Search,Clics,Intención: meditacion guiada online,437,31,0.07087,19.04,602.03,0,0.0,0.0,Saturday
2024-11-12,FB-AWA-001,Facebook,Awareness,Alcance,Mujeres 25-40 CDMX interesadas en bienestar,12405,135,0.01088,5.06,686.37,0,0.0,0.0,Tuesday
2024-09-22,GG-SRC-001,Google,Search,Clics,Intención: cursos de yoga online MX,447,36,0.08045,18.48,678.23,0,0.0,0.0,Sunday
2024-03-01,GG-SRC-001,Google,Search,Clics,Intención: cursos de yoga online MX,745,63,0.08447,17.19,1089.42,2,1571.29,1.44,Friday
2024-03-14,GG-SRC-001,Google,Search,Clics,Intención: cursos de yoga online MX,753,71,0.09421,14.91,1061.29,3,2404.56,2.27,Thursday
2024-12-24,FB-CVR-002,Facebook,Conversion,Compras,Lookalike 3% suscriptores activos,1420,42,0.02957,12.92,546.75,1,933.45,1.71,Tuesday
2024-12-14,FB-AWA-001,Facebook,Awareness,,,6687,59,,5.62,334.48,0,0.0,0.0,Saturday
2024-04-29,FB-CON-002,Facebook,Consideracion,Trafico,"Intereses: yoga, meditacion, fitness",3685,169,0.04586,5.88,996.2,3,2285.12,2.29,Monday
2024-05-06,FB-AWA-001,Facebook,Awareness,Alcance,Mujeres 25-40 CDMX interesadas en bienestar,11315,232,0.0205,4.46,1036.13,2,1542.92,1.49,Monday
2024-06-19,GG-SRC-001,Google,Search,Clics,Intención: cursos de yoga online MX,612,64,0.10441,19.68,1272.65,2,1337.57,1.05,Wednesday
2024-01-20,FB-AWA-001,Facebook,Awareness,Alcance,Mujeres 25-40 CDMX interesadas en bienestar,12811,319,0.0249,3.65,1165.64,4,3497.06,3.0,Saturday
2024-02-17,GG-SRC-001,Google,Search,Clics,Intención: cursos de yoga online MX,824,56,0.06792,18.05,1014.02,2,1494.61,1.47,Saturday
2024-08-02,FB-CVR-002,Facebook,Conversion,Compras,Lookalike 3% suscriptores activos,1410,61,0.04324,13.07,803.87,2,923.74,1.15,Friday
2024-04-15,FB-AWA-002,Facebook,Awareness,Alcance,Lookalike 1% compradores anteriores,10073,229,0.02273,3.65,835.34,2,2025.24,2.42,Monday
2024-06-08,FB-AWA-002,Facebook,Awareness,Alcance,Lookalike 1% compradores anteriores,7530,145,0.01926,4.21,613.43,0,0.0,0.0,Saturday
2024-03-29,GG-SRC-002,Google,Search,Clics,Intención: meditacion guiada online,732,55,0.07512,15.54,861.12,2,1441.21,1.67,Friday
2024-01-19,FB-CVR-002,Facebook,Conversion,Compras,Lookalike 3% suscriptores activos,1630,134,0.08217,14.99,2020.15,10,9320.94,4.61,Friday
2024-03-12,FB-AWA-001,Facebook,Awareness,Alcance,Mujeres 25-40 CDMX interesadas en bienestar,10747,201,0.0187,3.74,754.88,1,530.27,0.7,Tuesday
2024-09-27,FB-CVR-002,Facebook,Conversion,Compras,Lookalike 3% suscriptores activos,1664,81,0.04868,14.98,1228.49,7,4542.65,3.7,Friday
2024-06-24,GG-YTB-001,Google,YouTube,Vistas,"Canal: wellness, yoga, fitness",10170,222,0.02183,4.79,1065.41,3,2981.94,2.8,Monday
2024-09-30,FB-AWA-001,Facebook,Awareness,Alcance,Mujeres 25-40 CDMX interesadas en bienestar,13457,252,0.01873,3.83,967.29,1,854.14,0.88,Monday
2024-02-21,FB-CON-002,Facebook,Consideracion,Trafico,"Intereses: yoga, meditacion, fitness",3676,138,0.03753,7.1,984.09,3,1010.26,1.03,Wednesday
2024-10-10,FB-AWA-001,Facebook,Awareness,Alcance,Mujeres 25-40 CDMX interesadas en bienestar,14957,204,0.01364,4.3,880.67,1,931.14,1.06,Thursday
2024-04-18,FB-AWA-002,Facebook,Awareness,Alcance,Lookalike 1% compradores anteriores,8206,177,0.02157,4.05,717.52,1,594.08,0.83,Thursday
2024-12-13,FB-AWA-002,Facebook,Awareness,Alcance,Lookalike 1% compradores anteriores,8391,57,0.00679,4.97,286.72,0,0.0,0.0,Friday
2024-03-09,GG-YTB-001,Google,YouTube,Vistas,"Canal: wellness, yoga, fitness",5719,113,0.01976,5.67,643.37,1,651.28,1.01,Saturday
2024-05-03,GG-YTB-001,Google,YouTube,Vistas,"Canal: wellness, yoga, fitness",5444,157,0.02884,5.36,847.19,3,935.64,1.1,Friday
2024-01-02,FB-CVR-001,Facebook,Conversion,Compras,Retargeting carrito abandonado,1659,163,0.09821,11.95,1958.3,20,4485.83,2.29,Tuesday
2024-07-27,FB-CON-001,Facebook,Consideracion,Trafico,Retargeting visitantes 30 días,4160,74,0.01779,7.03,521.01,1,796.04,1.53,Saturday
2024-08-04,GG-YTB-001,Google,YouTube,Vistas,"Canal: wellness, yoga, fitness",5442,104,0.01911,5.2,542.88,0,0.0,0.0,Sunday
2024-03-14,GG-YTB-001,Google,YouTube,,,4861,117,,5.7,669.75,1,821.27,1.23,Thursday
2024-05-07,FB-CVR-001,Facebook,Conversion,Compras,Retargeting carrito abandonado,1420,95,0.06689,13.3,1267.2,6,5300.52,4.18,Tuesday
2024-07-15,FB-CON-001,Facebook,Consideracion,Trafico,Retargeting visitantes 30 días,4873,87,0.01785,6.28,551.09,0,0.0,0.0,Monday
2024-06-14,GG-DSP-002,Google,Display,Impresiones,Remarketing sitio web 7 días,31278,296,0.00946,2.61,773.98,3,2510.38,3.24,Friday
2024-05-19,FB-CON-002,Facebook,Consideracion,Trafico,"Intereses: yoga, meditacion, fitness",3340,132,0.03952,6.51,860.28,4,2977.37,3.46,Sunday
2024-06-23,FB-CVR-002,Facebook,Conversion,Compras,Lookalike 3% suscriptores activos,1788,101,0.05648,12.44,1257.05,6,3331.41,2.65,Sunday
2024-12-12,GG-DSP-001,Google,Display,Impresiones,Afinidad: bienestar y fitness,20842,94,0.00451,2.92,277.33,0,0.0,0.0,Thursday
2024-12-30,GG-SRC-003,Google,Search,Clics,Intención: como perder peso en casa,343,19,0.05534,19.14,381.98,0,0.0,0.0,Monday
2024-06-27,GG-DSP-002,Google,Display,Impresiones,Remarketing sitio web 7 días,19280,206,0.01068,3.29,680.9,1,496.45,0.73,Thursday
2024-02-28,GG-DSP-001,Google,Display,Impresiones,Afinidad: bienestar y fitness,24625,192,0.0078,2.79,536.6,2,883.85,1.65,Wednesday
2024-02-24,FB-CON-002,Facebook,Consideracion,Trafico,"Intereses: yoga, meditacion, fitness",2852,107,0.03751,7.4,793.92,2,762.16,0.96,Saturday
2024-08-12,GG-DSP-001,Google,Display,Impresiones,Afinidad: bienestar y fitness,11690,118,0.01009,3.18,375.82,0,0.0,0.0,Monday
2024-11-15,GG-DSP-002,Google,Display,Impresiones,Remarketing sitio web 7 días,17804,154,0.00865,2.97,459.5,1,763.5,1.66,Friday
2024-09-23,GG-SRC-002,Google,Search,Clics,Intención: meditacion guiada online,598,52,0.08682,19.8,1046.89,1,720.2,0.69,Monday
2024-02-22,GG-DSP-002,Google,Display,Impresiones,Remarketing sitio web 7 días,23236,244,0.0105,2.77,677.29,2,1708.57,2.52,Thursday
2024-11-06,GG-DSP-002,Google,Display,Impresiones,Remarketing sitio web 7 días,21082,181,0.00859,3.33,605.29,1,800.24,1.32,Wednesday
2024-11-29,FB-CON-001,Facebook,Consideracion,Trafico,Retargeting visitantes 30 días,4961,131,0.0264,4.77,628.32,2,1577.94,2.51,Friday
2024-09-15,GG-YTB-001,Google,YouTube,Vistas,"Canal: wellness, yoga, fitness",6152,116,0.01885,5.17,604.28,1,342.54,0.57,Sunday
2024-09-16,FB-CVR-002,Facebook,Conversion,Compras,Lookalike 3% suscriptores activos,1651,94,0.05691,11.88,1126.35,7,5952.23,5.28,Monday
2024-09-27,GG-SRC-001,Google,Search,,,682,76,,17.5,1339.0,2,1229.16,0.92,Friday
2024-11-24,FB-AWA-002,Facebook,Awareness,Alcance,Lookalike 1% compradores anteriores,8018,103,0.01284,4.29,445.49,0,0.0,0.0,Sunday
2024-07-31,FB-CVR-001,Facebook,Conversion,Compras,Retargeting carrito abandonado,1965,58,0.02951,12.77,741.23,1,512.74,0.69,Wednesday
2024-10-29,FB-CVR-001,Facebook,Conversion,Compras,Retargeting carrito abandonado,2858,131,0.04582,9.7,1280.52,7,3169.4,2.48,Tuesday
2024-05-06,GG-DSP-001,Google,Display,Impresiones,Afinidad: bienestar y fitness,17742,232,0.01308,3.31,767.47,2,976.0,1.27,Monday
2024-01-20,FB-CON-001,Facebook,Consideracion,Trafico,Retargeting visitantes 30 días,3236,162,0.05006,7.2,1171.34,6,3363.45,2.87,Saturday
2024-11-05,GG-SRC-001,Google,Search,Clics,Intención: cursos de yoga online MX,553,47,0.0849,17.39,822.76,1,605.8,0.74,Tuesday
2024-08-28,FB-CON-001,Facebook,Consideracion,Trafico,Retargeting visitantes 30 días,3552,81,0.0228,7.86,639.64,1,670.29,1.05,Wednesday
2024-12-09,FB-CON-001,Facebook,Consideracion,Trafico,Retargeting visitantes 30 días,3929,81,0.02061,5.73,469.41,1,768.34,1.64,Monday
2024-08-18,FB-CVR-002,Facebook,Conversion,Compras,Lookalike 3% suscriptores activos,2013,60,0.02979,12.04,733.43,3,1924.14,2.62,Sunday
2024-12-06,GG-SRC-002,Google,Search,Clics,Intención: meditacion guiada online,854,26,0.03044,16.87,450.55,0,0.0,0.0,Friday
2024-10-31,GG-DSP-002,Google,Display,Impresiones,Remarketing sitio web 7 días,12654,122,0.00964,3.58,439.24,0,0.0,0.0,Thursday
2024-03-28,FB-CVR-002,Facebook,Conversion,Compras,Lookalike 3% suscriptores activos,1976,78,0.03947,12.62,992.9,3,2421.82,2.44,Thursday
2024-12-30,GG-DSP-001,Google,Display,Impresiones,Afinidad: bienestar y fitness,15828,98,0.00619,3.02,296.59,0,0.0,0.0,Monday
2024-07-25,FB-CVR-001,Facebook,Conversion,Compras,Retargeting carrito abandonado,1794,61,0.03399,11.07,675.97,2,1306.17,1.93,Thursday
2024-09-28,GG-DSP-001,Google,Display,Impresiones,Afinidad: bienestar y fitness,19202,157,0.00818,3.35,528.4,1,451.68,0.85,Saturday
2024-01-01,GG-DSP-001,Google,Display,Impresiones,Afinidad: bienestar y fitness,16539,285,0.01723,3.16,902.03,3,1229.22,1.36,Monday
2024-01-29,FB-CON-002,Facebook,Consideracion,Trafico,"Intereses: yoga, meditacion, fitness",4361,222,0.0509,6.08,1351.33,7,4292.38,3.18,Monday
2024-09-08,FB-CVR-001,Facebook,Conversion,Compras,Retargeting carrito abandonado,1482,65,0.04383,14.29,933.46,5,2746.58,2.94,Sunday
2024-07-04,FB-CVR-001,Facebook,Conversion,Compras,Retargeting carrito abandonado,2371,84,0.03541,8.76,743.43,2,1111.26,1.49,Thursday
2024-11-03,FB-CON-002,Facebook,Consideracion,Trafico,"Intereses: yoga, meditacion, fitness",5020,117,0.02331,5.77,678.56,2,1344.15,1.98,Sunday
2024-08-27,GG-SRC-003,Google,Search,Clics,Intención: como perder peso en casa,358,30,0.08371,15.74,473.9,0,0.0,0.0,Tuesday
2024-05-10,GG-DSP-001,Google,Display,Impresiones,Afinidad: bienestar y fitness,26943,243,0.00902,3.28,797.66,4,2370.38,2.97,Friday
2024-05-14,GG-SRC-001,Google,Search,Clics,Intención: cursos de yoga online MX,934,86,0.09205,17.04,1481.29,6,3157.28,2.13,Tuesday
2024-03-03,FB-CON-002,Facebook,Consideracion,Trafico,"Intereses: yoga, meditacion, fitness",3251,94,0.02891,7.15,674.63,2,722.8,1.07,Sunday
2024-08-31,FB-AWA-002,FACEBOOK,Awareness,Alcance,Lookalike 1% compradores anteriores,8659,94,0.01086,4.3,408.29,0,0.0,0.0,Saturday
2024-03-22,GG-DSP-001,Google,Display,Impresiones,Afinidad: bienestar y fitness,14620,157,0.01074,3.08,486.85,1,774.51,1.59,Friday
2024-05-08,FB-AWA-002,Facebook,Awareness,Alcance,Lookalike 1% compradores anteriores,10763,189,0.01756,5.17,980.83,1,355.99,0.36,Wednesday
2024-12-26,FB-AWA-002,Facebook,Awareness,Alcance,Lookalike 1% compradores anteriores,9570,77,0.00805,4.28,332.9,0,0.0,0.0,Thursday
2024-05-29,GG-SRC-003,Google,Search,Clics,Intención: como perder peso en casa,349,42,0.12014,18.99,810.98,2,1296.1,1.6,Wednesday
2024-03-08,FB-AWA-001,Facebook,Awareness,Alcance,Mujeres 25-40 CDMX interesadas en bienestar,7144,153,0.02142,4.64,713.66,1,625.35,0.88,Friday
2024-03-18,GG-YTB-001,Google,YouTube,Vistas,"Canal: wellness, yoga, fitness",4719,100,0.02119,5.98,600.75,1,574.51,0.96,Monday
2024-03-29,GG-SRC-003,Google,Search,Clics,Intención: como perder peso en casa,318,32,0.10038,20.25,665.61,1,703.11,1.06,Friday
2024-01-05,FB-AWA-001,Facebook,Awareness,Alcance,Mujeres 25-40 CDMX interesadas en bienestar,17528,318,0.01814,4.87,1551.65,2,1146.62,0.74,Friday
2024-01-04,FB-CVR-002,Facebook,Conversion,Compras,Lookalike 3% suscriptores activos,1872,160,0.08546,11.9,1912.45,12,4846.05,2.53,Thursday
2024-08-03,GG-YTB-001,Google,YouTube,Vistas,"Canal: wellness, yoga, fitness",4172,82,0.01965,5.68,470.3,0,0.0,0.0,Saturday
2024-12-19,FB-CVR-001,Facebook,Conversion,Compras,Retargeting carrito abandonado,2415,49,0.02029,11.21,559.79,1,650.5,1.16,Thursday
2024-08-25,GG-SRC-001,Google,Search,Clics,Intención: cursos de yoga online MX,571,29,0.05077,20.2,601.48,1,874.65,1.45,Sunday
2024-05-02,GG-DSP-002,Google,Display,Impresiones,Remarketing sitio web 7 días,23762,237,0.00997,3.47,825.07,2,1529.92,1.85,Thursday
2024-01-01,GG-SRC-002,Google,Search,Clics,Intención: meditacion guiada online,366,64,0.17443,18.47,1184.18,4,3134.65,2.65,Monday
2024-11-28,FB-AWA-001,Facebook,Awareness,Alcance,Mujeres 25-40 CDMX interesadas en bienestar,13701,161,0.01175,4.2,678.4,0,0.0,0.0,Thursday
2024-09-10,GG-DSP-001,Google,Display,Impresiones,Afinidad: bienestar y fitness,16392,179,0.01092,3.16,566.4,1,647.44,1.14,Tuesday
2024-03-27,GG-SRC-003,Google,Search,Clics,Intención: como perder peso en casa,503,35,0.06946,19.81,706.47,1,339.41,0.48,Wednesday
2024-10-29,FB-CON-002,Facebook,Consideracion,Trafico,"Intereses: yoga, meditacion, fitness",3316,105,0.03166,6.85,723.73,1,714.71,0.99,Tuesday
2024-03-11,FB-CON-001,Facebook,Consideracion,Trafico,Retargeting visitantes 30 días,4786,123,0.0257,7.28,896.23,2,1236.5,1.38,Monday
2024-04-20,FB-AWA-002,FB,Awareness,Alcance,Lookalike 1% compradores anteriores,10483,164,0.01564,4.53,745.92,1,708.57,0.95,Saturday
2024-07-29,GG-SRC-001,Google,Search,Clics,Intención: cursos de yoga online MX,467,24,0.0513,20.97,515.37,0,0.0,0.0,Monday
2024-07-17,GG-DSP-002,google,Display,Impresiones,Remarketing sitio web 7 días,25081,133,0.0053,2.74,366.16,0,0.0,0.0,Wednesday
2024-01-17,FB-AWA-001,Facebook,Awareness,Alcance,Mujeres 25-40 CDMX interesadas en bienestar,16039,372,0.02319,4.24,1578.39,4,3043.23,1.93,Wednesday
2024-03-30,GG-DSP-002,Google,Display,Impresiones,Remarketing sitio web 7 días,18972,158,0.00833,3.13,494.37,0,0.0,0.0,Saturday
2024-09-09,GG-DSP-001,Google,Display,Impresiones,Afinidad: bienestar y fitness,13816,178,0.01288,3.2,570.14,1,591.75,1.04,Monday
2024-06-26,GG-SRC-002,Google,Search,Clics,Intención: meditacion guiada online,520,50,0.09613,18.52,928.26,2,1055.87,1.14,Wednesday
2024-06-06,GG-DSP-002,Google,Display,Impresiones,Remarketing sitio web 7 días,13512,187,0.01384,3.48,651.98,2,978.05,1.5,Thursday
2024-06-25,GG-YTB-001,Google,YouTube,Vistas,"Canal: wellness, yoga, fitness",6110,132,0.0216,5.92,782.11,2,1301.99,1.66,Tuesday
2024-04-27,GG-SRC-003,Google,Search,Clics,Intención: como perder peso en casa,465,39,0.08373,17.97,712.17,2,1469.22,2.06,Saturday
2024-06-08,FB-AWA-001,Facebook,Awareness,Alcance,Mujeres 25-40 CDMX interesadas en bienestar,8584,140,0.01631,4.84,680.95,0,0.0,0.0,Saturday
2024-01-23,FB-AWA-001,Facebook,Awareness,Alcance,Mujeres 25-40 CDMX interesadas en bienestar,11868,268,0.02258,4.11,1103.27,3,1806.21,1.64,Tuesday
2024-12-25,GG-SRC-003,Google,Search,Clics,Intención: como perder peso en casa,402,20,0.04975,17.77,363.87,0,0.0,0.0,Wednesday
2024-07-24,GG-DSP-001,Google,Display,Impresiones,Afinidad: bienestar y fitness,15617,103,0.0066,2.66,276.0,0,0.0,0.0,Wednesday
2024-07-07,GG-DSP-001,Google,Display,Impresiones,Afinidad: bienestar y fitness,20772,81,0.0039,3.29,267.88,0,0.0,0.0,Sunday
2024-07-07,GG-YTB-001,Google,YouTube,Vistas,"Canal: wellness, yoga, fitness",5354,76,0.01419,4.82,367.63,0,0.0,0.0,Sunday
2024-10-27,GG-DSP-002,Google,Display,Impresiones,Remarketing sitio web 7 días,15818,130,0.00822,3.7,481.63,0,0.0,0.0,Sunday
2024-05-06,FB-CVR-001,Facebook,Conversion,Compras,Retargeting carrito abandonado,3052,186,0.06094,10.14,1892.21,13,8479.59,4.48,Monday
2024-10-05,GG-YTB-001,google,YouTube,Vistas,"Canal: wellness, yoga, fitness",5534,124,0.0224,4.93,613.44,1,653.51,1.07,Saturday
2024-03-08,GG-SRC-003,Google,Search,Clics,Intención: como perder peso en casa,452,48,0.10609,14.86,714.71,1,548.92,0.77,Friday
2024-08-10,FB-CON-001,Facebook,Consideracion,Trafico,Retargeting visitantes 30 días,4187,109,0.02603,6.03,659.88,2,826.52,1.25,Saturday
2024-02-06,GG-DSP-001,Google,Display,Impresiones,Afinidad: bienestar y fitness,12943,151,0.01167,3.72,563.36,1,159.33,0.28,Tuesday
2024-10-18,GG-DSP-002,Google,Display,Impresiones,Remarketing sitio web 7 días,15497,201,0.01297,2.95,594.34,2,1043.03,1.75,Friday
2024-11-23,GG-SRC-003,Google,Search,Clics,Intención: como perder peso en casa,404,20,0.04948,21.62,452.35,1,540.8,1.2,Saturday
2024-08-26,FB-CVR-001,Facebook,Conversion,Compras,Retargeting carrito abandonado,2986,83,0.02779,10.92,916.49,3,2051.32,2.24,Monday
2024-11-19,FB-CON-001,Facebook,Consideracion,Trafico,Retargeting visitantes 30 días,4173,115,0.02756,6.21,715.81,2,1176.35,1.64,Tuesday
2024-03-13,FB-CVR-002,Facebook,Conversion,Compras,Lookalike 3% suscriptores activos,1218,75,0.06156,16.54,1255.56,3,2068.4,1.65,Wednesday
2024-05-10,FB-CON-001,Facebook,Consideracion,Trafico,Retargeting visitantes 30 días,3366,203,0.0603,6.87,1400.02,7,2524.54,1.8,Friday
2024-02-29,GG-DSP-002,Google,Display,Impresiones,Remarketing sitio web 7 días,27633,194,0.00702,3.69,719.37,2,907.72,1.26,Thursday
2024-06-12,GG-DSP-002,Google,Display,Impresiones,Remarketing sitio web 7 días,18529,221,0.01193,3.16,700.73,2,1474.46,2.1,Wednesday
2024-09-17,FB-AWA-001,Facebook,Awareness,Alcance,Mujeres 25-40 CDMX interesadas en bienestar,11914,191,0.01603,4.39,842.42,1,789.21,0.94,Tuesday
2024-09-19,FB-CON-001,Facebook,Consideracion,Trafico,,3647,129,0.03536,6.34,821.92,3,1244.39,1.51,Thursday
2024-10-01,FB-CON-002,Facebook,Consideracion,Trafico,"Intereses: yoga, meditacion, fitness",4096,125,0.03051,7.0,879.94,1,356.32,0.4,Tuesday
2024-08-11,GG-DSP-002,Google,Display,Impresiones,Remarketing sitio web 7 días,12468,119,0.00954,3.38,402.55,1,660.74,1.64,Sunday
2024-09-21,GG-DSP-002,G Ads,Display,Impresiones,Remarketing sitio web 7 días,26486,230,0.00868,2.32,535.87,1,586.58,1.09,Saturday
2024-04-18,FB-CVR-001,facebook,Conversion,Compras,Retargeting carrito abandonado,1791,100,0.05581,14.69,1483.48,7,3637.5,2.45,Thursday
2024/05/04,FB-CVR-002,Facebook,Conversion,Compras,Lookalike 3% suscriptores activos,1039,85,0.08178,11.91,1017.48,5,2106.74,2.07,Saturday
2024-03-08,GG-DSP-001,Google,Display,Impresiones,Afinidad: bienestar y fitness,13601,152,0.01118,3.61,550.3,1,273.63,0.5,Friday
2024-02-09,FB-CVR-001,Facebook,Conversion,Compras,Retargeting carrito abandonado,1595,88,0.05517,12.72,1119.96,6,5441.03,4.86,Friday
2024-04-04,FB-AWA-001,Facebook,Awareness,Alcance,Mujeres 25-40 CDMX interesadas en bienestar,10542,281,0.02665,3.85,1083.91,2,1166.81,1.08,Thursday
2024-09-07,GG-DSP-001,Google,Display,Impresiones,Afinidad: bienestar y fitness,20598,195,0.00947,2.89,566.0,2,958.41,1.69,Saturday
2024-12-05,FB-CVR-002,Facebook,Conversion,Compras,Lookalike 3% suscriptores activos,2705,59,0.02181,10.79,640.01,1,560.07,0.88,Thursday
2024-06-05,GG-YTB-001,Google,YouTube,Vistas,"Canal: wellness, yoga, fitness",3977,128,0.03218,5.46,702.53,1,795.73,1.13,Wednesday
2024-02-28,GG-DSP-002,google,Display,,,18305,236,,2.72,641.94,2,1604.82,2.5,Wednesday
2024-05-02,FB-CON-002,Facebook,Consideracion,Trafico,"Intereses: yoga, meditacion, fitness",4431,172,0.03881,6.74,1164.39,5,3921.45,3.37,Thursday
2024-01-18,GG-SRC-003,Google,Search,Clics,Intención: como perder peso en casa,424,52,0.12256,20.37,1063.45,3,1732.49,1.63,Thursday
2024-07-21,FB-CON-001,Facebook,Consideracion,Trafico,Retargeting visitantes 30 días,4404,89,0.02021,5.38,479.25,1,638.62,1.33,Sunday
2024-05-18,GG-SRC-002,Google,Search,Clics,Intención: meditacion guiada online,327,38,0.11617,20.29,785.38,2,1302.88,1.66,Saturday
2024-02-15,GG-SRC-002,Google,Search,Clics,Intención: meditacion guiada online,274,36,0.13126,21.26,770.67,1,435.1,0.56,Thursday
2024-10-18,FB-AWA-001,Facebook,Awareness,Alcance,Mujeres 25-40 CDMX interesadas en bienestar,7722,120,0.01554,4.78,577.14,0,0.0,0.0,Friday
2024-02-25,GG-DSP-001,Google,Display,Impresiones,Afinidad: bienestar y fitness,12015,153,0.01273,3.21,491.31,1,762.57,1.55,Sunday
2024-08-07,FB-CVR-002,Facebook,Conversion,Compras,Lookalike 3% suscriptores activos,2337,76,0.03251,11.09,852.08,1,911.14,1.07,Wednesday
2024-07-10,GG-SRC-002,Google,Search,Clics,Intención: meditacion guiada online,726,32,0.04406,16.09,523.18,0,0.0,0.0,Wednesday
2024-10-20,FB-CON-002,Facebook,Consideracion,Trafico,"Intereses: yoga, meditacion, fitness",4839,102,0.02107,7.0,719.11,2,1661.73,2.31,Sunday
2024-11-03,FB-CVR-002,Facebook,Conversion,Compras,Lookalike 3% suscriptores activos,1567,66,0.04209,12.82,857.04,3,1864.5,2.18,Sunday
2024-06-09,FB-CVR-001,Facebook,Conversion,Compras,Retargeting carrito abandonado,1432,92,0.06421,11.37,1054.95,4,2742.4,2.6,Sunday
2024-10-01,GG-SRC-003,Google,Search,Clics,Intención: como perder peso en casa,309,27,0.08732,21.17,589.4,1,899.21,1.53,Tuesday
2024-10-04,FB-AWA-002,Facebook,Awareness,Alcance,Lookalike 1% compradores anteriores,15708,187,0.0119,3.11,584.75,1,649.39,1.11,Friday
2024-09-15,FB-AWA-001,Facebook,Awareness,Alcance,Mujeres 25-40 CDMX interesadas en bienestar,12535,195,0.01556,4.33,843.83,1,498.4,0.59,Sunday
2024-05-28,FB-CON-001,Facebook,Consideracion,Trafico,Retargeting visitantes 30 días,4133,181,0.04379,6.4,1162.2,4,1465.91,1.26,Tuesday
2024-05-26,GG-DSP-002,GOOGLE,Display,Impresiones,Remarketing sitio web 7 días,12964,192,0.01481,3.11,598.51,1,680.56,1.14,Sunday
2024-10-14,GG-SRC-002,Google,Search,Clics,Intención: meditacion guiada online,827,46,0.05558,18.42,856.48,1,803.81,0.94,Monday
2024-11-30,FB-CON-001,Facebook,Consideracion,Trafico,Retargeting visitantes 30 días,4588,100,0.02179,6.23,627.37,1,931.26,1.48,Saturday
2024-01-28,FB-AWA-001,Facebook,Awareness,Alcance,Mujeres 25-40 CDMX interesadas en bienestar,18426,329,0.01785,3.55,1170.88,2,1710.34,1.46,Sunday
2024-01-06,GG-YTB-001,google,YouTube,Vistas,"Canal: wellness, yoga, fitness",3581,143,0.03993,6.02,862.55,3,2256.32,2.62,Saturday
2024-06-16,FB-AWA-001,Facebook,Awareness,Alcance,Mujeres 25-40 CDMX interesadas en bienestar,10310,184,0.01785,4.6,850.94,1,718.29,0.84,Sunday
2024-05-26,GG-YTB-001,Google,YouTube,Vistas,"Canal: wellness, yoga, fitness",3433,104,0.03029,6.96,727.1,1,704.01,0.97,Sunday
2024-09-01,GG-YTB-001,google,YouTube,Vistas,"Canal: wellness, yoga, fitness",7303,169,0.02314,3.77,641.22,2,1068.04,1.67,Sunday
2024-05-18,FB-AWA-002,Facebook,Awareness,Alcance,Lookalike 1% compradores anteriores,9600,169,0.0176,4.25,722.66,1,726.0,1.0,Saturday
2024-12-14,FB-CVR-002,Facebook,Conversion,Compras,Lookalike 3% suscriptores activos,1444,39,0.02699,11.46,451.77,0,0.0,0.0,Saturday
2024-02-12,GG-DSP-001,Google,Display,Impresiones,Afinidad: bienestar y fitness,14546,178,0.01224,3.46,619.36,1,846.94,1.37,Monday
2024-08-25,GG-SRC-002,Google,Search,Clics,Intención: meditacion guiada online,378,25,0.066,17.03,441.44,0,0.0,0.0,Sunday
2024-05-22,FB-AWA-001,Facebook,Awareness,Alcance,,13451,252,,4.23,1067.66,1,800.52,0.75,Wednesday
2024-01-22,FB-CON-001,Facebook,Consideracion,Trafico,Retargeting visitantes 30 días,2750,194,0.07054,5.67,1102.59,4,3264.67,2.96,Monday
2024-11-27,GG-DSP-002,Google,Display,Impresiones,Remarketing sitio web 7 días,22034,182,0.00826,2.99,545.13,1,509.27,0.93,Wednesday
2024-04-07,FB-CVR-002,Facebook,Conversion,Compras,Lookalike 3% suscriptores activos,2104,112,0.05322,11.97,1345.21,7,5800.09,4.31,Sunday
2024-01-27,FB-CON-001,Facebook,Consideracion,Trafico,Retargeting visitantes 30 días,3473,158,0.04549,8.11,1284.81,6,4616.51,3.59,Saturday
2024-07-17,GG-YTB-001,Google,YouTube,,,5540,82,,5.34,439.82,0,0.0,0.0,Wednesday
06/07/2024,FB-AWA-002,Facebook,Awareness,Alcance,Lookalike 1% compradores anteriores,9055,82,0.00905,3.79,313.83,0,0.0,0.0,Saturday
2024-11-26,GG-DSP-001,Google,Display,Impresiones,Afinidad: bienestar y fitness,18644,158,0.00847,2.74,434.26,0,0.0,0.0,Tuesday
18/02/2024,FB-AWA-001,Facebook,Awareness,Alcance,Mujeres 25-40 CDMX interesadas en bienestar,14221,208,0.01463,4.04,843.18,1,472.93,0.56,Sunday
2024-03-16,GG-DSP-002,Google,Display,Impresiones,Remarketing sitio web 7 días,20474,177,0.00865,2.87,511.09,1,572.2,1.12,Saturday
2024-09-07,GG-YTB-001,Google,YouTube,Vistas,"Canal: wellness, yoga, fitness",6399,135,0.02109,5.1,693.51,2,1121.39,1.62,Saturday
2024-11-24,FB-CON-001,Facebook,Consideracion,Trafico,Retargeting visitantes 30 días,3882,97,0.02498,6.49,631.44,1,824.96,1.31,Sunday
2024-02-08,GG-DSP-001,Google,Display,Impresiones,Afinidad: bienestar y fitness,15045,169,0.01123,3.46,584.55,1,592.47,1.01,Thursday
2024-07-06,GG-SRC-002,Google,Search,Clics,Intención: meditacion guiada online,659,27,0.04092,16.62,452.12,1,755.1,1.67,Saturday
2024-11-09,GG-DSP-002,Google,Display,Impresiones,Remarketing sitio web 7 días,13418,104,0.00775,3.73,390.26,0,0.0,0.0,Saturday
2024-03-31,FB-CVR-002,Meta,Conversion,Compras,Lookalike 3% suscriptores activos,1402,69,0.04919,12.03,833.91,3,1743.35,2.09,Sunday
2024-05-30,GG-SRC-001,Google,Search,Clics,Intención: cursos de yoga online MX,939,82,0.08731,20.27,1673.61,7,4180.47,2.5,Thursday
2024-10-10,GG-DSP-002,G Ads,Display,Impresiones,Remarketing sitio web 7 días,14975,139,0.00928,3.29,460.55,1,667.31,1.45,Thursday
2024-11-12,GG-SRC-003,Google,Search,Clics,Intención: como perder peso en casa,503,35,0.06948,15.33,545.75,1,622.39,1.14,Tuesday
2024-01-22,GG-SRC-002,Google,Search,Clics,Intención: meditacion guiada online,653,76,0.11638,18.0,1378.54,6,2955.86,2.14,Monday
2024-10-07,GG-SRC-002,Google,Search,Clics,Intención: meditacion guiada online,549,43,0.07824,15.1,662.01,1,691.09,1.04,Monday
13/11/2024,GG-SRC-003,Google,Search,Clics,Intención: como perder peso en casa,448,29,0.06459,18.72,548.04,1,455.0,0.83,Wednesday
2024-12-16,FB-CVR-002,Facebook,Conversion,Compras,Lookalike 3% suscriptores activos,1919,53,0.02761,10.36,549.74,1,685.69,1.25,Monday
2024-06-19,FB-CVR-001,Facebook,Conversion,Compras,Retargeting carrito abandonado,1742,97,0.05566,12.99,1263.71,5,2787.4,2.21,Wednesday
2024-04-25,FB-CON-002,Facebook,Consideracion,Trafico,"Intereses: yoga, meditacion, fitness",5340,163,0.03052,6.13,1001.59,5,3722.7,3.72,Thursday
2024-01-18,GG-DSP-001,Google,Display,Impresiones,Afinidad: bienestar y fitness,19156,300,0.01566,2.27,681.28,3,2320.7,3.41,Thursday
2024-06-01,FB-AWA-002,facebook,Awareness,Alcance,Lookalike 1% compradores anteriores,10272,154,0.01499,4.66,718.42,1,887.53,1.24,Saturday
2024-07-18,FB-CVR-001,Facebook,Conversion,Compras,Retargeting carrito abandonado,1952,49,0.0251,15.36,760.64,2,1304.09,1.71,Thursday
2024-09-22,FB-CVR-001,Facebook,Conversion,Compras,Retargeting carrito abandonado,2214,111,0.05011,7.89,882.78,6,4796.21,5.43,Sunday
2024-11-19,GG-DSP-002,Google,Display,Impresiones,Remarketing sitio web 7 días,16362,175,0.0107,3.25,570.74,1,872.4,1.53,Tuesday
2024-07-19,GG-SRC-003,Google,Search,Clics,Intención: como perder peso en casa,403,21,0.05206,15.56,335.47,0,0.0,0.0,Friday
2024-05-04,FB-CON-001,Facebook,Consideracion,Trafico,Retargeting visitantes 30 días,3723,169,0.04538,6.16,1046.19,4,2399.18,2.29,Saturday
2024-09-05,GG-DSP-001,Google,Display,Impresiones,Afinidad: bienestar y fitness,15524,130,0.00837,3.71,484.91,1,597.1,1.23,Thursday
2024-12-06,FB-AWA-001,Facebook,Awareness,Alcance,Mujeres 25-40 CDMX interesadas en bienestar,11946,96,0.00804,4.51,436.81,0,0.0,0.0,Friday
2024-10-12,FB-AWA-001,Facebook,Awareness,Alcance,Mujeres 25-40 CDMX interesadas en bienestar,12439,156,0.01254,3.77,590.7,0,0.0,0.0,Saturday
2024-01-20,FB-CVR-001,Facebook,Conversion,Compras,Retargeting carrito abandonado,3063,126,0.04113,13.65,1730.47,7,4137.72,2.39,Saturday
2024-12-03,GG-SRC-003,Google,Search,Clics,Intención: como perder peso en casa,394,18,0.04564,18.21,337.02,0,0.0,0.0,Tuesday
2024-12-25,GG-SRC-002,Google,Search,Clics,Intención: meditacion guiada online,438,19,0.04331,21.6,425.95,0,0.0,0.0,Wednesday
2024-08-28,GG-DSP-002,Google,Display,Impresiones,Remarketing sitio web 7 días,12256,125,0.0102,3.33,417.67,0,0.0,0.0,Wednesday
2024-04-28,GG-YTB-001,Google,YouTube,Vistas,"Canal: wellness, yoga, fitness",3973,136,0.03422,5.69,778.94,2,1095.51,1.41,Sunday
2024-09-04,GG-SRC-001,google,Search,Clics,Intención: cursos de yoga online MX,839,64,0.07623,15.88,1023.81,3,2100.71,2.05,Wednesday
2024-09-23,GG-YTB-001,Google,YouTube,Vistas,"Canal: wellness, yoga, fitness",6838,149,0.02179,5.18,773.33,1,688.32,0.89,Monday
2024-02-05,FB-CON-002,Facebook,Consideracion,Trafico,"Intereses: yoga, meditacion, fitness",2945,107,0.03633,7.18,773.23,3,1997.77,2.58,Monday
2024-06-02,FB-CVR-002,FACEBOOK,Conversion,Compras,Lookalike 3% suscriptores activos,2271,107,0.0471,10.06,1081.68,9,6715.97,6.21,Sunday
2024-11-06,GG-SRC-003,Google,Search,Clics,Intención: como perder peso en casa,549,34,0.06183,16.79,576.78,1,568.11,0.98,Wednesday
2024-04-15,GG-DSP-002,Google,Display,Impresiones,Remarketing sitio web 7 días,10240,163,0.01592,3.96,648.11,1,908.44,1.4,Monday
2024-11-05,FB-CON-001,Facebook,Consideracion,Trafico,Retargeting visitantes 30 días,6838,172,0.02515,5.24,904.52,1,458.06,0.51,Tuesday
2024-05-03,FB-AWA-002,Facebook,Awareness,Alcance,Lookalike 1% compradores anteriores,10742,218,0.02029,4.04,884.41,2,1317.94,1.49,Friday
2024-07-30,GG-SRC-001,Google,Search,Clics,Intención: cursos de yoga online MX,821,48,0.05842,14.11,679.86,1,804.33,1.18,Tuesday
2024-05-20,GG-SRC-001,Google,Search,Clics,Intención: cursos de yoga online MX,796,90,0.113,15.16,1374.32,6,3040.6,2.21,Monday
2024-05-31,FB-CON-002,Facebook,Consideracion,Trafico,"Intereses: yoga, meditacion, fitness",3766,165,0.04381,7.13,1178.33,6,3047.66,2.59,Friday
2024-07-28,FB-AWA-001,Facebook,Awareness,Alcance,Mujeres 25-40 CDMX interesadas en bienestar,16446,150,0.00912,3.4,511.0,0,0.0,0.0,Sunday
2024-01-24,FB-CVR-001,Facebook,Conversion,Compras,Retargeting carrito abandonado,1885,147,0.07797,13.02,1915.24,16,8356.43,4.36,Wednesday
2024-10-21,GG-SRC-001,Google,Search,Clics,Intención: cursos de yoga online MX,649,43,0.0662,17.95,788.43,1,830.72,1.05,Monday
2024-07-24,FB-CON-002,Facebook,Consideracion,Trafico,"Intereses: yoga, meditacion, fitness",4233,92,0.02173,5.62,522.28,1,454.87,0.87,Wednesday
2024-09-27,GG-DSP-001,Google,Display,Impresiones,Afinidad: bienestar y fitness,14448,155,0.01073,3.15,491.43,1,796.22,1.62,Friday
2024-03-16,GG-SRC-002,Google,Search,Clics,Intención: meditacion guiada online,536,39,0.07266,17.95,715.63,2,1068.61,1.49,Saturday
2024-11-22,FB-CVR-002,Facebook,Conversion,Compras,Lookalike 3% suscriptores activos,1606,76,0.04732,12.05,926.46,3,1759.39,1.9,Friday
2024-04-26,GG-YTB-001,Google,YouTube,Vistas,"Canal: wellness, yoga, fitness",6797,212,0.03119,4.88,1038.27,4,2730.45,2.63,Friday
2024-08-06,GG-SRC-002,Google,Search,Clics,Intención: meditacion guiada online,415,35,0.08423,16.73,599.1,1,580.43,0.97,Tuesday
2024-08-04,FB-CON-002,Facebook,Consideracion,Trafico,"Intereses: yoga, meditacion, fitness",3236,76,0.02348,7.45,572.68,0,0.0,0.0,Sunday
2024-04-12,FB-AWA-002,Facebook,Awareness,Alcance,Lookalike 1% compradores anteriores,7916,165,0.02084,4.32,716.62,1,788.65,1.1,Friday
2024-07-28,FB-CVR-001,Facebook,Conversion,Compras,Retargeting carrito abandonado,1605,51,0.03176,12.38,639.73,2,1530.0,2.39,Sunday
2024-08-24,FB-AWA-002,Facebook,Awareness,Alcance,Lookalike 1% compradores anteriores,8868,90,0.01015,4.9,444.39,0,0.0,0.0,Saturday
2024-08-30,GG-SRC-002,Google,Search,Clics,Intención: meditacion guiada online,490,34,0.0693,18.1,628.18,0,0.0,0.0,Friday
2024-12-22,GG-DSP-001,Google,Display,Impresiones,Afinidad: bienestar y fitness,18474,86,0.00466,3.03,261.38,0,0.0,0.0,Sunday
2024-11-06,GG-SRC-002,Google,Search,Clics,Intención: meditacion guiada online,562,36,0.06402,18.34,672.86,1,536.08,0.8,Wednesday
2024-02-25,GG-YTB-001,Google,YouTube,Vistas,"Canal: wellness, yoga, fitness",5174,131,0.02532,5.87,773.49,1,609.61,0.79,Sunday
2024-11-05,FB-CVR-001,Facebook,Conversion,Compras,Retargeting carrito abandonado,2124,96,0.04518,10.76,1037.37,6,3619.49,3.49,Tuesday
2024-03-01,FB-AWA-001,Facebook,Awareness,Alcance,Mujeres 25-40 CDMX interesadas en bienestar,12979,174,0.01341,4.62,806.41,0,0.0,0.0,Friday
2024-06-04,FB-AWA-002,Facebook,Awareness,Alcance,Lookalike 1% compradores anteriores,8479,130,0.01533,5.71,746.34,1,625.1,0.84,Tuesday
2024-10-25,GG-SRC-003,Google,Search,Clics,Intención: como perder peso en casa,518,34,0.0656,17.41,602.37,2,930.69,1.55,Friday
22/05/2024,GG-SRC-001,Google,Search,Clics,Intención: cursos de yoga online MX,424,49,0.11543,18.5,919.15,3,1976.27,2.15,Wednesday
2024-09-03,GG-DSP-002,Google Ads,Display,Impresiones,Remarketing sitio web 7 días,16029,195,0.01217,3.63,709.12,2,1165.38,1.64,Tuesday
2024-08-03,GG-SRC-002,Google,Search,Clics,Intención: meditacion guiada online,427,27,0.06318,17.72,487.82,0,0.0,0.0,Saturday
2024-11-02,GG-SRC-002,Google,Search,Clics,Intención: meditacion guiada online,377,32,0.08477,17.37,559.08,1,797.33,1.43,Saturday
2024-10-04,FB-CVR-001,Facebook,Conversion,Compras,Retargeting carrito abandonado,2212,104,0.047,10.27,1073.0,4,2890.8,2.69,Friday
2024-08-11,FB-AWA-002,Facebook,Awareness,Alcance,Lookalike 1% compradores anteriores,9024,72,0.00798,5.08,369.29,0,0.0,0.0,Sunday
2024-06-10,GG-DSP-002,Google,Display,Impresiones,,13427,163,0.01214,3.74,611.91,1,655.05,1.07,Monday
2024-11-02,FB-CVR-002,Facebook,Conversion,Compras,Lookalike 3% suscriptores activos,1282,60,0.04678,14.38,866.37,2,1238.74,1.43,Saturday
2024-01-07,FB-AWA-001,Facebook,Awareness,Alcance,Mujeres 25-40 CDMX interesadas en bienestar,11972,235,0.01963,4.54,1069.69,2,1616.91,1.51,Sunday
2024-05-20,GG-SRC-003,Google,Search,Clics,Intención: como perder peso en casa,443,54,0.12168,17.13,930.54,2,626.48,0.67,Monday
2024-02-15,GG-DSP-001,Google,Display,Impresiones,Afinidad: bienestar y fitness,21684,246,0.01134,2.35,578.36,2,1023.29,1.77,Thursday
2024-05-23,FB-CVR-001,FB,Conversion,Compras,Retargeting carrito abandonado,3619,169,0.04669,9.06,1530.98,11,9037.78,5.9,Thursday
2024-06-30,FB-CON-001,Facebook,Consideracion,Trafico,Retargeting visitantes 30 días,3407,138,0.0405,7.43,1030.06,3,1960.97,1.9,Sunday
2024-03-16,FB-AWA-002,Facebook,Awareness,Alcance,Lookalike 1% compradores anteriores,8116,113,0.01392,4.68,531.05,0,0.0,0.0,Saturday
2024-03-16,FB-AWA-001,Facebook,Awareness,Alcance,Mujeres 25-40 CDMX interesadas en bienestar,9042,127,0.01404,5.08,646.89,1,631.99,0.98,Saturday
2024-05-30,FB-AWA-002,Facebook,Awareness,Alcance,Lookalike 1% compradores anteriores,7942,193,0.0243,3.89,750.74,1,549.89,0.73,Thursday
2024-07-20,FB-CON-002,Facebook,Consideracion,Trafico,"Intereses: yoga, meditacion, fitness",4074,65,0.01595,7.31,475.14,1,633.98,1.33,Saturday
2024-09-16,GG-SRC-003,Google,Search,Clics,Intención: como perder peso en casa,437,37,0.08457,20.26,765.54,2,1418.44,1.85,Monday
2024-07-02,GG-DSP-001,Google,Display,Impresiones,Afinidad: bienestar y fitness,16459,128,0.00778,2.86,366.55,0,0.0,0.0,Tuesday
2024-07-02,GG-SRC-001,Google,Search,Clics,Intención: cursos de yoga online MX,655,31,0.04732,20.87,657.51,0,0.0,0.0,Tuesday
2024-07-07,FB-CVR-002,FACEBOOK,Conversion,Compras,Lookalike 3% suscriptores activos,1491,45,0.03018,11.43,516.14,0,0.0,0.0,Sunday
2024-05-05,GG-YTB-001,Google,YouTube,Vistas,"Canal: wellness, yoga, fitness",6470,123,0.01901,6.9,849.34,1,320.93,0.38,Sunday
2024-08-20,GG-DSP-001,Google,Display,Impresiones,Afinidad: bienestar y fitness,13292,109,0.0082,3.48,380.42,0,0.0,0.0,Tuesday
2024-10-12,GG-DSP-001,Google,Display,Impresiones,,12809,119,0.00929,3.41,408.66,1,637.85,1.56,Saturday
2024-12-02,GG-DSP-002,Google,Display,Impresiones,Remarketing sitio web 7 días,18944,104,0.00549,3.07,321.01,0,0.0,0.0,Monday
2024-05-08,FB-CVR-002,Facebook,Conversion,Compras,Lookalike 3% suscriptores activos,2428,156,0.06425,9.5,1488.55,11,9314.08,6.26,Wednesday
2024-11-16,GG-SRC-003,Google,Search,Clics,Intención: como perder peso en casa,444,25,0.05627,17.72,453.35,0,0.0,0.0,Saturday
2024-12-17,FB-CON-002,Facebook,Consideracion,Trafico,"Intereses: yoga, meditacion, fitness",3235,62,0.01916,7.3,456.35,0,0.0,0.0,Tuesday
2024-09-27,GG-SRC-003,Google,Search,Clics,Intención: como perder peso en casa,362,35,0.09662,17.52,615.12,1,805.58,1.31,Friday
2024-05-03,FB-CON-002,Facebook,Consideracion,Trafico,"Intereses: yoga, meditacion, fitness",4384,195,0.04448,5.88,1149.14,4,2809.63,2.44,Friday
2024-12-09,GG-DSP-001,Google,Display,Impresiones,Afinidad: bienestar y fitness,11089,68,0.00613,3.39,230.97,0,0.0,0.0,Monday
2024-02-24,GG-SRC-003,Google,Search,Clics,Intención: como perder peso en casa,386,34,0.08787,15.06,515.54,2,1146.88,2.22,Saturday
2024-04-25,FB-CON-001,Facebook,Consideracion,Trafico,Retargeting visitantes 30 días,8934,214,0.02395,5.37,1151.37,5,3316.98,2.88,Thursday
2024-06-25,FB-CON-002,Facebook,Consideracion,Trafico,"Intereses: yoga, meditacion, fitness",4236,195,0.04603,5.57,1091.67,5,2690.44,2.46,Tuesday
2024-07-31,GG-SRC-001,Google,Search,Clics,Intención: cursos de yoga online MX,524,37,0.07052,16.98,635.05,1,585.8,0.92,Wednesday
2024-04-22,FB-CON-001,Facebook,Consideracion,Trafico,Retargeting visitantes 30 días,4085,191,0.04675,6.38,1220.62,6,5255.5,4.31,Monday
2024-03-18,FB-CVR-002,Facebook,Conversion,Compras,Lookalike 3% suscriptores activos,2290,103,0.04497,10.61,1093.81,5,3545.73,3.24,Monday
2024-02-01,FB-CVR-001,Facebook,Conversion,Compras,Retargeting carrito abandonado,1975,101,0.05113,13.06,1324.65,7,3485.94,2.63,Thursday
2024-05-08,FB-CON-001,Facebook,Consideracion,Trafico,Retargeting visitantes 30 días,4694,196,0.04175,6.43,1265.6,6,4362.77,3.45,Wednesday
2024-11-25,GG-SRC-001,Google,Search,Clics,Intención: cursos de yoga online MX,579,48,0.0828,20.51,1001.28,1,596.76,0.6,Monday
2024-01-29,FB-AWA-001,Facebook,Awareness,Alcance,Mujeres 25-40 CDMX interesadas en bienestar,7272,232,0.0319,5.4,1256.53,2,1104.28,0.88,Monday
2024-06-16,FB-CVR-001,Facebook,Conversion,Compras,Retargeting carrito abandonado,2044,111,0.05429,10.52,1168.97,5,3758.29,3.22,Sunday
2024-09-08,FB-AWA-002,Facebook,Awareness,Alcance,Lookalike 1% compradores anteriores,7365,116,0.01575,4.08,476.82,0,0.0,0.0,Sunday
2024-03-07,FB-CVR-002,Facebook,Conversion,Compras,Lookalike 3% suscriptores activos,1682,90,0.05348,12.64,1150.09,4,2697.09,2.35,Thursday
2024-07-21,GG-SRC-002,Google,Search,Clics,Intención: meditacion guiada online,450,19,0.04219,20.97,417.45,0,0.0,0.0,Sunday
2024-03-10,GG-YTB-001,Google,YouTube,Vistas,"Canal: wellness, yoga, fitness",5141,126,0.02451,5.19,658.09,1,417.11,0.63,Sunday
2024-09-01,FB-CON-002,Facebook,Consideracion,Trafico,"Intereses: yoga, meditacion, fitness",2565,88,0.0343,7.01,617.62,2,1715.51,2.78,Sunday
2024-03-28,GG-SRC-002,Google,Search,Clics,Intención: meditacion guiada online,441,33,0.07472,22.07,743.01,1,753.34,1.01,Thursday
2024-11-16,GG-DSP-001,Google,Display,Impresiones,Afinidad: bienestar y fitness,14067,133,0.00945,2.73,363.4,1,569.58,1.57,Saturday
2024-06-23,GG-SRC-003,Google,Search,Clics,Intención: como perder peso en casa,302,34,0.11229,17.01,593.1,1,604.3,1.02,Sunday
2024-04-21,FB-AWA-002,Facebook,Awareness,Alcance,Lookalike 1% compradores anteriores,12506,186,0.01487,3.89,726.15,1,554.81,0.76,Sunday
2024-01-27,GG-SRC-001,Google,Search,Clics,Intención: cursos de yoga online MX,438,60,0.13673,19.35,1176.56,6,4556.35,3.87,Saturday
2024-09-21,FB-CVR-001,Facebook,Conversion,Compras,Retargeting carrito abandonado,1628,81,0.04975,11.76,953.41,3,1428.25,1.5,Saturday
2024-05-30,FB-CON-002,Facebook,Consideracion,Trafico,"Intereses: yoga, meditacion, fitness",4708,134,0.02846,6.62,887.28,4,1868.62,2.11,Thursday
2024-07-23,GG-SRC-001,Google,Search,Clics,Intención: cursos de yoga online MX,1181,50,0.04231,13.46,680.49,1,610.57,0.9,Tuesday
2024-04-20,FB-CVR-001,Facebook,Conversion,Compras,Retargeting carrito abandonado,1409,73,0.05178,15.8,1154.27,5,2936.11,2.54,Saturday
2024-02-19,FB-CON-002,Facebook,Consideracion,Trafico,"Intereses: yoga, meditacion, fitness",4110,147,0.03576,6.82,1005.1,3,2712.16,2.7,Monday
2024-08-31,GG-SRC-002,Google,Search,Clics,Intención: meditacion guiada online,403,29,0.07184,17.92,527.33,1,778.82,1.48,Saturday
2024-09-24,FB-CON-001,Facebook,Consideracion,Trafico,Retargeting visitantes 30 días,4818,152,0.03154,6.98,1064.29,3,2313.81,2.17,Tuesday
2024-01-20,GG-SRC-003,Google,Search,Clics,Intención: como perder peso en casa,412,48,0.11641,17.79,861.38,5,3560.32,4.13,Saturday
2024-03-06,FB-CVR-002,Facebook,Conversion,Compras,Lookalike 3% suscriptores activos,2157,91,0.04219,13.45,1231.68,5,3065.18,2.49,Wednesday
2024-11-15,FB-CON-001,Facebook,Consideracion,Trafico,Retargeting visitantes 30 días,4136,127,0.0307,6.33,809.5,3,2007.55,2.48,Friday
2024-02-27,GG-SRC-002,Google,Search,Clics,Intención: meditacion guiada online,420,36,0.08568,18.85,692.85,1,582.41,0.84,Tuesday
2024-01-16,GG-DSP-001,Google,Display,Impresiones,Afinidad: bienestar y fitness,13812,242,0.01752,3.33,807.43,4,3906.63,4.84,Tuesday
2024-07-17,FB-AWA-002,Facebook,Awareness,Alcance,,10159,93,,4.92,461.32,0,0.0,0.0,Wednesday
2024-12-13,GG-DSP-001,Google,Display,Impresiones,Afinidad: bienestar y fitness,18467,113,0.00612,2.45,277.9,0,0.0,0.0,Friday
2024-04-19,FB-CON-002,Facebook,Consideracion,Trafico,"Intereses: yoga, meditacion, fitness",2917,124,0.0425,7.75,962.12,3,2573.31,2.67,Friday
2024-09-08,GG-DSP-002,Google,Display,Impresiones,Remarketing sitio web 7 días,13852,166,0.01198,3.39,564.55,1,726.87,1.29,Sunday
2024-02-06,FB-CVR-002,Facebook,Conversion,Compras,Lookalike 3% suscriptores activos,1959,102,0.05205,10.86,1109.65,6,2053.73,1.85,Tuesday
2024-10-20,FB-AWA-001,Facebook,Awareness,Alcance,Mujeres 25-40 CDMX interesadas en bienestar,8567,110,0.01284,5.06,560.94,0,0.0,0.0,Sunday
2024-03-09,GG-SRC-001,Google,Search,Clics,Intención: cursos de yoga online MX,631,41,0.06492,21.39,885.56,2,1120.3,1.27,Saturday
2024-07-12,GG-SRC-001,Google,Search,Clics,Intención: cursos de yoga online MX,574,35,0.06088,17.71,626.19,1,860.81,1.37,Friday
2024-04-01,GG-DSP-001,google,Display,Impresiones,Afinidad: bienestar y fitness,13410,184,0.01372,3.48,643.21,1,542.91,0.84,Monday
2024-12-10,FB-AWA-001,Facebook,Awareness,Alcance,Mujeres 25-40 CDMX interesadas en bienestar,10424,105,0.01007,4.32,455.19,0,0.0,0.0,Tuesday
2024-05-27,GG-SRC-002,GOOGLE,Search,Clics,Intención: meditacion guiada online,570,67,0.11741,16.31,1097.23,4,2129.73,1.94,Monday
2024-04-16,GG-DSP-001,Google,Display,Impresiones,Afinidad: bienestar y fitness,17432,252,0.01446,2.55,644.44,3,2348.44,3.64,Tuesday
2024-10-17,GG-SRC-003,Google,Search,Clics,Intención: como perder peso en casa,407,32,0.07849,20.51,657.76,1,611.52,0.93,Thursday
2024-02-02,FB-CVR-002,Facebook,Conversion,Compras,Lookalike 3% suscriptores activos,1960,103,0.05254,9.83,1022.65,7,4643.78,4.54,Friday
2024-05-04,GG-DSP-002,Google,Display,Impresiones,Remarketing sitio web 7 días,19261,206,0.0107,3.02,621.91,2,1736.21,2.79,Saturday
2024-12-21,FB-CVR-001,Facebook,Conversion,,,3242,63,,9.5,603.25,2,1395.31,2.31,Saturday
2024-04-03,GG-SRC-003,Google,Search,Clics,Intención: como perder peso en casa,428,41,0.0956,17.46,722.74,1,517.13,0.72,Wednesday
2024-07-26,FB-CON-001,Facebook,Consideracion,Trafico,Retargeting visitantes 30 días,5181,83,0.01602,6.31,527.69,1,759.43,1.44,Friday
2024-01-19,FB-CON-002,Facebook,Consideracion,Trafico,"Intereses: yoga, meditacion, fitness",3797,227,0.05978,6.85,1556.01,7,5344.23,3.43,Friday
2024-03-10,FB-CVR-002,Facebook,Conversion,Compras,Lookalike 3% suscriptores activos,1551,65,0.04191,11.82,770.83,3,1372.79,1.78,Sunday
2024-11-19,FB-CVR-002,Facebook,Conversion,,,2228,83,,11.95,1000.21,3,2052.06,2.05,Tuesday
2024-07-27,FB-CON-001,Facebook,Consideracion,Trafico,Retargeting visitantes 30 días,4160,74,0.01779,7.03,521.01,1,796.04,1.53,Saturday
2024-09-04,GG-DSP-002,Google,Display,Impresiones,Remarketing sitio web 7 días,17811,200,0.01123,3.51,703.89,2,1475.19,2.1,Wednesday
2024-05-30,GG-YTB-001,Google,YouTube,Vistas,"Canal: wellness, yoga, fitness",5892,150,0.02545,6.41,965.59,3,2021.7,2.09,Thursday
2024-01-21,FB-CON-002,Facebook,Consideracion,Trafico,"Intereses: yoga, meditacion, fitness",3094,151,0.04879,7.51,1138.13,6,4046.66,3.56,Sunday
2024-05-05,FB-CVR-002,Facebook,Conversion,Compras,Lookalike 3% suscriptores activos,1302,89,0.06832,10.88,973.83,5,2922.51,3.0,Sunday
2024-06-10,GG-SRC-002,Google,Search,Clics,Intención: meditacion guiada online,512,44,0.08584,20.89,932.57,2,1497.2,1.61,Monday
2024-01-25,GG-SRC-003,Google,Search,Clics,Intención: como perder peso en casa,319,40,0.12532,19.37,777.94,2,1359.59,1.75,Thursday
2024-08-31,FB-CON-002,Facebook,Consideracion,Trafico,"Intereses: yoga, meditacion, fitness",3392,97,0.02859,6.61,646.48,1,749.52,1.16,Saturday
2024-04-16,FB-CON-001,Facebook,Consideracion,Trafico,Retargeting visitantes 30 días,4556,165,0.03621,6.03,995.22,4,2460.8,2.47,Tuesday
2024-02-03,GG-DSP-002,Google,Display,Impresiones,Remarketing sitio web 7 días,13267,150,0.01131,3.5,528.31,0,0.0,0.0,Saturday
2024-11-26,FB-CVR-001,Facebook,Conversion,Compras,Retargeting carrito abandonado,1776,80,0.04504,11.07,893.5,4,2289.15,2.56,Tuesday
2024-04-25,GG-SRC-001,Google,Search,Clics,Intención: cursos de yoga online MX,544,68,0.125,18.07,1241.23,5,3232.24,2.6,Thursday
2024-11-24,GG-SRC-001,Google,Search,Clics,Intención: cursos de yoga online MX,751,47,0.06258,16.07,770.38,2,1116.58,1.45,Sunday
2024-10-01,GG-DSP-001,Google,Display,Impresiones,Afinidad: bienestar y fitness,17006,184,0.01082,3.0,553.44,1,517.99,0.94,Tuesday
2024-05-24,FB-CVR-001,Facebook,Conversion,,,1336,115,,13.16,1516.48,12,9520.67,6.28,Friday
2024-02-24,GG-SRC-002,Google,Search,Clics,Intención: meditacion guiada online,448,32,0.07133,17.58,577.78,2,1480.88,2.56,Saturday
2024-05-25,GG-SRC-003,Google,Search,Clics,Intención: como perder peso en casa,419,36,0.08579,19.05,694.61,1,620.05,0.89,Saturday
2024-09-04,GG-DSP-001,Google,Display,Impresiones,Afinidad: bienestar y fitness,10491,106,0.0101,4.09,436.34,1,759.87,1.74,Wednesday
2024-12-03,FB-CON-002,Facebook,Consideracion,Trafico,"Intereses: yoga, meditacion, fitness",3164,56,0.01769,7.62,427.31,0,0.0,0.0,Tuesday
2024-10-14,GG-DSP-002,Google,Display,Impresiones,Remarketing sitio web 7 días,18848,175,0.00928,3.2,560.39,1,565.6,1.01,Monday
2024-08-08,FB-CVR-001,Facebook,Conversion,Compras,Retargeting carrito abandonado,1916,92,0.04801,10.87,1007.02,3,1380.12,1.37,Thursday
2024-08-30,GG-SRC-003,Google,Search,Clics,Intención: como perder peso en casa,478,32,0.06682,17.78,571.01,1,466.36,0.82,Friday
2024-12-30,FB-CVR-001,Facebook,Conversion,Compras,Retargeting carrito abandonado,2164,43,0.01986,12.35,539.84,1,637.07,1.18,Monday
2024-12-18,GG-DSP-001,Google,Display,Impresiones,Afinidad: bienestar y fitness,17785,89,0.005,3.43,308.02,0,0.0,0.0,Wednesday
2024-11-10,GG-DSP-002,Google,Display,Impresiones,Remarketing sitio web 7 días,15914,139,0.00873,3.41,476.45,1,775.92,1.63,Sunday
2024-03-30,GG-DSP-001,Google,Display,Impresiones,Afinidad: bienestar y fitness,16393,105,0.0064,3.98,419.38,0,0.0,0.0,Saturday
2024-10-02,FB-CON-002,Facebook,Consideracion,Trafico,"Intereses: yoga, meditacion, fitness",2502,95,0.03797,7.97,758.9,1,469.44,0.62,Wednesday
2024-11-16,FB-CVR-002,Facebook,Conversion,Compras,Lookalike 3% suscriptores activos,1614,57,0.0353,13.45,775.85,2,1210.23,1.56,Saturday
2024-08-10,GG-SRC-001,Google,Search,Clics,Intención: cursos de yoga online MX,604,35,0.05787,16.49,592.86,1,782.36,1.32,Saturday
2024-10-03,FB-CVR-002,Facebook,Conversion,Compras,Lookalike 3% suscriptores activos,3030,109,0.03596,10.49,1150.13,4,2927.36,2.55,Thursday
2024-08-23,GG-SRC-001,Google,Search,Clics,Intención: cursos de yoga online MX,775,53,0.06832,17.7,952.07,1,656.48,0.69,Friday
2024-03-04,FB-CON-002,Facebook,Consideracion,Trafico,"Intereses: yoga, meditacion, fitness",3864,144,0.03727,5.08,736.45,4,3501.13,4.75,Monday
2024-06-11,FB-CON-001,Facebook,Consideracion,Trafico,Retargeting visitantes 30 días,3894,177,0.04545,6.78,1199.52,4,3322.09,2.77,Tuesday
2024-07-29,FB-CVR-002,Facebook,Conversion,Compras,Lookalike 3% suscriptores activos,1348,46,0.03412,13.69,631.79,1,765.87,1.21,Monday
2024-11-18,FB-AWA-001,Facebook,Awareness,Alcance,Mujeres 25-40 CDMX interesadas en bienestar,11790,178,0.0151,3.81,678.0,1,557.55,0.82,Monday
2024-12-18,GG-SRC-003,Google,Search,Clics,Intención: como perder peso en casa,431,18,0.04172,19.2,348.0,0,0.0,0.0,Wednesday
2024-07-14,FB-CON-001,Facebook,Consideracion,Trafico,Retargeting visitantes 30 días,4395,73,0.01661,6.41,472.27,1,668.2,1.41,Sunday
2024-05-31,GG-YTB-001,Google,YouTube,Vistas,"Canal: wellness, yoga, fitness",5407,163,0.03014,5.32,870.13,1,599.56,0.69,Friday
2024-10-01,FB-CVR-001,Facebook,Conversion,Compras,Retargeting carrito abandonado,1941,99,0.051,11.03,1095.56,7,5385.99,4.92,Tuesday
2024-03-13,FB-CVR-001,Facebook,Conversion,Compras,Retargeting carrito abandonado,1580,84,0.05315,14.08,1192.41,5,2397.15,2.01,Wednesday
2024-10-09,GG-DSP-002,Google,Display,Impresiones,Remarketing sitio web 7 días,20241,188,0.00929,2.99,565.56,1,980.86,1.73,Wednesday
2024-06-09,FB-AWA-001,Facebook,Awareness,Alcance,Mujeres 25-40 CDMX interesadas en bienestar,9388,167,0.01779,4.54,760.96,1,841.26,1.11,Sunday
2024-12-04,GG-DSP-002,Google,Display,Impresiones,Remarketing sitio web 7 días,21151,109,0.00515,3.09,338.82,0,0.0,0.0,Wednesday
2024-10-19,GG-SRC-003,Google,Search,Clics,Intención: como perder peso en casa,368,27,0.07319,19.45,533.63,1,486.57,0.91,Saturday
2024-10-03,FB-CON-001,Facebook,Consideracion,Trafico,Retargeting visitantes 30 días,4835,155,0.03205,6.14,957.67,5,3313.84,3.46,Thursday
2024-01-10,FB-AWA-001,Facebook,Awareness,Alcance,Mujeres 25-40 CDMX interesadas en bienestar,14145,301,0.02128,4.4,1327.9,2,850.59,0.64,Wednesday
2024-05-22,FB-CON-001,Facebook,Consideracion,Trafico,Retargeting visitantes 30 días,3264,157,0.0481,7.45,1173.14,4,1450.71,1.24,Wednesday
2024-09-13,GG-YTB-001,Google,YouTube,Vistas,"Canal: wellness, yoga, fitness",5835,136,0.02331,5.63,769.51,2,1428.09,1.86,Friday
2024-04-27,FB-CON-001,Facebook,Consideracion,Trafico,Retargeting visitantes 30 días,4202,137,0.0326,7.51,1031.32,1,533.0,0.52,Saturday
2024-02-21,FB-CVR-002,Facebook,Conversion,Compras,Lookalike 3% suscriptores activos,1836,116,0.06315,11.91,1392.79,8,4723.54,3.39,Wednesday
2024-08-31,FB-CVR-002,Facebook,Conversion,Compras,Lookalike 3% suscriptores activos,1833,66,0.03599,11.61,774.94,3,1982.1,2.56,Saturday
2024-07-09,FB-AWA-001,Facebook,Awareness,Alcance,Mujeres 25-40 CDMX interesadas en bienestar,11989,125,0.01043,3.6,451.04,0,0.0,0.0,Tuesday
2024-12-31,FB-CON-002,FACEBOOK,Consideracion,Trafico,"Intereses: yoga, meditacion, fitness",3947,62,0.01571,6.96,434.6,0,0.0,0.0,Tuesday
2024-07-30,FB-CON-002,Facebook,Consideracion,Trafico,"Intereses: yoga, meditacion, fitness",2857,63,0.02205,7.65,484.59,1,958.24,1.98,Tuesday
2024-01-04,FB-CVR-001,FB,Conversion,Compras,Retargeting carrito abandonado,2761,192,0.06954,10.46,2008.25,19,11660.06,5.81,Thursday
2024-05-07,FB-CON-002,Facebook,Consideracion,Trafico,"Intereses: yoga, meditacion, fitness",3120,150,0.04807,6.86,1032.44,4,2057.72,1.99,Tuesday
2024-09-03,GG-YTB-001,Google,YouTube,Vistas,"Canal: wellness, yoga, fitness",5638,141,0.025,4.92,697.25,2,1667.93,2.39,Tuesday
2024-09-14,FB-CVR-001,Facebook,Conversion,Compras,Retargeting carrito abandonado,1278,66,0.05164,13.56,900.26,5,3497.95,3.89,Saturday
2024-03-15,GG-YTB-001,Google,YouTube,Vistas,"Canal: wellness, yoga, fitness",4677,95,0.02031,6.69,636.67,1,919.13,1.44,Friday
2024-08-13,GG-SRC-003,Google,Search,,,341,26,,17.2,451.6,1,756.33,1.67,Tuesday
2024-01-12,FB-CON-002,Facebook,Consideracion,Trafico,"Intereses: yoga, meditacion, fitness",3504,187,0.05336,7.39,1382.64,7,4804.67,3.47,Friday
2024-05-28,FB-AWA-001,Facebook,Awareness,Alcance,Mujeres 25-40 CDMX interesadas en bienestar,9914,220,0.02219,4.63,1020.31,2,1159.5,1.14,Tuesday
2024-02-03,FB-CON-002,Facebook,Consideracion,Trafico,"Intereses: yoga, meditacion, fitness",3833,101,0.02635,7.95,807.68,2,1306.13,1.62,Saturday
2024-01-26,GG-DSP-002,Google,Display,Impresiones,Remarketing sitio web 7 días,16664,325,0.0195,3.06,995.87,3,1440.66,1.45,Friday
2024-02-14,FB-CVR-001,Facebook,Conversion,Compras,Retargeting carrito abandonado,1764,92,0.05215,13.19,1213.44,5,1944.66,1.6,Wednesday
2024-04-20,FB-CON-001,Facebook,Consideracion,Trafico,Retargeting visitantes 30 días,3815,118,0.03093,7.89,931.39,4,2206.81,2.37,Saturday
10-03-2024,GG-SRC-003,Google,Search,Clics,Intención: como perder peso en casa,356,25,0.07006,20.72,531.34,1,453.67,0.85,Thursday
2024-10-24,FB-CVR-002,Facebook,Conversion,Compras,Lookalike 3% suscriptores activos,3397,109,0.03208,11.71,1283.9,6,3299.3,2.57,Thursday
2024-06-20,FB-CON-002,Facebook,Consideracion,Trafico,"Intereses: yoga, meditacion, fitness",2385,98,0.04108,8.7,852.32,3,2639.34,3.1,Thursday
2024-10-08,FB-CON-002,Facebook,Consideracion,Trafico,"Intereses: yoga, meditacion, fitness",3975,128,0.0322,6.82,874.84,2,1344.34,1.54,Tuesday
2024-09-17,GG-YTB-001,Google,YouTube,Vistas,"Canal: wellness, yoga, fitness",3888,98,0.0252,6.68,657.12,1,741.55,1.13,Tuesday
2024-02-21,GG-SRC-003,Google,Search,Clics,Intención: como perder peso en casa,469,33,0.0703,21.78,720.69,1,685.23,0.95,Wednesday
2024-02-25,FB-CVR-001,Facebook,Conversion,Compras,Retargeting carrito abandonado,2060,101,0.04901,11.16,1136.35,6,4596.74,4.05,Sunday
2024-10-14,GG-YTB-001,Google,YouTube,Vistas,"Canal: wellness, yoga, fitness",6117,138,0.02256,5.56,767.7,1,1134.23,1.48,Monday
2024-11-18,FB-AWA-002,Facebook,Awareness,Alcance,Lookalike 1% compradores anteriores,10027,139,0.01386,4.39,610.27,0,0.0,0.0,Monday
2024-07-05,GG-SRC-002,Google,Search,,,488,24,,19.12,466.64,0,0.0,0.0,Friday
2024-05-04,GG-SRC-003,Google,Search,Clics,Intención: como perder peso en casa,294,30,0.10189,21.42,651.75,1,822.45,1.26,Saturday
2024-08-18,GG-SRC-002,Google,Search,Clics,Intención: meditacion guiada online,472,30,0.06353,18.63,577.19,1,723.53,1.25,Sunday
2024-06-23,FB-CON-001,Facebook,Consideracion,Trafico,Retargeting visitantes 30 días,5528,150,0.02713,7.02,1057.49,5,3736.76,3.53,Sunday
2024-02-24,FB-CVR-002,Facebook,Conversion,Compras,Lookalike 3% suscriptores activos,1838,96,0.0522,12.1,1164.88,5,2476.57,2.13,Saturday
2024-04-06,GG-DSP-002,Google,Display,Impresiones,Remarketing sitio web 7 días,19183,200,0.01043,2.87,575.16,1,772.8,1.34,Saturday
2024-03-23,GG-SRC-002,Google,Search,Clics,Intención: meditacion guiada online,410,36,0.0877,20.54,742.1,1,474.53,0.64,Saturday
2024-06-06,FB-AWA-002,Facebook,Awareness,Alcance,Lookalike 1% compradores anteriores,8969,157,0.0175,4.44,698.23,0,0.0,0.0,Thursday
2024-01-16,FB-CON-001,Facebook,Consideracion,Trafico,Retargeting visitantes 30 días,4683,212,0.04527,5.98,1272.37,6,3866.18,3.04,Tuesday
2024-03-17,FB-CON-001,Facebook,Consideracion,Trafico,Retargeting visitantes 30 días,5395,132,0.02447,6.0,792.35,2,1335.92,1.69,Sunday
2024-04-21,GG-DSP-002,G Ads,Display,Impresiones,Remarketing sitio web 7 días,15542,176,0.01132,3.14,555.34,1,655.16,1.18,Sunday
2024-05-15,FB-CON-002,Facebook,Consideracion,Trafico,"Intereses: yoga, meditacion, fitness",2793,144,0.05155,7.04,1015.51,5,4380.94,4.31,Wednesday
2024-11-05,FB-AWA-002,Facebook,Awareness,Alcance,Lookalike 1% compradores anteriores,6541,87,0.0133,5.18,452.05,0,0.0,0.0,Tuesday
2024-02-19,FB-AWA-001,Facebook,Awareness,Alcance,Mujeres 25-40 CDMX interesadas en bienestar,12957,253,0.01953,3.79,960.23,1,865.95,0.9,Monday
2024-03-04,FB-CON-001,Facebook,Consideracion,Trafico,Retargeting visitantes 30 días,4080,131,0.03211,6.84,901.68,2,1066.97,1.18,Monday
2024-09-22,GG-DSP-002,Google,Display,Impresiones,Remarketing sitio web 7 días,15628,164,0.01049,3.24,533.0,1,431.44,0.81,Sunday
2024-05-12,FB-CVR-001,Facebook,Conversion,Compras,Retargeting carrito abandonado,1780,104,0.0584,11.08,1159.3,10,5305.93,4.58,Sunday
2024-09-03,FB-AWA-001,Facebook,Awareness,Alcance,Mujeres 25-40 CDMX interesadas en bienestar,8926,177,0.01983,4.21,746.97,1,698.12,0.93,Tuesday
2024-11-07,FB-AWA-001,Facebook,Awareness,Alcance,Mujeres 25-40 CDMX interesadas en bienestar,9316,120,0.01288,5.59,675.4,0,0.0,0.0,Thursday
2024-06-30,GG-YTB-001,Google,YouTube,Vistas,,4689,120,0.02559,6.1,732.69,1,765.78,1.05,Sunday
2024-06-07,FB-AWA-002,Facebook,Awareness,Alcance,Lookalike 1% compradores anteriores,7470,167,0.02236,4.89,818.32,1,873.82,1.07,Friday
2024-03-11,GG-DSP-002,Google,Display,Impresiones,Remarketing sitio web 7 días,14713,185,0.01257,3.47,643.6,1,711.69,1.11,Monday
2024-04-14,GG-YTB-001,Google,YouTube,Vistas,"Canal: wellness, yoga, fitness",4240,121,0.02853,5.61,683.62,2,1431.06,2.09,Sunday
2024-10-23,FB-CON-002,Facebook,Consideracion,Trafico,"Intereses: yoga, meditacion, fitness",4115,121,0.0294,6.87,831.52,1,652.71,0.78,Wednesday
2024-11-11,FB-CON-001,Facebook,Consideracion,Trafico,Retargeting visitantes 30 días,3493,96,0.02748,6.83,655.82,1,410.59,0.63,Monday
2024-05-16,GG-DSP-001,Google Ads,Display,Impresiones,Afinidad: bienestar y fitness,13036,196,0.01504,3.17,623.92,2,1182.44,1.9,Thursday
2024-08-29,FB-CON-001,Facebook,Consideracion,Trafico,Retargeting visitantes 30 días,3074,72,0.02342,7.62,548.73,1,530.19,0.97,Thursday
2024-06-09,GG-SRC-002,Google,Search,Clics,Intención: meditacion guiada online,674,57,0.0845,14.22,816.52,4,2317.91,2.84,Sunday
2024-09-17,FB-AWA-002,Facebook,Awareness,Alcance,Lookalike 1% compradores anteriores,6892,155,0.02249,4.59,713.58,0,0.0,0.0,Tuesday
2024-06-21,FB-CVR-002,FB,Conversion,Compras,Lookalike 3% suscriptores activos,1570,112,0.07132,10.7,1205.92,6,2184.04,1.81,Friday
2024-08-22,FB-CVR-001,Facebook,Conversion,Compras,Retargeting carrito abandonado,2142,73,0.03407,14.59,1077.16,2,1023.11,0.95,Thursday
2024-09-02,GG-YTB-001,Google,YouTube,Vistas,"Canal: wellness, yoga, fitness",7002,154,0.02199,5.11,789.66,2,1096.39,1.39,Monday
2024-05-22,GG-DSP-001,Google,Display,Impresiones,Afinidad: bienestar y fitness,12539,187,0.01491,4.0,747.88,3,1988.83,2.66,Wednesday
2024-06-11,GG-SRC-002,Google,Search,Clics,Intención: meditacion guiada online,477,41,0.08586,22.38,932.99,2,1562.72,1.67,Tuesday
2024-03-11,GG-SRC-003,Google,Search,Clics,Intención: como perder peso en casa,652,37,0.05666,18.14,684.86,1,788.06,1.15,Monday
2024-01-27,GG-SRC-002,Google,Search,Clics,Intención: meditacion guiada online,578,58,0.10029,18.04,1056.17,3,1666.99,1.58,Saturday
2024-01-04,FB-CON-001,Facebook,Consideracion,Trafico,Retargeting visitantes 30 días,4297,198,0.04608,6.74,1339.24,7,4864.74,3.63,Thursday
2024-02-19,FB-CVR-001,Facebook,Conversion,Compras,Retargeting carrito abandonado,1375,90,0.06543,12.72,1156.88,4,2838.97,2.45,Monday
2024-05-16,GG-SRC-001,Google,Search,Clics,Intención: cursos de yoga online MX,657,82,0.12464,17.4,1441.46,5,4032.03,2.8,Thursday
2024-03-30,FB-CON-002,Facebook,Consideracion,Trafico,"Intereses: yoga, meditacion, fitness",4278,121,0.02828,6.86,835.74,2,2077.44,2.49,Saturday
2024-01-08,FB-CVR-001,Facebook,Conversion,Compras,Retargeting carrito abandonado,1817,132,0.07263,12.01,1588.65,12,6922.37,4.36,Monday
2024-12-31,GG-SRC-003,Google,Search,Clics,Intención: como perder peso en casa,463,20,0.04319,18.81,379.16,0,0.0,0.0,Tuesday
2024-12-09,GG-DSP-002,Google,Display,Impresiones,Remarketing sitio web 7 días,16851,104,0.00617,3.23,338.43,0,0.0,0.0,Monday
2024-05-19,FB-AWA-001,Facebook,Awareness,Alcance,Mujeres 25-40 CDMX interesadas en bienestar,12018,242,0.02014,4.15,1005.49,1,662.99,0.66,Sunday
2024-02-15,FB-CON-001,Facebook,Consideracion,Trafico,Retargeting visitantes 30 días,2475,109,0.04403,8.43,920.63,2,1121.39,1.22,Thursday
2024-03-07,FB-CON-002,Facebook,Consideracion,Trafico,"Intereses: yoga, meditacion, fitness",4239,134,0.03161,5.99,803.01,3,1554.64,1.94,Thursday
2024-05-23,GG-DSP-001,Google,Display,Impresiones,Afinidad: bienestar y fitness,14853,236,0.01589,3.29,777.06,2,1387.36,1.79,Thursday
2024-12-06,FB-AWA-002,Facebook,Awareness,Alcance,Lookalike 1% compradores anteriores,7763,79,0.01018,4.89,389.03,0,0.0,0.0,Friday
2024-07-15,FB-CVR-002,Facebook,Conversion,Compras,Lookalike 3% suscriptores activos,1851,56,0.03024,11.26,636.33,1,786.77,1.24,Monday
2024-09-19,FB-CON-002,Facebook,Consideracion,Trafico,"Intereses: yoga, meditacion, fitness",3189,142,0.04452,6.03,860.67,3,1357.28,1.58,Thursday
2024-08-22,GG-DSP-001,Google,Display,Impresiones,Afinidad: bienestar y fitness,9632,88,0.00914,3.52,311.2,0,0.0,0.0,Thursday
2024-06-23,GG-SRC-001,Google,Search,Clics,Intención: cursos de yoga online MX,929,84,0.09039,13.83,1163.38,4,2042.16,1.76,Sunday
2024-11-11,FB-AWA-002,Facebook,Awareness,Alcance,Lookalike 1% compradores anteriores,12802,118,0.00922,5.0,590.45,0,0.0,0.0,Monday
2024-04-21,FB-CVR-001,FB,Conversion,Compras,Retargeting carrito abandonado,1809,117,0.06467,10.21,1201.34,9,7460.7,6.21,Sunday
2024-09-12,GG-DSP-002,Google,Display,Impresiones,Remarketing sitio web 7 días,19598,209,0.01066,2.65,554.77,3,1143.69,2.06,Thursday
2024-03-31,FB-CON-001,Facebook,Consideracion,Trafico,Retargeting visitantes 30 días,5544,121,0.02183,6.66,812.11,2,1569.12,1.93,Sunday
2024-12-30,FB-CVR-002,Facebook,Conversion,Compras,Lookalike 3% suscriptores activos,3096,69,0.02228,10.26,708.94,1,535.88,0.76,Monday
2024-06-18,GG-SRC-001,Google,Search,Clics,Intención: cursos de yoga online MX,524,55,0.10486,23.62,1312.06,2,1567.34,1.19,Tuesday
2024-04-03,FB-CVR-001,Facebook,Conversion,Compras,Retargeting carrito abandonado,2476,162,0.06542,10.48,1700.3,11,7700.25,4.53,Wednesday
2024-10-15,FB-AWA-001,Facebook,Awareness,Alcance,Mujeres 25-40 CDMX interesadas en bienestar,13519,170,0.01257,3.75,638.52,0,0.0,0.0,Tuesday
2024-01-26,GG-SRC-002,google,Search,Clics,Intención: meditacion guiada online,493,53,0.10739,21.83,1164.64,3,1827.72,1.57,Friday
2024-01-07,FB-CVR-002,Facebook,Conversion,Compras,Lookalike 3% suscriptores activos,1345,118,0.08771,13.24,1564.42,10,6469.1,4.14,Sunday
2024-02-12,GG-DSP-002,Google,Display,Impresiones,Remarketing sitio web 7 días,18715,198,0.01058,3.26,646.46,1,716.41,1.11,Monday
2024-04-29,FB-CVR-002,Facebook,Conversion,Compras,Lookalike 3% suscriptores activos,1443,108,0.07484,14.26,1550.3,7,5949.92,3.84,Monday
2024-11-28,FB-CON-002,Facebook,Consideracion,Trafico,"Intereses: yoga, meditacion, fitness",4072,112,0.0275,7.58,852.85,2,1281.15,1.5,Thursday
2024-05-24,FB-AWA-001,Facebook,Awareness,Alcance,Mujeres 25-40 CDMX interesadas en bienestar,8715,206,0.02364,4.21,869.38,1,467.37,0.54,Friday
2024-05-13,FB-CVR-001,Facebook,Conversion,Compras,Retargeting carrito abandonado,2236,126,0.05633,13.39,1694.16,10,9509.57,5.61,Monday
2024-02-28,GG-SRC-003,Google,Search,Clics,Intención: como perder peso en casa,365,29,0.07944,21.27,630.85,1,643.66,1.02,Wednesday
2024-11-29,GG-SRC-003,Google,Search,Clics,Intención: como perder peso en casa,494,29,0.05865,17.09,511.54,0,0.0,0.0,Friday
2024-11-20,FB-CON-002,Facebook,Consideracion,Trafico,"Intereses: yoga, meditacion, fitness",3275,113,0.03449,7.13,809.11,1,596.68,0.74,Wednesday
2024-05-12,GG-SRC-002,Google,Search,Clics,Intención: meditacion guiada online,464,39,0.08395,20.32,795.66,2,1355.17,1.7,Sunday
2024-09-10,GG-DSP-002,Google,Display,Impresiones,Remarketing sitio web 7 días,18156,192,0.01057,3.08,593.18,1,799.85,1.35,Tuesday
2024-07-16,FB-CVR-002,Facebook,Conversion,Compras,Lookalike 3% suscriptores activos,1762,63,0.03574,12.15,776.83,1,450.79,0.58,Tuesday
2024-03-25,GG-SRC-003,Google,Search,Clics,Intención: como perder peso en casa,336,31,0.09201,19.41,610.46,1,663.21,1.09,Monday
2024-02-04,GG-DSP-001,Google,Display,Impresiones,Afinidad: bienestar y fitness,12041,162,0.01345,3.45,558.47,1,357.33,0.64,Sunday
2024-12-25,FB-AWA-001,Facebook,Awareness,Alcance,Mujeres 25-40 CDMX interesadas en bienestar,10597,84,0.00793,5.01,423.13,0,0.0,0.0,Wednesday
2024-01-22,GG-DSP-001,Google,Display,Impresiones,Afinidad: bienestar y fitness,15342,257,0.01675,3.41,877.0,3,2615.02,2.98,Monday
2024-11-09,FB-CVR-002,Facebook,Conversion,Compras,Lookalike 3% suscriptores activos,1600,67,0.04187,12.73,863.87,2,1587.78,1.84,Saturday
2024-03-30,GG-YTB-001,G Ads,YouTube,Vistas,"Canal: wellness, yoga, fitness",5730,102,0.0178,5.21,532.72,1,652.36,1.22,Saturday
2024-11-28,GG-DSP-002,Google,Display,Impresiones,Remarketing sitio web 7 días,16362,164,0.01002,3.57,585.12,1,736.8,1.26,Thursday
2024-08-11,GG-SRC-001,Google,Search,Clics,Intención: cursos de yoga online MX,497,27,0.05424,22.36,619.05,0,0.0,0.0,Sunday
2024-10-15,GG-SRC-002,Google,Search,,,630,41,,17.74,742.63,1,658.6,0.89,Tuesday
2024-07-12,GG-DSP-001,Google,Display,Impresiones,Afinidad: bienestar y fitness,28044,106,0.00378,3.2,339.86,0,0.0,0.0,Friday
2024-10-18,GG-YTB-001,Google,YouTube,,,5506,132,,5.16,683.34,1,797.95,1.17,Friday
2024-11-15,FB-CVR-001,Facebook,Conversion,Compras,Retargeting carrito abandonado,2393,93,0.03885,11.11,1038.76,2,1494.41,1.44,Friday
2024-06-04,FB-AWA-001,Facebook,Awareness,,,10391,192,,4.51,867.03,1,751.87,0.87,Tuesday
2024-07-27,GG-SRC-003,Google,Search,Clics,Intención: como perder peso en casa,266,12,0.04495,21.12,264.94,0,0.0,0.0,Saturday
2024-06-30,FB-AWA-001,Facebook,Awareness,Alcance,Mujeres 25-40 CDMX interesadas en bienestar,10666,175,0.01641,3.91,687.88,1,535.31,0.78,Sunday
2024-05-28,GG-SRC-003,Google,Search,Clics,Intención: como perder peso en casa,376,37,0.0982,19.67,737.03,2,1606.46,2.18,Tuesday
2024-01-20,GG-DSP-001,Google,Display,Impresiones,Afinidad: bienestar y fitness,12946,226,0.01746,3.29,744.7,3,1854.28,2.49,Saturday
2024-05-15,GG-DSP-001,Google,Display,Impresiones,Afinidad: bienestar y fitness,16283,256,0.01572,2.81,720.97,2,994.49,1.38,Wednesday
2024-02-28,GG-YTB-001,Google,YouTube,Vistas,"Canal: wellness, yoga, fitness",4855,175,0.03604,4.4,770.96,2,1243.84,1.61,Wednesday
2024-08-21,GG-SRC-002,Google,Search,Clics,Intención: meditacion guiada online,613,40,0.06522,13.96,571.57,1,749.09,1.31,Wednesday
2024-05-04,FB-AWA-002,Facebook,Awareness,Alcance,Lookalike 1% compradores anteriores,7002,144,0.02057,5.61,813.14,1,624.57,0.77,Saturday
2024-12-18,GG-SRC-001,Google,Search,Clics,Intención: cursos de yoga online MX,637,30,0.04703,18.63,574.92,0,0.0,0.0,Wednesday
2024-01-05,FB-CVR-001,Facebook,Conversion,,,2933,163,,12.27,2009.81,13,10250.77,5.1,Friday
2024-09-30,GG-SRC-002,Google,Search,Clics,Intención: meditacion guiada online,725,57,0.0786,15.58,895.66,3,1210.0,1.35,Monday
2024-01-14,FB-CON-002,Facebook,Consideracion,Trafico,"Intereses: yoga, meditacion, fitness",3376,160,0.04738,7.08,1138.9,5,2617.63,2.3,Sunday
2024-01-27,FB-CON-002,Facebook,Consideracion,Trafico,"Intereses: yoga, meditacion, fitness",3203,178,0.05557,6.95,1237.16,4,2859.8,2.31,Saturday
2024-08-26,GG-YTB-001,Google,YouTube,Vistas,"Canal: wellness, yoga, fitness",4350,90,0.02069,5.99,540.44,0,0.0,0.0,Monday
2024-04-28,GG-SRC-001,Google,Search,Clics,Intención: cursos de yoga online MX,681,60,0.08808,15.02,901.89,2,974.57,1.08,Sunday
2024-02-20,GG-DSP-002,Google,Display,Impresiones,Remarketing sitio web 7 días,18827,229,0.01216,2.51,576.55,2,1397.86,2.42,Tuesday
2024-08-16,GG-DSP-002,Google,Display,Impresiones,Remarketing sitio web 7 días,23522,153,0.0065,2.88,442.14,0,0.0,0.0,Friday
2024-01-06,FB-CVR-001,Facebook,Conversion,Compras,Retargeting carrito abandonado,2120,141,0.06651,11.15,1573.07,15,10620.23,6.75,Saturday
2024-06-16,GG-SRC-003,Google,Search,Clics,Intención: como perder peso en casa,322,27,0.08378,24.12,668.4,1,612.5,0.92,Sunday
2024-03-13,FB-CVR-002,Facebook,Conversion,Compras,Lookalike 3% suscriptores activos,1218,75,0.06156,16.54,1255.56,3,2068.4,1.65,Wednesday
2024-02-03,FB-CVR-002,Facebook,Conversion,Compras,Lookalike 3% suscriptores activos,2168,86,0.03967,12.16,1048.07,5,3080.91,2.94,Saturday
2024-01-21,FB-AWA-001,Facebook,Awareness,Alcance,Mujeres 25-40 CDMX interesadas en bienestar,16293,209,0.01283,5.63,1177.89,2,1660.16,1.41,Sunday
2024-04-18,GG-SRC-003,G Ads,Search,Clics,Intención: como perder peso en casa,620,56,0.09021,16.78,951.38,2,1535.49,1.61,Thursday
15/07/2024,FB-AWA-002,Facebook,Awareness,Alcance,Lookalike 1% compradores anteriores,9313,91,0.00977,4.07,372.36,0,0.0,0.0,Monday
2024-03-24,FB-CON-002,Meta,Consideracion,Trafico,"Intereses: yoga, meditacion, fitness",4938,130,0.02632,6.2,808.86,3,2157.34,2.67,Sunday
2024-01-14,FB-CVR-001,Facebook,Conversion,Compras,Retargeting carrito abandonado,2121,130,0.06128,12.59,1637.96,8,6537.9,3.99,Sunday
2024-06-08,GG-DSP-001,Google,Display,Impresiones,Afinidad: bienestar y fitness,13485,172,0.01275,3.3,571.31,1,582.81,1.02,Saturday
2024-08-12,FB-CON-001,Facebook,Consideracion,Trafico,Retargeting visitantes 30 días,5082,120,0.02361,6.39,772.07,1,629.64,0.82,Monday
2024-10-05,GG-SRC-002,Google,Search,Clics,Intención: meditacion guiada online,484,34,0.07022,19.28,658.44,1,754.26,1.15,Saturday
2024-01-08,GG-SRC-002,Google,Search,Clics,Intención: meditacion guiada online,368,62,0.16826,18.76,1165.69,6,3965.83,3.4,Monday
2024-01-23,FB-CON-001,Facebook,Consideracion,Trafico,Retargeting visitantes 30 días,4979,235,0.0472,7.03,1653.42,7,6990.11,4.23,Tuesday
2024-07-16,FB-AWA-002,Facebook,Awareness,Alcance,Lookalike 1% compradores anteriores,6876,85,0.01236,4.95,424.38,0,0.0,0.0,Tuesday
2024-04-05,GG-DSP-002,Google,Display,Impresiones,Remarketing sitio web 7 días,20413,237,0.01161,2.85,677.78,3,2360.62,3.48,Friday
2024-09-05,FB-CON-001,Facebook,Consideracion,Trafico,Retargeting visitantes 30 días,4049,145,0.03581,7.06,1029.4,4,3395.33,3.3,Thursday
2024-10-23,GG-SRC-003,Google,Search,Clics,Intención: como perder peso en casa,277,27,0.09736,22.76,632.21,1,492.47,0.78,Wednesday
2024-10-31,GG-YTB-001,Google,YouTube,Vistas,"Canal: wellness, yoga, fitness",6167,132,0.0214,4.9,647.74,2,1144.42,1.77,Thursday
2024-01-17,GG-SRC-001,Google,Search,Clics,Intención: cursos de yoga online MX,763,83,0.10866,20.16,1687.8,7,7010.7,4.15,Wednesday
2024-03-13,FB-CON-002,Facebook,Consideracion,Trafico,"Intereses: yoga, meditacion, fitness",4202,114,0.02713,7.08,811.44,2,1415.59,1.74,Wednesday
2024-10-31,FB-CVR-001,Facebook,Conversion,Compras,Retargeting carrito abandonado,1883,72,0.03822,11.67,841.92,4,653.08,0.78,Thursday
2024-02-22,FB-CVR-001,Facebook,Conversion,Compras,Retargeting carrito abandonado,2252,103,0.04573,11.04,1145.38,6,3717.35,3.25,Thursday
2024-04-10,FB-CVR-002,Facebook,Conversion,Compras,Lookalike 3% suscriptores activos,1485,104,0.07001,11.94,1250.41,9,4867.91,3.89,Wednesday
2024-02-17,FB-CON-002,Facebook,Consideracion,Trafico,"Intereses: yoga, meditacion, fitness",3003,86,0.02863,6.97,599.7,2,1140.13,1.9,Saturday
2024-11-13,FB-CON-002,Facebook,Consideracion,Trafico,"Intereses: yoga, meditacion, fitness",3184,118,0.03706,5.91,698.62,2,1317.76,1.89,Wednesday
2024-07-30,FB-AWA-001,Facebook,Awareness,Alcance,Mujeres 25-40 CDMX interesadas en bienestar,11525,89,0.00772,5.11,457.84,0,0.0,0.0,Tuesday
2024-10-05,GG-YTB-001,Google,YouTube,Vistas,"Canal: wellness, yoga, fitness",5534,124,0.0224,4.93,613.44,1,653.51,1.07,Saturday
2024-01-28,GG-SRC-002,Google,Search,Clics,Intención: meditacion guiada online,351,53,0.15074,19.9,1057.96,3,2853.87,2.7,Sunday
2024-09-07,FB-AWA-001,Facebook,Awareness,Alcance,Mujeres 25-40 CDMX interesadas en bienestar,12160,151,0.01242,4.39,664.01,0,0.0,0.0,Saturday
2024-07-18,GG-DSP-002,Google,Display,Impresiones,Remarketing sitio web 7 días,14467,111,0.00767,3.14,348.68,0,0.0,0.0,Thursday
2024-03-22,FB-AWA-001,Facebook,Awareness,Alcance,Mujeres 25-40 CDMX interesadas en bienestar,14446,193,0.01336,4.18,810.84,1,789.21,0.97,Friday
2024-03-12,FB-CVR-002,Facebook,Conversion,Compras,Lookalike 3% suscriptores activos,1486,84,0.05652,12.67,1067.83,3,2033.97,1.9,Tuesday
2024-07-03,FB-AWA-002,Facebook,Awareness,Alcance,Lookalike 1% compradores anteriores,7329,82,0.01119,4.6,379.59,0,0.0,0.0,Wednesday
2024-01-20,FB-CON-002,Facebook,Consideracion,Trafico,"Intereses: yoga, meditacion, fitness",2953,139,0.04707,7.76,1082.32,5,2948.88,2.72,Saturday
2024-12-11,FB-AWA-002,Facebook,Awareness,Alcance,Lookalike 1% compradores anteriores,7271,64,0.0088,5.34,343.61,0,0.0,0.0,Wednesday
2024-07-26,GG-DSP-002,Google,Display,Impresiones,Remarketing sitio web 7 días,17215,95,0.00552,3.14,301.13,0,0.0,0.0,Friday
2024-09-13,GG-SRC-001,Google,Search,Clics,Intención: cursos de yoga online MX,592,55,0.09284,21.41,1196.62,2,1462.58,1.22,Friday
2024-11-25,GG-SRC-001,Google,Search,Clics,Intención: cursos de yoga online MX,579,48,0.0828,20.51,1001.28,1,596.76,0.6,Monday
2024-11-14,GG-DSP-001,Google,Display,Impresiones,Afinidad: bienestar y fitness,15062,115,0.00763,3.5,405.53,0,0.0,0.0,Thursday
2024-05-09,GG-SRC-002,Google,Search,Clics,Intención: meditacion guiada online,565,59,0.10428,20.05,1189.89,2,1683.5,1.41,Thursday
2024-12-01,FB-CVR-002,Facebook,Conversion,Compras,Lookalike 3% suscriptores activos,1882,39,0.02072,12.91,506.58,1,513.19,1.01,Sunday
2024-08-09,FB-AWA-001,Facebook,Awareness,Alcance,Mujeres 25-40 CDMX interesadas en bienestar,15501,174,0.01122,3.78,658.92,0,0.0,0.0,Friday
2024-06-06,FB-AWA-001,Facebook,Awareness,Alcance,Mujeres 25-40 CDMX interesadas en bienestar,14044,210,0.01495,4.46,938.01,1,366.51,0.39,Thursday
2024-07-18,FB-AWA-001,Facebook,Awareness,Alcance,Mujeres 25-40 CDMX interesadas en bienestar,13318,123,0.00924,4.27,527.7,0,0.0,0.0,Thursday
2024-12-14,GG-SRC-003,Google,Search,Clics,Intención: como perder peso en casa,317,13,0.04088,21.62,281.29,0,0.0,0.0,Saturday
2024-01-11,GG-SRC-002,Google,Search,Clics,Intención: meditacion guiada online,507,65,0.128,19.9,1302.65,7,4756.87,3.65,Thursday
2024-10-04,FB-CON-001,Facebook,Consideracion,Trafico,Retargeting visitantes 30 días,4400,149,0.03386,6.51,974.2,3,2226.01,2.28,Friday
2024-05-11,GG-SRC-003,Google,Search,Clics,Intención: como perder peso en casa,395,43,0.10865,18.7,813.6,2,1128.08,1.39,Saturday
2024-02-26,FB-CVR-002,Facebook,Conversion,Compras,Lookalike 3% suscriptores activos,1266,76,0.06003,14.38,1105.88,5,2657.2,2.4,Monday
2024-09-28,GG-DSP-002,Google,Display,Impresiones,Remarketing sitio web 7 días,14278,167,0.0117,3.06,512.55,2,1478.39,2.88,Saturday
2024-11-26,FB-AWA-002,Facebook,Awareness,Alcance,Lookalike 1% compradores anteriores,11411,133,0.01166,3.69,492.23,0,0.0,0.0,Tuesday
2024-12-13,GG-SRC-002,Google Ads,Search,Clics,Intención: meditacion guiada online,400,21,0.05249,17.01,363.33,0,0.0,0.0,Friday
2024-12-08,GG-SRC-001,Google,Search,Clics,Intención: cursos de yoga online MX,505,25,0.04941,19.34,494.46,0,0.0,0.0,Sunday
2024-11-06,GG-SRC-001,Google,Search,Clics,Intención: cursos de yoga online MX,815,45,0.05518,22.41,1028.21,1,588.33,0.57,Wednesday
2024-08-22,FB-AWA-002,Facebook,Awareness,Alcance,,10472,119,0.01136,4.55,543.29,0,0.0,0.0,Thursday
2024-03-05,GG-SRC-003,Google,Search,Clics,Intención: como perder peso en casa,367,34,0.09262,18.77,647.9,1,438.88,0.68,Tuesday
2024-04-14,GG-DSP-002,Google,Display,Impresiones,Remarketing sitio web 7 días,16866,199,0.0118,3.45,688.64,2,730.48,1.06,Sunday
2024-02-09,FB-AWA-001,Facebook,Awareness,Alcance,Mujeres 25-40 CDMX interesadas en bienestar,18643,238,0.01277,4.05,965.15,1,382.98,0.4,Friday
2024-05-09,FB-CON-001,Facebook,Consideracion,Trafico,Retargeting visitantes 30 días,4397,198,0.04502,6.54,1300.87,5,3047.71,2.34,Thursday
2024-08-02,GG-DSP-002,Google,Display,Impresiones,,21437,158,,2.84,450.14,0,0.0,0.0,Friday
2024-12-13,FB-CON-002,Facebook,Consideracion,Trafico,"Intereses: yoga, meditacion, fitness",2767,51,0.01843,8.34,426.85,0,0.0,0.0,Friday
2024-02-17,FB-AWA-001,Facebook,Awareness,Alcance,Mujeres 25-40 CDMX interesadas en bienestar,12533,152,0.01213,4.39,669.33,0,0.0,0.0,Saturday
2024-10-11,GG-DSP-001,Google,Display,Impresiones,Afinidad: bienestar y fitness,12739,137,0.01075,3.45,473.52,0,0.0,0.0,Friday
2024-06-29,GG-SRC-002,Google,Search,Clics,Intención: meditacion guiada online,428,33,0.07697,21.07,710.78,2,1608.52,2.26,Saturday
09-01-2024,FB-CVR-001,Facebook,Conversion,Compras,Retargeting carrito abandonado,1949,85,0.04359,10.78,922.79,5,3304.82,3.58,Sunday
2024-06-23,GG-YTB-001,Google,YouTube,Vistas,"Canal: wellness, yoga, fitness",7147,186,0.02602,3.7,692.33,2,926.33,1.34,Sunday
2024-02-23,FB-AWA-001,Facebook,Awareness,Alcance,Mujeres 25-40 CDMX interesadas en bienestar,12471,204,0.01636,4.86,995.28,1,860.58,0.86,Friday
2024-06-09,GG-SRC-001,Google,Search,Clics,Intención: cursos de yoga online MX,381,41,0.10741,19.86,823.59,1,498.37,0.61,Sunday
2024-11-03,FB-CON-001,Facebook,Consideracion,Trafico,Retargeting visitantes 30 días,3429,84,0.02449,7.91,666.21,1,724.37,1.09,Sunday
2024-06-17,FB-CON-001,Facebook,Consideracion,Trafico,Retargeting visitantes 30 días,3785,147,0.03884,6.88,1015.91,3,1584.07,1.56,Monday
2024-02-04,GG-DSP-002,Google,Display,Impresiones,Remarketing sitio web 7 días,19237,171,0.00889,2.96,506.44,1,573.29,1.13,Sunday
2024-03-09,GG-DSP-002,Google,Display,Impresiones,Remarketing sitio web 7 días,16727,164,0.0098,2.86,469.87,1,861.78,1.83,Saturday
2024-03-29,FB-CON-002,Facebook,Consideracion,Trafico,"Intereses: yoga, meditacion, fitness",3760,114,0.03031,6.99,802.65,1,626.72,0.78,Friday
2024-09-27,FB-CVR-001,Facebook,Conversion,Compras,Retargeting carrito abandonado,3454,143,0.0414,10.4,1490.97,7,3476.27,2.33,Friday
2024-04-01,FB-CVR-002,Facebook,Conversion,Compras,Lookalike 3% suscriptores activos,1682,128,0.07606,11.15,1430.63,6,4696.42,3.28,Monday
2024-09-12,GG-SRC-001,Google,Search,Clics,Intención: cursos de yoga online MX,694,62,0.08926,19.14,1190.44,3,1998.03,1.68,Thursday
2024-06-05,GG-SRC-001,Google,Search,Clics,Intención: cursos de yoga online MX,619,75,0.12102,16.2,1222.64,5,3288.43,2.69,Wednesday
2024-05-15,FB-CVR-002,Facebook,Conversion,Compras,Lookalike 3% suscriptores activos,1716,95,0.05534,15.34,1463.14,5,2195.29,1.5,Wednesday
2024-05-23,GG-YTB-001,Google,YouTube,Vistas,"Canal: wellness, yoga, fitness",5545,191,0.03444,4.8,916.73,2,1557.63,1.7,Thursday
2024-01-28,GG-DSP-002,Google,Display,Impresiones,Remarketing sitio web 7 días,22053,245,0.01111,3.32,814.57,3,1722.81,2.11,Sunday
2024-02-13,GG-DSP-001,Google,Display,Impresiones,Afinidad: bienestar y fitness,19962,180,0.00902,3.52,635.07,2,926.81,1.46,Tuesday
2024-07-09,FB-CON-002,Facebook,Consideracion,Trafico,"Intereses: yoga, meditacion, fitness",3652,89,0.02437,6.32,564.69,1,1002.82,1.78,Tuesday
2024-04-28,FB-CON-001,Facebook,Consideracion,Trafico,Retargeting visitantes 30 días,3391,142,0.04187,7.07,1006.1,2,1137.78,1.13,Sunday
2024-05-10,FB-CVR-001,Facebook,Conversion,Compras,Retargeting carrito abandonado,2008,139,0.06921,10.47,1459.92,12,5740.82,3.93,Friday
2024-02-10,GG-DSP-001,Google,Display,Impresiones,Afinidad: bienestar y fitness,11036,121,0.01096,3.96,481.04,0,0.0,0.0,Saturday
2024-04-03,FB-AWA-002,Facebook,Awareness,Alcance,Lookalike 1% compradores anteriores,9881,198,0.02004,4.23,840.34,1,455.17,0.54,Wednesday
2024-02-29,FB-CON-002,Facebook,Consideracion,,,4872,148,,6.22,923.48,4,3533.62,3.83,Thursday
2024-10-23,GG-SRC-002,Google,Search,Clics,Intención: meditacion guiada online,359,27,0.07514,21.85,606.61,1,788.28,1.3,Wednesday
2024-08-31,GG-YTB-001,Google,YouTube,Vistas,"Canal: wellness, yoga, fitness",4216,74,0.01755,6.07,449.74,0,0.0,0.0,Saturday
2024-06-04,GG-YTB-001,Google,YouTube,Vistas,"Canal: wellness, yoga, fitness",7751,188,0.02425,5.09,962.5,3,1733.09,1.8,Tuesday
2024-05-13,GG-SRC-002,Google,Search,Clics,Intención: meditacion guiada online,516,41,0.07945,23.04,963.64,2,955.81,0.99,Monday
2024-04-05,GG-SRC-003,google,Search,Clics,Intención: como perder peso en casa,497,43,0.08644,16.07,700.62,2,1440.28,2.06,Friday
2024-02-25,FB-CVR-001,Facebook,Conversion,Compras,Retargeting carrito abandonado,2060,101,0.04901,11.16,1136.35,6,4596.74,4.05,Sunday
2024-11-30,FB-CON-002,Facebook,Consideracion,Trafico,"Intereses: yoga, meditacion, fitness",2426,75,0.03091,7.49,567.25,1,771.57,1.36,Saturday
2024-04-26,GG-SRC-002,google,Search,Clics,Intención: meditacion guiada online,318,35,0.10983,21.73,763.25,1,721.51,0.95,Friday
2024-06-29,FB-CON-001,Facebook,Consideracion,Trafico,,4127,128,,6.73,864.09,3,2187.29,2.53,Saturday
2024-09-20,FB-CVR-002,Facebook,Conversion,Compras,Lookalike 3% suscriptores activos,1446,76,0.05254,14.61,1111.16,4,3675.53,3.31,Friday
2024-10-18,FB-AWA-002,Facebook,Awareness,Alcance,Lookalike 1% compradores anteriores,6027,96,0.01593,4.63,448.11,0,0.0,0.0,Friday
2024-06-21,GG-DSP-001,Google,Display,Impresiones,Afinidad: bienestar y fitness,27490,231,0.0084,2.93,678.07,2,1509.43,2.23,Friday
2024-12-15,FB-CON-001,Facebook,Consideracion,Trafico,Retargeting visitantes 30 días,3259,44,0.0135,8.43,371.44,0,0.0,0.0,Sunday
2024-01-04,GG-SRC-002,Google,Search,Clics,Intención: meditacion guiada online,582,69,0.1184,18.84,1308.55,5,2321.34,1.77,Thursday
2024-10-26,GG-SRC-001,Google,Search,Clics,Intención: cursos de yoga online MX,750,51,0.06794,15.71,816.17,2,446.33,0.55,Saturday
2024-11-21,FB-CON-002,Facebook,Consideracion,Trafico,"Intereses: yoga, meditacion, fitness",3106,91,0.02929,7.61,698.84,2,1488.15,2.13,Thursday
2024-11-26,GG-SRC-002,Google,Search,Clics,Intención: meditacion guiada online,592,34,0.05742,18.33,638.73,1,813.01,1.27,Tuesday
2024-12-21,FB-CON-002,Facebook,Consideracion,Trafico,"Intereses: yoga, meditacion, fitness",3942,43,0.01091,7.83,339.62,0,0.0,0.0,Saturday
2024-09-01,GG-SRC-003,Google,Search,Clics,Intención: como perder peso en casa,444,33,0.07427,17.68,596.62,1,781.6,1.31,Sunday
2024-03-07,GG-SRC-001,Google,Search,Clics,Intención: cursos de yoga online MX,910,77,0.08459,13.87,1077.87,3,3028.61,2.81,Thursday
2024-11-14,FB-CVR-001,facebook,Conversion,Compras,Retargeting carrito abandonado,1555,62,0.03987,13.0,816.88,3,1683.2,2.06,Thursday
2024-07-31,GG-DSP-001,Google,Display,Impresiones,Afinidad: bienestar y fitness,12325,100,0.00811,3.14,314.9,0,0.0,0.0,Wednesday
2024-05-21,GG-SRC-003,Google,Search,Clics,Intención: como perder peso en casa,357,43,0.1202,19.12,826.79,3,1203.99,1.46,Tuesday
2024-08-08,GG-DSP-002,Google,Display,Impresiones,Remarketing sitio web 7 días,30329,165,0.00544,2.81,463.81,1,672.02,1.45,Thursday
2024-07-09,GG-YTB-001,Google,YouTube,Vistas,"Canal: wellness, yoga, fitness",5377,80,0.01488,5.47,438.55,0,0.0,0.0,Tuesday
2024-06-02,GG-SRC-003,Google,Search,Clics,Intención: como perder peso en casa,655,51,0.07782,14.8,756.65,1,625.55,0.83,Sunday
2024-11-23,FB-CON-002,Facebook,Consideracion,Trafico,"Intereses: yoga, meditacion, fitness",6288,115,0.01829,6.37,733.63,1,453.47,0.62,Saturday
2024-04-05,FB-AWA-001,Facebook,Awareness,,,10560,195,,4.64,908.28,1,524.59,0.58,Friday
2024-02-16,FB-CVR-001,Facebook,Conversion,Compras,Retargeting carrito abandonado,2772,117,0.04221,11.19,1314.55,8,7914.98,6.02,Friday
2024-07-16,GG-SRC-001,Google,Search,Clics,Intención: cursos de yoga online MX,659,36,0.05462,17.67,640.97,0,0.0,0.0,Tuesday
2024-09-07,FB-CON-002,Facebook,Consideracion,Trafico,"Intereses: yoga, meditacion, fitness",4152,151,0.03636,6.05,916.24,5,3224.68,3.52,Saturday
2024-10-30,FB-CON-001,Facebook,Consideracion,Trafico,Retargeting visitantes 30 días,7726,143,0.01851,5.71,817.5,2,1656.44,2.03,Wednesday
2024-07-22,GG-YTB-001,Google,YouTube,Vistas,"Canal: wellness, yoga, fitness",6733,96,0.01426,4.03,390.32,0,0.0,0.0,Monday
2024-06-29,FB-CVR-002,Facebook,Conversion,Compras,Lookalike 3% suscriptores activos,1376,65,0.04721,15.79,1030.55,4,3690.46,3.58,Saturday
2024-08-25,FB-CVR-001,Facebook,Conversion,Compras,Retargeting carrito abandonado,1392,49,0.03519,14.1,694.03,2,1342.07,1.93,Sunday
2024-12-16,GG-SRC-003,Google,Search,Clics,Intención: como perder peso en casa,692,25,0.03611,14.06,355.31,0,0.0,0.0,Monday
2024-12-29,FB-AWA-002,Facebook,Awareness,Alcance,Lookalike 1% compradores anteriores,10723,83,0.00774,4.05,336.93,0,0.0,0.0,Sunday
2024-05-09,FB-CON-002,Meta,Consideracion,Trafico,"Intereses: yoga, meditacion, fitness",3976,161,0.04048,7.06,1139.71,5,3926.96,3.45,Thursday
2024-03-06,FB-AWA-001,Facebook,Awareness,Alcance,Mujeres 25-40 CDMX interesadas en bienestar,14135,193,0.01365,4.16,802.38,1,476.74,0.59,Wednesday
2024-02-07,GG-SRC-003,Google,Search,Clics,Intención: como perder peso en casa,380,41,0.10787,18.7,767.58,2,1099.26,1.43,Wednesday
2024-05-05,GG-DSP-002,Google,Display,Impresiones,Remarketing sitio web 7 días,16578,192,0.01158,3.48,670.7,1,656.99,0.98,Sunday
2024-05-26,FB-AWA-001,Facebook,Awareness,Alcance,Mujeres 25-40 CDMX interesadas en bienestar,9314,168,0.01804,5.35,901.33,1,513.93,0.57,Sunday
2024-07-05,FB-CVR-001,Facebook,Conversion,Compras,Retargeting carrito abandonado,1781,56,0.03143,11.86,668.65,2,1150.58,1.72,Friday
2024-06-07,FB-CVR-002,Facebook,Conversion,Compras,Lookalike 3% suscriptores activos,1607,89,0.05535,13.51,1207.25,5,3897.03,3.23,Friday
2024-02-14,GG-DSP-002,Google,Display,Impresiones,Remarketing sitio web 7 días,21476,213,0.00992,3.21,685.9,2,1231.97,1.8,Wednesday
2024-07-29,GG-YTB-001,Google,YouTube,Vistas,"Canal: wellness, yoga, fitness",6831,102,0.01493,4.56,466.7,0,0.0,0.0,Monday
2024-09-20,GG-DSP-001,GOOGLE,Display,Impresiones,Afinidad: bienestar y fitness,18606,207,0.01113,3.14,651.74,1,737.34,1.13,Friday
2024-04-30,GG-DSP-002,Google,Display,Impresiones,Remarketing sitio web 7 días,19740,251,0.01271,2.92,733.46,2,1358.6,1.85,Tuesday
2024-12-28,GG-SRC-003,Google,Search,Clics,Intención: como perder peso en casa,413,20,0.04842,15.78,320.97,0,0.0,0.0,Saturday
2024-12-09,GG-SRC-003,Google,Search,Clics,Intención: como perder peso en casa,501,21,0.04189,16.84,365.76,0,0.0,0.0,Monday
2024-03-21,FB-CVR-001,Facebook,Conversion,Compras,Retargeting carrito abandonado,1771,81,0.04571,13.66,1112.09,5,4279.97,3.85,Thursday
2024-01-16,FB-CVR-002,Facebook,Conversion,Compras,Lookalike 3% suscriptores activos,1441,120,0.08326,15.54,1872.9,9,5073.42,2.71,Tuesday
2024-10-15,GG-DSP-002,Google,Display,Impresiones,Remarketing sitio web 7 días,17364,178,0.01025,2.54,454.03,1,590.89,1.3,Tuesday
2024-03-05,GG-DSP-001,Google,Display,Impresiones,Afinidad: bienestar y fitness,24404,225,0.00922,2.36,532.1,2,1611.48,3.03,Tuesday
2024-04-29,FB-CON-001,Facebook,Consideracion,Trafico,Retargeting visitantes 30 días,4568,183,0.04005,6.85,1254.62,4,3044.89,2.43,Monday
2024-04-25,GG-DSP-001,Google,Display,Impresiones,Afinidad: bienestar y fitness,21750,253,0.01163,2.81,713.98,2,717.25,1.0,Thursday
2024-04-17,GG-DSP-002,Google,Display,,,18500,245,,2.76,677.67,2,1009.01,1.49,Wednesday
2024-03-23,GG-SRC-001,Google,Search,Clics,Intención: cursos de yoga online MX,740,48,0.06482,18.49,902.52,2,1238.82,1.37,Saturday
2024-05-10,FB-AWA-001,Facebook,Awareness,Alcance,Mujeres 25-40 CDMX interesadas en bienestar,13398,215,0.01605,4.75,1024.05,1,576.71,0.56,Friday
2024-05-05,GG-SRC-001,Google,Search,Clics,Intención: cursos de yoga online MX,608,60,0.0986,19.72,1187.47,2,1058.72,0.89,Sunday
2024-07-23,GG-YTB-001,Google,YouTube,Vistas,"Canal: wellness, yoga, fitness",3914,77,0.01967,5.7,443.25,0,0.0,0.0,Tuesday
2024-02-21,GG-SRC-001,Google,Search,Clics,Intención: cursos de yoga online MX,535,42,0.07838,21.97,929.17,2,1220.9,1.31,Wednesday
2024-01-04,GG-DSP-001,Google,Display,Impresiones,Afinidad: bienestar y fitness,12377,224,0.0181,3.4,761.22,3,3828.21,5.03,Thursday
2024-02-08,FB-CVR-002,Facebook,Conversion,Compras,Lookalike 3% suscriptores activos,1791,93,0.0519,12.06,1125.25,4,3081.54,2.74,Thursday
2024-09-28,FB-CVR-002,Facebook,Conversion,Compras,Lookalike 3% suscriptores activos,2413,88,0.03646,11.97,1063.25,4,2178.53,2.05,Saturday
2024-11-16,FB-CON-002,Facebook,Consideracion,Trafico,"Intereses: yoga, meditacion, fitness",3839,95,0.02474,6.38,610.36,1,474.77,0.78,Saturday
2024-09-28,FB-CVR-001,Facebook,Conversion,Compras,Retargeting carrito abandonado,1991,91,0.0457,10.61,967.36,5,3413.25,3.53,Saturday
2024-01-05,GG-DSP-001,Google,Display,Impresiones,Afinidad: bienestar y fitness,23363,389,0.01665,1.96,762.14,4,2435.83,3.2,Friday
2024-12-15,GG-DSP-001,Google,Display,Impresiones,Afinidad: bienestar y fitness,11300,77,0.00681,3.45,266.69,0,0.0,0.0,Sunday
2024-12-23,FB-CVR-002,FACEBOOK,Conversion,Compras,Lookalike 3% suscriptores activos,1399,45,0.03215,13.2,601.28,1,838.53,1.39,Monday
2024-02-28,GG-SRC-002,Google,Search,Clics,Intención: meditacion guiada online,335,34,0.10134,21.54,751.79,2,1392.22,1.85,Wednesday
2024-07-01,FB-CON-002,Facebook,Consideracion,Trafico,"Intereses: yoga, meditacion, fitness",2513,60,0.02387,7.34,445.05,0,0.0,0.0,Monday
2024-03-16,GG-YTB-001,Google,YouTube,Vistas,"Canal: wellness, yoga, fitness",4388,125,0.02848,5.03,629.6,1,639.74,1.02,Saturday
2024-10-14,GG-DSP-001,Google,Display,Impresiones,Afinidad: bienestar y fitness,12822,140,0.01092,3.69,518.33,1,890.66,1.72,Monday
2024-09-09,GG-SRC-002,google,Search,Clics,Intención: meditacion guiada online,553,52,0.09388,17.57,914.5,2,1308.34,1.43,Monday
2024-04-12,GG-SRC-001,Google,Search,,,610,57,,19.52,1122.23,4,2510.25,2.24,Friday
2024-02-06,FB-CON-002,facebook,Consideracion,Trafico,"Intereses: yoga, meditacion, fitness",3234,126,0.03896,7.77,982.84,3,2121.33,2.16,Tuesday
2024-06-23,GG-DSP-002,Google,Display,Impresiones,Remarketing sitio web 7 días,20567,206,0.01002,3.47,717.37,1,604.56,0.84,Sunday
2024-03-12,FB-CON-002,FB,Consideracion,Trafico,"Intereses: yoga, meditacion, fitness",3585,115,0.03207,7.25,837.24,3,1921.04,2.29,Tuesday
2024/08/16,GG-SRC-003,Google,Search,Clics,Intención: como perder peso en casa,301,21,0.06954,20.52,451.38,0,0.0,0.0,Friday
2024-01-26,GG-DSP-001,Google,Display,Impresiones,Afinidad: bienestar y fitness,16348,277,0.01694,3.3,917.94,5,3662.62,3.99,Friday
2024-08-02,GG-SRC-001,Google,Search,Clics,Intención: cursos de yoga online MX,907,50,0.05507,16.82,840.86,1,627.49,0.75,Friday
2024-04-20,GG-SRC-001,Google,Search,Clics,Intención: cursos de yoga online MX,650,68,0.10446,18.15,1242.11,4,2209.75,1.78,Saturday
2024-08-04,GG-SRC-002,Google,Search,Clics,Intención: meditacion guiada online,504,29,0.05743,17.75,531.88,1,417.05,0.78,Sunday
2024-04-22,FB-CON-002,Facebook,Consideracion,Trafico,"Intereses: yoga, meditacion, fitness",6463,249,0.03852,4.92,1225.88,5,2903.22,2.37,Monday
2024-04-16,FB-AWA-002,Facebook,Awareness,Alcance,Lookalike 1% compradores anteriores,9369,211,0.02252,3.84,813.72,1,459.83,0.57,Tuesday
2024-11-03,GG-SRC-001,Google,Search,Clics,Intención: cursos de yoga online MX,707,43,0.06074,19.32,838.53,1,542.86,0.65,Sunday
2024-12-25,GG-DSP-001,Google,Display,Impresiones,Afinidad: bienestar y fitness,13642,92,0.00674,3.13,288.72,0,0.0,0.0,Wednesday
2024-08-07,FB-CVR-001,Facebook,Conversion,Compras,Retargeting carrito abandonado,1355,65,0.04796,14.42,940.4,2,2113.55,2.25,Wednesday
2024-07-30,GG-DSP-001,Google,Display,,,13262,81,,3.42,277.94,0,0.0,0.0,Tuesday
2024-05-28,GG-DSP-002,Google,Display,Impresiones,Remarketing sitio web 7 días,13689,206,0.01505,3.56,734.31,2,534.79,0.73,Tuesday
2024-04-11,FB-CON-002,Facebook,Consideracion,Trafico,"Intereses: yoga, meditacion, fitness",2530,116,0.04584,7.04,823.08,2,1917.09,2.33,Thursday
2024-10-11,FB-CVR-001,Facebook,Conversion,Compras,Retargeting carrito abandonado,1799,85,0.04723,12.09,1032.19,4,2759.52,2.67,Friday
2024-12-22,GG-DSP-002,Google,Display,Impresiones,Remarketing sitio web 7 días,17273,84,0.00486,2.98,253.48,0,0.0,0.0,Sunday
2024-05-29,FB-AWA-001,FACEBOOK,Awareness,Alcance,Mujeres 25-40 CDMX interesadas en bienestar,9234,200,0.02166,4.72,946.51,2,1252.92,1.32,Wednesday
2024-08-08,GG-YTB-001,Google,YouTube,Vistas,"Canal: wellness, yoga, fitness",5106,97,0.019,5.51,537.75,0,0.0,0.0,Thursday
2024-08-08,GG-SRC-001,Google,Search,Clics,Intención: cursos de yoga online MX,782,47,0.06009,19.68,931.2,1,619.04,0.66,Thursday
2024-10-27,GG-DSP-001,Google,Display,Impresiones,Afinidad: bienestar y fitness,13566,115,0.00848,3.33,383.28,0,0.0,0.0,Sunday
2024-10-29,GG-DSP-001,Google,Display,Impresiones,Afinidad: bienestar y fitness,11629,99,0.00851,3.93,391.42,0,0.0,0.0,Tuesday
2024-02-20,FB-CON-002,Facebook,Consideracion,Trafico,"Intereses: yoga, meditacion, fitness",4158,128,0.03078,7.53,967.29,2,1382.28,1.43,Tuesday
2024-01-18,GG-YTB-001,Google,YouTube,Vistas,"Canal: wellness, yoga, fitness",3605,167,0.04632,6.08,1021.21,3,1963.11,1.92,Thursday
2024-04-02,GG-DSP-002,Google,Display,Impresiones,Remarketing sitio web 7 días,18019,213,0.01182,3.26,696.18,2,2074.06,2.98,Tuesday
2024-12-18,GG-SRC-002,Google,Search,Clics,Intención: meditacion guiada online,445,21,0.04715,19.39,417.44,0,0.0,0.0,Wednesday
2024-03-17,GG-SRC-001,Google,Search,Clics,Intención: cursos de yoga online MX,420,36,0.08569,18.49,672.55,2,853.64,1.27,Sunday
2024-10-23,GG-YTB-001,Google,YouTube,Vistas,"Canal: wellness, yoga, fitness",6681,136,0.02036,5.41,740.67,1,679.4,0.92,Wednesday
2024-09-08,GG-SRC-002,Google,Search,Clics,Intención: meditacion guiada online,520,45,0.0865,19.32,878.51,2,1435.0,1.63,Sunday
2024-09-27,GG-YTB-001,Google,YouTube,Vistas,"Canal: wellness, yoga, fitness",4499,147,0.03267,5.45,805.42,2,1843.19,2.29,Friday
2024-10-19,GG-SRC-002,Google,Search,Clics,,466,33,,16.95,559.81,1,793.9,1.42,Saturday
2024-04-11,FB-CVR-002,Facebook,Conversion,Compras,Lookalike 3% suscriptores activos,1725,112,0.06491,11.62,1302.1,8,2723.57,2.09,Thursday
2024-10-29,FB-AWA-002,Facebook,Awareness,Alcance,Lookalike 1% compradores anteriores,7440,110,0.01478,4.5,496.87,0,0.0,0.0,Tuesday
2024-05-21,FB-AWA-001,Facebook,Awareness,Alcance,Mujeres 25-40 CDMX interesadas en bienestar,8917,205,0.02299,4.44,912.86,1,656.81,0.72,Tuesday
2024-04-01,GG-SRC-003,Google,Search,Clics,Intención: como perder peso en casa,367,43,0.11716,19.37,834.88,2,785.78,0.94,Monday
2024-12-07,FB-CVR-002,Facebook,Conversion,Compras,Lookalike 3% suscriptores activos,1508,28,0.01856,15.37,443.06,0,0.0,0.0,Saturday
2024-02-24,GG-DSP-001,Google,Display,Impresiones,Afinidad: bienestar y fitness,14398,174,0.01208,2.71,471.54,1,555.17,1.18,Saturday
2024-05-21,GG-YTB-001,Google,YouTube,Vistas,"Canal: wellness, yoga, fitness",4211,141,0.03348,6.6,932.64,2,1118.39,1.2,Tuesday
2024-02-05,FB-CON-001,Facebook,Consideracion,Trafico,Retargeting visitantes 30 días,3536,133,0.03761,6.42,859.5,3,3239.12,3.77,Monday
2024-10-21,FB-CVR-002,Facebook,Conversion,Compras,Lookalike 3% suscriptores activos,1700,98,0.05762,11.18,1097.32,4,3605.97,3.29,Monday
2024-06-24,GG-SRC-003,Google,Search,,,397,44,,19.92,882.74,2,1085.13,1.23,Monday
2024-04-27,FB-CVR-002,Facebook,Conversion,Compras,Lookalike 3% suscriptores activos,2110,116,0.05497,10.71,1245.81,7,3924.61,3.15,Saturday
2024-03-14,FB-CON-001,Facebook,Consideracion,Trafico,Retargeting visitantes 30 días,8176,209,0.02556,5.29,1107.46,5,2698.6,2.44,Thursday
2024-02-14,GG-DSP-001,Google,Display,Impresiones,Afinidad: bienestar y fitness,13335,166,0.01245,3.39,564.25,1,791.24,1.4,Wednesday
2024-09-25,FB-CVR-002,Facebook,Conversion,Compras,Lookalike 3% suscriptores activos,1941,110,0.05666,12.45,1373.88,7,1529.84,1.11,Wednesday
2024-01-31,GG-YTB-001,Google,YouTube,Vistas,"Canal: wellness, yoga, fitness",4953,201,0.04057,5.92,1195.5,5,3582.98,3.0,Wednesday
2024-04-08,GG-SRC-002,Google,Search,Clics,Intención: meditacion guiada online,294,40,0.13576,19.54,799.57,2,1731.62,2.17,Monday
2024-01-16,FB-AWA-001,Facebook,Awareness,Alcance,Mujeres 25-40 CDMX interesadas en bienestar,10971,342,0.03117,4.22,1443.13,3,1812.63,1.26,Tuesday
2024-09-28,FB-AWA-001,Facebook,Awareness,Alcance,Mujeres 25-40 CDMX interesadas en bienestar,10741,162,0.01508,4.85,787.34,0,0.0,0.0,Saturday
2024-08-01,FB-AWA-002,Facebook,Awareness,Alcance,Lookalike 1% compradores anteriores,9701,107,0.01103,4.59,492.31,0,0.0,0.0,Thursday
2024-08-03,FB-CVR-001,Facebook,Conversion,Compras,Retargeting carrito abandonado,2419,63,0.02604,12.75,803.87,3,1738.07,2.16,Saturday
2024-08-19,GG-SRC-002,Google,Search,Clics,Intención: meditacion guiada online,620,32,0.05154,19.89,642.42,1,742.07,1.16,Monday
2024-02-14,FB-AWA-001,Facebook,Awareness,Alcance,Mujeres 25-40 CDMX interesadas en bienestar,10735,212,0.01975,4.38,927.97,1,401.2,0.43,Wednesday
2024-09-06,FB-CON-002,Facebook,Consideracion,Trafico,"Intereses: yoga, meditacion, fitness",3547,146,0.04116,6.41,938.73,2,1353.63,1.44,Friday
2024-11-22,GG-SRC-001,G Ads,Search,Clics,Intención: cursos de yoga online MX,637,45,0.07057,18.59,842.32,1,639.27,0.76,Friday
2024-02-08,FB-CVR-001,Facebook,Conversion,Compras,Retargeting carrito abandonado,2455,113,0.04601,12.92,1466.98,6,4488.11,3.06,Thursday
2024-01-15,FB-AWA-001,Facebook,Awareness,Alcance,Mujeres 25-40 CDMX interesadas en bienestar,12048,278,0.02307,4.84,1349.18,3,2253.13,1.67,Monday
2024-02-23,GG-DSP-001,Google,Display,Impresiones,Afinidad: bienestar y fitness,16528,211,0.01277,3.11,657.85,2,940.45,1.43,Friday
2024-05-17,FB-AWA-002,Facebook,Awareness,Alcance,Lookalike 1% compradores anteriores,11550,193,0.01671,4.02,777.32,0,0.0,0.0,Friday
2024-07-24,FB-CVR-001,Facebook,Conversion,Compras,Retargeting carrito abandonado,3784,71,0.01876,11.42,811.73,1,514.92,0.63,Wednesday
2024-10-13,GG-SRC-003,Google,Search,Clics,Intención: como perder peso en casa,380,30,0.07885,20.02,613.77,1,751.95,1.23,Sunday
2024-02-04,FB-CVR-002,Facebook,Conversion,Compras,Lookalike 3% suscriptores activos,1940,93,0.04793,11.37,1066.76,5,3178.21,2.98,Sunday
2024-11-08,FB-CVR-002,Facebook,Conversion,Compras,Lookalike 3% suscriptores activos,1698,69,0.04062,13.59,943.58,4,1444.78,1.53,Friday
2024-07-06,FB-CON-001,Facebook,Consideracion,Trafico,Retargeting visitantes 30 días,4794,69,0.01439,6.79,468.88,0,0.0,0.0,Saturday
2024-04-03,GG-DSP-001,GOOGLE,Display,Impresiones,Afinidad: bienestar y fitness,16155,194,0.01201,2.92,567.43,1,978.67,1.72,Wednesday
2024-07-01,FB-CVR-001,Facebook,Conversion,Compras,Retargeting carrito abandonado,2034,57,0.02802,10.26,586.94,2,938.25,1.6,Monday
2024-11-30,GG-DSP-002,Google,Display,Impresiones,Remarketing sitio web 7 días,13496,126,0.00934,3.47,438.69,1,677.94,1.55,Saturday
2024-06-26,FB-AWA-001,FACEBOOK,Awareness,Alcance,Mujeres 25-40 CDMX interesadas en bienestar,8556,177,0.02068,4.79,849.77,1,657.98,0.77,Wednesday
2024-09-06,GG-DSP-001,Google,Display,Impresiones,Afinidad: bienestar y fitness,16642,169,0.01015,3.79,642.7,2,1499.56,2.33,Friday
2024-10-14,FB-AWA-001,Meta,Awareness,Alcance,Mujeres 25-40 CDMX interesadas en bienestar,12478,186,0.01491,4.53,844.81,0,0.0,0.0,Monday
2024-12-23,FB-CON-001,Facebook,Consideracion,Trafico,Retargeting visitantes 30 días,3099,52,0.01678,8.09,428.4,0,0.0,0.0,Monday
2024-07-30,FB-AWA-002,Facebook,Awareness,Alcance,Lookalike 1% compradores anteriores,11863,108,0.0091,4.16,450.82,0,0.0,0.0,Tuesday
2024-09-19,GG-DSP-001,Google,Display,Impresiones,Afinidad: bienestar y fitness,11878,166,0.01397,3.15,523.68,1,533.68,1.02,Thursday
2024-05-19,FB-CON-001,Facebook,Consideracion,Trafico,Retargeting visitantes 30 días,3846,136,0.03536,6.74,917.54,5,3443.51,3.75,Sunday
2024-08-15,FB-CVR-002,Facebook,Conversion,Compras,Lookalike 3% suscriptores activos,1710,62,0.03624,11.65,726.99,2,1307.04,1.8,Thursday
2024-10-15,FB-CON-002,Facebook,Consideracion,Trafico,"Intereses: yoga, meditacion, fitness",4448,118,0.02652,6.48,767.63,2,1537.79,2.0,Tuesday
2024-01-23,GG-SRC-003,Google,Search,Clics,Intención: como perder peso en casa,393,54,0.1372,16.79,921.49,4,1588.67,1.72,Tuesday
2024-02-27,GG-YTB-001,Google,YouTube,Vistas,"Canal: wellness, yoga, fitness",6916,143,0.02068,6.09,872.45,2,1894.63,2.17,Tuesday
2024-07-24,GG-SRC-003,Google,Search,Clics,Intención: como perder peso en casa,614,25,0.04069,16.36,410.51,0,0.0,0.0,Wednesday
2024-07-18,FB-CVR-002,Facebook,Conversion,Compras,Lookalike 3% suscriptores activos,2049,47,0.02294,15.63,738.98,1,630.42,0.85,Thursday
2024-02-01,FB-CON-002,Facebook,Consideracion,Trafico,"Intereses: yoga, meditacion, fitness",3510,129,0.03674,6.96,901.76,3,1737.7,1.93,Thursday
2024-07-18,GG-YTB-001,Google,YouTube,Vistas,"Canal: wellness, yoga, fitness",5466,70,0.0128,5.09,359.7,0,0.0,0.0,Thursday
2024-02-12,FB-CVR-001,Facebook,Conversion,Compras,Retargeting carrito abandonado,2629,117,0.04449,11.44,1344.26,8,6303.83,4.69,Monday
2024-02-22,FB-CON-001,Facebook,Consideracion,Trafico,Retargeting visitantes 30 días,5098,156,0.0306,6.08,949.83,4,3398.84,3.58,Thursday
2024-07-19,FB-AWA-002,FB,Awareness,Alcance,Lookalike 1% compradores anteriores,9759,93,0.00953,4.36,407.19,0,0.0,0.0,Friday
2024-12-11,GG-DSP-001,Google,Display,Impresiones,Afinidad: bienestar y fitness,15636,86,0.0055,3.18,273.33,0,0.0,0.0,Wednesday
2024-07-26,FB-CVR-002,FB,Conversion,Compras,Lookalike 3% suscriptores activos,1845,56,0.03035,12.63,710.93,2,1535.96,2.16,Friday
2024-01-03,FB-AWA-001,Facebook,Awareness,Alcance,Mujeres 25-40 CDMX interesadas en bienestar,8924,224,0.0251,4.53,1018.23,3,1856.22,1.82,Wednesday
2024-03-10,FB-AWA-001,Facebook,Awareness,Alcance,Mujeres 25-40 CDMX interesadas en bienestar,10077,138,0.01369,4.61,641.41,0,0.0,0.0,Sunday
2024-01-05,GG-SRC-003,GOOGLE,Search,Clics,Intención: como perder peso en casa,363,59,0.16244,16.93,999.16,5,3879.39,3.88,Friday
2024-03-16,GG-DSP-001,Google,Display,Impresiones,Afinidad: bienestar y fitness,14871,139,0.00935,3.32,463.72,1,594.28,1.28,Saturday
2024-07-02,GG-YTB-001,Google,YouTube,Vistas,"Canal: wellness, yoga, fitness",4433,72,0.01624,6.1,439.66,0,0.0,0.0,Tuesday
2024-11-11,GG-SRC-001,Google,Search,Clics,Intención: cursos de yoga online MX,585,47,0.08027,19.39,913.55,1,624.45,0.68,Monday
2024-12-08,FB-CVR-002,facebook,Conversion,Compras,Lookalike 3% suscriptores activos,1887,42,0.02226,13.28,568.1,1,804.8,1.42,Sunday
2024-04-11,FB-CON-001,Facebook,Consideracion,Trafico,Retargeting visitantes 30 días,4212,163,0.0387,6.85,1117.14,4,2376.92,2.13,Thursday
2024-02-02,FB-AWA-001,Facebook,Awareness,Alcance,Mujeres 25-40 CDMX interesadas en bienestar,11515,215,0.01867,4.54,977.76,1,610.01,0.62,Friday
2024-11-01,FB-CON-002,Facebook,Consideracion,Trafico,"Intereses: yoga, meditacion, fitness",3434,98,0.02853,6.45,632.98,1,696.29,1.1,Friday
2024-05-27,GG-SRC-001,Google,Search,Clics,Intención: cursos de yoga online MX,518,57,0.10996,22.75,1316.24,2,1944.7,1.48,Monday
2024-08-24,FB-AWA-001,Facebook,Awareness,Alcance,Mujeres 25-40 CDMX interesadas en bienestar,8077,93,0.01151,4.99,468.14,0,0.0,0.0,Saturday
2024-05-23,FB-AWA-001,Facebook,Awareness,Alcance,Mujeres 25-40 CDMX interesadas en bienestar,11849,265,0.02236,4.08,1083.54,1,567.67,0.52,Thursday
2024-01-01,GG-SRC-003,Google,Search,Clics,Intención: como perder peso en casa,461,65,0.14078,14.15,921.81,3,2045.97,2.22,Monday
2024-09-19,GG-SRC-002,G Ads,Search,Clics,Intención: meditacion guiada online,644,45,0.06986,20.26,913.59,2,1553.83,1.7,Thursday
2024-09-21,FB-AWA-001,Facebook,Awareness,Alcance,Mujeres 25-40 CDMX interesadas en bienestar,11515,148,0.01285,5.09,753.36,1,507.16,0.67,Saturday
2024-02-16,GG-SRC-003,Google,Search,Clics,Intención: como perder peso en casa,426,33,0.07741,19.95,671.43,2,1223.75,1.82,Friday
2024-05-06,GG-DSP-002,Google,Display,Impresiones,Remarketing sitio web 7 días,22370,284,0.0127,2.87,817.65,2,1527.16,1.87,Monday
2024-04-15,GG-DSP-001,Google,Display,Impresiones,Afinidad: bienestar y fitness,10892,174,0.01597,3.44,599.13,2,1458.05,2.43,Monday
2024-12-05,FB-AWA-001,Facebook,Awareness,Alcance,Mujeres 25-40 CDMX interesadas en bienestar,11106,103,0.00927,4.84,500.17,0,0.0,0.0,Thursday
2024-01-22,FB-CVR-002,Facebook,Conversion,Compras,Lookalike 3% suscriptores activos,2452,146,0.05954,11.86,1734.9,11,5177.33,2.98,Monday
2024-03-31,GG-YTB-001,Google,YouTube,Vistas,"Canal: wellness, yoga, fitness",6093,128,0.02101,5.83,749.03,1,534.04,0.71,Sunday
2024-08-12,GG-DSP-002,Google,Display,Impresiones,Remarketing sitio web 7 días,24189,163,0.00674,2.85,464.16,1,706.83,1.52,Monday
2024-03-26,FB-CON-002,Facebook,Consideracion,Trafico,"Intereses: yoga, meditacion, fitness",4159,138,0.03318,5.91,820.91,2,1331.79,1.62,Tuesday
2024-08-20,GG-DSP-002,Google,Display,Impresiones,Remarketing sitio web 7 días,13016,105,0.00807,3.9,409.92,0,0.0,0.0,Tuesday
2024-08-31,GG-SRC-003,google,Search,Clics,Intención: como perder peso en casa,535,32,0.05977,16.18,524.57,1,953.18,1.82,Saturday
2024-11-12,FB-CVR-002,Facebook,Conversion,Compras,Lookalike 3% suscriptores activos,2686,93,0.03462,9.37,879.42,4,3025.52,3.44,Tuesday
2024-06-11,FB-AWA-001,Facebook,Awareness,,,12126,234,,3.96,929.23,1,298.79,0.32,Tuesday
20/11/2024,GG-DSP-002,Google,Display,Impresiones,Remarketing sitio web 7 días,16735,151,0.00902,3.29,499.46,1,706.0,1.41,Wednesday
2024-04-05,FB-CON-001,Facebook,Consideracion,Trafico,Retargeting visitantes 30 días,4346,185,0.04257,5.41,1001.97,4,2385.83,2.38,Friday
2024-11-12,FB-CON-001,Facebook,Consideracion,Trafico,Retargeting visitantes 30 días,4478,116,0.0259,8.08,940.27,1,685.03,0.73,Tuesday
2024-03-05,FB-CVR-002,Meta,Conversion,Compras,Lookalike 3% suscriptores activos,1429,86,0.06015,13.27,1141.56,3,2621.04,2.3,Tuesday
2024-09-12,FB-CVR-002,Facebook,Conversion,Compras,Lookalike 3% suscriptores activos,2047,108,0.05275,11.28,1222.74,5,3479.41,2.85,Thursday
2024-12-14,GG-SRC-001,Google,Search,Clics,Intención: cursos de yoga online MX,562,23,0.04091,20.98,501.94,0,0.0,0.0,Saturday
2024-11-22,FB-CON-002,Facebook,Consideracion,Trafico,"Intereses: yoga, meditacion, fitness",4032,107,0.02654,7.19,773.46,2,1088.37,1.41,Friday
2024-04-08,GG-SRC-001,Google,Search,Clics,Intención: cursos de yoga online MX,538,70,0.13005,21.22,1496.22,4,2362.59,1.58,Monday
2024-04-20,FB-AWA-001,FACEBOOK,Awareness,Alcance,Mujeres 25-40 CDMX interesadas en bienestar,11629,190,0.01634,4.4,839.76,0,0.0,0.0,Saturday
2024-09-23,FB-CON-001,Facebook,Consideracion,Trafico,Retargeting visitantes 30 días,3782,117,0.03093,8.55,1002.59,3,1588.36,1.58,Monday
2024-08-16,FB-AWA-002,Facebook,Awareness,Alcance,Lookalike 1% compradores anteriores,6728,109,0.0162,4.72,514.49,0,0.0,0.0,Friday
2024-05-14,GG-SRC-003,Google,Search,Clics,Intención: como perder peso en casa,542,48,0.0884,17.95,878.28,3,2583.34,2.94,Tuesday
2024-06-03,GG-DSP-002,Google,Display,Impresiones,Remarketing sitio web 7 días,22271,283,0.01271,2.78,788.62,2,936.48,1.19,Monday
2024-03-21,FB-CON-001,Facebook,Consideracion,Trafico,Retargeting visitantes 30 días,3215,108,0.03359,7.25,786.52,2,670.56,0.85,Thursday
2024-06-12,GG-SRC-003,Google,Search,Clics,Intención: como perder peso en casa,415,43,0.10358,17.11,736.98,2,1552.78,2.11,Wednesday
2024-05-27,GG-YTB-001,Google,YouTube,Vistas,"Canal: wellness, yoga, fitness",5167,183,0.03541,4.95,906.42,2,1492.9,1.65,Monday
2024-11-07,FB-AWA-002,Facebook,Awareness,Alcance,Lookalike 1% compradores anteriores,10632,104,0.00978,4.94,514.48,0,0.0,0.0,Thursday
2024-07-29,GG-SRC-003,Google,Search,Clics,Intención: como perder peso en casa,318,17,0.05333,18.14,319.16,0,0.0,0.0,Monday
2024-12-07,FB-AWA-002,Facebook,Awareness,Alcance,Lookalike 1% compradores anteriores,7980,72,0.00902,4.07,296.46,0,0.0,0.0,Saturday
2024-02-27,GG-SRC-001,Google,Search,Clics,Intención: cursos de yoga online MX,617,60,0.09722,17.48,1052.07,2,924.83,0.88,Tuesday
2024-08-25,GG-DSP-002,Google,Display,Impresiones,Remarketing sitio web 7 días,17108,119,0.00696,3.18,380.55,0,0.0,0.0,Sunday
2024-04-07,GG-SRC-003,Google,Search,Clics,Intención: como perder peso en casa,333,36,0.10794,17.66,652.05,3,2160.05,3.31,Sunday
2024-09-29,FB-CVR-001,facebook,Conversion,Compras,Retargeting carrito abandonado,2561,103,0.04021,12.42,1291.66,10,6608.21,5.12,Sunday
2024-07-07,GG-SRC-002,Google,Search,Clics,Intención: meditacion guiada online,520,22,0.04227,20.26,457.37,0,0.0,0.0,Sunday
2024-08-27,GG-YTB-001,Google,YouTube,Vistas,"Canal: wellness, yoga, fitness",7496,128,0.01707,4.99,638.95,1,891.35,1.4,Tuesday
2024-06-01,GG-SRC-001,Google,Search,Clics,Intención: cursos de yoga online MX,438,44,0.10033,21.13,945.06,1,454.36,0.48,Saturday
2024-03-15,FB-AWA-002,Facebook,Awareness,Alcance,Lookalike 1% compradores anteriores,13016,192,0.01475,3.42,657.35,1,600.34,0.91,Friday
2024-04-07,FB-AWA-001,Facebook,Awareness,Alcance,Mujeres 25-40 CDMX interesadas en bienestar,8140,143,0.01757,5.42,779.95,0,0.0,0.0,Sunday
2024-12-30,GG-SRC-001,Google,Search,Clics,Intención: cursos de yoga online MX,915,39,0.04262,15.06,589.47,1,364.01,0.62,Monday
2024-07-08,GG-DSP-001,Google,Display,Impresiones,Afinidad: bienestar y fitness,17649,110,0.00623,2.91,322.45,0,0.0,0.0,Monday
2024-03-25,GG-YTB-001,Google,YouTube,Vistas,"Canal: wellness, yoga, fitness",3894,94,0.02414,5.18,488.31,1,653.14,1.34,Monday
2024-12-23,FB-AWA-002,Facebook,Awareness,Alcance,Lookalike 1% compradores anteriores,11354,67,0.0059,4.75,323.12,0,0.0,0.0,Monday
2024-08-21,GG-DSP-002,Google,Display,Impresiones,Remarketing sitio web 7 días,15525,135,0.0087,3.8,515.02,0,0.0,0.0,Wednesday
2024-05-31,GG-DSP-002,Google,Display,Impresiones,Remarketing sitio web 7 días,12993,217,0.0167,3.25,707.52,3,2949.98,4.17,Friday
2024-09-09,GG-DSP-002,Google,Display,Impresiones,Remarketing sitio web 7 días,20565,256,0.01245,2.41,617.4,2,1466.94,2.38,Monday
2024-07-11,FB-AWA-002,Facebook,Awareness,Alcance,Lookalike 1% compradores anteriores,11086,100,0.00902,4.41,444.51,0,0.0,0.0,Thursday
2024-02-25,GG-SRC-001,Google,Search,Clics,Intención: cursos de yoga online MX,614,45,0.07318,17.86,821.42,2,1863.85,2.27,Sunday
2024-11-18,GG-DSP-002,Google,Display,Impresiones,Remarketing sitio web 7 días,15446,148,0.00958,3.19,474.32,0,0.0,0.0,Monday
2024-09-08,GG-SRC-001,Google,Search,Clics,Intención: cursos de yoga online MX,563,53,0.09407,19.49,1035.42,1,594.56,0.57,Sunday
2024-07-22,FB-CVR-001,Facebook,Conversion,Compras,Retargeting carrito abandonado,1921,53,0.02759,12.62,680.36,1,415.36,0.61,Monday
2024-10-31,FB-CON-001,Facebook,Consideracion,Trafico,Retargeting visitantes 30 días,3916,119,0.03038,7.11,850.95,2,1410.04,1.66,Thursday
2024-07-09,FB-CON-001,Facebook,Consideracion,Trafico,Retargeting visitantes 30 días,4819,80,0.0166,6.62,531.66,1,649.31,1.22,Tuesday
2024-12-06,GG-DSP-001,Google,Display,Impresiones,,22009,113,0.00513,2.49,283.39,0,0.0,0.0,Friday
2024-07-25,GG-YTB-001,Google,YouTube,Vistas,"Canal: wellness, yoga, fitness",4932,78,0.01581,5.72,451.07,0,0.0,0.0,Thursday
2024-04-05,GG-DSP-001,Google,Display,Impresiones,Afinidad: bienestar y fitness,16574,294,0.01774,2.34,687.34,3,1678.4,2.44,Friday
2024-12-26,FB-CVR-002,Facebook,Conversion,Compras,Lookalike 3% suscriptores activos,1977,62,0.03135,12.0,744.56,1,621.55,0.83,Thursday
2024-01-09,GG-SRC-002,Google,Search,Clics,Intención: meditacion guiada online,895,80,0.08937,15.14,1225.34,8,7338.46,5.99,Tuesday
2024-12-12,FB-CON-001,Facebook,Consideracion,Trafico,Retargeting visitantes 30 días,3341,60,0.01795,7.82,476.57,0,0.0,0.0,Thursday
2024-12-30,FB-CON-002,Facebook,Consideracion,Trafico,"Intereses: yoga, meditacion, fitness",3181,56,0.0176,7.97,447.89,0,0.0,0.0,Monday
2024-04-22,GG-DSP-001,Google,Display,Impresiones,Afinidad: bienestar y fitness,19578,255,0.01302,2.71,691.79,3,1251.02,1.81,Monday
2024-01-31,FB-CVR-001,Facebook,Conversion,Compras,Retargeting carrito abandonado,2461,167,0.06784,11.27,1885.68,18,13299.2,7.05,Wednesday
2024-11-28,FB-CVR-002,Facebook,Conversion,Compras,Lookalike 3% suscriptores activos,2084,85,0.04078,13.07,1119.54,4,2299.16,2.05,Thursday
2024-08-03,FB-AWA-001,Facebook,Awareness,Alcance,Mujeres 25-40 CDMX interesadas en bienestar,11013,109,0.0099,4.65,510.02,0,0.0,0.0,Saturday
2024-10-04,FB-AWA-001,Facebook,Awareness,Alcance,Mujeres 25-40 CDMX interesadas en bienestar,16370,155,0.00947,4.63,720.81,1,496.04,0.69,Friday
2024-11-16,GG-SRC-002,Google,Search,Clics,Intención: meditacion guiada online,354,28,0.07907,21.9,616.54,1,807.22,1.31,Saturday
2024-04-26,FB-CON-001,Facebook,Consideracion,Trafico,Retargeting visitantes 30 días,3196,129,0.04035,7.54,975.58,4,2561.22,2.63,Friday
2024-02-16,FB-CON-002,Facebook,Consideracion,Trafico,"Intereses: yoga, meditacion, fitness",4472,127,0.02839,6.62,845.43,3,3133.02,3.71,Friday
2024-12-04,GG-SRC-002,Google,Search,Clics,Intención: meditacion guiada online,495,23,0.04645,18.83,439.83,0,0.0,0.0,Wednesday
2024-02-10,GG-SRC-003,Google,Search,Clics,Intención: como perder peso en casa,462,38,0.08208,16.38,638.48,1,761.53,1.19,Saturday
2024-12-31,FB-CVR-001,Facebook,Conversion,Compras,Retargeting carrito abandonado,1853,45,0.02428,14.77,672.62,1,396.28,0.59,Tuesday
2024-03-28,FB-CVR-001,Facebook,Conversion,Compras,Retargeting carrito abandonado,2505,149,0.05948,10.21,1529.99,9,4960.79,3.24,Thursday
2024-03-11,GG-DSP-001,Google,Display,Impresiones,Afinidad: bienestar y fitness,16977,192,0.01131,2.89,556.03,1,586.13,1.05,Monday
2024-12-12,GG-DSP-002,Google,Display,Impresiones,Remarketing sitio web 7 días,14401,79,0.00549,3.96,316.19,0,0.0,0.0,Thursday
2024-04-03,FB-CON-001,Facebook,Consideracion,Trafico,Retargeting visitantes 30 días,4964,199,0.04008,6.62,1319.89,4,4508.18,3.42,Wednesday
2024-12-29,FB-AWA-001,Facebook,Awareness,Alcance,Mujeres 25-40 CDMX interesadas en bienestar,15195,93,0.00612,4.24,396.64,0,0.0,0.0,Sunday
2024-07-16,FB-CON-001,Facebook,Consideracion,Trafico,Retargeting visitantes 30 días,4363,93,0.02131,6.33,592.95,0,0.0,0.0,Tuesday
2024-02-29,FB-CVR-002,FB,Conversion,Compras,Lookalike 3% suscriptores activos,2684,124,0.04619,11.46,1421.0,8,6040.44,4.25,Thursday
2024-02-01,GG-SRC-001,Google,Search,,,684,59,,18.46,1094.97,2,1559.98,1.42,Thursday
2024-01-12,GG-SRC-001,Google,Search,Clics,Intención: cursos de yoga online MX,452,76,0.16782,18.15,1395.67,5,2427.67,1.74,Friday
2024-11-25,FB-AWA-002,Facebook,Awareness,Alcance,Lookalike 1% compradores anteriores,9175,119,0.01297,4.21,501.35,0,0.0,0.0,Monday
2024-04-01,FB-AWA-001,Facebook,Awareness,Alcance,Mujeres 25-40 CDMX interesadas en bienestar,12174,209,0.01717,3.75,785.21,2,1262.59,1.61,Monday
2024-05-08,GG-SRC-002,Google,Search,Clics,Intención: meditacion guiada online,598,58,0.09687,15.64,916.17,3,2641.98,2.88,Wednesday
2024-06-05,FB-CON-001,Facebook,Consideracion,Trafico,Retargeting visitantes 30 días,3583,156,0.04354,7.21,1130.37,2,1249.49,1.11,Wednesday
2024-05-29,GG-YTB-001,Google,YouTube,Vistas,"Canal: wellness, yoga, fitness",5337,155,0.02904,6.13,954.75,2,1077.56,1.13,Wednesday
2024-03-28,FB-CON-002,Facebook,Consideracion,Trafico,"Intereses: yoga, meditacion, fitness",3080,103,0.03343,6.77,702.65,2,1130.31,1.61,Thursday
2024-10-13,FB-AWA-002,Facebook,Awareness,Alcance,Lookalike 1% compradores anteriores,11739,120,0.01022,4.23,511.38,0,0.0,0.0,Sunday
2024-11-11,GG-SRC-002,Google,Search,Clics,Intención: meditacion guiada online,496,38,0.07647,18.66,721.83,1,706.11,0.98,Monday
2024-05-12,GG-DSP-002,Google,Display,Impresiones,Remarketing sitio web 7 días,16717,189,0.01131,3.39,641.87,1,699.67,1.09,Sunday
2024-08-10,GG-SRC-003,Google,Search,Clics,Intención: como perder peso en casa,356,19,0.05332,21.39,414.7,0,0.0,0.0,Saturday
2024-09-20,FB-CON-002,Facebook,Consideracion,Trafico,"Intereses: yoga, meditacion, fitness",3305,123,0.03721,6.79,839.4,3,2529.38,3.01,Friday
2024-09-05,FB-CVR-001,Facebook,Conversion,Compras,Retargeting carrito abandonado,1706,91,0.05333,13.3,1219.88,6,3674.91,3.01,Thursday
2024-10-11,FB-CVR-002,Facebook,Conversion,Compras,Lookalike 3% suscriptores activos,2068,94,0.04545,11.98,1127.65,6,4837.33,4.29,Friday
2024-02-13,GG-YTB-001,Google,YouTube,Vistas,"Canal: wellness, yoga, fitness",5057,138,0.02728,5.72,790.91,2,868.9,1.1,Tuesday
2024-07-29,FB-CON-001,Facebook,Consideracion,Trafico,Retargeting visitantes 30 días,3348,68,0.02031,7.33,499.15,1,903.87,1.81,Monday
2024-01-24,GG-DSP-002,Google,Display,Impresiones,Remarketing sitio web 7 días,13361,252,0.01886,3.73,942.63,4,2606.73,2.77,Wednesday
2024-07-22,FB-AWA-001,Facebook,Awareness,Alcance,Mujeres 25-40 CDMX interesadas en bienestar,12951,101,0.0078,4.35,441.13,0,0.0,0.0,Monday
2024-02-17,FB-CON-001,Facebook,Consideracion,Trafico,Retargeting visitantes 30 días,4703,138,0.02934,6.77,936.08,3,2363.61,2.53,Saturday
2024-03-29,GG-DSP-001,Google,Display,Impresiones,Afinidad: bienestar y fitness,12283,124,0.01009,3.61,447.76,1,731.75,1.63,Friday
2024-10-09,FB-AWA-002,Facebook,Awareness,Alcance,Lookalike 1% compradores anteriores,9890,174,0.01759,3.56,621.88,1,471.8,0.76,Wednesday
2024-03-25,GG-DSP-001,Google,Display,Impresiones,Afinidad: bienestar y fitness,9981,141,0.01413,3.65,518.03,1,668.17,1.29,Monday
2024-05-18,GG-DSP-001,Google,Display,Impresiones,Afinidad: bienestar y fitness,14221,173,0.01216,4.03,699.35,2,1176.35,1.68,Saturday
2024-02-10,GG-YTB-001,Google,YouTube,Vistas,"Canal: wellness, yoga, fitness",5104,142,0.02782,4.54,646.15,1,446.49,0.69,Saturday
2024-11-02,FB-AWA-001,Facebook,Awareness,Alcance,Mujeres 25-40 CDMX interesadas en bienestar,9964,138,0.01385,4.52,624.55,0,0.0,0.0,Saturday
2024-09-07,FB-AWA-002,Facebook,Awareness,Alcance,Lookalike 1% compradores anteriores,8220,136,0.01654,4.34,591.94,0,0.0,0.0,Saturday
2024-04-29,FB-AWA-002,FACEBOOK,Awareness,Alcance,Lookalike 1% compradores anteriores,8520,185,0.02171,4.67,865.77,1,623.33,0.72,Monday
2024-06-15,GG-SRC-001,Google,Search,Clics,Intención: cursos de yoga online MX,678,55,0.08104,18.9,1056.97,3,1351.83,1.28,Saturday
2024-04-25,FB-CVR-002,FB,Conversion,Compras,Lookalike 3% suscriptores activos,1421,85,0.05981,13.6,1169.21,6,5266.96,4.5,Thursday
2024-10-01,FB-CVR-002,Facebook,Conversion,Compras,Lookalike 3% suscriptores activos,1287,59,0.04581,15.57,927.35,2,1471.69,1.59,Tuesday
2024-02-05,GG-DSP-001,Google,Display,Impresiones,Afinidad: bienestar y fitness,16469,179,0.01087,3.14,565.02,1,834.24,1.48,Monday
2024-12-28,FB-AWA-002,Facebook,Awareness,Alcance,Lookalike 1% compradores anteriores,4948,51,0.01031,5.24,268.3,0,0.0,0.0,Saturday
2024-03-02,FB-CVR-002,Facebook,Conversion,Compras,Lookalike 3% suscriptores activos,1854,79,0.04259,10.61,843.07,5,2658.28,3.15,Saturday
2024-03-15,GG-DSP-001,Google,Display,Impresiones,Afinidad: bienestar y fitness,20156,202,0.01002,2.47,500.62,1,481.03,0.96,Friday
2024-05-20,GG-SRC-002,Google,Search,Clics,Intención: meditacion guiada online,385,50,0.1298,20.56,1029.21,3,1773.28,1.72,Monday
2024-09-16,GG-YTB-001,Google,YouTube,Vistas,"Canal: wellness, yoga, fitness",5100,139,0.02725,5.48,764.06,1,637.82,0.83,Monday
2024-08-25,FB-CVR-002,Facebook,Conversion,Compras,Lookalike 3% suscriptores activos,2597,58,0.02233,12.03,704.98,2,1133.44,1.61,Sunday
2024-07-20,GG-YTB-001,Google,YouTube,Vistas,"Canal: wellness, yoga, fitness",8203,113,0.01377,3.5,396.78,0,0.0,0.0,Saturday
2024-08-20,GG-SRC-001,Google,Search,Clics,Intención: cursos de yoga online MX,1197,67,0.05593,11.91,804.42,3,2301.11,2.86,Tuesday
2024-10-19,GG-SRC-001,Google,Search,Clics,Intención: cursos de yoga online MX,493,33,0.06687,19.66,665.09,1,942.24,1.42,Saturday
2024-02-13,GG-SRC-002,Google,Search,Clics,Intención: meditacion guiada online,561,44,0.07842,16.27,718.23,2,1322.54,1.84,Tuesday
2024-12-27,GG-DSP-002,Google Ads,Display,Impresiones,Remarketing sitio web 7 días,25632,124,0.00484,3.0,372.53,0,0.0,0.0,Friday
2024-02-20,GG-YTB-001,Google,YouTube,Vistas,"Canal: wellness, yoga, fitness",3844,136,0.03538,5.73,784.16,1,634.49,0.81,Tuesday
2024-06-11,GG-SRC-001,Google,Search,Clics,Intención: cursos de yoga online MX,928,76,0.08189,15.7,1199.73,3,1597.46,1.33,Tuesday
2024-08-12,GG-SRC-003,Google,Search,Clics,Intención: como perder peso en casa,395,27,0.06819,20.44,563.54,0,0.0,0.0,Monday
2024-06-23,GG-DSP-001,Google,Display,Impresiones,Afinidad: bienestar y fitness,13280,153,0.01152,3.37,516.29,1,467.53,0.91,Sunday
2024-04-17,FB-CON-001,Facebook,Consideracion,Trafico,Retargeting visitantes 30 días,3902,173,0.04433,6.5,1125.52,7,4754.83,4.22,Wednesday
2024-04-28,FB-AWA-001,Facebook,Awareness,Alcance,Mujeres 25-40 CDMX interesadas en bienestar,8149,171,0.02098,5.27,903.52,1,330.97,0.37,Sunday
2024-09-29,GG-SRC-003,Google,Search,,,289,26,,19.53,521.0,1,602.66,1.16,Sunday
2024-07-11,FB-AWA-001,Facebook,Awareness,Alcance,Mujeres 25-40 CDMX interesadas en bienestar,13761,124,0.00901,3.84,476.45,0,0.0,0.0,Thursday
2024-03-17,FB-CON-002,Facebook,Consideracion,Trafico,"Intereses: yoga, meditacion, fitness",4774,150,0.03142,4.47,673.26,2,934.03,1.39,Sunday
2024-05-16,GG-YTB-001,Google,YouTube,Vistas,"Canal: wellness, yoga, fitness",7280,193,0.02651,5.55,1072.0,2,1193.84,1.11,Thursday
2024-08-16,GG-DSP-001,Google,Display,Impresiones,Afinidad: bienestar y fitness,18308,135,0.00737,2.91,394.66,0,0.0,0.0,Friday
2024-05-30,FB-CVR-001,Facebook,Conversion,Compras,Retargeting carrito abandonado,1513,106,0.07004,12.81,1363.43,7,5437.48,3.99,Thursday
2024-06-24,GG-DSP-002,Google,Display,Impresiones,Remarketing sitio web 7 días,13383,166,0.0124,3.48,579.19,1,547.75,0.95,Monday
2024-11-28,GG-SRC-002,Google,Search,Clics,Intención: meditacion guiada online,447,34,0.07591,19.92,694.22,0,0.0,0.0,Thursday
2024-01-23,FB-CVR-001,Facebook,Conversion,Compras,Retargeting carrito abandonado,1967,158,0.08032,11.79,1865.46,17,17156.57,9.2,Tuesday
2024-01-04,GG-SRC-003,Google,Search,Clics,Intención: como perder peso en casa,351,52,0.14798,20.9,1087.57,5,2130.64,1.96,Thursday
2024-12-27,GG-SRC-002,Google,Search,Clics,Intención: meditacion guiada online,553,25,0.04514,17.82,448.47,0,0.0,0.0,Friday
2024-07-20,FB-CVR-002,Facebook,Conversion,Compras,Lookalike 3% suscriptores activos,1488,43,0.02888,10.94,481.4,1,933.42,1.94,Saturday
2024-10-03,GG-YTB-001,Google,YouTube,Vistas,"Canal: wellness, yoga, fitness",5399,144,0.02667,4.95,716.23,1,820.12,1.15,Thursday
2024-03-01,FB-CON-002,Facebook,Consideracion,Trafico,"Intereses: yoga, meditacion, fitness",2507,87,0.03469,8.5,745.13,1,591.26,0.79,Friday
2024-03-31,GG-SRC-003,Google,Search,Clics,Intención: como perder peso en casa,326,24,0.07354,19.85,487.36,0,0.0,0.0,Sunday
2024-12-22,GG-SRC-003,Google,Search,Clics,Intención: como perder peso en casa,502,21,0.04178,12.26,262.08,0,0.0,0.0,Sunday
2024-01-26,GG-YTB-001,Google,YouTube,Vistas,"Canal: wellness, yoga, fitness",3922,194,0.04946,4.77,927.89,3,1815.05,1.96,Friday
2024-10-08,GG-SRC-001,Google,Search,Clics,Intención: cursos de yoga online MX,474,50,0.10539,19.28,967.75,2,1007.68,1.04,Tuesday
2024-07-25,GG-SRC-003,G Ads,Search,Clics,Intención: como perder peso en casa,513,22,0.04284,18.22,417.25,0,0.0,0.0,Thursday
2024-09-11,FB-CON-002,Facebook,Consideracion,Trafico,"Intereses: yoga, meditacion, fitness",5085,174,0.03421,5.89,1025.72,5,2819.56,2.75,Wednesday
2024-12-09,FB-CON-002,Facebook,Consideracion,Trafico,"Intereses: yoga, meditacion, fitness",3225,64,0.01984,6.92,448.53,1,402.64,0.9,Monday
2024-01-10,GG-SRC-001,Google,Search,Clics,Intención: cursos de yoga online MX,555,82,0.14763,17.03,1399.54,7,3681.79,2.63,Wednesday
2024-01-22,FB-CVR-001,Facebook,Conversion,Compras,Retargeting carrito abandonado,2008,167,0.08317,12.15,2033.44,15,7912.21,3.89,Monday
2024-07-11,GG-YTB-001,Google,YouTube,Vistas,"Canal: wellness, yoga, fitness",5529,85,0.01537,5.11,437.95,0,0.0,0.0,Thursday
2024-06-09,GG-DSP-001,Google,Display,Impresiones,Afinidad: bienestar y fitness,12163,123,0.01011,3.35,414.8,1,600.1,1.45,Sunday
2024-02-26,FB-AWA-001,Facebook,Awareness,Alcance,Mujeres 25-40 CDMX interesadas en bienestar,15914,273,0.01715,3.44,940.84,1,619.8,0.66,Monday
2024-04-03,GG-SRC-001,Google,Search,Clics,Intención: cursos de yoga online MX,682,62,0.09086,20.17,1266.94,4,3231.84,2.55,Wednesday
2024-04-04,FB-AWA-002,Facebook,Awareness,Alcance,Lookalike 1% compradores anteriores,15035,225,0.01496,3.82,862.67,1,662.83,0.77,Thursday
2024-02-11,FB-CON-002,Facebook,Consideracion,Trafico,"Intereses: yoga, meditacion, fitness",5282,122,0.0231,7.06,865.74,2,1273.51,1.47,Sunday
2024-10-19,FB-CVR-001,Facebook,Conversion,Compras,Retargeting carrito abandonado,1758,81,0.04607,10.3,841.52,3,1558.52,1.85,Saturday
2024-06-16,GG-DSP-002,Google,Display,Impresiones,Remarketing sitio web 7 días,14144,163,0.01152,3.43,559.64,1,738.14,1.32,Sunday
2024-08-17,GG-SRC-002,Google,Search,Clics,Intención: meditacion guiada online,684,31,0.04529,16.26,515.36,1,724.66,1.41,Saturday
2024-07-27,GG-DSP-002,Google,Display,Impresiones,Remarketing sitio web 7 días,13973,89,0.00637,3.29,293.3,0,0.0,0.0,Saturday
2024-10-22,FB-CON-001,Facebook,Consideracion,Trafico,Retargeting visitantes 30 días,3375,127,0.03762,6.24,792.91,2,1200.3,1.51,Tuesday
2024-10-21,FB-CON-002,Facebook,Consideracion,Trafico,"Intereses: yoga, meditacion, fitness",4752,129,0.02714,6.19,803.65,2,877.91,1.09,Monday
2024-05-14,GG-SRC-002,Google,Search,Clics,Intención: meditacion guiada online,387,53,0.13662,18.39,989.43,2,1014.77,1.03,Tuesday
2024-12-16,GG-SRC-002,Google,Search,Clics,Intención: meditacion guiada online,347,20,0.05755,19.95,414.16,0,0.0,0.0,Monday
2024-05-18,FB-AWA-001,Facebook,Awareness,Alcance,Mujeres 25-40 CDMX interesadas en bienestar,10243,204,0.01992,4.39,896.05,1,595.09,0.66,Saturday
2024-01-09,FB-CON-001,Facebook,Consideracion,Trafico,Retargeting visitantes 30 días,4676,259,0.05539,6.03,1568.44,8,3823.02,2.44,Tuesday
2024-07-21,FB-CVR-002,Facebook,Conversion,Compras,Lookalike 3% suscriptores activos,2094,45,0.02149,11.9,539.56,1,513.13,0.95,Sunday
2024-04-25,FB-CVR-001,Facebook,Conversion,Compras,Retargeting carrito abandonado,1597,114,0.07135,12.57,1437.66,6,3626.51,2.52,Thursday
2024-04-30,FB-CVR-002,Facebook,Conversion,Compras,Lookalike 3% suscriptores activos,2203,137,0.06218,11.58,1590.32,8,6368.07,4.0,Tuesday
2024-04-13,GG-SRC-003,GOOGLE,Search,Clics,Intención: como perder peso en casa,402,35,0.087,19.86,696.53,1,425.49,0.61,Saturday
2024-11-18,GG-SRC-001,Google,Search,Clics,Intención: cursos de yoga online MX,548,47,0.08563,18.1,859.93,1,604.23,0.7,Monday
2024-12-02,FB-CON-001,Facebook,Consideracion,Trafico,Retargeting visitantes 30 días,5765,90,0.01561,5.62,507.06,1,557.83,1.1,Monday
2024-03-03,GG-DSP-001,Google,Display,Impresiones,Afinidad: bienestar y fitness,17505,133,0.0076,3.15,420.89,1,173.96,0.41,Sunday
2024-08-14,FB-CON-002,Facebook,Consideracion,Trafico,"Intereses: yoga, meditacion, fitness",2239,82,0.03661,6.82,564.12,1,854.24,1.51,Wednesday
2024-02-06,GG-SRC-002,Google,Search,Clics,Intención: meditacion guiada online,508,41,0.08059,16.79,704.96,1,784.79,1.11,Tuesday
2024-06-24,FB-AWA-001,Facebook,Awareness,Alcance,Mujeres 25-40 CDMX interesadas en bienestar,15129,230,0.0152,4.04,929.19,1,479.0,0.52,Monday
2024-12-19,FB-CON-001,Facebook,Consideracion,Trafico,Retargeting visitantes 30 días,5217,77,0.01476,6.24,482.98,0,0.0,0.0,Thursday
2024-03-04,GG-DSP-001,Google,Display,Impresiones,Afinidad: bienestar y fitness,12931,141,0.0109,3.18,448.63,1,563.29,1.26,Monday
2024-11-10,GG-SRC-003,Google,Search,Clics,Intención: como perder peso en casa,384,25,0.0651,17.55,454.45,1,675.27,1.49,Sunday
2024-10-01,FB-AWA-001,Facebook,Awareness,Alcance,Mujeres 25-40 CDMX interesadas en bienestar,15086,172,0.0114,3.79,652.25,1,672.66,1.03,Tuesday
2024-05-30,GG-DSP-001,Google,Display,Impresiones,Afinidad: bienestar y fitness,15616,219,0.01402,3.37,741.34,2,778.47,1.05,Thursday
19/02/2024,FB-CVR-002,Facebook,Conversion,Compras,Lookalike 3% suscriptores activos,1202,70,0.05819,13.27,940.1,3,2010.23,2.14,Monday
2024-08-22,GG-SRC-003,Google,Search,Clics,Intención: como perder peso en casa,420,23,0.05475,20.28,468.86,0,0.0,0.0,Thursday
2024-02-06,GG-SRC-003,Google,Search,Clics,Intención: como perder peso en casa,549,48,0.08739,14.05,686.43,2,897.24,1.31,Tuesday
2024-07-12,FB-CON-001,Facebook,Consideracion,Trafico,Retargeting visitantes 30 días,3907,75,0.01919,6.74,508.31,0,0.0,0.0,Friday
2024-12-08,FB-CVR-001,Facebook,Conversion,Compras,Retargeting carrito abandonado,2202,44,0.01997,11.02,486.28,1,582.93,1.2,Sunday
2024-06-15,GG-YTB-001,Google,YouTube,Vistas,"Canal: wellness, yoga, fitness",4745,124,0.02613,5.48,680.72,1,684.93,1.01,Saturday
2024-08-01,GG-SRC-002,Google,Search,Clics,Intención: meditacion guiada online,785,45,0.05728,15.85,717.72,1,632.07,0.88,Thursday
2024-05-13,FB-AWA-002,Facebook,Awareness,Alcance,Lookalike 1% compradores anteriores,6794,142,0.0209,5.31,758.2,0,0.0,0.0,Monday
2024-08-20,FB-CVR-002,Facebook,Conversion,Compras,Lookalike 3% suscriptores activos,1367,65,0.04753,12.72,837.7,1,444.46,0.53,Tuesday
2024-10-22,GG-SRC-002,Google,Search,Clics,Intención: meditacion guiada online,448,33,0.07357,20.3,689.39,1,301.81,0.44,Tuesday
2024-05-13,GG-DSP-002,Google,Display,Impresiones,Remarketing sitio web 7 días,21238,295,0.01389,2.94,869.98,3,2385.43,2.74,Monday
2024-08-11,FB-CVR-001,Facebook,Conversion,Compras,Retargeting carrito abandonado,2079,65,0.03126,12.24,804.02,3,2959.1,3.68,Sunday
2024-03-18,GG-DSP-002,Google,Display,Impresiones,Remarketing sitio web 7 días,23943,198,0.00827,2.83,560.22,2,875.1,1.56,Monday
2024-05-11,FB-CON-002,Facebook,Consideracion,Trafico,"Intereses: yoga, meditacion, fitness",2992,118,0.03943,6.17,728.68,3,1706.74,2.34,Saturday
2024-06-13,FB-AWA-002,FB,Awareness,Alcance,Lookalike 1% compradores anteriores,7473,140,0.01873,5.36,752.37,1,819.65,1.09,Thursday
2024-06-01,FB-CON-002,Facebook,Consideracion,Trafico,"Intereses: yoga, meditacion, fitness",2905,113,0.03889,6.95,791.03,3,2330.17,2.95,Saturday
2024-01-07,FB-CON-001,Facebook,Consideracion,Trafico,Retargeting visitantes 30 días,4541,188,0.0414,6.54,1231.13,7,3908.76,3.17,Sunday
2024-07-03,FB-AWA-001,Facebook,Awareness,Alcance,Mujeres 25-40 CDMX interesadas en bienestar,13454,128,0.00951,4.03,517.43,0,0.0,0.0,Wednesday
2024-02-19,GG-SRC-002,Google,Search,Clics,Intención: meditacion guiada online,372,39,0.10481,21.48,840.31,1,571.14,0.68,Monday
2024-02-12,FB-AWA-001,Facebook,Awareness,Alcance,Mujeres 25-40 CDMX interesadas en bienestar,8206,175,0.02132,4.62,813.06,1,758.21,0.93,Monday
2024-03-15,FB-AWA-001,Facebook,Awareness,Alcance,Mujeres 25-40 CDMX interesadas en bienestar,16056,224,0.01395,3.67,824.62,1,577.53,0.7,Friday
2024-12-30,GG-SRC-002,Google,Search,Clics,Intención: meditacion guiada online,551,19,0.03443,18.96,375.01,0,0.0,0.0,Monday
2024-10-10,GG-SRC-001,Google,Search,Clics,Intención: cursos de yoga online MX,611,50,0.08182,19.0,967.66,1,912.17,0.94,Thursday
2024-01-22,FB-CON-002,Facebook,Consideracion,Trafico,"Intereses: yoga, meditacion, fitness",3675,233,0.0634,7.26,1698.03,9,7098.12,4.18,Monday
2024-02-05,GG-DSP-002,Google,Display,Impresiones,Remarketing sitio web 7 días,30829,193,0.00626,3.45,667.39,1,646.96,0.97,Monday
2024-07-11,GG-SRC-001,Google,Search,Clics,Intención: cursos de yoga online MX,412,20,0.04849,20.2,423.96,0,0.0,0.0,Thursday
2024-09-21,GG-SRC-003,Google,Search,Clics,Intención: como perder peso en casa,350,36,0.10261,17.77,654.67,1,708.21,1.08,Saturday
2024-10-30,FB-CVR-001,Facebook,Conversion,Compras,Retargeting carrito abandonado,1765,78,0.04418,11.86,930.49,3,2128.94,2.29,Wednesday
2024-08-15,GG-YTB-001,Google,YouTube,Vistas,"Canal: wellness, yoga, fitness",7009,117,0.01669,4.42,520.59,1,429.13,0.82,Thursday
2024-02-09,GG-SRC-003,Google,Search,Clics,Intención: como perder peso en casa,429,37,0.08612,18.1,686.7,2,581.14,0.85,Friday
2024-01-15,GG-DSP-002,Google,Display,Impresiones,Remarketing sitio web 7 días,12991,227,0.01747,3.54,804.61,3,2469.42,3.07,Monday
2024-08-31,GG-SRC-001,Google,Search,Clics,Intención: cursos de yoga online MX,773,44,0.05691,14.62,648.39,1,761.87,1.18,Saturday
2024-06-05,GG-DSP-001,Google,Display,Impresiones,Afinidad: bienestar y fitness,13848,167,0.01206,3.72,623.72,2,1297.57,2.08,Wednesday
2024-05-15,FB-AWA-001,Facebook,Awareness,Alcance,Mujeres 25-40 CDMX interesadas en bienestar,12958,274,0.02115,4.28,1177.36,2,1338.25,1.14,Wednesday
2024-11-01,GG-SRC-002,Google,Search,Clics,Intención: meditacion guiada online,551,32,0.05806,18.08,594.05,1,477.51,0.8,Friday
2024-03-11,GG-SRC-001,GOOGLE,Search,Clics,Intención: cursos de yoga online MX,631,61,0.09654,19.04,1163.96,2,1236.21,1.06,Monday
2024-05-08,GG-SRC-001,Google,Search,Clics,Intención: cursos de yoga online MX,528,62,0.11733,20.39,1278.45,3,1729.99,1.35,Wednesday
2024-09-18,FB-AWA-001,Facebook,Awareness,Alcance,Mujeres 25-40 CDMX interesadas en bienestar,9561,182,0.01903,4.26,778.68,1,301.61,0.39,Wednesday
2024-02-08,GG-SRC-002,Google,Search,Clics,Intención: meditacion guiada online,550,56,0.10171,18.46,1042.66,2,1307.3,1.25,Thursday
2024-08-05,FB-CVR-001,Facebook,Conversion,Compras,Retargeting carrito abandonado,1987,77,0.03875,11.55,889.8,3,1177.19,1.32,Monday
2024-07-23,FB-CVR-002,Facebook,Conversion,Compras,Lookalike 3% suscriptores activos,1834,53,0.02889,12.4,663.19,1,818.54,1.23,Tuesday
2024-03-13,FB-AWA-001,Facebook,Awareness,Alcance,Mujeres 25-40 CDMX interesadas en bienestar,7940,159,0.02002,4.53,722.93,1,551.16,0.76,Wednesday
2024-11-18,FB-CVR-001,FB,Conversion,Compras,Retargeting carrito abandonado,1876,86,0.04583,10.17,877.59,3,2899.02,3.3,Monday
2024-08-13,FB-CVR-001,Meta,Conversion,Compras,Retargeting carrito abandonado,2282,90,0.03944,10.7,971.29,5,1870.01,1.93,Tuesday
2024-02-22,GG-SRC-001,Google,Search,Clics,Intención: cursos de yoga online MX,584,49,0.08382,21.58,1064.03,2,1424.47,1.34,Thursday
2024-03-08,GG-YTB-001,Google,YouTube,Vistas,"Canal: wellness, yoga, fitness",5965,130,0.02179,5.39,706.27,1,430.94,0.61,Friday
2024-10-23,FB-CVR-001,Facebook,Conversion,Compras,Retargeting carrito abandonado,2335,87,0.03725,10.08,882.66,3,1682.43,1.91,Wednesday
2024-10-09,GG-SRC-001,Google,Search,Clics,Intención: cursos de yoga online MX,651,55,0.08444,17.48,965.99,2,904.95,0.94,Wednesday
2024-12-28,FB-CON-002,Facebook,Consideracion,Trafico,"Intereses: yoga, meditacion, fitness",3679,56,0.01522,8.04,451.48,0,0.0,0.0,Saturday
2024-11-03,FB-AWA-002,Facebook,Awareness,Alcance,Lookalike 1% compradores anteriores,8933,95,0.01063,4.0,380.44,0,0.0,0.0,Sunday
2024-08-31,GG-DSP-001,Google,Display,Impresiones,Afinidad: bienestar y fitness,10976,89,0.00811,3.67,329.03,0,0.0,0.0,Saturday
2024-09-04,GG-SRC-002,Google,Search,Clics,Intención: meditacion guiada online,384,35,0.09107,21.89,782.54,1,332.84,0.43,Wednesday
2024-11-03,GG-DSP-002,Google,Display,Impresiones,Remarketing sitio web 7 días,21356,152,0.00712,3.01,459.75,1,596.02,1.3,Sunday
2024-02-22,GG-SRC-003,Google,Search,Clics,Intención: como perder peso en casa,687,43,0.06255,22.33,974.84,2,1393.38,1.43,Thursday
2024-03-01,GG-YTB-001,Google,YouTube,Vistas,"Canal: wellness, yoga, fitness",5269,117,0.0222,5.78,677.86,1,553.51,0.82,Friday
2024-04-23,GG-SRC-002,Google,Search,Clics,Intención: meditacion guiada online,532,49,0.09205,17.48,873.79,1,704.59,0.81,Tuesday
2024-07-17,FB-CVR-001,Facebook,Conversion,Compras,Retargeting carrito abandonado,1769,57,0.03221,11.09,632.29,1,807.84,1.28,Wednesday
2024-08-02,GG-YTB-001,Google,YouTube,Vistas,"Canal: wellness, yoga, fitness",6023,91,0.01511,6.38,585.94,1,653.33,1.12,Friday
2024-08-25,FB-CON-001,Facebook,Consideracion,Trafico,Retargeting visitantes 30 días,3970,110,0.0277,6.1,671.18,2,1519.13,2.26,Sunday
2024-01-11,GG-SRC-001,Google,Search,Clics,Intención: cursos de yoga online MX,452,64,0.14132,20.21,1308.53,3,2507.58,1.92,Thursday
2024-04-08,FB-AWA-002,Facebook,Awareness,Alcance,Lookalike 1% compradores anteriores,6778,140,0.02065,4.84,678.48,0,0.0,0.0,Monday
2024-06-08,GG-SRC-002,Google,Search,Clics,Intención: meditacion guiada online,433,44,0.1016,14.41,634.58,2,1588.14,2.5,Saturday
2024-12-20,GG-SRC-003,Google,Search,Clics,Intención: como perder peso en casa,459,19,0.04131,20.86,400.45,0,0.0,0.0,Friday
2024-10-15,GG-YTB-001,Google,YouTube,Vistas,"Canal: wellness, yoga, fitness",4787,98,0.02047,6.18,609.17,1,738.59,1.21,Tuesday
2024-04-24,FB-CON-002,Facebook,Consideracion,Trafico,"Intereses: yoga, meditacion, fitness",5927,229,0.03863,5.65,1299.84,7,6052.63,4.66,Wednesday
2024-10-26,GG-DSP-002,Google Ads,Display,Impresiones,Remarketing sitio web 7 días,12490,112,0.00897,3.79,426.17,1,333.11,0.78,Saturday
2024-10-02,FB-AWA-002,facebook,Awareness,,,10385,137,,4.4,604.13,0,0.0,0.0,Wednesday
2024-02-19,GG-SRC-003,Google,Search,Clics,Intención: como perder peso en casa,342,39,0.114,19.75,786.16,1,972.9,1.24,Monday
2024-08-29,GG-SRC-001,Google,Search,Clics,Intención: cursos de yoga online MX,450,28,0.06214,20.5,585.6,0,0.0,0.0,Thursday
2024-10-12,FB-CVR-002,Facebook,Conversion,Compras,Lookalike 3% suscriptores activos,1298,62,0.04774,12.48,779.34,3,1824.84,2.34,Saturday
2024-10-05,FB-CVR-001,Facebook,Conversion,Compras,Retargeting carrito abandonado,2482,103,0.04149,9.65,1003.63,5,3817.19,3.8,Saturday
2024-06-18,GG-DSP-002,Google,Display,Impresiones,Remarketing sitio web 7 días,18881,240,0.01271,2.89,694.93,2,1242.76,1.79,Tuesday
2024-07-30,GG-SRC-002,Google,Search,Clics,Intención: meditacion guiada online,867,37,0.04267,13.11,493.17,1,638.37,1.29,Tuesday
2024-01-05,FB-CON-002,FB,Consideracion,,,3412,185,,6.84,1265.3,6,5990.35,4.73,Friday
2024-01-29,FB-CON-001,Facebook,Consideracion,Trafico,Retargeting visitantes 30 días,4883,218,0.04464,7.05,1538.91,9,7644.39,4.97,Monday
2024-03-20,FB-CON-002,Facebook,Consideracion,Trafico,"Intereses: yoga, meditacion, fitness",4904,143,0.02915,5.63,810.83,3,2235.33,2.76,Wednesday
2024-03-06,GG-SRC-001,Google,Search,Clics,Intención: cursos de yoga online MX,543,41,0.07539,23.05,954.31,2,1554.19,1.63,Wednesday
2024-10-25,FB-CON-002,Facebook,Consideracion,Trafico,"Intereses: yoga, meditacion, fitness",3926,117,0.0298,7.62,893.52,2,1412.46,1.58,Friday
2024-05-13,FB-CON-001,Facebook,Consideracion,Trafico,Retargeting visitantes 30 días,4531,178,0.03928,6.14,1094.53,4,4369.24,3.99,Monday
2024-03-26,FB-AWA-001,Facebook,Awareness,Alcance,Mujeres 25-40 CDMX interesadas en bienestar,11237,174,0.01548,3.94,687.26,1,697.28,1.01,Tuesday
2024-09-02,GG-SRC-002,Google,Search,Clics,Intención: meditacion guiada online,629,52,0.08263,17.75,940.48,3,1402.95,1.49,Monday
2024-10-27,GG-SRC-002,Google,Search,Clics,Intención: meditacion guiada online,398,33,0.08272,21.46,710.54,1,691.9,0.97,Sunday
2024-01-14,GG-SRC-002,Google,Search,Clics,Intención: meditacion guiada online,467,59,0.12629,16.82,993.27,4,1685.67,1.7,Sunday
2024-02-07,FB-AWA-001,Facebook,Awareness,Alcance,Mujeres 25-40 CDMX interesadas en bienestar,14222,253,0.01779,4.23,1071.81,1,362.53,0.34,Wednesday
2024-05-31,GG-DSP-001,Google,Display,Impresiones,Afinidad: bienestar y fitness,14547,204,0.01402,3.11,636.69,3,1227.33,1.93,Friday
2024-04-27,GG-DSP-001,Google,Display,Impresiones,Afinidad: bienestar y fitness,10043,133,0.01324,3.63,485.27,1,516.13,1.06,Saturday
2024-11-05,GG-DSP-002,Google,Display,Impresiones,Remarketing sitio web 7 días,18715,165,0.00882,3.28,543.67,1,572.42,1.05,Tuesday
2024-06-18,FB-AWA-002,Facebook,Awareness,Alcance,Lookalike 1% compradores anteriores,9905,189,0.01908,4.59,869.06,1,709.88,0.82,Tuesday
2024-12-02,FB-AWA-002,Facebook,Awareness,Alcance,Lookalike 1% compradores anteriores,16025,95,0.00593,3.66,351.28,0,0.0,0.0,Monday
2024-03-14,FB-CON-002,Facebook,Consideracion,Trafico,"Intereses: yoga, meditacion, fitness",4321,124,0.02869,6.59,818.11,3,2341.04,2.86,Thursday
2024-02-26,GG-DSP-001,Google,Display,Impresiones,Afinidad: bienestar y fitness,15435,157,0.01017,3.39,532.92,1,627.35,1.18,Monday
2024-12-27,FB-AWA-002,Facebook,Awareness,Alcance,Lookalike 1% compradores anteriores,10032,81,0.00807,4.7,380.61,0,0.0,0.0,Friday
2024-01-16,GG-DSP-002,Google,Display,Impresiones,Remarketing sitio web 7 días,23464,347,0.01479,2.67,928.28,4,2578.47,2.78,Tuesday
2024-09-30,GG-SRC-003,G Ads,Search,Clics,Intención: como perder peso en casa,585,52,0.08887,15.06,789.95,2,1423.22,1.8,Monday
2024-07-11,GG-DSP-002,Google,Display,Impresiones,Remarketing sitio web 7 días,26566,133,0.00501,2.94,392.65,0,0.0,0.0,Thursday
2024-01-31,FB-AWA-001,Facebook,Awareness,Alcance,Mujeres 25-40 CDMX interesadas en bienestar,10933,289,0.02643,4.6,1333.03,2,1410.01,1.06,Wednesday
2024-07-05,GG-YTB-001,Google,YouTube,Vistas,"Canal: wellness, yoga, fitness",3908,67,0.01714,6.35,430.88,0,0.0,0.0,Friday
2024-10-16,FB-AWA-001,Facebook,Awareness,Alcance,,9935,139,,4.67,650.47,0,0.0,0.0,Wednesday
2024-05-05,FB-CON-002,Facebook,Consideracion,Trafico,"Intereses: yoga, meditacion, fitness",5092,212,0.04163,4.64,983.94,8,4240.94,4.31,Sunday
2024-01-29,FB-CVR-001,Facebook,Conversion,Compras,Retargeting carrito abandonado,1983,180,0.09074,10.84,1959.43,22,13330.73,6.8,Monday
2024-09-08,FB-CON-001,Facebook,Consideracion,Trafico,Retargeting visitantes 30 días,3522,117,0.03321,6.84,803.31,3,1209.77,1.51,Sunday
2024-04-03,FB-AWA-001,Facebook,Awareness,Alcance,Mujeres 25-40 CDMX interesadas en bienestar,13669,220,0.01609,4.41,970.29,1,708.56,0.73,Wednesday
2024-06-16,GG-SRC-001,Google,Search,Clics,Intención: cursos de yoga online MX,676,47,0.06953,20.69,979.45,2,1046.56,1.07,Sunday
2024-03-08,FB-CVR-001,Facebook,Conversion,Compras,Retargeting carrito abandonado,2011,121,0.06016,10.68,1294.63,5,3135.95,2.42,Friday
2024-06-02,FB-AWA-001,Facebook,Awareness,Alcance,Mujeres 25-40 CDMX interesadas en bienestar,9997,170,0.017,4.55,776.04,1,700.84,0.9,Sunday
2024-11-09,FB-CON-001,Facebook,Consideracion,Trafico,Retargeting visitantes 30 días,3776,90,0.02383,7.27,658.27,1,672.65,1.02,Saturday
2024-12-07,GG-DSP-002,Google,Display,Impresiones,Remarketing sitio web 7 días,27780,126,0.00454,2.1,264.62,0,0.0,0.0,Saturday
2024-10-27,FB-CVR-002,Facebook,Conversion,Compras,Lookalike 3% suscriptores activos,1542,66,0.04278,13.45,898.62,3,2415.16,2.69,Sunday
2024-06-20,GG-SRC-001,Google,Search,Clics,Intención: cursos de yoga online MX,724,73,0.10082,14.68,1076.45,5,3287.89,3.05,Thursday
2024-09-11,GG-SRC-003,Google,Search,Clics,Intención: como perder peso en casa,399,26,0.06514,25.47,674.91,1,818.79,1.21,Wednesday
2024-01-02,GG-SRC-002,Google,Search,Clics,Intención: meditacion guiada online,399,62,0.15524,19.23,1196.78,4,2933.62,2.45,Tuesday
2024-02-02,FB-CON-001,Facebook,Consideracion,Trafico,Retargeting visitantes 30 días,2888,134,0.0464,6.66,897.36,3,2218.85,2.47,Friday
2024-01-24,FB-CVR-002,Facebook,Conversion,Compras,Lookalike 3% suscriptores activos,2092,121,0.05782,12.73,1547.37,8,2401.24,1.55,Wednesday
2024-11-11,GG-DSP-001,Google,Display,Impresiones,Afinidad: bienestar y fitness,17996,121,0.00672,3.22,390.15,0,0.0,0.0,Monday
2024-09-26,FB-CVR-002,Facebook,Conversion,Compras,Lookalike 3% suscriptores activos,1854,94,0.05069,12.33,1164.1,5,4449.34,3.82,Thursday
2024-05-13,GG-SRC-001,Google,Search,Clics,Intención: cursos de yoga online MX,544,61,0.11198,17.52,1078.7,3,2410.84,2.23,Monday
2024-01-06,FB-CVR-002,Facebook,Conversion,Compras,Lookalike 3% suscriptores activos,1386,113,0.08151,12.44,1412.12,12,9027.78,6.39,Saturday
2024-05-20,FB-CVR-002,Facebook,Conversion,Compras,Lookalike 3% suscriptores activos,1988,130,0.06537,11.59,1512.4,10,4888.77,3.23,Monday
2024-12-19,FB-CVR-002,Facebook,Conversion,Compras,Lookalike 3% suscriptores activos,1154,36,0.03118,14.43,532.91,1,667.77,1.25,Thursday
2024-07-09,GG-DSP-001,Google,Display,Impresiones,Afinidad: bienestar y fitness,19764,116,0.00587,2.79,326.24,0,0.0,0.0,Tuesday
2024-04-07,FB-CVR-001,Facebook,Conversion,Compras,,2108,122,,11.46,1409.49,7,4356.79,3.09,Sunday
2024-12-14,GG-SRC-002,Google,Search,Clics,Intención: meditacion guiada online,546,18,0.03294,16.5,312.15,0,0.0,0.0,Saturday
2024-07-30,GG-YTB-001,Google,YouTube,Vistas,"Canal: wellness, yoga, fitness",5858,87,0.01485,5.47,477.4,0,0.0,0.0,Tuesday
2024-03-18,GG-DSP-001,GOOGLE,Display,Impresiones,Afinidad: bienestar y fitness,15421,135,0.00875,3.25,440.59,0,0.0,0.0,Monday
2024-01-02,FB-CON-001,Facebook,Consideracion,Trafico,Retargeting visitantes 30 días,4643,237,0.05104,5.9,1399.56,6,4692.21,3.35,Tuesday
2024-09-04,FB-AWA-001,Facebook,Awareness,Alcance,Mujeres 25-40 CDMX interesadas en bienestar,10769,185,0.01718,4.45,825.88,1,541.49,0.66,Wednesday
2024-09-08,GG-DSP-001,Google,Display,Impresiones,Afinidad: bienestar y fitness,12767,137,0.01073,2.89,397.63,1,514.45,1.29,Sunday
2024-07-26,GG-DSP-001,Google,Display,Impresiones,Afinidad: bienestar y fitness,14301,110,0.00769,2.97,327.3,0,0.0,0.0,Friday
2024-02-05,FB-CVR-001,Facebook,Conversion,Compras,Retargeting carrito abandonado,2076,104,0.05007,12.39,1298.81,6,4506.03,3.47,Monday
2024-07-08,FB-CVR-002,Facebook,Conversion,Compras,Lookalike 3% suscriptores activos,1568,50,0.03188,13.7,696.42,2,1207.44,1.73,Monday
2024-02-08,FB-CON-001,Facebook,Consideracion,Trafico,Retargeting visitantes 30 días,4257,164,0.03852,5.93,972.58,2,1565.81,1.61,Thursday
2024-09-01,GG-DSP-002,google,Display,Impresiones,Remarketing sitio web 7 días,13027,122,0.00936,3.88,475.56,1,192.54,0.4,Sunday
2024-11-28,FB-CON-002,facebook,Consideracion,Trafico,"Intereses: yoga, meditacion, fitness",4072,112,0.0275,7.58,852.85,2,1281.15,1.5,Thursday
2024-05-16,GG-SRC-003,Google,Search,Clics,Intención: como perder peso en casa,333,41,0.12284,19.93,833.54,2,1370.76,1.64,Thursday
2024-09-28,FB-AWA-002,Facebook,Awareness,Alcance,Lookalike 1% compradores anteriores,6781,137,0.0202,4.06,559.02,0,0.0,0.0,Saturday
2024-05-30,FB-CVR-002,Facebook,Conversion,Compras,Lookalike 3% suscriptores activos,1439,88,0.06115,14.37,1275.33,6,4023.15,3.15,Thursday
2024-03-25,FB-CON-002,facebook,Consideracion,Trafico,"Intereses: yoga, meditacion, fitness",5206,149,0.02862,6.02,901.22,2,1143.05,1.27,Monday
2024-06-22,GG-SRC-002,Google,Search,Clics,Intención: meditacion guiada online,426,40,0.09368,18.97,774.2,2,1440.97,1.86,Saturday
2024-08-05,GG-YTB-001,Google,YouTube,Vistas,"Canal: wellness, yoga, fitness",7964,130,0.01632,4.62,601.64,2,1554.57,2.58,Monday
2024-11-04,FB-CVR-002,Facebook,Conversion,Compras,Lookalike 3% suscriptores activos,2254,92,0.0408,10.78,999.46,5,4639.14,4.64,Monday
2024-06-27,FB-CVR-002,Facebook,Conversion,Compras,Lookalike 3% suscriptores activos,1760,88,0.04997,14.34,1266.46,5,2334.08,1.84,Thursday
2024-10-07,FB-CON-001,Facebook,Consideracion,Trafico,Retargeting visitantes 30 días,2304,83,0.03601,7.09,593.56,2,1165.87,1.96,Monday
2024-02-08,GG-DSP-002,Google,Display,Impresiones,Remarketing sitio web 7 días,13718,156,0.01137,3.79,593.86,1,411.53,0.69,Thursday
2024-12-19,FB-CON-002,Facebook,Consideracion,Trafico,"Intereses: yoga, meditacion, fitness",5412,65,0.01201,7.92,517.15,1,731.22,1.41,Thursday
2024-04-25,FB-AWA-002,Facebook,Awareness,Alcance,Lookalike 1% compradores anteriores,10752,177,0.01646,4.88,865.62,1,483.72,0.56,Thursday
2024-04-30,GG-SRC-002,Google,Search,Clics,Intención: meditacion guiada online,520,63,0.12108,16.71,1058.94,3,1305.36,1.23,Tuesday
2024-01-28,GG-SRC-003,Google,Search,Clics,,411,55,,18.0,1001.48,3,1768.55,1.77,Sunday
2024-11-06,FB-CVR-002,Facebook,Conversion,Compras,Lookalike 3% suscriptores activos,1789,85,0.04751,10.33,886.9,5,3038.04,3.43,Wednesday
2024-03-22,GG-DSP-002,Google,Display,Impresiones,Remarketing sitio web 7 días,15556,209,0.01343,2.5,524.15,1,710.16,1.35,Friday
2024-02-07,FB-CON-001,Facebook,Consideracion,Trafico,Retargeting visitantes 30 días,4352,143,0.03285,6.37,911.92,3,1549.07,1.7,Wednesday
2024-08-24,FB-CVR-002,Facebook,Conversion,Compras,Lookalike 3% suscriptores activos,1703,59,0.03463,10.86,647.22,2,1355.25,2.09,Saturday
2024-03-28,GG-DSP-002,Google,Display,Impresiones,Remarketing sitio web 7 días,22695,200,0.00881,2.81,562.08,1,754.73,1.34,Thursday
2024-05-06,FB-CON-002,Facebook,Consideracion,Trafico,"Intereses: yoga, meditacion, fitness",3160,140,0.04429,8.02,1122.33,3,2512.91,2.24,Monday
2024-01-08,GG-YTB-001,Google,YouTube,Vistas,"Canal: wellness, yoga, fitness",5379,253,0.04703,4.59,1163.56,3,1922.92,1.65,Monday
2024-11-21,GG-SRC-001,Google,Search,Clics,Intención: cursos de yoga online MX,765,47,0.06137,18.68,892.77,1,820.11,0.92,Thursday
2024-05-23,GG-SRC-001,Google,Search,Clics,Intención: cursos de yoga online MX,688,76,0.11033,18.11,1388.94,6,3212.52,2.31,Thursday
2024-02-16,GG-SRC-002,Google,Search,Clics,Intención: meditacion guiada online,488,45,0.09217,16.45,754.83,2,1009.01,1.34,Friday
2024-07-04,GG-YTB-001,Google,YouTube,Vistas,"Canal: wellness, yoga, fitness",5274,88,0.01668,5.45,480.33,0,0.0,0.0,Thursday
2024-03-02,GG-DSP-001,Google,Display,Impresiones,Afinidad: bienestar y fitness,9930,100,0.01007,3.77,380.74,1,584.29,1.53,Saturday
2024-12-04,FB-CON-001,Facebook,Consideracion,Trafico,Retargeting visitantes 30 días,3642,59,0.0162,7.75,460.52,0,0.0,0.0,Wednesday
2024-05-29,GG-DSP-002,Google,Display,Impresiones,Remarketing sitio web 7 días,15119,227,0.01501,3.09,704.56,3,2448.21,3.47,Wednesday
2024-06-22,FB-CON-002,facebook,Consideracion,Trafico,"Intereses: yoga, meditacion, fitness",4115,144,0.03499,6.59,951.22,2,1272.98,1.34,Saturday
2024-10-05,FB-CON-002,Facebook,Consideracion,Trafico,"Intereses: yoga, meditacion, fitness",3523,107,0.03037,6.64,714.17,2,1787.16,2.5,Saturday
2024-03-11,FB-CON-001,Facebook,Consideracion,Trafico,,4786,123,0.0257,7.28,896.23,2,1236.5,1.38,Monday
2024-10-06,GG-YTB-001,Google,YouTube,Vistas,"Canal: wellness, yoga, fitness",7315,133,0.01818,4.62,618.72,1,440.08,0.71,Sunday
2024-07-04,FB-CON-001,Facebook,Consideracion,Trafico,Retargeting visitantes 30 días,4894,100,0.02043,6.13,614.43,1,922.7,1.5,Thursday
2024-09-11,GG-DSP-001,Google,Display,Impresiones,Afinidad: bienestar y fitness,9709,125,0.01287,3.91,490.66,1,485.73,0.99,Wednesday
2024-03-01,FB-CON-001,Facebook,Consideracion,Trafico,Retargeting visitantes 30 días,4017,141,0.03509,7.1,1006.58,4,2599.8,2.58,Friday
2024-09-21,FB-CVR-002,Facebook,Conversion,Compras,Lookalike 3% suscriptores activos,1406,87,0.06184,12.53,1091.91,6,3748.14,3.43,Saturday
2024-09-30,FB-CON-002,Facebook,Consideracion,Trafico,"Intereses: yoga, meditacion, fitness",3481,128,0.03676,6.4,821.29,4,3553.1,4.33,Monday
2024-12-27,GG-SRC-003,Google,Search,Clics,Intención: como perder peso en casa,509,21,0.04122,19.86,417.76,0,0.0,0.0,Friday
2024-08-26,FB-CON-002,Facebook,Consideracion,Trafico,"Intereses: yoga, meditacion, fitness",6857,120,0.0175,5.09,611.86,2,1284.71,2.1,Monday
2024-07-02,FB-AWA-001,FB,Awareness,Alcance,Mujeres 25-40 CDMX interesadas en bienestar,7935,89,0.01122,5.25,470.24,0,0.0,0.0,Tuesday
2024-01-01,GG-DSP-002,Google,Display,Impresiones,Remarketing sitio web 7 días,15537,243,0.01564,3.61,876.97,3,1090.52,1.24,Monday
2024-06-03,GG-SRC-002,Google,Search,Clics,Intención: meditacion guiada online,508,55,0.10824,15.09,831.09,3,2283.69,2.75,Monday
2024-05-07,GG-YTB-001,Google,YouTube,Vistas,"Canal: wellness, yoga, fitness",2833,100,0.03529,6.45,650.32,1,492.0,0.76,Tuesday
2024-11-11,FB-AWA-001,Facebook,Awareness,,,9062,152,,4.45,678.89,1,792.04,1.17,Monday
2024-09-10,GG-SRC-001,Google,Search,Clics,Intención: cursos de yoga online MX,542,51,0.09407,21.57,1116.57,2,1365.27,1.22,Tuesday
2024-06-09,GG-DSP-002,Google,Display,Impresiones,Remarketing sitio web 7 días,20232,222,0.01097,2.88,639.36,2,1364.24,2.13,Sunday
2024-03-02,GG-SRC-003,Google,Search,Clics,Intención: como perder peso en casa,373,25,0.06689,18.34,465.37,1,970.54,2.09,Saturday
2024-05-15,GG-YTB-001,Google,YouTube,Vistas,"Canal: wellness, yoga, fitness",5950,185,0.03109,5.08,940.58,3,2499.8,2.66,Wednesday
2024-03-15,GG-SRC-002,Google,Search,Clics,Intención: meditacion guiada online,458,37,0.08077,21.51,798.96,1,687.67,0.86,Friday
2024-11-02,GG-DSP-002,Google,Display,Impresiones,Remarketing sitio web 7 días,18276,118,0.00646,3.42,405.86,1,578.81,1.43,Saturday
2024-06-29,FB-CON-002,Facebook,Consideracion,Trafico,"Intereses: yoga, meditacion, fitness",3769,142,0.03767,5.94,845.1,3,1839.96,2.18,Saturday
2024-06-22,GG-SRC-001,Google,Search,,,671,57,,17.92,1032.6,3,1546.21,1.5,Saturday
2024-07-13,GG-SRC-001,Google,Search,Clics,Intención: cursos de yoga online MX,680,32,0.04705,16.9,555.93,0,0.0,0.0,Saturday
2024-08-29,FB-AWA-002,Facebook,Awareness,Alcance,Lookalike 1% compradores anteriores,7026,93,0.01324,5.0,468.6,0,0.0,0.0,Thursday
2024-07-22,GG-SRC-003,Google,Search,Clics,Intención: como perder peso en casa,357,19,0.05319,21.24,418.74,0,0.0,0.0,Monday
2024-10-02,GG-DSP-002,Google,Display,Impresiones,Remarketing sitio web 7 días,14619,151,0.01033,3.57,539.81,1,709.5,1.31,Wednesday
2024-12-03,GG-SRC-001,Google,Search,Clics,Intención: cursos de yoga online MX,643,30,0.04661,19.1,590.79,1,609.24,1.03,Tuesday
2024-03-28,GG-SRC-003,Google,Search,Clics,Intención: como perder peso en casa,492,34,0.06905,17.24,596.57,1,477.06,0.8,Thursday
2024-01-28,GG-SRC-001,Google,Search,Clics,Intención: cursos de yoga online MX,620,74,0.11928,16.91,1264.97,3,1909.69,1.51,Sunday
2024-09-06,GG-SRC-002,Google,Search,Clics,Intención: meditacion guiada online,733,61,0.08314,16.43,1016.38,3,2686.94,2.64,Friday
2024-06-10,GG-YTB-001,Google,YouTube,Vistas,"Canal: wellness, yoga, fitness",4763,135,0.02834,5.99,811.65,2,1192.14,1.47,Monday
2024-07-03,FB-CVR-002,Facebook,Conversion,Compras,Lookalike 3% suscriptores activos,1090,40,0.03668,15.09,606.77,1,311.3,0.51,Wednesday
2024-05-21,FB-CON-002,Facebook,Consideracion,Trafico,"Intereses: yoga, meditacion, fitness",2792,118,0.04226,7.47,886.12,4,2869.61,3.24,Tuesday
2024-01-02,GG-YTB-001,Google,YouTube,Vistas,"Canal: wellness, yoga, fitness",4412,214,0.04849,5.62,1201.67,4,2551.61,2.12,Tuesday
2024-08-01,GG-SRC-003,Google,Search,Clics,Intención: como perder peso en casa,304,24,0.07874,19.72,490.22,0,0.0,0.0,Thursday
2024-04-08,FB-CON-002,Facebook,Consideracion,Trafico,"Intereses: yoga, meditacion, fitness",3061,143,0.04671,6.81,976.39,3,1896.37,1.94,Monday
2024-11-06,FB-CON-001,Facebook,Consideracion,Trafico,Retargeting visitantes 30 días,5845,136,0.02327,6.39,868.86,2,1432.41,1.65,Wednesday
2024-07-31,FB-AWA-001,Facebook,Awareness,Alcance,Mujeres 25-40 CDMX interesadas en bienestar,15233,139,0.00912,3.22,448.91,0,0.0,0.0,Wednesday
2024-10-20,GG-SRC-001,Google,Search,,,653,47,,17.68,840.17,2,1416.53,1.69,Sunday
2024-12-17,GG-SRC-001,Google,Search,Clics,Intención: cursos de yoga online MX,883,45,0.05095,13.39,605.16,1,874.92,1.45,Tuesday
2024-02-15,FB-CVR-001,Facebook,Conversion,Compras,Retargeting carrito abandonado,2327,111,0.0477,11.29,1258.26,9,4012.36,3.19,Thursday
2024-09-07,GG-SRC-003,Google,Search,Clics,Intención: como perder peso en casa,421,31,0.07361,19.6,619.88,1,584.96,0.94,Saturday
2024-07-01,GG-SRC-003,Google,Search,Clics,Intención: como perder peso en casa,427,21,0.04911,18.32,388.83,0,0.0,0.0,Monday
2024-05-02,FB-AWA-002,Facebook,Awareness,Alcance,Lookalike 1% compradores anteriores,6186,128,0.02069,5.48,700.89,1,665.79,0.95,Thursday
2024-02-27,GG-SRC-003,Google,Search,Clics,Intención: como perder peso en casa,402,40,0.0993,15.58,633.8,2,974.28,1.54,Tuesday
2024-06-18,FB-CVR-001,Facebook,Conversion,Compras,Retargeting carrito abandonado,1987,119,0.05987,12.26,1461.06,6,3323.95,2.28,Tuesday
2024-07-03,GG-YTB-001,Google,YouTube,Vistas,"Canal: wellness, yoga, fitness",6686,90,0.01346,4.52,408.83,0,0.0,0.0,Wednesday
2024-12-21,FB-CVR-002,Facebook,Conversion,Compras,Lookalike 3% suscriptores activos,1426,36,0.02523,11.42,418.19,0,0.0,0.0,Saturday
2024-06-27,GG-SRC-001,Google Ads,Search,Clics,Intención: cursos de yoga online MX,982,67,0.06823,17.05,1145.91,3,2251.0,1.96,Thursday
2024-05-26,GG-SRC-001,Google,Search,Clics,Intención: cursos de yoga online MX,607,69,0.11353,17.17,1189.21,3,2249.06,1.89,Sunday
2024-03-24,FB-CON-001,Facebook,Consideracion,Trafico,Retargeting visitantes 30 días,3285,121,0.03682,6.08,738.41,3,2123.67,2.88,Sunday
2024-04-02,GG-SRC-002,Google,Search,Clics,,407,40,0.09824,18.97,772.32,1,931.32,1.21,Tuesday
2024-02-25,GG-SRC-003,Google,Search,Clics,Intención: como perder peso en casa,424,33,0.07781,18.29,613.89,1,403.9,0.66,Sunday
2024-12-23,FB-CON-002,Facebook,Consideracion,Trafico,"Intereses: yoga, meditacion, fitness",5291,95,0.01795,5.07,484.66,1,995.88,2.05,Monday
2024-05-12,FB-CVR-002,Facebook,Conversion,Compras,Lookalike 3% suscriptores activos,2235,88,0.03936,11.96,1056.39,5,2089.02,1.98,Sunday
2024-12-28,GG-DSP-002,Google,Display,Impresiones,Remarketing sitio web 7 días,9456,52,0.0055,4.14,218.08,0,0.0,0.0,Saturday
2024-06-20,FB-CVR-002,Facebook,Conversion,Compras,Lookalike 3% suscriptores activos,1699,116,0.06825,11.22,1311.96,7,4658.59,3.55,Thursday
2024-09-10,FB-AWA-001,Facebook,Awareness,Alcance,Mujeres 25-40 CDMX interesadas en bienestar,10257,190,0.01852,4.1,780.3,1,937.29,1.2,Tuesday
2024-09-26,FB-CON-001,Facebook,Consideracion,Trafico,Retargeting visitantes 30 días,4165,144,0.03457,6.47,936.25,3,2302.95,2.46,Thursday
2024-09-04,FB-AWA-002,Facebook,Awareness,Alcance,Lookalike 1% compradores anteriores,6004,108,0.01799,5.03,546.25,0,0.0,0.0,Wednesday
2024-01-12,GG-SRC-003,google,Search,Clics,Intención: como perder peso en casa,328,56,0.17067,17.92,1014.74,3,1830.2,1.8,Friday
2024-10-25,FB-CON-001,Facebook,Consideracion,Trafico,Retargeting visitantes 30 días,4181,139,0.03324,6.1,850.11,4,1269.34,1.49,Friday
2024-12-29,GG-DSP-002,Google,Display,Impresiones,Remarketing sitio web 7 días,13390,82,0.00612,3.4,281.13,0,0.0,0.0,Sunday
2024-09-25,FB-CON-002,FACEBOOK,Consideracion,Trafico,"Intereses: yoga, meditacion, fitness",4076,172,0.0422,4.84,832.72,3,1701.59,2.04,Wednesday
2024-05-19,GG-DSP-001,Google,Display,Impresiones,Afinidad: bienestar y fitness,20561,224,0.01089,2.92,655.73,3,2426.7,3.7,Sunday
2024-09-09,GG-YTB-001,Google,YouTube,Vistas,"Canal: wellness, yoga, fitness",5533,141,0.02548,5.09,719.07,1,583.63,0.81,Monday
2024-05-31,FB-CVR-001,Facebook,Conversion,Compras,Retargeting carrito abandonado,2424,146,0.06021,10.32,1512.89,10,8300.05,5.49,Friday
2024-04-07,GG-SRC-001,Google,Search,Clics,Intención: cursos de yoga online MX,690,69,0.09993,18.68,1301.23,4,1050.2,0.81,Sunday
2024-08-20,FB-CON-001,Facebook,Consideracion,Trafico,Retargeting visitantes 30 días,5187,133,0.02564,5.26,703.56,2,1078.56,1.53,Tuesday
2024-08-02,GG-SRC-002,Google,Search,Clics,Intención: meditacion guiada online,585,38,0.06495,17.52,670.21,1,739.72,1.1,Friday
2024-09-12,FB-CON-001,Facebook,Consideracion,Trafico,Retargeting visitantes 30 días,4298,153,0.03559,6.19,952.56,2,1286.58,1.35,Thursday
2024-11-12,GG-DSP-001,Google,Display,Impresiones,Afinidad: bienestar y fitness,16102,156,0.00969,2.96,463.64,1,866.85,1.87,Tuesday
2024-12-17,GG-SRC-002,Google,Search,Clics,Intención: meditacion guiada online,412,22,0.05328,17.82,401.6,0,0.0,0.0,Tuesday
2024-04-01,FB-AWA-002,Facebook,Awareness,Alcance,Lookalike 1% compradores anteriores,9098,198,0.02176,3.89,772.33,1,661.06,0.86,Monday
2024-06-08,GG-YTB-001,Google,YouTube,Vistas,"Canal: wellness, yoga, fitness",6219,140,0.02251,5.09,713.93,1,653.18,0.91,Saturday
2024-09-12,GG-YTB-001,Google,YouTube,Vistas,"Canal: wellness, yoga, fitness",4200,124,0.02952,6.18,770.76,2,1196.9,1.55,Thursday
2024-08-08,FB-AWA-002,Facebook,Awareness,Alcance,Lookalike 1% compradores anteriores,10419,106,0.01017,4.18,446.03,0,0.0,0.0,Thursday
2024-01-17,FB-CON-001,Facebook,Consideracion,Trafico,Retargeting visitantes 30 días,4676,267,0.0571,6.51,1741.47,11,9131.81,5.24,Wednesday
2024-06-14,GG-YTB-001,Google,YouTube,Vistas,"Canal: wellness, yoga, fitness",4118,118,0.02865,5.88,695.12,1,779.76,1.12,Friday
2024-04-20,FB-CON-002,Facebook,Consideracion,Trafico,"Intereses: yoga, meditacion, fitness",3238,126,0.0389,7.32,928.0,2,1627.15,1.75,Saturday
2024-01-19,GG-SRC-001,Google,Search,Clics,Intención: cursos de yoga online MX,795,98,0.12316,17.43,1713.25,7,5032.49,2.94,Friday
2024-12-11,FB-CVR-002,Facebook,Conversion,Compras,Lookalike 3% suscriptores activos,2622,63,0.02402,10.46,661.25,1,632.99,0.96,Wednesday
2024-04-29,GG-YTB-001,Google,YouTube,Vistas,"Canal: wellness, yoga, fitness",6714,150,0.02234,5.49,827.42,2,1158.38,1.4,Monday
2024-04-10,FB-AWA-001,Facebook,Awareness,Alcance,Mujeres 25-40 CDMX interesadas en bienestar,8943,194,0.02169,4.58,888.91,1,522.83,0.59,Wednesday
2024-04-10,FB-CON-002,Facebook,Consideracion,Trafico,"Intereses: yoga, meditacion, fitness",2915,106,0.03635,8.08,858.73,3,2407.59,2.8,Wednesday
2024-01-27,FB-CVR-001,Facebook,Conversion,Compras,Retargeting carrito abandonado,1754,116,0.06613,12.84,1501.86,13,8494.94,5.66,Saturday
2024-06-20,GG-YTB-001,Google,YouTube,Vistas,"Canal: wellness, yoga, fitness",7595,133,0.01751,5.09,677.98,1,861.35,1.27,Thursday
2024-06-29,GG-DSP-001,Google,Display,Impresiones,Afinidad: bienestar y fitness,13384,123,0.00919,3.64,450.14,1,713.91,1.59,Saturday
2024-01-15,GG-SRC-001,Google,Search,Clics,Intención: cursos de yoga online MX,678,92,0.13569,20.01,1856.93,7,4583.85,2.47,Monday
2024-12-18,FB-AWA-001,Facebook,Awareness,Alcance,Mujeres 25-40 CDMX interesadas en bienestar,9454,95,0.01005,4.42,422.45,0,0.0,0.0,Wednesday
2024-12-08,FB-CON-002,Facebook,Consideracion,Trafico,"Intereses: yoga, meditacion, fitness",4009,68,0.01696,6.19,423.98,0,0.0,0.0,Sunday
2024-12-31,GG-SRC-001,Google,Search,Clics,Intención: cursos de yoga online MX,682,28,0.04104,17.26,498.68,0,0.0,0.0,Tuesday
2024-03-24,GG-DSP-002,Google,Display,Impresiones,Remarketing sitio web 7 días,21311,191,0.00896,2.98,570.94,1,766.74,1.34,Sunday
2024-07-01,FB-CVR-002,Facebook,Conversion,Compras,Lookalike 3% suscriptores activos,2098,62,0.02955,11.31,709.45,2,1212.7,1.71,Monday
2024-04-10,GG-SRC-001,Google,Search,Clics,Intención: cursos de yoga online MX,758,68,0.08961,18.52,1272.99,2,1141.52,0.9,Wednesday
2024-06-21,GG-SRC-002,Google,Search,Clics,Intención: meditacion guiada online,640,59,0.09207,14.56,864.65,2,1049.49,1.21,Friday
2024-05-04,FB-AWA-001,Facebook,Awareness,Alcance,Mujeres 25-40 CDMX interesadas en bienestar,16349,258,0.01578,3.76,971.54,2,1537.87,1.58,Saturday
2024-12-05,FB-CON-002,Facebook,Consideracion,Trafico,"Intereses: yoga, meditacion, fitness",3766,68,0.01805,7.24,496.17,1,516.03,1.04,Thursday
2024-03-13,GG-DSP-001,Google,Display,Impresiones,Afinidad: bienestar y fitness,14297,148,0.01035,3.21,475.1,1,427.89,0.9,Wednesday
2024-12-06,GG-SRC-001,Google,Search,Clics,Intención: cursos de yoga online MX,715,31,0.04332,15.88,504.71,0,0.0,0.0,Friday
2024-07-29,GG-SRC-002,Google,Search,Clics,Intención: meditacion guiada online,507,24,0.04728,19.9,487.02,0,0.0,0.0,Monday
2024-06-23,GG-SRC-002,Google,Search,Clics,Intención: meditacion guiada online,409,39,0.09516,18.26,723.21,2,1726.88,2.39,Sunday
2024-07-19,GG-SRC-002,Google,Search,Clics,Intención: meditacion guiada online,426,25,0.05857,17.3,443.82,0,0.0,0.0,Friday
2024-03-05,FB-CON-002,Facebook,Consideracion,Trafico,"Intereses: yoga, meditacion, fitness",3465,144,0.04156,6.72,971.53,2,1981.15,2.04,Tuesday
2024-09-12,GG-SRC-002,Google,Search,Clics,Intención: meditacion guiada online,361,33,0.09125,24.49,823.16,1,754.86,0.92,Thursday
2024-12-28,GG-SRC-001,Google,Search,Clics,Intención: cursos de yoga online MX,621,23,0.03703,21.46,504.18,0,0.0,0.0,Saturday
2024-06-23,FB-AWA-001,Facebook,Awareness,Alcance,,10751,145,0.01349,5.03,731.27,1,799.14,1.09,Sunday
2024-04-02,GG-DSP-001,Google,Display,Impresiones,Afinidad: bienestar y fitness,13467,199,0.01478,3.07,612.57,1,800.42,1.31,Tuesday
2024-04-14,GG-DSP-001,Google,Display,Impresiones,Afinidad: bienestar y fitness,15427,199,0.0129,2.48,495.39,2,942.81,1.9,Sunday
2024-07-03,GG-SRC-001,Google,Search,Clics,Intención: cursos de yoga online MX,598,34,0.05678,17.56,604.27,1,745.58,1.23,Wednesday
2024-04-12,FB-CON-002,Facebook,Consideracion,Trafico,"Intereses: yoga, meditacion, fitness",3405,149,0.04376,6.73,1006.84,4,1544.8,1.53,Friday
2024-11-05,FB-CVR-002,Facebook,Conversion,Compras,Lookalike 3% suscriptores activos,1271,70,0.05504,12.75,899.12,4,3480.68,3.87,Tuesday
2024-10-16,FB-CVR-002,Facebook,Conversion,Compras,Lookalike 3% suscriptores activos,1287,68,0.0528,15.07,1034.16,4,2791.71,2.7,Wednesday
2024-03-01,GG-SRC-002,Google,Search,Clics,Intención: meditacion guiada online,585,38,0.06491,22.03,851.27,2,1754.87,2.06,Friday
2024-01-23,GG-DSP-002,Google,Display,Impresiones,Remarketing sitio web 7 días,11753,247,0.02101,3.36,830.69,3,1922.81,2.31,Tuesday
2024-10-02,GG-DSP-001,Google,Display,Impresiones,Afinidad: bienestar y fitness,14796,111,0.0075,3.86,430.06,1,607.07,1.41,Wednesday
2024-05-14,GG-YTB-001,Google,YouTube,Vistas,"Canal: wellness, yoga, fitness",7287,180,0.0247,4.43,801.17,3,2031.17,2.54,Tuesday
2024-10-10,GG-SRC-002,Google,Search,Clics,Intención: meditacion guiada online,479,45,0.0939,17.33,784.34,2,1364.14,1.74,Thursday
2024-05-27,FB-CON-001,Facebook,Consideracion,Trafico,Retargeting visitantes 30 días,5327,153,0.02872,7.17,1100.7,3,2431.95,2.21,Monday
2024-08-15,FB-AWA-002,Facebook,Awareness,Alcance,Lookalike 1% compradores anteriores,6714,103,0.01534,4.7,488.3,0,0.0,0.0,Thursday
2024-03-22,GG-SRC-002,Google,Search,Clics,Intención: meditacion guiada online,642,43,0.06691,20.2,869.25,2,1120.93,1.29,Friday
2024-06-20,GG-SRC-002,Google,Search,Clics,Intención: meditacion guiada online,551,47,0.0853,17.98,853.12,3,2217.02,2.6,Thursday
13/06/2024,FB-CON-002,Facebook,Consideracion,Trafico,"Intereses: yoga, meditacion, fitness",3853,141,0.03659,7.78,1101.28,3,2081.06,1.89,Thursday
2024-08-08,GG-SRC-002,google,Search,Clics,Intención: meditacion guiada online,469,32,0.06819,18.84,617.48,1,466.29,0.76,Thursday
2024-04-15,GG-SRC-002,Google,Search,Clics,Intención: meditacion guiada online,383,45,0.11728,21.22,972.09,2,1107.52,1.14,Monday
2024-09-06,FB-CVR-001,Facebook,Conversion,Compras,Retargeting carrito abandonado,1648,79,0.04793,13.76,1091.71,5,1722.93,1.58,Friday
2024-02-19,GG-SRC-001,Google Ads,Search,Clics,Intención: cursos de yoga online MX,975,82,0.0841,16.15,1338.87,5,4844.6,3.62,Monday
2024-06-14,GG-SRC-002,Google,Search,Clics,Intención: meditacion guiada online,553,46,0.08307,19.65,909.3,3,1764.41,1.94,Friday
2024-02-16,FB-AWA-001,Facebook,Awareness,Alcance,Mujeres 25-40 CDMX interesadas en bienestar,12650,183,0.01447,4.8,879.79,1,582.18,0.66,Friday
2024-12-23,FB-CVR-001,Facebook,Conversion,Compras,Retargeting carrito abandonado,2722,59,0.02167,7.9,466.17,1,810.94,1.74,Monday
2024-10-18,GG-DSP-001,Google,Display,Impresiones,Afinidad: bienestar y fitness,15072,159,0.01055,3.11,497.03,1,922.46,1.86,Friday
2024-06-14,FB-AWA-002,facebook,Awareness,Alcance,Lookalike 1% compradores anteriores,8898,141,0.01584,5.05,714.92,0,0.0,0.0,Friday
2024-12-07,FB-CVR-001,Facebook,Conversion,,,2089,44,,11.24,500.04,1,849.63,1.7,Saturday
2024-11-13,GG-SRC-002,Google,Search,Clics,Intención: meditacion guiada online,486,26,0.05349,20.66,539.28,0,0.0,0.0,Wednesday
2024-05-23,GG-DSP-002,Google,Display,Impresiones,Remarketing sitio web 7 días,13504,231,0.01711,3.13,725.32,2,579.86,0.8,Thursday
2024-06-30,GG-SRC-002,Google,Search,Clics,Intención: meditacion guiada online,572,46,0.08034,16.4,758.41,3,1965.02,2.59,Sunday
2024-03-05,FB-CON-001,Facebook,Consideracion,Trafico,Retargeting visitantes 30 días,2980,94,0.03154,8.49,803.18,1,479.16,0.6,Tuesday
2024-04-18,FB-CON-001,Facebook,Consideracion,Trafico,Retargeting visitantes 30 días,4377,179,0.04089,6.18,1107.18,5,4493.4,4.06,Thursday
2024-03-02,FB-CON-001,Facebook,Consideracion,Trafico,Retargeting visitantes 30 días,5858,128,0.02185,5.34,684.29,2,1069.57,1.56,Saturday
2024-08-28,FB-CON-002,Facebook,Consideracion,Trafico,"Intereses: yoga, meditacion, fitness",3693,88,0.02382,6.76,599.13,1,493.93,0.82,Wednesday
2024-07-27,FB-CON-002,Facebook,Consideracion,Trafico,"Intereses: yoga, meditacion, fitness",3118,55,0.01763,7.44,415.13,0,0.0,0.0,Saturday
2024-05-26,FB-CVR-001,Facebook,Conversion,Compras,Retargeting carrito abandonado,1823,122,0.06692,10.48,1281.45,9,5004.36,3.91,Sunday
2024-08-26,GG-DSP-001,Google,Display,Impresiones,Afinidad: bienestar y fitness,18456,116,0.00628,3.52,410.13,1,656.47,1.6,Monday
2024-12-25,GG-SRC-001,Google,Search,Clics,Intención: cursos de yoga online MX,906,46,0.05073,11.92,548.35,1,624.5,1.14,Wednesday
2024-06-10,FB-CON-001,facebook,Consideracion,Trafico,Retargeting visitantes 30 días,3572,151,0.04226,7.24,1094.23,2,1623.43,1.48,Monday
2024/08/19,FB-CON-002,Facebook,Consideracion,Trafico,"Intereses: yoga, meditacion, fitness",3885,110,0.02831,6.67,737.81,1,921.02,1.25,Monday
2024-06-07,FB-CON-002,FACEBOOK,Consideracion,Trafico,"Intereses: yoga, meditacion, fitness",3905,159,0.04071,6.14,981.28,4,3246.37,3.31,Friday
2024-10-19,GG-DSP-002,Google,Display,Impresiones,Remarketing sitio web 7 días,19295,167,0.00866,2.81,471.38,1,433.09,0.92,Saturday
2024-03-19,FB-CVR-002,Facebook,Conversion,Compras,Lookalike 3% suscriptores activos,2183,81,0.03709,12.72,1033.66,2,1196.86,1.16,Tuesday
2024-10-23,GG-SRC-001,Google,Search,Clics,Intención: cursos de yoga online MX,714,53,0.07416,18.36,990.55,2,1548.49,1.56,Wednesday
2024-03-17,GG-DSP-001,Google,Display,Impresiones,Afinidad: bienestar y fitness,11164,127,0.01137,3.07,389.87,1,637.29,1.63,Sunday
2024-04-07,FB-AWA-002,Facebook,Awareness,Alcance,Lookalike 1% compradores anteriores,11373,178,0.01565,4.35,775.17,1,616.94,0.8,Sunday
2024-04-08,GG-DSP-002,Google,Display,Impresiones,Remarketing sitio web 7 días,17020,217,0.01275,2.96,644.72,2,1310.23,2.03,Monday
2024-07-06,GG-DSP-002,Google,Display,Impresiones,Remarketing sitio web 7 días,20003,106,0.0053,2.62,277.65,0,0.0,0.0,Saturday
2024-05-06,FB-CVR-002,Facebook,Conversion,Compras,Lookalike 3% suscriptores activos,1817,107,0.05887,14.24,1526.47,6,2204.27,1.44,Monday
2024-10-05,GG-DSP-002,Google,Display,Impresiones,Remarketing sitio web 7 días,17986,142,0.00789,2.92,415.01,0,0.0,0.0,Saturday
2024-01-13,GG-SRC-002,Google,Search,Clics,Intención: meditacion guiada online,443,64,0.14421,16.1,1032.34,5,3731.89,3.61,Saturday
2024-01-30,GG-SRC-002,Google,Search,Clics,Intención: meditacion guiada online,510,65,0.12734,21.34,1396.09,5,3942.88,2.82,Tuesday
2024-11-03,GG-SRC-002,Google,Search,Clics,Intención: meditacion guiada online,477,27,0.05659,20.27,547.75,0,0.0,0.0,Sunday
2024-02-20,FB-CVR-001,Facebook,Conversion,Compras,Retargeting carrito abandonado,2021,107,0.05293,12.65,1363.36,6,3708.45,2.72,Tuesday
2024-12-31,GG-SRC-002,Google,Search,Clics,Intención: meditacion guiada online,387,22,0.05675,20.18,447.7,0,0.0,0.0,Tuesday
2024-07-03,GG-DSP-002,Google,Display,Impresiones,Remarketing sitio web 7 días,24218,109,0.0045,3.21,353.05,0,0.0,0.0,Wednesday
2024-10-21,FB-CVR-001,Facebook,Conversion,Compras,Retargeting carrito abandonado,1793,100,0.05577,12.65,1266.0,5,3089.85,2.44,Monday
2024-12-09,GG-SRC-001,Google,Search,Clics,Intención: cursos de yoga online MX,673,29,0.04303,15.29,444.01,0,0.0,0.0,Monday
2024-11-21,FB-AWA-002,Facebook,Awareness,Alcance,Lookalike 1% compradores anteriores,7842,120,0.0153,4.65,560.24,0,0.0,0.0,Thursday
2024-04-22,GG-SRC-003,Google,Search,Clics,Intención: como perder peso en casa,413,43,0.10394,14.97,644.65,2,1006.59,1.56,Monday
2024-10-12,GG-SRC-002,Google,Search,Clics,Intención: meditacion guiada online,606,36,0.05935,17.25,623.81,1,787.36,1.26,Saturday
2024-01-23,GG-YTB-001,Google,YouTube,Vistas,"Canal: wellness, yoga, fitness",5440,208,0.03823,5.86,1219.49,3,2032.56,1.67,Tuesday
2024-08-18,FB-AWA-001,Facebook,Awareness,Alcance,Mujeres 25-40 CDMX interesadas en bienestar,8089,101,0.01249,4.69,476.45,0,0.0,0.0,Sunday
2024-07-23,FB-AWA-002,Facebook,Awareness,Alcance,Lookalike 1% compradores anteriores,8369,78,0.00932,4.34,338.99,0,0.0,0.0,Tuesday
2024-05-05,GG-SRC-002,Google,Search,Clics,Intención: meditacion guiada online,360,46,0.12776,18.25,856.94,3,1968.8,2.3,Sunday
2024-07-04,FB-AWA-002,Facebook,Awareness,Alcance,,5776,68,0.01177,3.96,270.7,0,0.0,0.0,Thursday
2024-07-23,FB-CON-001,Facebook,Consideracion,Trafico,Retargeting visitantes 30 días,4526,86,0.019,6.53,564.67,1,656.58,1.16,Tuesday
2024-07-24,GG-SRC-002,Google,Search,Clics,Intención: meditacion guiada online,399,21,0.05261,21.93,482.23,0,0.0,0.0,Wednesday
2024-06-19,FB-CVR-002,Facebook,Conversion,Compras,Lookalike 3% suscriptores activos,2355,117,0.04967,11.45,1350.44,8,7870.32,5.83,Wednesday
2024-08-14,FB-CVR-002,Facebook,Conversion,Compras,Lookalike 3% suscriptores activos,1579,64,0.04053,13.76,893.96,2,849.13,0.95,Wednesday
2024-05-14,FB-CVR-001,Facebook,Conversion,Compras,Retargeting carrito abandonado,1904,112,0.05882,14.15,1592.68,8,6003.87,3.77,Tuesday
2024-08-14,FB-AWA-001,Facebook,Awareness,Alcance,Mujeres 25-40 CDMX interesadas en bienestar,12150,129,0.01062,4.22,548.09,0,0.0,0.0,Wednesday
2024-03-30,FB-CVR-002,Facebook,Conversion,Compras,Lookalike 3% suscriptores activos,1138,56,0.0492,16.48,934.65,3,1536.57,1.64,Saturday
2024-09-02,GG-SRC-001,Google,Search,Clics,Intención: cursos de yoga online MX,744,70,0.09397,16.75,1173.46,2,887.27,0.76,Monday
2024-05-04,FB-CON-002,Meta,Consideracion,Trafico,"Intereses: yoga, meditacion, fitness",3585,140,0.03904,5.26,741.58,4,3162.44,4.26,Saturday
2024-12-06,FB-CON-002,Facebook,Consideracion,Trafico,"Intereses: yoga, meditacion, fitness",3280,58,0.01768,8.06,470.75,0,0.0,0.0,Friday
2024-04-13,FB-AWA-002,Facebook,Awareness,Alcance,Lookalike 1% compradores anteriores,10416,158,0.01517,4.6,726.52,0,0.0,0.0,Saturday
2024-12-31,FB-AWA-001,Facebook,Awareness,Alcance,Mujeres 25-40 CDMX interesadas en bienestar,15204,108,0.0071,4.23,457.92,0,0.0,0.0,Tuesday
2024-03-07,FB-CON-001,Facebook,Consideracion,Trafico,Retargeting visitantes 30 días,4246,131,0.03085,7.1,934.28,2,1448.79,1.55,Thursday
2024-11-30,GG-DSP-001,Google,Display,Impresiones,Afinidad: bienestar y fitness,15109,112,0.00741,3.33,375.38,0,0.0,0.0,Saturday
2024-11-13,FB-CON-001,Facebook,Consideracion,Trafico,Retargeting visitantes 30 días,4595,119,0.0259,6.42,766.56,2,708.29,0.92,Wednesday
2024-09-25,FB-CVR-001,Facebook,Conversion,Compras,Retargeting carrito abandonado,1640,69,0.04206,12.9,901.66,4,3622.54,4.02,Wednesday
2024-05-17,FB-CON-002,Facebook,Consideracion,Trafico,"Intereses: yoga, meditacion, fitness",2771,133,0.04798,7.46,992.56,3,2303.48,2.32,Friday
2024-05-17,GG-DSP-001,Google,Display,Impresiones,Afinidad: bienestar y fitness,12443,203,0.01631,3.15,642.66,1,571.08,0.89,Friday
2024-11-22,GG-DSP-002,Google,Display,Impresiones,Remarketing sitio web 7 días,14708,120,0.00816,3.36,405.91,0,0.0,0.0,Friday
2024-09-03,GG-SRC-003,Google,Search,Clics,Intención: como perder peso en casa,322,26,0.08059,21.71,584.35,1,681.19,1.17,Tuesday
2024-06-15,GG-DSP-001,Google,Display,Impresiones,Afinidad: bienestar y fitness,10864,116,0.01068,3.77,438.26,1,610.88,1.39,Saturday
2024-01-17,GG-SRC-002,Google,Search,Clics,Intención: meditacion guiada online,453,64,0.14099,19.05,1221.22,6,3807.09,3.12,Wednesday
2024-07-27,FB-AWA-001,Facebook,Awareness,Alcance,Mujeres 25-40 CDMX interesadas en bienestar,10384,100,0.00963,4.25,428.06,0,0.0,0.0,Saturday
2024-12-04,FB-AWA-001,Facebook,Awareness,Alcance,Mujeres 25-40 CDMX interesadas en bienestar,10554,77,0.0073,5.0,389.02,0,0.0,0.0,Wednesday
2024-11-11,FB-CVR-002,Facebook,Conversion,Compras,Lookalike 3% suscriptores activos,1566,67,0.04278,11.86,804.8,3,1750.6,2.18,Monday
2024-09-20,GG-YTB-001,Google,YouTube,Vistas,"Canal: wellness, yoga, fitness",6106,174,0.0285,5.1,888.04,2,1014.11,1.14,Friday
2024-11-21,GG-SRC-002,Google,Search,Clics,Intención: meditacion guiada online,520,32,0.06147,20.37,669.72,1,804.83,1.2,Thursday
2024-04-02,FB-CVR-001,Facebook,Conversion,Compras,Retargeting carrito abandonado,2643,130,0.04918,11.4,1484.62,7,5175.26,3.49,Tuesday
2024-03-12,GG-DSP-001,GOOGLE,Display,Impresiones,Afinidad: bienestar y fitness,14948,168,0.01124,3.36,567.5,1,442.16,0.78,Tuesday
2024-02-02,GG-SRC-001,Google,Search,Clics,Intención: cursos de yoga online MX,645,56,0.08678,16.83,956.75,3,2603.47,2.72,Friday
2024-03-25,GG-SRC-002,Google,Search,Clics,,429,44,,17.43,769.96,2,1287.41,1.67,Monday
2024-01-16,GG-SRC-003,Google,Search,Clics,Intención: como perder peso en casa,455,48,0.10547,21.94,1071.31,5,2752.11,2.57,Tuesday
2024-11-22,GG-DSP-001,Google,Display,Impresiones,Afinidad: bienestar y fitness,16458,107,0.0065,3.46,372.54,0,0.0,0.0,Friday
2024-07-23,FB-CVR-001,Facebook,Conversion,Compras,Retargeting carrito abandonado,1613,64,0.03966,10.69,694.09,2,1174.07,1.69,Tuesday
2024-09-13,FB-AWA-002,Facebook,Awareness,Alcance,Lookalike 1% compradores anteriores,6125,122,0.01992,5.21,636.32,0,0.0,0.0,Friday
2024-08-05,FB-CVR-002,Meta,Conversion,Compras,Lookalike 3% suscriptores activos,1655,69,0.04169,12.71,880.3,3,2048.25,2.33,Monday
2024-08-31,FB-CON-001,Facebook,Consideracion,Trafico,Retargeting visitantes 30 días,3318,85,0.02561,7.55,642.52,1,464.87,0.72,Saturday
2024-07-14,GG-DSP-002,Google,Display,Impresiones,Remarketing sitio web 7 días,20918,120,0.00574,2.65,320.65,0,0.0,0.0,Sunday
2024-12-16,GG-DSP-001,Google,Display,Impresiones,Afinidad: bienestar y fitness,15804,92,0.00582,3.17,292.62,0,0.0,0.0,Monday
2024-02-23,GG-YTB-001,Google,YouTube,Vistas,"Canal: wellness, yoga, fitness",5502,146,0.02653,5.12,750.07,1,693.88,0.93,Friday
2024-02-12,GG-SRC-003,Google,Search,Clics,Intención: como perder peso en casa,544,46,0.08446,16.58,776.8,2,1172.6,1.51,Monday
2024-12-22,FB-CVR-002,Facebook,Conversion,Compras,Lookalike 3% suscriptores activos,1346,35,0.02599,13.52,483.97,1,761.99,1.57,Sunday
2024-10-28,GG-SRC-003,Google,Search,Clics,Intención: como perder peso en casa,504,26,0.05157,18.94,507.31,1,705.92,1.39,Monday
2024-12-25,FB-CON-002,Facebook,Consideracion,Trafico,"Intereses: yoga, meditacion, fitness",4160,69,0.01658,5.94,409.99,0,0.0,0.0,Wednesday
2024-07-22,GG-SRC-002,Google,Search,Clics,Intención: meditacion guiada online,499,30,0.06006,15.59,474.78,0,0.0,0.0,Monday
2024-11-07,FB-CON-002,Facebook,Consideracion,Trafico,"Intereses: yoga, meditacion, fitness",4121,104,0.02523,6.73,700.88,1,708.04,1.01,Thursday
2024-07-24,GG-DSP-002,Google,Display,Impresiones,Remarketing sitio web 7 días,22686,139,0.00613,2.23,312.14,0,0.0,0.0,Wednesday
2024-07-14,GG-SRC-002,G Ads,Search,Clics,Intención: meditacion guiada online,435,19,0.04362,22.31,434.49,0,0.0,0.0,Sunday
2024-05-23,FB-CVR-002,Facebook,Conversion,Compras,Lookalike 3% suscriptores activos,2001,147,0.07346,10.58,1558.91,14,6904.87,4.43,Thursday
2024-09-09,FB-CVR-002,Facebook,Conversion,Compras,Lookalike 3% suscriptores activos,1717,108,0.06287,10.51,1142.01,6,3422.09,3.0,Monday
2024-09-30,GG-DSP-001,Google,Display,Impresiones,Afinidad: bienestar y fitness,13530,152,0.01123,3.48,530.17,1,497.73,0.94,Monday
2024-08-30,FB-AWA-001,Facebook,Awareness,Alcance,Mujeres 25-40 CDMX interesadas en bienestar,9866,114,0.01155,5.13,589.1,0,0.0,0.0,Friday
2024-01-15,GG-YTB-001,Google,YouTube,Vistas,"Canal: wellness, yoga, fitness",3406,156,0.04579,7.02,1095.25,3,1732.82,1.58,Monday
2024-05-09,GG-DSP-002,Google,Display,Impresiones,Remarketing sitio web 7 días,19442,264,0.01358,2.76,732.23,3,1075.36,1.47,Thursday
2024-12-11,FB-CVR-001,Facebook,Conversion,Compras,Retargeting carrito abandonado,2185,43,0.01967,13.97,601.97,1,918.59,1.53,Wednesday
2024-01-23,GG-DSP-001,Google,Display,Impresiones,Afinidad: bienestar y fitness,18835,356,0.0189,2.43,867.79,5,4247.48,4.89,Tuesday
2024-04-06,GG-SRC-001,Google,Search,Clics,Intención: cursos de yoga online MX,689,53,0.07689,20.56,1091.69,3,1863.42,1.71,Saturday
2024-07-12,GG-SRC-002,Google,Search,,,484,26,,18.29,476.19,0,0.0,0.0,Friday
2024-11-17,FB-CON-001,FACEBOOK,Consideracion,Trafico,Retargeting visitantes 30 días,3084,70,0.0227,8.56,606.57,1,771.27,1.27,Sunday
2024-12-08,GG-DSP-002,Google,Display,Impresiones,Remarketing sitio web 7 días,25077,101,0.00403,2.62,265.84,0,0.0,0.0,Sunday
2024-08-29,GG-DSP-001,Google,Display,Impresiones,Afinidad: bienestar y fitness,17231,147,0.00853,2.87,422.55,0,0.0,0.0,Thursday
2024-02-06,FB-CVR-001,Facebook,Conversion,Compras,Retargeting carrito abandonado,2434,129,0.05299,10.73,1394.84,7,3702.67,2.65,Tuesday
2024-03-13,GG-DSP-002,Google,Display,Impresiones,Remarketing sitio web 7 días,33812,209,0.00618,2.96,619.67,1,752.92,1.22,Wednesday
2024-08-30,GG-DSP-001,Google,Display,Impresiones,Afinidad: bienestar y fitness,15798,129,0.00817,3.03,390.99,0,0.0,0.0,Friday
2024-09-01,GG-SRC-002,Google,Search,Clics,Intención: meditacion guiada online,546,37,0.06766,17.88,664.3,1,652.06,0.98,Sunday
2024-06-19,FB-CON-001,Facebook,Consideracion,Trafico,Retargeting visitantes 30 días,3243,146,0.04501,6.35,933.78,2,1159.93,1.24,Wednesday
2024-12-22,FB-CON-001,Facebook,Consideracion,Trafico,Retargeting visitantes 30 días,4613,60,0.01301,6.01,363.76,0,0.0,0.0,Sunday
2024-11-24,FB-CON-002,Facebook,Consideracion,Trafico,"Intereses: yoga, meditacion, fitness",4224,110,0.02604,5.61,618.41,2,1472.39,2.38,Sunday
2024-01-03,GG-SRC-002,Google,Search,Clics,Intención: meditacion guiada online,526,86,0.16326,14.93,1288.66,7,4845.62,3.76,Wednesday
2024-02-28,FB-CVR-001,Facebook,Conversion,Compras,Retargeting carrito abandonado,1892,89,0.04703,13.2,1174.7,6,4339.94,3.69,Wednesday
2024-08-27,GG-SRC-001,Google,Search,Clics,Intención: cursos de yoga online MX,524,33,0.06294,23.46,782.06,1,1053.11,1.35,Tuesday
2024-03-24,FB-CVR-001,Facebook,Conversion,Compras,Retargeting carrito abandonado,1615,66,0.04086,12.56,840.86,4,2158.5,2.57,Sunday
2024-05-20,FB-CON-001,Facebook,Consideracion,Trafico,Retargeting visitantes 30 días,5008,207,0.04133,5.62,1165.92,7,5634.24,4.83,Monday
2024-04-04,GG-SRC-001,Google,Search,Clics,Intención: cursos de yoga online MX,615,61,0.09912,20.4,1253.29,4,2432.75,1.94,Thursday
2024-02-11,FB-AWA-001,Facebook,Awareness,Alcance,Mujeres 25-40 CDMX interesadas en bienestar,10098,173,0.01713,4.27,739.96,0,0.0,0.0,Sunday
2024-06-18,FB-CON-001,Facebook,Consideracion,Trafico,Retargeting visitantes 30 días,3882,169,0.04353,5.89,1001.94,4,1594.08,1.59,Tuesday
2024-07-27,FB-CVR-002,Facebook,Conversion,Compras,Lookalike 3% suscriptores activos,1802,49,0.02718,12.11,603.09,1,810.88,1.34,Saturday
2024-08-24,FB-CVR-001,Facebook,Conversion,Compras,Retargeting carrito abandonado,2116,73,0.03448,12.41,913.68,3,1810.05,1.98,Saturday
2024-10-25,FB-CVR-002,Facebook,Conversion,Compras,Lookalike 3% suscriptores activos,1461,75,0.05132,13.43,1019.46,4,2344.29,2.3,Friday
2024-07-06,FB-CVR-001,Facebook,Conversion,,,1858,53,,12.99,691.48,2,1761.2,2.55,Saturday
2024-07-10,GG-SRC-003,Google,Search,Clics,Intención: como perder peso en casa,308,17,0.05508,19.3,336.95,0,0.0,0.0,Wednesday
2024-06-16,FB-AWA-002,Facebook,Awareness,Alcance,Lookalike 1% compradores anteriores,11598,205,0.01767,3.51,720.69,1,671.97,0.93,Sunday
2024-06-07,FB-CON-001,Facebook,Consideracion,Trafico,Retargeting visitantes 30 días,3762,111,0.0295,7.36,819.84,3,2245.19,2.74,Friday
2024-09-11,GG-SRC-001,Google,Search,Clics,Intención: cursos de yoga online MX,634,60,0.09463,17.39,1058.58,3,1235.96,1.17,Wednesday
2024-09-19,FB-AWA-002,Facebook,Awareness,Alcance,Lookalike 1% compradores anteriores,10527,155,0.01472,4.31,671.46,0,0.0,0.0,Thursday
2024-08-23,GG-SRC-002,Google,Search,Clics,Intención: meditacion guiada online,625,36,0.05752,14.54,531.43,1,665.26,1.25,Friday
2024-11-04,GG-DSP-001,Google,Display,Impresiones,Afinidad: bienestar y fitness,15934,129,0.0081,3.89,502.05,0,0.0,0.0,Monday
2024-02-04,GG-SRC-001,Google,Search,Clics,Intención: cursos de yoga online MX,520,41,0.07872,22.05,916.77,2,1203.97,1.31,Sunday
2024-02-18,GG-SRC-003,Google,Search,Clics,Intención: como perder peso en casa,359,31,0.0862,15.03,478.22,1,607.19,1.27,Sunday
2024-06-01,GG-YTB-001,Google,YouTube,Vistas,"Canal: wellness, yoga, fitness",4824,102,0.02114,5.48,560.01,1,774.69,1.38,Saturday
2024-05-17,FB-CVR-001,Facebook,Conversion,Compras,Retargeting carrito abandonado,1312,109,0.08304,16.13,1763.6,6,6653.61,3.77,Friday
2024-06-08,GG-SRC-001,Google,Search,Clics,Intención: cursos de yoga online MX,834,68,0.08148,17.41,1189.75,3,1403.56,1.18,Saturday
2024-02-01,GG-YTB-001,Google,YouTube,Vistas,"Canal: wellness, yoga, fitness",5753,142,0.02468,6.13,875.77,2,1727.35,1.97,Thursday
2024-01-27,GG-SRC-003,Google,Search,Clics,Intención: como perder peso en casa,312,48,0.15362,19.38,945.03,2,1444.5,1.53,Saturday
2024-11-01,FB-CVR-002,Facebook,Conversion,Compras,Lookalike 3% suscriptores activos,2136,108,0.05056,9.01,973.53,6,2399.42,2.46,Friday
2024-04-13,GG-SRC-001,Google,Search,Clics,Intención: cursos de yoga online MX,963,74,0.0768,15.18,1126.99,2,1534.32,1.36,Saturday
2024-09-07,GG-SRC-001,Google,Search,Clics,Intención: cursos de yoga online MX,578,56,0.09676,17.86,1011.11,2,1569.03,1.55,Saturday
2024-04-09,FB-AWA-002,Facebook,Awareness,Alcance,Lookalike 1% compradores anteriores,8045,139,0.01728,4.6,643.41,0,0.0,0.0,Tuesday
2024-10-26,GG-YTB-001,Google,YouTube,Vistas,"Canal: wellness, yoga, fitness",3155,75,0.02377,7.41,560.81,1,590.22,1.05,Saturday
2024-09-19,FB-AWA-001,Facebook,Awareness,Alcance,Mujeres 25-40 CDMX interesadas en bienestar,13118,191,0.01456,4.22,807.13,1,767.0,0.95,Thursday
2024-06-27,GG-DSP-001,Google,Display,Impresiones,Afinidad: bienestar y fitness,23954,309,0.0129,2.44,754.37,3,2009.71,2.66,Thursday
2024-10-21,FB-CON-001,Facebook,Consideracion,Trafico,Retargeting visitantes 30 días,3629,118,0.03251,7.28,860.62,1,783.91,0.91,Monday
2024-11-10,GG-SRC-001,Google,Search,Clics,Intención: cursos de yoga online MX,543,46,0.08461,16.93,785.54,1,821.3,1.05,Sunday
2024-08-27,GG-DSP-001,Google,Display,Impresiones,Afinidad: bienestar y fitness,12846,117,0.00911,3.37,397.45,0,0.0,0.0,Tuesday
2024-01-09,FB-CON-002,Facebook,Consideracion,Trafico,"Intereses: yoga, meditacion, fitness",3765,226,0.06002,6.0,1356.44,9,5074.5,3.74,Tuesday
2024-03-27,FB-AWA-002,Facebook,Awareness,Alcance,Lookalike 1% compradores anteriores,9798,164,0.01674,3.45,567.84,0,0.0,0.0,Wednesday
2024-09-18,GG-SRC-002,Google,Search,Clics,Intención: meditacion guiada online,607,52,0.08564,15.17,792.85,2,1554.63,1.96,Wednesday
2024-08-08,FB-CVR-002,Facebook,Conversion,Compras,Lookalike 3% suscriptores activos,1330,56,0.04209,12.32,696.01,2,844.98,1.21,Thursday
2024-01-01,FB-AWA-001,Facebook,Awareness,Alcance,Mujeres 25-40 CDMX interesadas en bienestar,11022,272,0.02468,4.85,1322.59,3,1835.85,1.39,Monday
2024-05-23,FB-CON-002,Facebook,Consideracion,Trafico,"Intereses: yoga, meditacion, fitness",3069,122,0.03974,8.58,1051.99,3,2308.38,2.19,Thursday
2024-03-03,FB-AWA-001,Facebook,Awareness,Alcance,Mujeres 25-40 CDMX interesadas en bienestar,8338,110,0.01319,5.58,618.25,0,0.0,0.0,Sunday
2024-11-01,FB-AWA-002,Facebook,Awareness,Alcance,Lookalike 1% compradores anteriores,6441,104,0.01615,4.8,502.07,0,0.0,0.0,Friday
2024-02-04,GG-SRC-003,Google,Search,Clics,Intención: como perder peso en casa,607,38,0.0626,16.0,621.64,1,673.23,1.08,Sunday
2024-11-19,FB-CON-002,Meta,Consideracion,Trafico,"Intereses: yoga, meditacion, fitness",3116,97,0.03112,7.48,726.99,2,1572.4,2.16,Tuesday
2024-11-20,GG-SRC-001,Google,Search,Clics,Intención: cursos de yoga online MX,606,47,0.07746,21.44,1008.82,2,1358.91,1.35,Wednesday
2024-05-10,FB-CVR-002,Facebook,Conversion,Compras,Lookalike 3% suscriptores activos,1756,98,0.05579,13.09,1293.27,6,2585.7,2.0,Friday
2024-10-06,FB-CON-001,Facebook,Consideracion,Trafico,Retargeting visitantes 30 días,3726,106,0.02845,6.07,647.01,2,1060.78,1.64,Sunday
2024-04-20,FB-CVR-002,Facebook,Conversion,Compras,Lookalike 3% suscriptores activos,1345,89,0.06613,10.06,901.07,5,2980.78,3.31,Saturday
2024-02-26,GG-YTB-001,Google,YouTube,Vistas,"Canal: wellness, yoga, fitness",6983,175,0.02506,4.36,763.13,3,1970.15,2.58,Monday
2024-03-23,FB-CVR-002,Meta,Conversion,Compras,Lookalike 3% suscriptores activos,1693,62,0.03661,14.62,918.44,3,2355.41,2.56,Saturday
2024-03-05,FB-AWA-001,Facebook,Awareness,Alcance,Mujeres 25-40 CDMX interesadas en bienestar,20991,205,0.00977,3.98,819.21,1,555.46,0.68,Tuesday
2024-10-23,FB-CVR-002,Facebook,Conversion,Compras,,1555,78,,12.32,970.38,2,1327.07,1.37,Wednesday
2024-02-26,FB-CON-002,Facebook,Consideracion,Trafico,"Intereses: yoga, meditacion, fitness",2821,110,0.03899,6.72,744.56,3,1528.86,2.05,Monday
2024-04-06,GG-YTB-001,Google,YouTube,Vistas,"Canal: wellness, yoga, fitness",5272,109,0.02067,6.67,731.4,1,421.37,0.58,Saturday
2024-05-23,FB-CON-001,Facebook,Consideracion,Trafico,Retargeting visitantes 30 días,2815,137,0.04866,7.24,993.38,4,3198.67,3.22,Thursday
2024-08-14,GG-SRC-002,Google,Search,Clics,Intención: meditacion guiada online,771,51,0.06612,15.59,805.73,1,751.64,0.93,Wednesday
2024-05-11,GG-YTB-001,Google,YouTube,Vistas,"Canal: wellness, yoga, fitness",6198,171,0.02759,4.85,832.14,3,2768.88,3.33,Saturday
2024-05-04,GG-SRC-002,Google,Search,Clics,Intención: meditacion guiada online,637,45,0.07059,18.17,833.39,1,707.49,0.85,Saturday
2024-01-30,FB-AWA-001,Facebook,Awareness,,,7298,201,,5.61,1132.77,2,1063.4,0.94,Tuesday
2024-01-21,FB-CVR-001,Facebook,Conversion,Compras,Retargeting carrito abandonado,1422,139,0.09771,11.92,1665.13,13,10669.51,6.41,Sunday
2024-11-25,FB-CON-001,Facebook,Consideracion,Trafico,Retargeting visitantes 30 días,3895,104,0.02669,6.56,682.29,1,562.44,0.82,Monday
2024-09-18,FB-CON-002,Facebook,Consideracion,Trafico,"Intereses: yoga, meditacion, fitness",3109,110,0.03538,7.45,821.0,1,577.33,0.7,Wednesday
2024-01-20,FB-CVR-002,Facebook,Conversion,Compras,Lookalike 3% suscriptores activos,1693,98,0.05787,13.67,1347.37,8,5650.46,4.19,Saturday
2024-10-22,FB-AWA-002,Facebook,Awareness,Alcance,Lookalike 1% compradores anteriores,9909,171,0.01726,3.53,604.8,1,873.4,1.44,Tuesday
2024-02-22,FB-AWA-001,Facebook,Awareness,Alcance,Mujeres 25-40 CDMX interesadas en bienestar,11265,203,0.01802,3.9,795.38,1,716.4,0.9,Thursday
2024-12-26,FB-CVR-001,Facebook,Conversion,Compras,Retargeting carrito abandonado,2421,54,0.0223,12.37,675.31,2,820.83,1.22,Thursday
2024-07-12,GG-SRC-003,Google,Search,Clics,Intención: como perder peso en casa,527,27,0.05119,16.59,451.33,0,0.0,0.0,Friday
2024-01-08,FB-AWA-001,Facebook,Awareness,Alcance,Mujeres 25-40 CDMX interesadas en bienestar,8719,231,0.02649,5.51,1278.95,2,1112.51,0.87,Monday
2024-10-24,FB-AWA-001,Facebook,Awareness,Alcance,Mujeres 25-40 CDMX interesadas en bienestar,8593,138,0.01606,5.17,717.25,0,0.0,0.0,Thursday
2024-04-01,GG-SRC-001,Google,Search,Clics,Intención: cursos de yoga online MX,627,61,0.0972,17.93,1103.28,3,2285.97,2.07,Monday
2024-05-03,GG-DSP-002,Google,Display,,,20311,301,,2.93,882.51,3,2065.16,2.34,Friday
2024-12-24,FB-AWA-002,Facebook,Awareness,Alcance,Lookalike 1% compradores anteriores,7592,61,0.00803,4.92,303.06,0,0.0,0.0,Tuesday
2024-02-09,GG-YTB-001,Google,YouTube,Vistas,"Canal: wellness, yoga, fitness",4848,130,0.02681,5.51,719.03,1,729.28,1.01,Friday
2024-10-11,FB-CON-002,Facebook,Consideracion,Trafico,"Intereses: yoga, meditacion, fitness",3433,95,0.02767,7.22,691.87,2,1469.28,2.12,Friday
2024-07-10,FB-CVR-001,Facebook,Conversion,Compras,Retargeting carrito abandonado,1551,54,0.03481,12.05,658.68,1,631.07,0.96,Wednesday
2024-08-17,GG-DSP-002,Google,Display,Impresiones,Remarketing sitio web 7 días,15641,117,0.00748,2.96,347.62,0,0.0,0.0,Saturday
2024-02-01,FB-CON-001,Facebook,Consideracion,Trafico,Retargeting visitantes 30 días,6284,216,0.03437,5.03,1088.49,6,3378.06,3.1,Thursday
2024-04-02,FB-CON-001,Facebook,Consideracion,Trafico,Retargeting visitantes 30 días,6206,171,0.02755,6.72,1150.58,4,3116.49,2.71,Tuesday
2024-02-13,FB-CON-001,Facebook,Consideracion,Trafico,Retargeting visitantes 30 días,4327,139,0.03212,6.93,964.72,3,2494.73,2.59,Tuesday
2024-07-16,GG-DSP-002,G Ads,Display,Impresiones,Remarketing sitio web 7 días,16168,110,0.0068,3.43,379.93,0,0.0,0.0,Tuesday
2024-07-20,GG-SRC-002,Google,Search,Clics,Intención: meditacion guiada online,336,17,0.05052,21.51,379.62,0,0.0,0.0,Saturday
2024-08-10,FB-CON-002,Facebook,Consideracion,Trafico,"Intereses: yoga, meditacion, fitness",3483,84,0.02412,6.1,517.98,1,689.17,1.33,Saturday
2024-08-10,FB-AWA-002,Facebook,Awareness,Alcance,Lookalike 1% compradores anteriores,7859,77,0.0098,4.93,382.72,0,0.0,0.0,Saturday
2024-12-11,FB-CON-002,Facebook,Consideracion,Trafico,"Intereses: yoga, meditacion, fitness",6081,88,0.01447,5.85,520.41,1,312.72,0.6,Wednesday
2024-11-25,GG-SRC-002,Google,Search,Clics,Intención: meditacion guiada online,470,33,0.0701,20.47,682.83,1,746.09,1.09,Monday
2024-08-14,FB-CVR-001,Facebook,Conversion,Compras,Retargeting carrito abandonado,2093,80,0.03822,12.19,982.35,2,1119.15,1.14,Wednesday
2024-06-10,FB-AWA-001,Facebook,Awareness,Alcance,Mujeres 25-40 CDMX interesadas en bienestar,12110,229,0.01891,3.65,839.48,1,967.37,1.15,Monday
2024-12-16,FB-AWA-001,Facebook,Awareness,Alcance,Mujeres 25-40 CDMX interesadas en bienestar,11567,94,0.00813,3.96,372.36,0,0.0,0.0,Monday
09-01-2024,GG-SRC-001,Google,Search,Clics,Intención: cursos de yoga online MX,606,44,0.0726,21.78,965.64,1,595.6,0.62,Sunday
2024-02-14,GG-SRC-002,Google,Search,Clics,Intención: meditacion guiada online,514,41,0.07965,18.35,763.04,1,760.83,1.0,Wednesday
2024-11-12,FB-CVR-001,Facebook,Conversion,Compras,Retargeting carrito abandonado,2230,86,0.03856,11.73,1019.76,6,4031.53,3.95,Tuesday
2024-10-25,FB-CVR-001,Facebook,Conversion,Compras,Retargeting carrito abandonado,1916,98,0.05113,11.53,1139.86,6,2842.64,2.49,Friday
2024-12-11,GG-DSP-002,Google,Display,Impresiones,Remarketing sitio web 7 días,12195,75,0.00615,3.54,268.84,0,0.0,0.0,Wednesday
2024-12-05,FB-AWA-002,Facebook,Awareness,Alcance,Lookalike 1% compradores anteriores,9593,84,0.00876,4.01,338.71,0,0.0,0.0,Thursday
2024-09-11,GG-SRC-002,Google,Search,Clics,,469,46,0.09796,20.26,935.17,3,1547.71,1.66,Wednesday
2024-07-28,GG-SRC-003,Google,Search,Clics,Intención: como perder peso en casa,449,21,0.04676,13.7,292.88,0,0.0,0.0,Sunday
2024-03-24,GG-DSP-001,Google,Display,Impresiones,Afinidad: bienestar y fitness,21194,189,0.00892,2.84,537.25,1,519.63,0.97,Sunday
2024-06-15,FB-CON-001,Facebook,Consideracion,Trafico,Retargeting visitantes 30 días,2489,100,0.04017,6.96,696.37,2,1578.58,2.27,Saturday
2024-03-03,FB-CVR-001,Facebook,Conversion,Compras,Retargeting carrito abandonado,1690,78,0.04614,13.99,1100.31,4,3315.86,3.01,Sunday
2024-08-30,GG-SRC-001,Google,Search,Clics,Intención: cursos de yoga online MX,558,45,0.08052,18.09,815.36,1,700.6,0.86,Friday
2024-12-17,FB-CVR-002,Facebook,Conversion,Compras,Lookalike 3% suscriptores activos,2031,52,0.0256,10.98,577.57,1,682.91,1.18,Tuesday
2024-01-24,FB-CON-001,Facebook,Consideracion,Trafico,Retargeting visitantes 30 días,4799,275,0.0573,5.91,1630.42,9,7624.16,4.68,Wednesday
2024-10-19,GG-DSP-001,Google,Display,Impresiones,Afinidad: bienestar y fitness,10547,107,0.01014,3.82,409.54,1,654.74,1.6,Saturday
2024-12-28,FB-CVR-001,Facebook,Conversion,Compras,Retargeting carrito abandonado,2042,45,0.02203,11.61,533.66,1,273.95,0.51,Saturday
2024-06-11,FB-CVR-001,Facebook,Conversion,Compras,Retargeting carrito abandonado,1802,102,0.05657,11.15,1146.71,7,3629.37,3.17,Tuesday
2024-12-10,FB-CVR-001,Facebook,Conversion,Compras,Retargeting carrito abandonado,2067,47,0.02274,14.65,696.82,0,0.0,0.0,Tuesday
2024-11-15,GG-DSP-001,Google,Display,Impresiones,Afinidad: bienestar y fitness,13164,121,0.00919,3.36,409.96,1,833.18,2.03,Friday
2024-11-17,FB-CON-002,Facebook,Consideracion,Trafico,"Intereses: yoga, meditacion, fitness",2957,83,0.02807,6.61,549.37,0,0.0,0.0,Sunday
2024-11-30,GG-SRC-001,google,Search,Clics,Intención: cursos de yoga online MX,626,31,0.04951,19.99,632.03,0,0.0,0.0,Saturday
2024-07-25,GG-SRC-002,Google,Search,Clics,Intención: meditacion guiada online,486,21,0.0432,23.94,503.58,0,0.0,0.0,Thursday
2024-04-18,FB-AWA-001,FB,Awareness,Alcance,Mujeres 25-40 CDMX interesadas en bienestar,14270,222,0.01556,4.76,1059.93,1,616.37,0.58,Thursday
2024-11-17,FB-CVR-001,Facebook,Conversion,Compras,Retargeting carrito abandonado,1996,66,0.03306,11.64,770.65,2,1288.87,1.67,Sunday
2024-08-23,FB-CON-002,Meta,Consideracion,Trafico,"Intereses: yoga, meditacion, fitness",5098,82,0.01608,7.37,611.22,2,1497.03,2.45,Friday
2024-01-27,GG-DSP-002,Google,Display,Impresiones,Remarketing sitio web 7 días,17109,254,0.01485,3.36,855.32,3,1736.74,2.03,Saturday
2024-03-05,GG-SRC-001,Google,Search,Clics,Intención: cursos de yoga online MX,525,49,0.09321,21.76,1072.57,1,644.18,0.6,Tuesday
2024-08-25,FB-AWA-001,Facebook,Awareness,Alcance,Mujeres 25-40 CDMX interesadas en bienestar,8311,87,0.01047,5.3,463.52,0,0.0,0.0,Sunday
2024-06-26,GG-DSP-001,Google,Display,Impresiones,Afinidad: bienestar y fitness,19717,153,0.00776,3.8,583.72,1,722.44,1.24,Wednesday
2024-02-28,FB-CON-002,Facebook,Consideracion,Trafico,"Intereses: yoga, meditacion, fitness",3545,132,0.03723,6.98,926.85,4,1980.99,2.14,Wednesday
2024-11-17,GG-SRC-003,GOOGLE,Search,Clics,Intención: como perder peso en casa,312,32,0.1024,15.83,521.84,1,557.2,1.07,Sunday
2024-06-10,GG-DSP-001,Google,Display,Impresiones,Afinidad: bienestar y fitness,12961,188,0.0145,3.12,588.76,1,653.45,1.11,Monday
2024-04-27,FB-CON-002,Facebook,Consideracion,Trafico,"Intereses: yoga, meditacion, fitness",4139,121,0.02923,6.62,802.31,3,2292.55,2.86,Saturday
2024-10-11,FB-CON-001,Facebook,Consideracion,Trafico,Retargeting visitantes 30 días,5002,146,0.02919,5.96,873.04,2,2144.17,2.46,Friday
2024-08-01,GG-DSP-001,Google,Display,Impresiones,Afinidad: bienestar y fitness,13591,123,0.00905,3.08,379.9,0,0.0,0.0,Thursday
2024-07-19,FB-CON-002,Facebook,Consideracion,Trafico,"Intereses: yoga, meditacion, fitness",3498,82,0.02344,6.75,557.32,1,810.22,1.45,Friday
2024-05-30,GG-DSP-002,Google,Display,Impresiones,Remarketing sitio web 7 días,19262,266,0.01381,2.55,679.0,3,2374.88,3.5,Thursday
2024-09-20,FB-CON-001,Facebook,Consideracion,Trafico,Retargeting visitantes 30 días,3959,132,0.03334,7.94,1050.8,2,1355.05,1.29,Friday
2024-09-12,GG-SRC-003,Google,Search,Clics,Intención: como perder peso en casa,388,34,0.08741,21.37,730.66,1,821.45,1.12,Thursday
2024-12-02,GG-SRC-003,Google,Search,Clics,Intención: como perder peso en casa,558,19,0.03401,19.81,387.6,0,0.0,0.0,Monday
2024-06-08,FB-CVR-001,Facebook,Conversion,,,2139,80,,12.89,1039.68,5,2430.65,2.34,Saturday
2024-09-10,GG-SRC-003,Google,Search,Clics,Intención: como perder peso en casa,413,28,0.06779,20.13,572.86,1,720.97,1.26,Tuesday
2024-08-16,FB-CVR-001,Facebook,Conversion,Compras,Retargeting carrito abandonado,1899,64,0.0337,12.7,825.44,4,3252.15,3.94,Friday
2024-07-08,FB-CON-001,Facebook,Consideracion,Trafico,Retargeting visitantes 30 días,3158,66,0.0209,6.47,428.82,1,803.43,1.87,Monday
2024-07-28,GG-YTB-001,Google,YouTube,Vistas,"Canal: wellness, yoga, fitness",7461,77,0.01032,5.44,423.93,0,0.0,0.0,Sunday
2024-06-22,FB-CVR-002,Facebook,Conversion,Compras,Lookalike 3% suscriptores activos,1817,89,0.04896,11.55,1030.08,6,5836.03,5.67,Saturday
2024-10-17,FB-AWA-001,Facebook,Awareness,,,10555,161,,4.49,725.88,0,0.0,0.0,Thursday
2024-12-19,GG-DSP-001,Google,Display,Impresiones,Afinidad: bienestar y fitness,14629,82,0.0056,3.25,266.59,0,0.0,0.0,Thursday
2024-12-08,FB-AWA-002,Facebook,Awareness,Alcance,Lookalike 1% compradores anteriores,11370,81,0.00712,4.02,329.78,0,0.0,0.0,Sunday
2024-04-28,GG-DSP-001,Google,Display,Impresiones,Afinidad: bienestar y fitness,10067,122,0.01212,3.39,414.26,1,675.69,1.63,Sunday
2024-08-24,GG-DSP-001,G Ads,Display,Impresiones,Afinidad: bienestar y fitness,15170,124,0.00817,3.17,395.59,0,0.0,0.0,Saturday
2024-05-12,FB-AWA-001,Facebook,Awareness,Alcance,Mujeres 25-40 CDMX interesadas en bienestar,10279,243,0.02364,3.68,896.66,1,788.97,0.88,Sunday
2024-05-19,GG-SRC-002,Google,Search,Clics,Intención: meditacion guiada online,406,41,0.10097,21.83,916.46,2,1635.05,1.78,Sunday
2024-01-18,FB-CON-002,Facebook,Consideracion,Trafico,"Intereses: yoga, meditacion, fitness",4816,195,0.04049,6.24,1218.93,7,4826.8,3.96,Thursday
2024-11-06,FB-AWA-001,Facebook,Awareness,Alcance,Mujeres 25-40 CDMX interesadas en bienestar,9146,122,0.01334,4.67,569.29,0,0.0,0.0,Wednesday
2024-04-30,GG-SRC-001,Google,Search,Clics,Intención: cursos de yoga online MX,384,51,0.1328,22.79,1174.29,3,1944.39,1.66,Tuesday
2024-04-24,FB-AWA-002,Facebook,Awareness,Alcance,Lookalike 1% compradores anteriores,9510,211,0.02219,4.01,849.28,1,697.89,0.82,Wednesday
2024-08-01,FB-CON-002,Facebook,Consideracion,Trafico,"Intereses: yoga, meditacion, fitness",3943,88,0.02232,6.87,610.51,1,605.62,0.99,Thursday
2024-08-19,FB-CVR-002,Facebook,Conversion,Compras,Lookalike 3% suscriptores activos,1552,63,0.04058,11.28,721.22,4,2229.92,3.09,Monday
2024-12-06,GG-SRC-003,Google,Search,Clics,Intención: como perder peso en casa,361,17,0.04705,18.22,311.02,0,0.0,0.0,Friday
2024-02-20,GG-SRC-001,Google,Search,Clics,Intención: cursos de yoga online MX,685,60,0.0875,17.96,1088.09,3,2183.73,2.01,Tuesday
2024-12-15,GG-DSP-002,Google,Display,Impresiones,Remarketing sitio web 7 días,12135,63,0.00519,3.97,253.45,0,0.0,0.0,Sunday
2024-04-08,GG-SRC-003,Google,Search,Clics,Intención: como perder peso en casa,353,39,0.11034,18.12,722.18,2,1279.34,1.77,Monday
2024-04-15,FB-CON-001,Facebook,Consideracion,Trafico,Retargeting visitantes 30 días,3181,142,0.04463,6.8,972.06,2,1460.19,1.5,Monday
2024/06/12,GG-DSP-001,Google,Display,Impresiones,Afinidad: bienestar y fitness,12829,172,0.01341,3.22,556.06,2,1234.54,2.22,Wednesday
2024-04-09,GG-SRC-001,Google,Search,Clics,Intención: cursos de yoga online MX,673,69,0.10238,18.03,1255.91,5,3590.24,2.86,Tuesday
2024-09-29,FB-CON-001,Facebook,Consideracion,Trafico,Retargeting visitantes 30 días,3766,129,0.03425,5.52,714.96,3,1731.97,2.42,Sunday
2024-11-25,FB-CON-002,Facebook,Consideracion,Trafico,"Intereses: yoga, meditacion, fitness",5194,136,0.02618,5.87,799.71,2,1317.66,1.65,Monday
2024-03-04,FB-CVR-002,Facebook,Conversion,Compras,Lookalike 3% suscriptores activos,1317,80,0.06074,12.96,1048.07,3,1171.17,1.12,Monday
2024-04-17,GG-SRC-002,Google,Search,Clics,Intención: meditacion guiada online,615,61,0.09916,15.06,928.03,3,1930.34,2.08,Wednesday
2024-06-12,FB-CON-002,Facebook,Consideracion,Trafico,"Intereses: yoga, meditacion, fitness",4843,155,0.032,6.3,977.25,2,1958.72,2.0,Wednesday
2024-03-29,FB-CVR-002,Facebook,Conversion,Compras,Lookalike 3% suscriptores activos,1699,84,0.04942,13.77,1165.04,5,2112.44,1.81,Friday
2024-01-30,GG-SRC-003,Google,Search,Clics,Intención: como perder peso en casa,537,64,0.11917,17.07,1100.9,6,3573.59,3.25,Tuesday
2024-06-25,GG-DSP-001,Google,Display,Impresiones,Afinidad: bienestar y fitness,13767,194,0.01409,3.13,608.78,1,786.49,1.29,Tuesday
2024-09-28,FB-CON-001,Facebook,Consideracion,Trafico,Retargeting visitantes 30 días,3543,114,0.03217,7.69,879.63,3,1277.06,1.45,Saturday
2024-04-14,FB-CVR-002,Facebook,Conversion,Compras,Lookalike 3% suscriptores activos,2223,93,0.04182,13.56,1272.38,6,4964.51,3.9,Sunday
2024-05-28,FB-CVR-002,Facebook,Conversion,Compras,Lookalike 3% suscriptores activos,1511,107,0.07079,14.44,1547.59,8,6039.97,3.9,Tuesday
2024-05-15,GG-SRC-003,Google,Search,Clics,Intención: como perder peso en casa,476,51,0.10711,17.86,925.76,3,2347.68,2.54,Wednesday
2024-07-04,GG-SRC-003,G Ads,Search,Clics,Intención: como perder peso en casa,326,21,0.06431,20.45,449.5,0,0.0,0.0,Thursday
2024-03-01,GG-SRC-003,Google,Search,Clics,Intención: como perder peso en casa,446,30,0.06719,18.17,562.76,1,941.91,1.67,Friday
2024-03-19,GG-YTB-001,Google,YouTube,Vistas,"Canal: wellness, yoga, fitness",7237,156,0.02156,5.52,865.0,1,686.28,0.79,Tuesday
2024-07-27,FB-AWA-002,Facebook,Awareness,Alcance,Lookalike 1% compradores anteriores,8577,76,0.00886,4.76,364.46,0,0.0,0.0,Saturday
2024-01-06,FB-CON-001,Facebook,Consideracion,Trafico,Retargeting visitantes 30 días,3003,156,0.05194,8.09,1263.68,4,3986.47,3.15,Saturday
2024-04-03,GG-YTB-001,Google,YouTube,Vistas,"Canal: wellness, yoga, fitness",4684,157,0.03352,5.14,807.96,1,767.67,0.95,Wednesday
2024-08-04,GG-DSP-002,Google,Display,Impresiones,Remarketing sitio web 7 días,15036,105,0.00698,3.11,327.03,0,0.0,0.0,Sunday
2024-09-16,FB-AWA-001,Facebook,Awareness,Alcance,Mujeres 25-40 CDMX interesadas en bienestar,10017,213,0.02126,3.89,828.11,1,1008.04,1.22,Monday
2024-08-14,GG-SRC-001,Google Ads,Search,Clics,Intención: cursos de yoga online MX,544,43,0.079,20.49,884.54,1,819.71,0.93,Wednesday
2024-05-11,FB-CVR-001,Facebook,Conversion,Compras,Retargeting carrito abandonado,1567,124,0.07911,12.31,1527.42,8,3669.61,2.4,Saturday
2024-03-04,GG-YTB-001,Google,YouTube,Vistas,"Canal: wellness, yoga, fitness",6259,129,0.02061,5.78,748.99,2,579.53,0.77,Monday
2024-08-24,GG-DSP-002,Google,Display,Impresiones,Remarketing sitio web 7 días,18468,135,0.00731,3.26,440.67,0,0.0,0.0,Saturday
2024-08-04,FB-AWA-002,Facebook,Awareness,Alcance,Lookalike 1% compradores anteriores,7292,79,0.01083,4.91,391.14,0,0.0,0.0,Sunday
2024-01-02,GG-SRC-001,Google,Search,Clics,Intención: cursos de yoga online MX,521,75,0.14381,21.78,1643.1,5,2593.1,1.58,Tuesday
2024-05-05,GG-SRC-003,Google,Search,Clics,Intención: como perder peso en casa,386,37,0.09577,18.13,687.56,2,1746.75,2.54,Sunday
2024-10-15,GG-SRC-003,Google,Search,Clics,Intención: como perder peso en casa,485,37,0.07626,18.3,679.83,2,1584.77,2.33,Tuesday
2024-07-02,FB-AWA-002,Facebook,Awareness,Alcance,Lookalike 1% compradores anteriores,9271,94,0.01014,4.36,411.78,0,0.0,0.0,Tuesday
2024/01/13,FB-CON-002,Facebook,Consideracion,Trafico,"Intereses: yoga, meditacion, fitness",6143,200,0.03255,6.52,1304.83,6,2527.68,1.94,Saturday
2024-01-01,FB-CON-001,Facebook,Consideracion,Trafico,Retargeting visitantes 30 días,2972,193,0.06494,7.43,1435.58,6,4429.0,3.09,Monday
2024-08-28,FB-CVR-001,Facebook,Conversion,Compras,Retargeting carrito abandonado,2561,85,0.03318,10.83,925.76,3,1912.02,2.07,Wednesday
2024-02-09,GG-DSP-001,Google,Display,Impresiones,Afinidad: bienestar y fitness,23615,208,0.00881,3.1,645.87,1,745.64,1.15,Friday
2024-12-23,GG-DSP-001,Google,Display,Impresiones,Afinidad: bienestar y fitness,17774,99,0.00557,2.8,277.91,0,0.0,0.0,Monday
2024-07-22,FB-CVR-002,Facebook,Conversion,Compras,Lookalike 3% suscriptores activos,1782,54,0.0303,12.49,681.31,2,1333.97,1.96,Monday
2024-11-10,GG-SRC-002,Google,Search,Clics,Intención: meditacion guiada online,572,35,0.06119,17.35,614.37,1,885.28,1.44,Sunday
2024-09-11,FB-CVR-002,Facebook,Conversion,Compras,Lookalike 3% suscriptores activos,1916,113,0.05896,11.06,1260.0,6,3049.22,2.42,Wednesday
2024-12-22,GG-SRC-002,Google,Search,Clics,Intención: meditacion guiada online,337,18,0.05328,22.03,406.19,0,0.0,0.0,Sunday
2024-12-12,GG-SRC-001,Google,Search,Clics,Intención: cursos de yoga online MX,520,27,0.05183,18.5,513.92,0,0.0,0.0,Thursday
2024-08-08,FB-AWA-001,Facebook,Awareness,Alcance,Mujeres 25-40 CDMX interesadas en bienestar,13714,148,0.01079,4.41,656.35,0,0.0,0.0,Thursday
2024-08-22,FB-CON-002,Facebook,Consideracion,Trafico,"Intereses: yoga, meditacion, fitness",3379,96,0.0284,7.69,745.64,1,780.65,1.05,Thursday
2024-10-03,FB-AWA-002,Facebook,Awareness,Alcance,Lookalike 1% compradores anteriores,9318,130,0.01395,4.21,548.9,0,0.0,0.0,Thursday
2024-08-23,FB-AWA-002,Facebook,Awareness,Alcance,Lookalike 1% compradores anteriores,7995,106,0.01326,5.1,541.12,0,0.0,0.0,Friday
2024-04-28,FB-CON-002,Facebook,Consideracion,Trafico,"Intereses: yoga, meditacion, fitness",4709,149,0.03164,6.62,989.83,3,2819.66,2.85,Sunday
2024-02-21,GG-SRC-002,Google,Search,Clics,Intención: meditacion guiada online,307,36,0.11699,22.11,814.81,2,1248.31,1.53,Wednesday
2024-11-02,GG-SRC-001,Google,Search,Clics,Intención: cursos de yoga online MX,846,49,0.05787,14.41,717.24,2,882.19,1.23,Saturday
2024-10-10,FB-AWA-002,Facebook,Awareness,Alcance,Lookalike 1% compradores anteriores,5868,88,0.015,5.63,499.22,0,0.0,0.0,Thursday
2024-07-27,FB-CVR-001,Facebook,Conversion,Compras,Retargeting carrito abandonado,2408,69,0.02865,10.5,731.93,2,1175.53,1.61,Saturday
2024-04-15,FB-CVR-002,Facebook,Conversion,Compras,Lookalike 3% suscriptores activos,1910,114,0.05968,12.87,1476.71,7,6886.22,4.66,Monday
2024-12-19,GG-SRC-002,Google,Search,Clics,Intención: meditacion guiada online,518,22,0.04245,17.88,408.48,0,0.0,0.0,Thursday
2024-04-06,GG-SRC-003,Google,Search,Clics,Intención: como perder peso en casa,388,33,0.08493,18.74,633.35,1,761.79,1.2,Saturday
2024-02-08,GG-SRC-003,Google,Search,Clics,Intención: como perder peso en casa,467,35,0.07488,20.97,738.3,2,1533.41,2.08,Thursday
2024-09-15,GG-SRC-003,Google,Search,Clics,Intención: como perder peso en casa,496,40,0.08064,15.64,630.12,2,944.23,1.5,Sunday
2024-04-08,GG-YTB-001,Google,YouTube,Vistas,"Canal: wellness, yoga, fitness",4686,157,0.0335,5.96,940.73,2,975.58,1.04,Monday
2024-01-25,GG-YTB-001,Google,YouTube,Vistas,"Canal: wellness, yoga, fitness",5199,247,0.04751,4.59,1135.02,3,2667.2,2.35,Thursday
2024-10-22,GG-SRC-003,Google,Search,Clics,Intención: como perder peso en casa,337,30,0.08889,19.07,574.0,1,322.35,0.56,Tuesday
2024-04-14,GG-SRC-001,Google,Search,Clics,Intención: cursos de yoga online MX,1013,59,0.05819,18.16,1080.36,4,2019.07,1.87,Sunday
2024-05-08,FB-CON-002,Facebook,Consideracion,Trafico,"Intereses: yoga, meditacion, fitness",3299,165,0.05001,7.13,1183.19,3,1719.1,1.45,Wednesday
2024-08-01,GG-SRC-001,Google,Search,Clics,Intención: cursos de yoga online MX,817,48,0.05869,17.1,823.57,1,511.24,0.62,Thursday
2024-07-30,FB-CVR-001,Facebook,Conversion,Compras,Retargeting carrito abandonado,2375,77,0.03241,10.79,837.72,2,1174.1,1.4,Tuesday
2024-07-20,FB-CVR-002,Facebook,Conversion,Compras,Lookalike 3% suscriptores activos,1488,43,0.02888,10.94,481.4,1,933.42,1.94,Saturday
2024-05-27,GG-SRC-003,Google,Search,Clics,Intención: como perder peso en casa,550,52,0.0944,18.25,957.67,2,979.06,1.02,Monday
2024-09-18,GG-SRC-001,Google Ads,Search,Clics,Intención: cursos de yoga online MX,501,48,0.09574,24.38,1191.26,2,1148.8,0.96,Wednesday
2024-05-14,FB-AWA-002,Facebook,Awareness,Alcance,Lookalike 1% compradores anteriores,15549,307,0.01974,2.56,786.89,2,1015.36,1.29,Tuesday
2024-03-31,FB-AWA-002,Facebook,Awareness,Alcance,Lookalike 1% compradores anteriores,8851,165,0.01864,4.13,684.79,1,712.26,1.04,Sunday
2024-12-28,FB-AWA-001,Facebook,Awareness,Alcance,Mujeres 25-40 CDMX interesadas en bienestar,9802,94,0.00959,4.28,405.92,0,0.0,0.0,Saturday
2024-08-18,GG-DSP-001,Google,Display,Impresiones,Afinidad: bienestar y fitness,18329,125,0.00682,2.82,353.65,0,0.0,0.0,Sunday
2024-11-20,GG-SRC-002,Google,Search,Clics,Intención: meditacion guiada online,451,31,0.06869,17.76,560.63,1,408.5,0.73,Wednesday
2024-08-08,FB-CON-002,Facebook,Consideracion,Trafico,"Intereses: yoga, meditacion, fitness",3490,111,0.0318,5.84,652.38,1,467.99,0.72,Thursday
2024-08-24,GG-SRC-002,G Ads,Search,Clics,Intención: meditacion guiada online,466,32,0.06862,17.82,576.64,1,435.78,0.76,Saturday
2024-04-12,FB-CVR-001,Facebook,Conversion,Compras,Retargeting carrito abandonado,2209,131,0.0593,13.0,1711.93,7,4900.36,2.86,Friday
2024-03-25,FB-CVR-001,Facebook,Conversion,Compras,Retargeting carrito abandonado,1679,86,0.0512,13.37,1160.32,5,3094.92,2.67,Monday
2024-12-27,GG-DSP-001,Google,Display,Impresiones,Afinidad: bienestar y fitness,18300,113,0.00617,2.91,330.19,0,0.0,0.0,Friday
2024-10-17,FB-CON-001,Facebook,Consideracion,Trafico,Retargeting visitantes 30 días,4029,124,0.03077,6.57,817.02,2,1153.98,1.41,Thursday
2024-03-19,GG-SRC-003,Google,Search,Clics,Intención: como perder peso en casa,329,28,0.0851,17.95,517.65,0,0.0,0.0,Tuesday
2024-05-10,GG-YTB-001,Google,YouTube,Vistas,"Canal: wellness, yoga, fitness",4139,150,0.03624,5.8,876.34,2,1562.79,1.78,Friday
2024-04-10,GG-YTB-001,Google,YouTube,Vistas,"Canal: wellness, yoga, fitness",4207,144,0.03422,5.17,748.52,1,622.66,0.83,Wednesday
2024-03-19,FB-CON-002,Facebook,Consideracion,Trafico,"Intereses: yoga, meditacion, fitness",4155,123,0.0296,7.53,932.57,3,1754.12,1.88,Tuesday
2024-03-10,GG-DSP-001,Google,Display,Impresiones,Afinidad: bienestar y fitness,11353,126,0.0111,3.35,424.43,0,0.0,0.0,Sunday
2024-06-17,GG-YTB-001,Google,YouTube,Vistas,"Canal: wellness, yoga, fitness",4678,144,0.03078,5.54,800.11,2,723.52,0.9,Monday
2024-07-11,GG-SRC-002,Google,Search,Clics,Intención: meditacion guiada online,351,21,0.05983,19.72,430.01,0,0.0,0.0,Thursday
2024-12-20,GG-DSP-002,Google,Display,Impresiones,Remarketing sitio web 7 días,21674,111,0.00512,3.09,344.0,0,0.0,0.0,Friday
2024-04-16,GG-SRC-001,Google,Search,Clics,Intención: cursos de yoga online MX,489,54,0.11023,24.03,1311.93,3,1795.09,1.37,Tuesday
2024-01-17,FB-CVR-001,Facebook,Conversion,Compras,Retargeting carrito abandonado,2107,164,0.0778,12.21,2012.61,19,9827.71,4.88,Wednesday
2024-12-24,GG-SRC-001,Google,Search,Clics,Intención: cursos de yoga online MX,708,31,0.04375,17.61,558.52,0,0.0,0.0,Tuesday
2024-04-09,GG-SRC-002,Google,Search,Clics,Intención: meditacion guiada online,653,55,0.08417,17.66,981.18,3,1968.38,2.01,Tuesday
2024-06-03,FB-CVR-001,Facebook,Conversion,Compras,Retargeting carrito abandonado,1982,122,0.06154,10.65,1309.19,6,2804.88,2.14,Monday
2024-09-05,FB-AWA-001,Facebook,Awareness,Alcance,Mujeres 25-40 CDMX interesadas en bienestar,11996,193,0.01609,3.99,773.59,1,623.36,0.81,Thursday
2024-06-18,GG-SRC-002,Google,Search,Clics,Intención: meditacion guiada online,370,37,0.0998,20.67,781.96,1,616.7,0.79,Tuesday
2024-12-20,GG-SRC-002,Google,Search,Clics,Intención: meditacion guiada online,476,23,0.04824,19.75,469.23,0,0.0,0.0,Friday
2024-03-19,FB-AWA-002,Facebook,Awareness,,,10801,140,,5.11,715.39,0,0.0,0.0,Tuesday
2024-12-20,GG-SRC-001,Google,Search,Clics,Intención: cursos de yoga online MX,486,21,0.0432,22.05,469.74,0,0.0,0.0,Friday
2024-08-21,FB-AWA-001,Facebook,Awareness,Alcance,Mujeres 25-40 CDMX interesadas en bienestar,14532,153,0.01053,3.93,604.14,0,0.0,0.0,Wednesday
2024-05-20,GG-DSP-002,Google,Display,Impresiones,Remarketing sitio web 7 días,14885,237,0.01592,3.0,711.65,3,1238.86,1.74,Monday
2024-02-01,FB-CVR-002,Facebook,Conversion,Compras,Lookalike 3% suscriptores activos,2044,100,0.04892,13.16,1319.23,6,5692.23,4.31,Thursday
2024-10-29,GG-SRC-003,Google,Search,Clics,Intención: como perder peso en casa,399,33,0.08263,16.88,564.68,1,995.69,1.76,Tuesday
2024-04-22,FB-CVR-001,FACEBOOK,Conversion,Compras,Retargeting carrito abandonado,1743,103,0.05909,13.61,1402.71,9,5598.93,3.99,Monday
2024-04-26,FB-AWA-002,Facebook,Awareness,Alcance,Lookalike 1% compradores anteriores,12226,217,0.01775,4.17,906.25,1,932.9,1.03,Friday
2024-01-05,GG-SRC-002,Google,Search,Clics,Intención: meditacion guiada online,302,47,0.15529,23.21,1101.13,4,1612.41,1.46,Friday
2024-10-12,FB-AWA-002,Facebook,Awareness,Alcance,Lookalike 1% compradores anteriores,10275,127,0.01236,4.01,510.49,1,513.83,1.01,Saturday
2024-10-16,GG-SRC-002,Google,Search,Clics,Intención: meditacion guiada online,369,31,0.084,19.05,603.38,1,816.73,1.35,Wednesday
2024/03/27,GG-DSP-002,Google,Display,Impresiones,Remarketing sitio web 7 días,14736,155,0.01052,3.46,537.83,1,839.54,1.56,Wednesday
2024-07-17,GG-SRC-003,Google,Search,Clics,Intención: como perder peso en casa,409,21,0.0513,21.11,450.12,0,0.0,0.0,Wednesday
2024-01-11,GG-YTB-001,Google,YouTube,Vistas,"Canal: wellness, yoga, fitness",6263,204,0.03257,6.07,1242.43,5,3585.92,2.89,Thursday
2024-11-27,GG-DSP-001,Google,Display,Impresiones,Afinidad: bienestar y fitness,15328,132,0.00861,2.68,355.1,1,396.33,1.12,Wednesday
2024-04-25,GG-DSP-002,Google,Display,Impresiones,Remarketing sitio web 7 días,16954,225,0.01327,3.1,699.27,1,909.05,1.3,Thursday
2024-12-21,FB-CON-001,Facebook,Consideracion,Trafico,Retargeting visitantes 30 días,4035,61,0.01512,6.86,420.73,0,0.0,0.0,Saturday
2024-06-19,FB-AWA-002,Facebook,Awareness,Alcance,Lookalike 1% compradores anteriores,7752,161,0.02077,5.13,829.1,0,0.0,0.0,Wednesday
2024-07-14,FB-AWA-002,Facebook,Awareness,Alcance,Lookalike 1% compradores anteriores,8279,74,0.00894,4.11,306.87,0,0.0,0.0,Sunday
2024-07-18,FB-AWA-002,Facebook,Awareness,,,9743,86,,4.75,413.15,0,0.0,0.0,Thursday
2024-05-02,FB-CON-001,Facebook,Consideracion,Trafico,Retargeting visitantes 30 días,4161,183,0.04398,7.21,1322.89,5,3408.5,2.58,Thursday
2024-04-17,GG-SRC-001,Google,Search,Clics,Intención: cursos de yoga online MX,633,69,0.109,21.21,1478.23,4,2538.18,1.72,Wednesday
2024-03-17,FB-CVR-002,Facebook,Conversion,Compras,Lookalike 3% suscriptores activos,1530,87,0.05684,11.31,991.69,5,1784.36,1.8,Sunday
2024-07-20,FB-AWA-001,Facebook,Awareness,Alcance,Mujeres 25-40 CDMX interesadas en bienestar,6590,72,0.01092,5.3,384.67,0,0.0,0.0,Saturday
2024-08-22,GG-SRC-001,Google,Search,Clics,Intención: cursos de yoga online MX,891,45,0.05048,16.44,745.16,1,734.76,0.99,Thursday
2024-12-02,FB-CON-002,Facebook,Consideracion,Trafico,"Intereses: yoga, meditacion, fitness",3617,67,0.01852,7.19,484.27,0,0.0,0.0,Monday
2024-08-22,GG-YTB-001,Google,YouTube,Vistas,"Canal: wellness, yoga, fitness",5226,102,0.01952,5.76,590.82,1,711.16,1.2,Thursday
2024-04-23,FB-CON-002,Facebook,Consideracion,Trafico,"Intereses: yoga, meditacion, fitness",3873,136,0.03511,8.02,1093.01,4,2296.73,2.1,Tuesday
2024-06-21,FB-CVR-001,Facebook,Conversion,Compras,Retargeting carrito abandonado,1460,92,0.063,13.22,1226.8,6,5377.44,4.38,Friday
2024-02-13,GG-SRC-001,Google,Search,Clics,Intención: cursos de yoga online MX,766,60,0.07831,15.18,913.23,2,1272.88,1.39,Tuesday
2024-08-24,GG-SRC-001,Google,Search,Clics,Intención: cursos de yoga online MX,505,37,0.0732,18.42,699.56,1,983.37,1.41,Saturday
2024-12-09,FB-AWA-001,Facebook,Awareness,Alcance,Mujeres 25-40 CDMX interesadas en bienestar,12820,111,0.00866,4.58,512.96,0,0.0,0.0,Monday
2024-05-17,FB-AWA-001,Facebook,Awareness,Alcance,Mujeres 25-40 CDMX interesadas en bienestar,13361,260,0.01946,4.69,1224.25,2,974.8,0.8,Friday
2024-01-07,GG-DSP-001,Google,Display,Impresiones,Afinidad: bienestar y fitness,11692,190,0.01625,3.76,715.75,3,2999.68,4.19,Sunday
2024-04-17,FB-AWA-001,Facebook,Awareness,Alcance,Mujeres 25-40 CDMX interesadas en bienestar,11428,253,0.02214,4.3,1092.21,2,1410.9,1.29,Wednesday
2024-02-22,FB-CON-002,Meta,Consideracion,Trafico,"Intereses: yoga, meditacion, fitness",4464,167,0.03741,5.1,852.0,3,1934.86,2.27,Thursday
2024-10-10,FB-CON-001,FACEBOOK,Consideracion,Trafico,Retargeting visitantes 30 días,3200,99,0.03093,7.89,788.05,1,784.33,1.0,Thursday
2024-05-07,GG-SRC-001,Google,Search,Clics,Intención: cursos de yoga online MX,405,54,0.13318,22.87,1254.61,3,2559.23,2.04,Tuesday
2024-06-05,FB-CVR-002,FACEBOOK,Conversion,Compras,Lookalike 3% suscriptores activos,2472,105,0.04246,10.94,1150.44,6,4549.23,3.95,Wednesday
2024-08-29,FB-CON-002,Facebook,Consideracion,Trafico,"Intereses: yoga, meditacion, fitness",3488,111,0.03182,7.18,798.05,2,576.57,0.72,Thursday
2024-08-03,FB-CON-002,Facebook,Consideracion,Trafico,"Intereses: yoga, meditacion, fitness",3359,73,0.02173,6.94,510.61,1,838.28,1.64,Saturday
2024-04-02,FB-CVR-002,Facebook,Conversion,Compras,Lookalike 3% suscriptores activos,3494,171,0.04893,9.33,1604.99,12,7830.61,4.88,Tuesday
2024-06-04,FB-CON-002,Facebook,Consideracion,Trafico,"Intereses: yoga, meditacion, fitness",3793,138,0.03638,6.95,960.65,3,2222.92,2.31,Tuesday
2024-06-11,FB-CVR-002,Facebook,Conversion,Compras,Lookalike 3% suscriptores activos,2109,83,0.03935,13.76,1144.22,5,3377.68,2.95,Tuesday
2024-07-22,FB-CON-002,Facebook,Consideracion,Trafico,"Intereses: yoga, meditacion, fitness",3274,82,0.02504,6.8,562.74,0,0.0,0.0,Monday
2024-03-27,FB-CVR-002,Facebook,Conversion,Compras,Lookalike 3% suscriptores activos,1689,100,0.05918,10.74,1077.62,6,3627.48,3.37,Wednesday
2024-02-29,GG-SRC-001,Google,Search,Clics,Intención: cursos de yoga online MX,670,53,0.07908,20.46,1095.85,3,1503.32,1.37,Thursday
2024-04-01,FB-CON-001,facebook,Consideracion,Trafico,Retargeting visitantes 30 días,4092,176,0.04301,7.0,1235.22,5,3575.19,2.89,Monday
2024-11-15,FB-AWA-002,Facebook,Awareness,Alcance,Lookalike 1% compradores anteriores,9846,173,0.01757,3.59,622.46,0,0.0,0.0,Friday
2024-10-21,FB-AWA-002,Facebook,Awareness,Alcance,Lookalike 1% compradores anteriores,9229,146,0.01582,3.79,554.31,1,612.39,1.1,Monday
2024-04-18,GG-YTB-001,Google,YouTube,Vistas,"Canal: wellness, yoga, fitness",4539,153,0.03371,5.4,826.17,2,1442.48,1.75,Thursday
2024-10-24,FB-CON-001,Facebook,Consideracion,Trafico,Retargeting visitantes 30 días,4599,126,0.0274,6.18,779.33,2,1525.39,1.96,Thursday
2024-09-13,FB-CVR-002,Facebook,Conversion,Compras,Lookalike 3% suscriptores activos,2326,111,0.04771,11.71,1302.6,5,3078.98,2.36,Friday
2024-10-10,GG-SRC-003,Google,Search,Clics,Intención: como perder peso en casa,382,35,0.09157,18.93,667.68,1,939.2,1.41,Thursday
2024-07-17,GG-SRC-002,Google,Search,Clics,Intención: meditacion guiada online,651,35,0.05374,15.21,542.22,1,496.03,0.91,Wednesday
2024-04-16,FB-CVR-002,Facebook,Conversion,Compras,Lookalike 3% suscriptores activos,1252,101,0.08067,12.28,1242.86,7,5646.47,4.54,Tuesday
2024-03-22,FB-CON-002,Facebook,Consideracion,Trafico,"Intereses: yoga, meditacion, fitness",3457,124,0.03587,7.02,877.06,3,1916.1,2.18,Friday
2024-08-07,GG-SRC-002,Google,Search,Clics,Intención: meditacion guiada online,428,27,0.06295,17.79,494.69,0,0.0,0.0,Wednesday
2024-10-15,FB-CON-001,Facebook,Consideracion,Trafico,Retargeting visitantes 30 días,3752,124,0.03305,7.52,933.6,3,2087.88,2.24,Tuesday
2024-02-10,FB-AWA-001,Facebook,Awareness,Alcance,Mujeres 25-40 CDMX interesadas en bienestar,11711,172,0.01469,4.89,842.83,0,0.0,0.0,Saturday
2024-08-16,GG-SRC-002,Google,Search,Clics,Intención: meditacion guiada online,555,36,0.06485,17.21,621.75,0,0.0,0.0,Friday
2024-10-02,GG-SRC-001,Google,Search,Clics,Intención: cursos de yoga online MX,790,61,0.07717,15.03,926.19,3,1716.64,1.85,Wednesday
2024-03-29,FB-AWA-002,Facebook,Awareness,Alcance,Lookalike 1% compradores anteriores,8514,154,0.01809,4.3,663.74,1,860.07,1.3,Friday
2024-08-19,GG-SRC-001,Google,Search,Clics,Intención: cursos de yoga online MX,619,35,0.05647,21.34,765.18,1,532.2,0.7,Monday
2024-06-11,GG-DSP-002,Google,Display,Impresiones,Remarketing sitio web 7 días,24707,279,0.01129,2.59,723.28,2,1502.65,2.08,Tuesday
2024-01-19,GG-SRC-003,Google,Search,Clics,Intención: como perder peso en casa,422,58,0.13728,18.77,1095.81,5,2418.98,2.21,Friday
2024-11-03,FB-AWA-001,Facebook,Awareness,Alcance,Mujeres 25-40 CDMX interesadas en bienestar,20235,158,0.00781,3.79,601.43,1,613.65,1.02,Sunday
2024-10-13,FB-CON-001,Facebook,Consideracion,Trafico,Retargeting visitantes 30 días,4656,126,0.02706,6.84,866.87,2,1461.44,1.69,Sunday
2024-06-30,GG-SRC-001,Google,Search,Clics,Intención: cursos de yoga online MX,758,68,0.08967,14.3,978.05,3,2061.39,2.11,Sunday
2024-05-03,GG-SRC-001,Google,Search,Clics,Intención: cursos de yoga online MX,723,75,0.10364,19.52,1464.23,3,2339.01,1.6,Friday
2024-02-15,GG-SRC-001,Google,Search,Clics,Intención: cursos de yoga online MX,633,66,0.10422,17.76,1183.91,3,1420.99,1.2,Thursday
2024-12-05,GG-DSP-002,google,Display,Impresiones,Remarketing sitio web 7 días,28462,173,0.00608,1.92,332.39,0,0.0,0.0,Thursday
2024-06-26,GG-YTB-001,Google,YouTube,Vistas,"Canal: wellness, yoga, fitness",4619,125,0.02706,5.75,719.91,1,766.01,1.06,Wednesday
2024-10-08,FB-CVR-002,Facebook,Conversion,Compras,Lookalike 3% suscriptores activos,1926,85,0.04413,12.81,1088.96,4,3785.18,3.48,Tuesday
2024-02-18,FB-CVR-001,Facebook,Conversion,Compras,Retargeting carrito abandonado,2172,87,0.04004,13.28,1162.52,5,3699.52,3.18,Sunday
2024-07-31,FB-CON-002,Facebook,Consideracion,Trafico,"Intereses: yoga, meditacion, fitness",3066,59,0.01924,7.28,432.28,0,0.0,0.0,Wednesday
2024-03-08,FB-CVR-002,Facebook,Conversion,Compras,Lookalike 3% suscriptores activos,1779,81,0.04551,13.95,1138.99,5,3282.05,2.88,Friday
2024-11-12,FB-CON-002,Facebook,Consideracion,Trafico,"Intereses: yoga, meditacion, fitness",4259,117,0.02747,6.56,770.16,2,1914.72,2.49,Tuesday
2024-12-11,FB-AWA-001,Facebook,Awareness,Alcance,Mujeres 25-40 CDMX interesadas en bienestar,10154,108,0.01064,4.27,461.83,0,0.0,0.0,Wednesday
2024-04-27,FB-CVR-001,Facebook,Conversion,Compras,Retargeting carrito abandonado,2030,100,0.04926,12.53,1253.48,7,5614.76,4.48,Saturday
2024-02-23,GG-SRC-002,Google,Search,Clics,Intención: meditacion guiada online,672,62,0.09216,11.86,743.59,3,1155.14,1.55,Friday
2024-07-15,GG-SRC-002,Google,Search,Clics,Intención: meditacion guiada online,996,26,0.0261,17.19,462.24,0,0.0,0.0,Monday
2024-06-13,GG-DSP-002,Google,Display,Impresiones,Remarketing sitio web 7 días,13360,208,0.01557,3.57,744.5,3,1500.35,2.02,Thursday
2024-10-08,GG-DSP-002,Google,Display,Impresiones,Remarketing sitio web 7 días,13689,162,0.01183,3.29,534.2,0,0.0,0.0,Tuesday
2024-05-07,FB-AWA-001,Facebook,Awareness,Alcance,Mujeres 25-40 CDMX interesadas en bienestar,11408,207,0.01814,5.07,1054.3,2,1533.73,1.45,Tuesday
2024-11-08,FB-CVR-001,Facebook,Conversion,Compras,Retargeting carrito abandonado,1740,64,0.03676,14.64,941.3,4,2370.09,2.52,Friday
2024-04-13,GG-YTB-001,Google,YouTube,Vistas,"Canal: wellness, yoga, fitness",5949,139,0.02337,5.04,703.13,1,587.19,0.84,Saturday
2024-02-25,FB-AWA-001,Facebook,Awareness,Alcance,Mujeres 25-40 CDMX interesadas en bienestar,9259,144,0.01555,4.74,686.26,0,0.0,0.0,Sunday
2024-06-03,GG-YTB-001,Google,YouTube,Vistas,"Canal: wellness, yoga, fitness",7664,165,0.02153,5.3,878.04,1,670.61,0.76,Monday
2024-01-16,GG-YTB-001,google,YouTube,Vistas,"Canal: wellness, yoga, fitness",6912,241,0.03487,5.65,1362.27,5,4215.57,3.09,Tuesday
2024-09-20,FB-AWA-001,Facebook,Awareness,Alcance,Mujeres 25-40 CDMX interesadas en bienestar,10462,196,0.01873,4.27,839.33,1,519.36,0.62,Friday
2024-04-17,FB-CON-002,Facebook,Consideracion,Trafico,"Intereses: yoga, meditacion, fitness",3744,131,0.03499,7.7,1011.61,4,2276.72,2.25,Wednesday
2024-06-03,GG-DSP-001,Google,Display,Impresiones,Afinidad: bienestar y fitness,13708,208,0.01517,3.01,626.01,1,784.21,1.25,Monday
2024-05-09,GG-SRC-001,Google,Search,Clics,Intención: cursos de yoga online MX,574,69,0.12001,18.26,1274.3,4,2098.07,1.65,Thursday
2024-10-26,FB-CVR-002,Facebook,Conversion,Compras,Lookalike 3% suscriptores activos,1741,65,0.03732,11.19,729.23,2,1543.61,2.12,Saturday
2024-02-07,GG-SRC-001,Google,Search,Clics,Intención: cursos de yoga online MX,695,62,0.08912,19.37,1215.3,3,2079.36,1.71,Wednesday
2024-05-02,FB-AWA-001,Facebook,Awareness,Alcance,Mujeres 25-40 CDMX interesadas en bienestar,9923,238,0.02398,3.71,884.09,1,487.81,0.55,Thursday
2024-04-27,GG-YTB-001,Google,YouTube,Vistas,"Canal: wellness, yoga, fitness",4894,119,0.02431,5.52,661.0,2,1205.6,1.82,Saturday
2024-06-28,FB-CON-002,Facebook,Consideracion,Trafico,"Intereses: yoga, meditacion, fitness",4839,148,0.03058,6.46,961.8,5,3720.5,3.87,Friday
2024-11-12,GG-SRC-001,Google,Search,Clics,Intención: cursos de yoga online MX,742,53,0.07134,15.9,845.09,2,1456.49,1.72,Tuesday
2024-07-08,GG-SRC-001,Google,Search,Clics,Intención: cursos de yoga online MX,469,26,0.05538,20.97,564.6,0,0.0,0.0,Monday
2024-12-24,FB-AWA-001,Facebook,Awareness,Alcance,Mujeres 25-40 CDMX interesadas en bienestar,11464,114,0.00994,3.97,453.4,0,0.0,0.0,Tuesday
2024-12-26,GG-SRC-002,Google,Search,Clics,,421,18,0.04268,19.34,365.72,0,0.0,0.0,Thursday
2024-10-14,FB-AWA-002,Facebook,Awareness,Alcance,Lookalike 1% compradores anteriores,9510,133,0.01398,4.79,640.04,0,0.0,0.0,Monday
2024-11-09,FB-AWA-002,Facebook,Awareness,Alcance,Lookalike 1% compradores anteriores,10005,88,0.00879,4.23,373.44,0,0.0,0.0,Saturday
2024-09-05,FB-CVR-002,facebook,Conversion,Compras,,1703,94,0.05516,10.68,1010.48,4,1778.48,1.76,Thursday
2024-12-20,FB-CON-001,Facebook,Consideracion,Trafico,Retargeting visitantes 30 días,2979,62,0.02081,8.17,510.4,0,0.0,0.0,Friday
2024-02-01,GG-SRC-003,google,Search,Clics,Intención: como perder peso en casa,417,37,0.0887,18.66,692.69,2,998.61,1.44,Thursday
2024-11-21,GG-DSP-001,Google,Display,Impresiones,Afinidad: bienestar y fitness,11515,120,0.01042,3.63,438.17,0,0.0,0.0,Thursday
2024-10-24,FB-AWA-002,Facebook,Awareness,Alcance,Lookalike 1% compradores anteriores,16770,190,0.01133,3.44,654.1,1,730.66,1.12,Thursday
2024-03-20,GG-DSP-001,Google,Display,Impresiones,Afinidad: bienestar y fitness,20816,225,0.01081,2.45,551.66,1,289.52,0.52,Wednesday
2024-12-25,FB-CVR-002,Facebook,Conversion,Compras,Lookalike 3% suscriptores activos,2363,56,0.02369,10.43,584.57,2,1593.38,2.73,Wednesday
2024-05-19,FB-CVR-001,Facebook,Conversion,Compras,Retargeting carrito abandonado,1743,101,0.05793,14.36,1457.76,9,4815.37,3.3,Sunday
2024-07-18,GG-SRC-003,Google,Search,Clics,Intención: como perder peso en casa,290,21,0.0723,19.56,426.53,0,0.0,0.0,Thursday
2024-01-25,FB-AWA-001,Facebook,Awareness,Alcance,Mujeres 25-40 CDMX interesadas en bienestar,10403,283,0.0272,4.46,1267.14,3,1981.43,1.56,Thursday
2024-07-20,FB-AWA-002,Facebook,Awareness,Alcance,Lookalike 1% compradores anteriores,10097,79,0.00782,3.83,305.54,0,0.0,0.0,Saturday
2024-12-21,GG-DSP-001,Google,Display,Impresiones,Afinidad: bienestar y fitness,12165,72,0.00592,3.6,261.59,0,0.0,0.0,Saturday
2024-05-21,FB-CVR-002,Facebook,Conversion,Compras,Lookalike 3% suscriptores activos,2063,113,0.05477,12.49,1421.92,8,5213.71,3.67,Tuesday
2024-11-29,FB-CON-002,Facebook,Consideracion,Trafico,"Intereses: yoga, meditacion, fitness",4351,109,0.02505,6.83,746.98,1,649.62,0.87,Friday
2024-04-14,FB-CVR-001,Facebook,Conversion,Compras,Retargeting carrito abandonado,1963,119,0.06059,9.99,1196.13,5,3616.41,3.02,Sunday
2024-06-29,GG-YTB-001,Google,YouTube,Vistas,"Canal: wellness, yoga, fitness",4911,115,0.02342,6.14,706.28,1,524.26,0.74,Saturday
2024-06-27,GG-SRC-003,google,Search,Clics,Intención: como perder peso en casa,545,41,0.0752,18.2,760.58,1,762.83,1.0,Thursday
2024-05-16,FB-CVR-001,Facebook,Conversion,Compras,Retargeting carrito abandonado,2099,132,0.06287,12.22,1618.29,9,6021.97,3.72,Thursday
2024-11-29,FB-CVR-001,Facebook,Conversion,Compras,Retargeting carrito abandonado,1986,106,0.05337,12.08,1280.1,5,2454.1,1.92,Friday
2024-03-20,GG-SRC-002,Google,Search,Clics,Intención: meditacion guiada online,565,47,0.08304,17.65,846.06,2,1584.75,1.87,Wednesday
2024-07-24,FB-AWA-001,Facebook,Awareness,Alcance,Mujeres 25-40 CDMX interesadas en bienestar,8323,106,0.01274,4.28,456.4,0,0.0,0.0,Wednesday
2024-05-05,FB-CVR-001,Facebook,Conversion,Compras,Retargeting carrito abandonado,1996,129,0.0646,10.74,1389.79,11,6460.93,4.65,Sunday
2024-10-25,GG-YTB-001,Google,YouTube,Vistas,"Canal: wellness, yoga, fitness",5030,132,0.02624,5.2,686.43,1,388.1,0.57,Friday
2024-04-23,FB-AWA-001,Facebook,Awareness,Alcance,Mujeres 25-40 CDMX interesadas en bienestar,15013,284,0.01892,3.53,1002.19,2,1418.48,1.42,Tuesday
2024-07-14,GG-DSP-001,Google,Display,Impresiones,Afinidad: bienestar y fitness,10951,63,0.00575,3.57,226.27,0,0.0,0.0,Sunday
2024-06-24,GG-SRC-002,Google,Search,Clics,Intención: meditacion guiada online,417,50,0.11972,18.76,945.1,2,1133.23,1.2,Monday
2024-04-27,GG-DSP-002,Google,Display,Impresiones,Remarketing sitio web 7 días,25829,291,0.01127,2.35,684.89,2,1218.95,1.78,Saturday
2024-07-04,GG-DSP-001,Google,Display,Impresiones,Afinidad: bienestar y fitness,21673,106,0.00489,3.08,326.93,0,0.0,0.0,Thursday
2024-05-01,GG-DSP-002,Google,Display,Impresiones,Remarketing sitio web 7 días,12654,197,0.01557,3.7,732.18,2,716.89,0.98,Wednesday
2024-12-23,GG-DSP-002,Google,Display,Impresiones,Remarketing sitio web 7 días,15477,99,0.0064,3.24,323.55,0,0.0,0.0,Monday
2024-10-24,GG-DSP-001,Google,Display,Impresiones,Afinidad: bienestar y fitness,16313,143,0.00877,3.52,503.67,1,720.8,1.43,Thursday
2024-09-26,FB-CON-002,Meta,Consideracion,Trafico,"Intereses: yoga, meditacion, fitness",4406,121,0.02746,7.25,883.95,2,925.19,1.05,Thursday
2024-05-26,FB-CON-001,Facebook,Consideracion,Trafico,Retargeting visitantes 30 días,3137,141,0.04493,7.31,1035.16,4,3479.04,3.36,Sunday
2024-10-02,GG-YTB-001,Google Ads,YouTube,Vistas,"Canal: wellness, yoga, fitness",5288,111,0.02099,5.61,626.56,1,769.53,1.23,Wednesday
2024-09-05,FB-CON-002,Facebook,Consideracion,Trafico,"Intereses: yoga, meditacion, fitness",4032,142,0.03522,7.25,1031.48,4,2194.58,2.13,Thursday
2024-08-14,FB-CON-001,FACEBOOK,Consideracion,Trafico,Retargeting visitantes 30 días,3674,112,0.03048,6.3,711.69,2,1542.79,2.17,Wednesday
2024-09-05,GG-SRC-001,GOOGLE,Search,Clics,Intención: cursos de yoga online MX,565,62,0.10958,18.59,1156.55,3,2526.66,2.18,Thursday
2024-05-15,FB-CON-001,Facebook,Consideracion,Trafico,Retargeting visitantes 30 días,4855,202,0.0416,6.28,1274.42,6,4276.07,3.36,Wednesday
2024-06-28,FB-CVR-001,Facebook,Conversion,Compras,Retargeting carrito abandonado,1097,74,0.0674,13.57,1013.69,4,3066.22,3.02,Friday
2024-01-01,GG-YTB-001,Google,YouTube,Vistas,"Canal: wellness, yoga, fitness",6598,235,0.03562,5.05,1192.43,5,4087.69,3.43,Monday
2024-05-21,GG-DSP-002,Google,Display,,,22392,271,,2.64,716.8,2,1652.46,2.31,Tuesday
2024-02-09,GG-DSP-002,Google Ads,Display,Impresiones,Remarketing sitio web 7 días,11105,133,0.01198,3.98,529.32,0,0.0,0.0,Friday
2024-04-30,FB-AWA-001,Facebook,Awareness,Alcance,Mujeres 25-40 CDMX interesadas en bienestar,15142,258,0.01704,3.88,1002.46,2,1425.44,1.42,Tuesday
2024-03-28,FB-AWA-002,Facebook,Awareness,Alcance,Lookalike 1% compradores anteriores,9071,160,0.01764,5.01,802.34,1,627.0,0.78,Thursday
2024-03-05,GG-SRC-002,Google,Search,Clics,Intención: meditacion guiada online,587,38,0.06463,19.27,738.55,2,701.97,0.95,Tuesday
2024-10-29,GG-DSP-002,Google,Display,Impresiones,Remarketing sitio web 7 días,20248,196,0.00968,3.07,603.11,1,543.06,0.9,Tuesday
2024-05-09,GG-SRC-003,Google,Search,Clics,Intención: como perder peso en casa,463,52,0.11211,18.0,939.44,3,3065.79,3.26,Thursday
2024-10-30,FB-AWA-002,Facebook,Awareness,Alcance,Lookalike 1% compradores anteriores,11747,157,0.01336,3.94,619.67,1,372.63,0.6,Wednesday
2024-03-01,GG-DSP-002,Google,Display,Impresiones,Remarketing sitio web 7 días,17878,178,0.00996,3.81,680.27,1,627.74,0.92,Friday
2024-09-06,FB-AWA-001,Facebook,Awareness,Alcance,Mujeres 25-40 CDMX interesadas en bienestar,13301,178,0.01338,4.61,821.47,0,0.0,0.0,Friday
2024-04-15,GG-SRC-001,Google,Search,Clics,Intención: cursos de yoga online MX,460,63,0.13684,18.58,1175.99,2,1744.63,1.48,Monday
2024-09-04,FB-CON-002,Facebook,Consideracion,Trafico,"Intereses: yoga, meditacion, fitness",2707,120,0.04432,6.83,823.84,1,620.88,0.75,Wednesday
2024-01-12,FB-CVR-002,Facebook,Conversion,Compras,Lookalike 3% suscriptores activos,2104,143,0.06795,11.82,1693.75,13,10761.48,6.35,Friday
2024-07-17,FB-CON-002,facebook,Consideracion,Trafico,"Intereses: yoga, meditacion, fitness",3593,75,0.02087,7.12,537.49,1,495.61,0.92,Wednesday
2024-12-10,GG-SRC-001,Google,Search,Clics,Intención: cursos de yoga online MX,584,27,0.04619,19.64,530.95,0,0.0,0.0,Tuesday
2024-06-15,GG-SRC-003,Google,Search,Clics,Intención: como perder peso en casa,485,42,0.08647,17.84,765.28,2,1277.83,1.67,Saturday
2024-04-27,GG-SRC-002,Google,Search,Clics,Intención: meditacion guiada online,578,50,0.08636,16.45,827.69,1,537.04,0.65,Saturday
2024-09-30,GG-SRC-001,google,Search,Clics,Intención: cursos de yoga online MX,656,69,0.10509,16.53,1141.24,3,1971.85,1.73,Monday
2024-06-22,GG-DSP-001,Google,Display,Impresiones,Afinidad: bienestar y fitness,19924,208,0.01044,2.55,532.11,2,832.13,1.56,Saturday
2024-09-19,GG-SRC-001,Google,Search,Clics,Intención: cursos de yoga online MX,789,79,0.10011,14.52,1155.07,3,2382.98,2.06,Thursday
2024-04-04,FB-CVR-002,Facebook,Conversion,Compras,Lookalike 3% suscriptores activos,1657,102,0.06153,13.09,1337.0,8,5562.44,4.16,Thursday
2024-01-19,FB-AWA-001,Facebook,Awareness,Alcance,Mujeres 25-40 CDMX interesadas en bienestar,16817,294,0.01748,4.37,1286.26,2,974.47,0.76,Friday
27/02/2024,FB-CON-001,Facebook,Consideracion,Trafico,Retargeting visitantes 30 días,6629,158,0.02383,6.72,1062.98,3,2160.73,2.03,Tuesday
2024-02-07,FB-CON-002,Facebook,Consideracion,Trafico,"Intereses: yoga, meditacion, fitness",4228,148,0.035,6.79,1012.01,3,2025.66,2.0,Wednesday
2024-12-18,FB-CVR-002,Facebook,Conversion,Compras,Lookalike 3% suscriptores activos,1802,49,0.02718,12.51,621.23,1,793.22,1.28,Wednesday
2024-05-31,FB-CON-001,Facebook,Consideracion,Trafico,Retargeting visitantes 30 días,6322,245,0.03875,5.62,1379.45,8,7467.6,5.41,Friday
2024-11-08,GG-SRC-003,Google,Search,Clics,Intención: como perder peso en casa,439,39,0.08872,16.56,651.13,1,928.01,1.43,Friday
2024-04-16,FB-AWA-001,FACEBOOK,Awareness,Alcance,Mujeres 25-40 CDMX interesadas en bienestar,12697,255,0.02008,3.96,1011.63,2,1580.65,1.56,Tuesday
2024-12-20,FB-AWA-001,facebook,Awareness,Alcance,Mujeres 25-40 CDMX interesadas en bienestar,18007,107,0.00594,4.05,437.36,0,0.0,0.0,Friday
2024-08-13,GG-DSP-002,Google,Display,Impresiones,Remarketing sitio web 7 días,22393,149,0.00665,3.09,461.04,1,579.78,1.26,Tuesday
2024-09-03,GG-DSP-001,Google,Display,Impresiones,Afinidad: bienestar y fitness,19976,232,0.01161,2.93,679.4,2,930.98,1.37,Tuesday
2024-12-19,GG-SRC-001,Google,Search,,,562,24,,19.63,475.5,0,0.0,0.0,Thursday
2024-10-06,FB-AWA-001,Facebook,Awareness,Alcance,Mujeres 25-40 CDMX interesadas en bienestar,10708,142,0.01326,4.66,662.75,1,529.89,0.8,Sunday
2024-08-18,FB-AWA-002,Facebook,Awareness,Alcance,Lookalike 1% compradores anteriores,15245,95,0.00623,4.95,474.61,0,0.0,0.0,Sunday
2024/08/17,FB-CVR-002,Facebook,Conversion,Compras,Lookalike 3% suscriptores activos,1795,64,0.03565,10.96,706.02,2,1681.5,2.38,Saturday
2024-04-16,FB-CON-002,Facebook,Consideracion,Trafico,"Intereses: yoga, meditacion, fitness",5358,204,0.03807,5.51,1127.06,7,3597.81,3.19,Tuesday
2024-04-24,FB-CVR-002,Facebook,Conversion,Compras,Lookalike 3% suscriptores activos,1473,103,0.0699,13.7,1411.87,7,4142.68,2.93,Wednesday
2024-12-20,FB-CON-002,Facebook,Consideracion,Trafico,"Intereses: yoga, meditacion, fitness",3061,57,0.01862,6.74,385.68,0,0.0,0.0,Friday
2024-07-30,FB-CON-001,FACEBOOK,Consideracion,Trafico,Retargeting visitantes 30 días,3642,72,0.01977,7.86,572.72,1,513.72,0.9,Tuesday
2024-01-02,FB-CON-002,Facebook,Consideracion,Trafico,"Intereses: yoga, meditacion, fitness",3908,203,0.05193,7.62,1550.13,8,4361.34,2.81,Tuesday
2024-08-05,FB-AWA-002,Facebook,Awareness,Alcance,Lookalike 1% compradores anteriores,8252,119,0.01442,4.85,580.74,0,0.0,0.0,Monday
2024-03-10,FB-CON-001,Facebook,Consideracion,Trafico,Retargeting visitantes 30 días,5128,114,0.02223,5.81,666.1,2,1009.84,1.52,Sunday
2024-09-22,FB-AWA-001,facebook,Awareness,Alcance,Mujeres 25-40 CDMX interesadas en bienestar,9525,167,0.01753,4.83,810.99,0,0.0,0.0,Sunday
2024-08-04,FB-CVR-002,Facebook,Conversion,Compras,,1378,59,0.0428,12.81,757.83,2,1378.74,1.82,Sunday
2024-12-03,GG-DSP-001,Google,Display,Impresiones,Afinidad: bienestar y fitness,8835,67,0.00758,3.54,240.46,0,0.0,0.0,Tuesday
2024-02-29,GG-SRC-003,Google,Search,,,503,46,,13.72,639.68,2,792.51,1.24,Thursday
2024-09-28,GG-YTB-001,Google,YouTube,Vistas,"Canal: wellness, yoga, fitness",4056,108,0.02663,5.79,628.71,1,952.06,1.51,Saturday
2024-02-18,GG-DSP-001,Google,Display,Impresiones,Afinidad: bienestar y fitness,17145,165,0.00962,3.07,508.33,1,704.45,1.39,Sunday
2024-03-27,GG-DSP-001,Google,Display,Impresiones,Afinidad: bienestar y fitness,18615,180,0.00967,2.91,524.83,2,1087.55,2.07,Wednesday
2024-11-29,GG-SRC-001,G Ads,Search,Clics,Intención: cursos de yoga online MX,840,61,0.07259,14.77,909.27,2,928.31,1.02,Friday
2024-05-24,GG-YTB-001,Google,YouTube,Vistas,"Canal: wellness, yoga, fitness",6830,204,0.02987,5.34,1090.48,3,1889.1,1.73,Friday
2024-08-15,FB-AWA-001,Facebook,Awareness,Alcance,Mujeres 25-40 CDMX interesadas en bienestar,11581,141,0.01217,4.01,568.19,0,0.0,0.0,Thursday
2024-05-24,GG-SRC-003,Google,Search,Clics,Intención: como perder peso en casa,257,40,0.15522,19.04,773.27,2,1580.78,2.04,Friday
2024-11-02,GG-SRC-003,Google,Search,Clics,Intención: como perder peso en casa,401,27,0.06717,17.7,480.6,1,494.0,1.03,Saturday
2024-07-09,FB-CVR-002,Facebook,Conversion,Compras,Lookalike 3% suscriptores activos,2145,57,0.02657,11.03,629.34,1,782.49,1.24,Tuesday
2024-04-10,GG-DSP-001,Google,Display,Impresiones,Afinidad: bienestar y fitness,13084,172,0.01314,3.72,641.29,2,1137.94,1.77,Wednesday
2024-10-17,GG-DSP-002,Google,Display,Impresiones,Remarketing sitio web 7 días,21060,199,0.00945,3.0,599.89,2,1087.31,1.81,Thursday
2024-05-18,GG-YTB-001,Google,YouTube,Vistas,"Canal: wellness, yoga, fitness",4528,144,0.0318,5.25,758.17,2,1668.16,2.2,Saturday
2024-05-07,GG-SRC-003,Google,Search,Clics,Intención: como perder peso en casa,350,35,0.09986,17.11,598.89,1,669.86,1.12,Tuesday
2024-02-13,GG-DSP-002,Google,Display,Impresiones,,17847,246,0.01378,2.77,681.58,1,815.37,1.2,Tuesday
2024-04-19,GG-DSP-002,Google,Display,Impresiones,Remarketing sitio web 7 días,19940,254,0.01274,3.17,806.35,3,2203.87,2.73,Friday
2024-11-08,GG-DSP-001,Google,Display,Impresiones,Afinidad: bienestar y fitness,16755,140,0.00836,3.51,494.25,1,667.09,1.35,Friday
2024-07-06,GG-SRC-003,google,Search,Clics,Intención: como perder peso en casa,359,18,0.05012,18.43,342.82,0,0.0,0.0,Saturday
2024-12-24,FB-CVR-001,Facebook,Conversion,Compras,Retargeting carrito abandonado,1394,39,0.02796,13.29,527.93,1,607.34,1.15,Tuesday
2024-09-22,FB-CVR-002,Facebook,Conversion,Compras,Lookalike 3% suscriptores activos,1244,66,0.05303,13.66,904.35,1,625.4,0.69,Sunday
2024-07-15,FB-CON-002,Facebook,Consideracion,Trafico,"Intereses: yoga, meditacion, fitness",3844,68,0.01769,8.04,549.7,0,0.0,0.0,Monday
2024-10-17,FB-CVR-001,Facebook,Conversion,Compras,Retargeting carrito abandonado,1739,65,0.03737,15.49,1016.62,3,2253.92,2.22,Thursday
2024-03-04,FB-AWA-001,Facebook,Awareness,Alcance,Mujeres 25-40 CDMX interesadas en bienestar,10043,147,0.01464,4.57,675.74,0,0.0,0.0,Monday
2024-12-01,FB-CVR-001,Facebook,Conversion,Compras,Retargeting carrito abandonado,2001,44,0.02199,11.77,521.34,1,628.84,1.21,Sunday
2024-06-27,GG-YTB-001,Google,YouTube,Vistas,"Canal: wellness, yoga, fitness",6510,149,0.02289,5.86,878.28,1,936.78,1.07,Thursday
2024-07-01,GG-DSP-002,Google,Display,Impresiones,Remarketing sitio web 7 días,24298,140,0.00576,2.87,402.8,0,0.0,0.0,Monday
2024-08-07,GG-SRC-003,Google,Search,,,483,30,,18.88,571.48,1,740.05,1.29,Wednesday
2024-11-08,GG-SRC-001,Google,Search,Clics,Intención: cursos de yoga online MX,713,41,0.05748,22.4,921.89,1,516.21,0.56,Friday
2024-05-14,FB-CVR-002,Facebook,Conversion,Compras,Lookalike 3% suscriptores activos,2225,166,0.0746,9.97,1655.33,13,10247.14,6.19,Tuesday
2024-05-17,GG-SRC-003,Google,Search,Clics,Intención: como perder peso en casa,421,54,0.12807,15.85,864.16,2,670.99,0.78,Friday
2024-11-28,GG-DSP-001,Google,Display,Impresiones,Afinidad: bienestar y fitness,13717,126,0.00919,3.37,425.07,1,507.3,1.19,Thursday
2024-06-26,GG-DSP-002,Google,Display,Impresiones,Remarketing sitio web 7 días,19920,204,0.01024,3.92,803.76,1,688.79,0.86,Wednesday
2024-05-08,GG-DSP-001,Google,Display,Impresiones,Afinidad: bienestar y fitness,16661,237,0.01422,3.11,738.76,2,1931.65,2.61,Wednesday
2024-12-17,FB-CON-001,FB,Consideracion,Trafico,Retargeting visitantes 30 días,5523,92,0.01666,6.0,551.97,0,0.0,0.0,Tuesday
2024-11-10,FB-CON-001,Facebook,Consideracion,Trafico,Retargeting visitantes 30 días,3694,94,0.02544,6.36,600.5,1,829.34,1.38,Sunday
2024-09-11,GG-DSP-002,Google,Display,Impresiones,Remarketing sitio web 7 días,26142,195,0.00746,3.19,621.26,2,1288.38,2.07,Wednesday
2024-07-13,FB-CON-001,Facebook,Consideracion,Trafico,Retargeting visitantes 30 días,5148,88,0.01709,6.55,577.64,1,545.2,0.94,Saturday
2024-07-21,FB-AWA-002,Facebook,Awareness,Alcance,Lookalike 1% compradores anteriores,7987,70,0.00876,5.43,382.0,0,0.0,0.0,Sunday
2024-05-19,GG-SRC-001,Google,Search,Clics,Intención: cursos de yoga online MX,685,63,0.09194,18.12,1152.18,4,3430.61,2.98,Sunday
2024-08-16,GG-SRC-001,Google,Search,Clics,Intención: cursos de yoga online MX,621,36,0.05793,17.26,635.78,1,671.41,1.06,Friday
2024-09-05,GG-YTB-001,G Ads,YouTube,Vistas,"Canal: wellness, yoga, fitness",5741,129,0.02247,5.79,750.95,1,339.36,0.45,Thursday
2024-12-26,GG-DSP-001,Google,Display,Impresiones,Afinidad: bienestar y fitness,20239,113,0.00558,3.08,350.31,0,0.0,0.0,Thursday
2024-08-11,GG-YTB-001,Google,YouTube,Vistas,"Canal: wellness, yoga, fitness",4221,93,0.02203,5.85,545.95,0,0.0,0.0,Sunday
2024-05-13,GG-YTB-001,Google,YouTube,Vistas,"Canal: wellness, yoga, fitness",7420,192,0.02587,5.18,995.02,3,1929.89,1.94,Monday
2024-08-22,GG-SRC-002,Google,Search,Clics,Intención: meditacion guiada online,671,34,0.05064,19.28,669.13,0,0.0,0.0,Thursday
2024-11-22,FB-CON-001,Facebook,Consideracion,Trafico,Retargeting visitantes 30 días,3865,128,0.03311,6.08,783.13,2,1327.69,1.7,Friday
2024-09-18,FB-CVR-002,Facebook,Conversion,Compras,Lookalike 3% suscriptores activos,1256,82,0.06525,11.65,962.01,4,2565.89,2.67,Wednesday
2024-06-14,FB-AWA-001,Facebook,Awareness,Alcance,Mujeres 25-40 CDMX interesadas en bienestar,12378,264,0.02133,3.68,972.83,1,783.27,0.81,Friday
2024-07-24,FB-CON-001,Facebook,Consideracion,Trafico,Retargeting visitantes 30 días,3665,82,0.02237,7.44,615.14,1,977.89,1.59,Wednesday
2024-03-14,GG-DSP-001,Google,Display,Impresiones,Afinidad: bienestar y fitness,12380,157,0.01268,3.37,530.73,1,611.49,1.15,Thursday
2024-04-30,FB-CVR-001,Facebook,Conversion,Compras,Retargeting carrito abandonado,1966,106,0.05392,12.05,1278.66,4,2614.52,2.04,Tuesday
2024-09-02,FB-CON-001,Facebook,Consideracion,Trafico,Retargeting visitantes 30 días,3784,156,0.04122,7.2,1123.49,4,1809.64,1.61,Monday
2024-01-14,GG-YTB-001,google,YouTube,Vistas,"Canal: wellness, yoga, fitness",4018,136,0.03384,6.67,912.72,2,1889.05,2.07,Sunday
2024-04-26,GG-DSP-002,Google,Display,Impresiones,Remarketing sitio web 7 días,13723,223,0.01625,2.87,640.87,2,982.05,1.53,Friday
2024-12-24,FB-CON-001,FACEBOOK,Consideracion,Trafico,Retargeting visitantes 30 días,4198,77,0.01834,5.92,458.15,0,0.0,0.0,Tuesday
2024-09-01,FB-CVR-002,Facebook,Conversion,Compras,Lookalike 3% suscriptores activos,2159,98,0.04539,10.74,1055.0,8,8335.13,7.9,Sunday
2024-01-04,GG-DSP-002,Google,Display,Impresiones,Remarketing sitio web 7 días,14240,280,0.01966,3.57,998.95,4,2395.07,2.4,Thursday
2024-04-19,GG-SRC-001,Google,Search,Clics,Intención: cursos de yoga online MX,586,51,0.08688,23.59,1209.31,4,1844.66,1.53,Friday
2024-05-04,FB-CVR-001,Facebook,Conversion,Compras,Retargeting carrito abandonado,1717,125,0.07277,9.9,1238.48,11,8356.81,6.75,Saturday
2024-03-20,FB-CVR-001,Facebook,Conversion,Compras,Retargeting carrito abandonado,1766,98,0.05548,12.47,1230.24,5,3932.23,3.2,Wednesday
2024-11-26,FB-CVR-002,Facebook,Conversion,Compras,Lookalike 3% suscriptores activos,1908,72,0.03772,13.35,962.2,3,2770.66,2.88,Tuesday
17/06/2024,GG-SRC-002,Google,Search,Clics,Intención: meditacion guiada online,626,60,0.09577,15.93,958.59,2,1674.51,1.75,Monday
2024-11-25,FB-CVR-002,Facebook,Conversion,Compras,Lookalike 3% suscriptores activos,1322,68,0.05143,10.76,739.24,2,1350.81,1.83,Monday
2024-08-25,GG-YTB-001,Google,YouTube,Vistas,"Canal: wellness, yoga, fitness",4407,70,0.01588,5.22,369.59,0,0.0,0.0,Sunday
2024-05-09,GG-DSP-001,Google,Display,,,12898,196,,2.85,560.1,2,1219.44,2.18,Thursday
2024-07-31,FB-AWA-002,Facebook,Awareness,Alcance,Lookalike 1% compradores anteriores,10466,93,0.00889,4.53,422.69,0,0.0,0.0,Wednesday
2024-02-02,GG-SRC-003,Google,Search,Clics,Intención: como perder peso en casa,438,38,0.08664,16.73,647.36,2,1306.93,2.02,Friday
2024-01-06,FB-AWA-001,Facebook,Awareness,Alcance,Mujeres 25-40 CDMX interesadas en bienestar,11473,268,0.02336,4.18,1120.49,2,1174.77,1.05,Saturday
2024-03-20,FB-CVR-002,Facebook,Conversion,Compras,Lookalike 3% suscriptores activos,2083,89,0.04273,10.61,954.99,6,4819.22,5.05,Wednesday
2024-04-26,FB-AWA-001,FACEBOOK,Awareness,Alcance,Mujeres 25-40 CDMX interesadas en bienestar,11196,177,0.01581,5.29,939.28,1,350.96,0.37,Friday
2024-08-13,GG-SRC-002,Google,Search,,,518,37,,14.71,551.05,1,1144.11,2.08,Tuesday
2024-01-03,FB-CVR-002,FACEBOOK,Conversion,Compras,Lookalike 3% suscriptores activos,1786,144,0.08062,10.47,1508.21,14,7008.31,4.65,Wednesday
2024-03-02,GG-DSP-002,Google,Display,Impresiones,Remarketing sitio web 7 días,15649,159,0.01016,3.28,521.69,1,720.85,1.38,Saturday
2024-04-19,FB-CVR-001,Facebook,Conversion,Compras,Retargeting carrito abandonado,2824,144,0.05098,11.03,1595.95,12,2510.41,1.57,Friday
2024-05-12,FB-CON-002,Facebook,Consideracion,Trafico,"Intereses: yoga, meditacion, fitness",3702,134,0.03619,5.8,777.6,5,2775.73,3.57,Sunday
2024-01-13,FB-CVR-001,Facebook,Conversion,Compras,Retargeting carrito abandonado,1704,102,0.05986,14.52,1481.54,11,9422.9,6.36,Saturday
2024-05-14,FB-AWA-001,facebook,Awareness,Alcance,Mujeres 25-40 CDMX interesadas en bienestar,16439,234,0.01423,4.68,1096.47,1,513.74,0.47,Tuesday
2024-07-13,FB-CVR-001,Facebook,Conversion,,,1508,47,,13.7,657.02,2,724.29,1.1,Saturday
2024-08-29,GG-DSP-002,Google,Display,Impresiones,Remarketing sitio web 7 días,17213,126,0.00732,3.49,443.14,0,0.0,0.0,Thursday
2024-04-30,GG-YTB-001,Google,YouTube,Vistas,"Canal: wellness, yoga, fitness",5351,120,0.02242,6.69,808.29,1,634.28,0.78,Tuesday
2024-12-20,GG-DSP-001,Google,Display,,,19856,111,,2.99,333.24,0,0.0,0.0,Friday
2024-06-30,FB-CVR-002,Facebook,Conversion,Compras,Lookalike 3% suscriptores activos,1994,85,0.04262,13.83,1188.46,3,2982.2,2.51,Sunday
2024-08-03,FB-CVR-002,Facebook,Conversion,Compras,Lookalike 3% suscriptores activos,1489,51,0.03424,11.99,614.47,1,414.18,0.67,Saturday
2024-03-30,GG-SRC-001,Google,Search,Clics,Intención: cursos de yoga online MX,818,58,0.07088,14.51,846.54,2,1538.17,1.82,Saturday
2024-06-10,FB-CVR-001,Facebook,Conversion,Compras,Retargeting carrito abandonado,2415,118,0.04885,13.55,1609.67,7,4402.5,2.74,Monday
2024-07-13,GG-DSP-002,Google,Display,Impresiones,,15259,97,,3.25,317.64,0,0.0,0.0,Saturday
2024-10-02,FB-CVR-002,Facebook,Conversion,Compras,Lookalike 3% suscriptores activos,1757,72,0.04098,13.03,941.05,4,2154.06,2.29,Wednesday
2024-04-04,GG-DSP-002,Google,Display,Impresiones,Remarketing sitio web 7 días,19335,203,0.0105,3.62,736.08,2,1364.48,1.85,Thursday
2024-02-06,FB-AWA-001,Facebook,Awareness,Alcance,Mujeres 25-40 CDMX interesadas en bienestar,13660,182,0.01332,4.16,758.38,1,804.88,1.06,Tuesday
05-11-2024,FB-AWA-001,Facebook,Awareness,Alcance,Mujeres 25-40 CDMX interesadas en bienestar,12447,202,0.01623,4.17,844.08,1,477.88,0.57,Saturday
2024-01-05,GG-DSP-002,Google,Display,Impresiones,Remarketing sitio web 7 días,14918,312,0.02091,2.65,827.08,4,2684.98,3.25,Friday
2024-07-16,FB-CON-002,Facebook,Consideracion,Trafico,"Intereses: yoga, meditacion, fitness",3890,74,0.01902,6.89,512.66,1,669.94,1.31,Tuesday
2024-12-23,GG-SRC-002,Google,Search,,,420,23,,17.77,416.43,0,0.0,0.0,Monday
2024-09-08,FB-CON-002,Facebook,Consideracion,Trafico,"Intereses: yoga, meditacion, fitness",3325,113,0.03398,7.91,901.28,3,1944.34,2.16,Sunday
2024-08-15,FB-CON-001,Facebook,Consideracion,Trafico,Retargeting visitantes 30 días,4576,113,0.02469,6.54,742.88,2,1675.96,2.26,Thursday
2024/01/17,FB-CON-002,Facebook,Consideracion,Trafico,"Intereses: yoga, meditacion, fitness",3398,192,0.05649,7.67,1477.0,8,6996.81,4.74,Wednesday
2024-10-03,GG-DSP-002,google,Display,Impresiones,Remarketing sitio web 7 días,21801,206,0.00945,3.15,648.48,0,0.0,0.0,Thursday
2024-08-26,GG-SRC-001,Google,Search,Clics,Intención: cursos de yoga online MX,1262,71,0.05624,11.94,848.97,2,1018.36,1.2,Monday
2024-02-16,FB-CON-001,Facebook,Consideracion,Trafico,Retargeting visitantes 30 días,3115,125,0.04012,7.55,951.08,2,1317.85,1.39,Friday
2024-08-26,FB-CON-001,Facebook,Consideracion,Trafico,Retargeting visitantes 30 días,4272,112,0.02621,6.78,763.19,2,1998.18,2.62,Monday
2024-09-30,GG-DSP-002,Google,Display,Impresiones,Remarketing sitio web 7 días,11637,158,0.01358,3.85,611.16,0,0.0,0.0,Monday
2024-01-28,FB-CVR-001,Facebook,Conversion,Compras,Retargeting carrito abandonado,2428,160,0.06588,10.82,1731.54,15,9335.17,5.39,Sunday
2024-05-15,GG-SRC-001,Google,Search,Clics,Intención: cursos de yoga online MX,768,94,0.12232,16.22,1538.73,6,5331.15,3.46,Wednesday
2024-10-06,FB-AWA-002,Facebook,Awareness,Alcance,Lookalike 1% compradores anteriores,7002,113,0.01614,4.39,498.78,0,0.0,0.0,Sunday
2024-05-24,GG-DSP-001,Google,Display,Impresiones,Afinidad: bienestar y fitness,15661,207,0.01322,3.52,732.3,2,1139.8,1.56,Friday
2024-12-05,GG-DSP-001,GOOGLE,Display,Impresiones,Afinidad: bienestar y fitness,13896,68,0.00489,3.87,263.52,0,0.0,0.0,Thursday
2024-03-30,GG-SRC-002,Google,Search,Clics,Intención: meditacion guiada online,329,29,0.08801,19.58,578.52,1,627.0,1.08,Saturday
2024-10-04,GG-YTB-001,Google,YouTube,Vistas,"Canal: wellness, yoga, fitness",7462,145,0.01943,4.49,653.36,2,856.89,1.31,Friday
2024-01-08,FB-CON-001,Facebook,Consideracion,Trafico,Retargeting visitantes 30 días,4133,233,0.05637,5.72,1337.93,12,10099.91,7.55,Monday
2024-11-01,FB-CVR-001,Facebook,Conversion,Compras,Retargeting carrito abandonado,2128,95,0.04463,11.54,1102.96,5,2957.52,2.68,Friday
2024-03-30,FB-AWA-002,Facebook,Awareness,Alcance,Lookalike 1% compradores anteriores,6138,104,0.01694,4.56,476.6,0,0.0,0.0,Saturday
2024-11-23,FB-AWA-001,FB,Awareness,Alcance,Mujeres 25-40 CDMX interesadas en bienestar,15752,161,0.01022,3.85,621.98,1,822.67,1.32,Saturday
2024-03-07,FB-AWA-001,Facebook,Awareness,Alcance,Mujeres 25-40 CDMX interesadas en bienestar,13389,189,0.01412,4.37,826.52,1,718.5,0.87,Thursday
2024-01-21,GG-DSP-001,Google,Display,Impresiones,Afinidad: bienestar y fitness,12061,220,0.01824,3.14,692.75,3,1865.63,2.69,Sunday
2024-03-15,FB-CVR-001,Facebook,Conversion,Compras,Retargeting carrito abandonado,1451,87,0.05993,11.84,1041.46,5,4253.24,4.08,Friday
2024-05-02,GG-SRC-002,Google,Search,Clics,Intención: meditacion guiada online,469,41,0.08726,23.14,963.39,2,1281.17,1.33,Thursday
2024-03-29,GG-SRC-001,Google,Search,Clics,Intención: cursos de yoga online MX,708,58,0.08189,18.68,1101.08,2,1868.14,1.7,Friday
2024-12-20,FB-CVR-002,Facebook,Conversion,Compras,Lookalike 3% suscriptores activos,1735,57,0.03284,11.8,680.83,1,663.27,0.97,Friday
2024-01-03,GG-SRC-003,Google Ads,Search,Clics,Intención: como perder peso en casa,647,72,0.11117,15.57,1132.09,6,4189.56,3.7,Wednesday
2024-05-24,FB-CON-002,Facebook,Consideracion,Trafico,"Intereses: yoga, meditacion, fitness",4647,202,0.04347,5.96,1209.35,5,1701.18,1.41,Friday
2024-02-21,FB-AWA-001,Facebook,Awareness,Alcance,Mujeres 25-40 CDMX interesadas en bienestar,10242,170,0.0166,4.05,690.8,1,560.7,0.81,Wednesday
2024-10-21,GG-DSP-002,Google,Display,Impresiones,Remarketing sitio web 7 días,15010,174,0.01159,3.0,524.45,1,879.9,1.68,Monday
2024-01-21,GG-SRC-001,Google,Search,Clics,Intención: cursos de yoga online MX,583,75,0.12843,16.83,1264.3,5,3517.12,2.78,Sunday
2024-01-01,GG-SRC-001,Google,Search,Clics,Intención: cursos de yoga online MX,770,87,0.11293,19.33,1698.63,6,3615.6,2.13,Monday
2024-04-18,FB-CVR-002,facebook,Conversion,Compras,Lookalike 3% suscriptores activos,1512,107,0.07074,11.18,1203.99,7,5637.23,4.68,Thursday
2024-02-10,FB-CVR-002,Facebook,Conversion,Compras,Lookalike 3% suscriptores activos,1711,74,0.04323,13.07,975.25,4,2177.91,2.23,Saturday
2024-10-20,FB-AWA-002,Facebook,Awareness,Alcance,Lookalike 1% compradores anteriores,8759,117,0.01336,4.87,570.82,0,0.0,0.0,Sunday
2024-01-03,GG-YTB-001,G Ads,YouTube,Vistas,"Canal: wellness, yoga, fitness",3927,166,0.04226,6.26,1042.42,2,1613.1,1.55,Wednesday
2024-09-14,FB-AWA-001,Facebook,Awareness,Alcance,Mujeres 25-40 CDMX interesadas en bienestar,10275,177,0.01722,3.98,705.34,1,617.32,0.88,Saturday
2024-03-27,GG-SRC-002,Google,Search,Clics,Intención: meditacion guiada online,455,39,0.08557,20.27,798.82,2,958.55,1.2,Wednesday
2024-05-26,FB-CON-002,Facebook,Consideracion,Trafico,"Intereses: yoga, meditacion, fitness",2638,132,0.05002,5.41,717.13,3,1930.05,2.69,Sunday
2024-03-21,GG-SRC-002,Google,Search,Clics,Intención: meditacion guiada online,367,35,0.09527,19.43,689.8,1,712.95,1.03,Thursday
2024-03-01,GG-DSP-001,Google,Display,Impresiones,Afinidad: bienestar y fitness,19757,198,0.01002,2.81,556.72,2,986.47,1.77,Friday
2024-09-08,FB-CVR-002,Facebook,Conversion,Compras,Lookalike 3% suscriptores activos,1337,62,0.04635,11.59,726.43,3,2207.66,3.04,Sunday
2024-07-09,FB-CVR-001,Facebook,Conversion,Compras,Retargeting carrito abandonado,2854,65,0.02277,12.56,823.99,2,1568.6,1.9,Tuesday
2024-09-13,GG-SRC-003,Google,Search,Clics,Intención: como perder peso en casa,468,32,0.06829,19.74,632.82,2,976.29,1.54,Friday
2024-04-29,FB-CVR-001,Facebook,Conversion,Compras,Retargeting carrito abandonado,1888,107,0.05666,13.28,1427.25,6,3704.8,2.6,Monday
2024-05-03,FB-CVR-001,Facebook,Conversion,Compras,Retargeting carrito abandonado,1732,103,0.05945,12.72,1321.29,6,5465.22,4.14,Friday
2024-11-24,GG-SRC-002,Google,Search,Clics,Intención: meditacion guiada online,473,28,0.05915,16.73,476.97,1,674.89,1.41,Sunday
2024-10-28,FB-AWA-002,Facebook,Awareness,Alcance,Lookalike 1% compradores anteriores,10150,125,0.01231,4.44,556.95,0,0.0,0.0,Monday
2024-05-02,GG-SRC-001,Google,Search,Clics,Intención: cursos de yoga online MX,499,66,0.1322,17.89,1181.1,3,1338.6,1.13,Thursday
2024-01-14,GG-DSP-001,Google,Display,Impresiones,Afinidad: bienestar y fitness,16934,275,0.01624,3.27,901.95,3,2291.4,2.54,Sunday
2024-09-13,GG-DSP-001,Google,Display,Impresiones,Afinidad: bienestar y fitness,20668,233,0.01127,2.69,628.44,1,652.57,1.04,Friday
2024-12-10,FB-CVR-002,Facebook,Conversion,Compras,Lookalike 3% suscriptores activos,1407,33,0.02345,14.25,481.38,1,561.24,1.17,Tuesday
2024-01-21,FB-CON-002,Facebook,Consideracion,Trafico,"Intereses: yoga, meditacion, fitness",3094,151,0.04879,7.51,1138.13,6,4046.66,3.56,Sunday
2024-09-19,FB-CVR-002,Facebook,Conversion,Compras,,1441,90,0.06244,13.66,1232.69,6,2798.75,2.27,Thursday
2024-11-15,FB-AWA-001,Facebook,Awareness,Alcance,Mujeres 25-40 CDMX interesadas en bienestar,8987,142,0.0158,3.89,554.74,0,0.0,0.0,Friday
2024-03-04,GG-DSP-002,Google,Display,Impresiones,Remarketing sitio web 7 días,18821,170,0.00903,3.86,656.42,1,720.65,1.1,Monday
2024-05-25,FB-AWA-001,Facebook,Awareness,Alcance,Mujeres 25-40 CDMX interesadas en bienestar,8601,185,0.02151,4.58,848.34,1,817.6,0.96,Saturday
2024-10-24,GG-YTB-001,Google,YouTube,Vistas,"Canal: wellness, yoga, fitness",6323,142,0.02245,5.24,745.35,1,830.75,1.11,Thursday
2024-12-10,FB-AWA-002,Facebook,Awareness,Alcance,Lookalike 1% compradores anteriores,15910,122,0.00767,2.94,359.62,0,0.0,0.0,Tuesday
2024-05-06,GG-SRC-001,Google,Search,Clics,Intención: cursos de yoga online MX,1140,83,0.0728,18.05,1510.51,8,5184.34,3.43,Monday
2024-09-09,FB-AWA-001,Facebook,Awareness,Alcance,Mujeres 25-40 CDMX interesadas en bienestar,12599,207,0.01643,4.52,937.68,1,815.24,0.87,Monday
2024-10-26,FB-CON-002,Facebook,Consideracion,Trafico,,4807,114,0.02371,6.97,795.34,2,1627.85,2.05,Saturday
2024-03-18,FB-CVR-001,Facebook,Conversion,,,2504,114,,10.04,1154.54,5,1607.29,1.39,Monday
2024-06-07,GG-DSP-002,Google,Display,Impresiones,Remarketing sitio web 7 días,15571,184,0.01182,3.46,638.45,2,1605.17,2.51,Friday
2024-09-22,GG-SRC-002,Google,Search,Clics,Intención: meditacion guiada online,461,33,0.07147,21.75,734.42,1,450.26,0.61,Sunday
2024-09-03,FB-CON-002,Facebook,Consideracion,Trafico,"Intereses: yoga, meditacion, fitness",4571,169,0.03697,5.76,974.38,3,2504.91,2.57,Tuesday
2024-10-07,GG-SRC-003,Google,Search,Clics,Intención: como perder peso en casa,423,35,0.08271,19.89,707.08,1,493.24,0.7,Monday
2024-05-18,FB-CVR-001,Facebook,Conversion,Compras,Retargeting carrito abandonado,1674,117,0.06988,11.75,1379.61,11,6810.92,4.94,Saturday
2024-11-22,FB-AWA-001,Facebook,Awareness,Alcance,Mujeres 25-40 CDMX interesadas en bienestar,11425,154,0.01348,4.74,732.88,0,0.0,0.0,Friday
2024-05-13,FB-CON-002,Facebook,Consideracion,Trafico,"Intereses: yoga, meditacion, fitness",3351,166,0.04952,7.2,1198.31,3,2142.54,1.79,Monday
2024-01-11,FB-CVR-001,Facebook,Conversion,Compras,,3086,171,0.0554,10.55,1812.87,10,5928.79,3.27,Thursday
2024-06-29,GG-DSP-002,Google,Display,Impresiones,Remarketing sitio web 7 días,22784,237,0.0104,2.69,637.23,2,1485.02,2.33,Saturday
2024-07-19,GG-YTB-001,Google,YouTube,Vistas,"Canal: wellness, yoga, fitness",7497,126,0.01681,3.65,462.31,0,0.0,0.0,Friday
2024-04-07,GG-DSP-002,Google,Display,Impresiones,Remarketing sitio web 7 días,16075,200,0.01244,3.26,655.03,1,571.41,0.87,Sunday
2024-09-18,GG-YTB-001,Google,YouTube,Vistas,"Canal: wellness, yoga, fitness",5558,135,0.02429,6.11,826.75,1,382.6,0.46,Wednesday
2024-01-19,GG-DSP-001,Google,Display,Impresiones,Afinidad: bienestar y fitness,19372,244,0.0126,3.35,818.38,4,2285.93,2.79,Friday
2024-11-22,FB-AWA-002,Facebook,Awareness,Alcance,Lookalike 1% compradores anteriores,7919,97,0.01225,4.81,470.93,0,0.0,0.0,Friday
2024-04-11,GG-DSP-001,Google,Display,Impresiones,Afinidad: bienestar y fitness,11931,166,0.01391,3.74,622.01,1,666.08,1.07,Thursday
2024-09-14,GG-YTB-001,Google,YouTube,Vistas,"Canal: wellness, yoga, fitness",6604,145,0.02196,5.33,776.36,2,1192.95,1.54,Saturday
2024-06-06,GG-YTB-001,Google,YouTube,Vistas,"Canal: wellness, yoga, fitness",4555,137,0.03007,5.8,796.69,2,1436.67,1.8,Thursday
2024-09-24,GG-SRC-001,Google,Search,Clics,Intención: cursos de yoga online MX,518,51,0.09842,20.01,1033.73,4,3331.69,3.22,Tuesday
2024-05-03,GG-SRC-003,Google,Search,Clics,Intención: como perder peso en casa,375,44,0.11711,20.83,932.26,3,2019.71,2.17,Friday
2024-10-07,GG-YTB-001,Google,YouTube,Vistas,,5334,107,0.02006,5.44,586.28,1,945.31,1.61,Monday
2024-10-03,FB-AWA-001,Facebook,Awareness,Alcance,Mujeres 25-40 CDMX interesadas en bienestar,17949,200,0.01114,3.77,755.07,1,947.15,1.25,Thursday
2024-08-17,GG-SRC-001,Google,Search,,,661,33,,18.39,608.49,1,506.18,0.83,Saturday
2024-08-29,FB-CVR-002,Facebook,Conversion,Compras,Lookalike 3% suscriptores activos,1484,61,0.0411,14.31,882.81,2,1017.2,1.15,Thursday
2024-03-21,FB-CON-002,Facebook,Consideracion,Trafico,"Intereses: yoga, meditacion, fitness",4004,113,0.02822,6.88,780.67,2,1786.43,2.29,Thursday
2024-07-10,GG-DSP-001,Google,Display,Impresiones,Afinidad: bienestar y fitness,18251,100,0.00548,2.75,277.02,0,0.0,0.0,Wednesday
2024-03-22,FB-AWA-002,Facebook,Awareness,Alcance,Lookalike 1% compradores anteriores,10863,149,0.01372,5.08,759.03,0,0.0,0.0,Friday
2024-03-16,GG-SRC-001,Google,Search,Clics,Intención: cursos de yoga online MX,601,49,0.08152,17.9,885.13,1,579.67,0.65,Saturday
2024-04-19,GG-YTB-001,Google,YouTube,Vistas,"Canal: wellness, yoga, fitness",6493,147,0.02264,5.76,851.15,2,1094.71,1.29,Friday
2024-08-21,GG-DSP-001,Google,Display,Impresiones,Afinidad: bienestar y fitness,10128,106,0.01047,3.64,387.34,0,0.0,0.0,Wednesday
2024-12-26,GG-SRC-001,Google,Search,Clics,Intención: cursos de yoga online MX,515,25,0.04851,21.83,564.69,0,0.0,0.0,Thursday
2024-10-10,GG-YTB-001,Google,YouTube,Vistas,"Canal: wellness, yoga, fitness",5951,128,0.02151,5.48,701.91,1,619.28,0.88,Thursday
2024-08-16,FB-CON-002,Facebook,Consideracion,Trafico,"Intereses: yoga, meditacion, fitness",5880,95,0.01616,7.84,748.43,1,720.7,0.96,Friday
2024-04-19,GG-SRC-002,Google,Search,Clics,Intención: meditacion guiada online,603,59,0.09777,18.79,1111.88,3,1628.37,1.46,Friday
2024-06-20,FB-CVR-001,Facebook,Conversion,Compras,Retargeting carrito abandonado,1914,125,0.06528,10.97,1379.48,9,6807.04,4.93,Thursday
2024-10-15,FB-CVR-001,Facebook,Conversion,Compras,Retargeting carrito abandonado,2144,108,0.05037,10.33,1117.45,7,4064.31,3.64,Tuesday
2024-08-21,GG-YTB-001,Google Ads,YouTube,Vistas,"Canal: wellness, yoga, fitness",3517,80,0.02274,6.52,521.65,0,0.0,0.0,Wednesday
2024-03-19,GG-SRC-002,Google,Search,Clics,Intención: meditacion guiada online,619,52,0.0839,14.99,782.13,2,1117.75,1.43,Tuesday
2024-05-24,FB-CVR-002,Facebook,Conversion,Compras,Lookalike 3% suscriptores activos,1516,127,0.08373,12.54,1593.47,9,7360.26,4.62,Friday
02/10/2024,GG-SRC-002,Google,Search,Clics,Intención: meditacion guiada online,385,30,0.07772,16.85,519.57,1,554.87,1.07,Wednesday
2024-03-02,FB-CON-002,Facebook,Consideracion,Trafico,"Intereses: yoga, meditacion, fitness",4565,123,0.02694,6.95,858.54,3,2013.89,2.35,Saturday
2024-08-27,FB-CON-002,Meta,Consideracion,Trafico,"Intereses: yoga, meditacion, fitness",3069,78,0.02541,7.7,607.45,1,433.97,0.71,Tuesday
2024-09-17,FB-CVR-001,Facebook,Conversion,Compras,Retargeting carrito abandonado,1825,102,0.05587,12.69,1305.04,6,3308.35,2.54,Tuesday
2024-11-23,FB-AWA-002,Facebook,Awareness,Alcance,Lookalike 1% compradores anteriores,8823,106,0.01201,4.65,495.05,0,0.0,0.0,Saturday
2024-07-29,GG-DSP-002,Google,Display,Impresiones,Remarketing sitio web 7 días,21015,125,0.00595,3.45,434.04,0,0.0,0.0,Monday
2024-08-17,FB-CON-002,Facebook,Consideracion,Trafico,"Intereses: yoga, meditacion, fitness",3153,69,0.02188,8.17,563.78,1,547.55,0.97,Saturday
2024-04-30,GG-SRC-003,Google,Search,Clics,Intención: como perder peso en casa,463,53,0.1144,15.5,832.73,2,862.14,1.04,Tuesday
2024-10-16,FB-CON-002,Facebook,Consideracion,Trafico,"Intereses: yoga, meditacion, fitness",3502,108,0.03084,7.32,791.77,2,877.26,1.11,Wednesday
2024-05-25,GG-DSP-002,google,Display,Impresiones,Remarketing sitio web 7 días,15856,203,0.0128,3.24,656.87,3,2010.17,3.06,Saturday
2024-09-19,GG-SRC-003,Google,Search,Clics,Intención: como perder peso en casa,320,32,0.09981,20.37,655.58,1,652.88,1.0,Thursday
2024-11-15,FB-CON-002,facebook,Consideracion,Trafico,"Intereses: yoga, meditacion, fitness",4044,107,0.02646,5.82,627.99,2,1085.39,1.73,Friday
2024-12-01,FB-AWA-002,Facebook,Awareness,Alcance,Lookalike 1% compradores anteriores,12675,79,0.00623,4.09,326.71,0,0.0,0.0,Sunday
2024-08-18,GG-SRC-003,Google,Search,Clics,Intención: como perder peso en casa,736,30,0.04074,15.05,457.03,1,405.39,0.89,Sunday
2024-11-14,GG-DSP-002,Google,Display,Impresiones,Remarketing sitio web 7 días,18477,154,0.00833,3.52,545.26,1,479.19,0.88,Thursday
2024-01-13,GG-SRC-003,Google,Search,Clics,Intención: como perder peso en casa,426,55,0.12886,15.72,864.87,5,3099.77,3.58,Saturday
2024-02-14,GG-SRC-001,Google,Search,Clics,Intención: cursos de yoga online MX,663,63,0.09502,17.98,1149.51,2,1075.57,0.94,Wednesday
2024-03-23,FB-CON-002,Facebook,Consideracion,Trafico,"Intereses: yoga, meditacion, fitness",3516,116,0.03299,5.8,677.26,3,1956.9,2.89,Saturday
2024-05-20,GG-DSP-001,Google,Display,Impresiones,Afinidad: bienestar y fitness,14071,189,0.01343,3.64,690.47,2,1733.62,2.51,Monday
2024-11-06,FB-CON-002,Facebook,Consideracion,Trafico,"Intereses: yoga, meditacion, fitness",3238,101,0.03118,7.47,760.72,2,1435.17,1.89,Wednesday
2024-10-18,GG-SRC-001,Google,Search,Clics,Intención: cursos de yoga online MX,715,51,0.07131,18.24,943.02,2,592.55,0.63,Friday
2024-05-25,FB-CVR-002,Facebook,Conversion,Compras,Lookalike 3% suscriptores activos,2168,125,0.05764,10.72,1345.63,8,4429.49,3.29,Saturday
2024-07-09,GG-SRC-002,Google,Search,Clics,Intención: meditacion guiada online,463,23,0.04968,19.51,464.3,0,0.0,0.0,Tuesday
2024-06-13,FB-CVR-001,Facebook,Conversion,Compras,Retargeting carrito abandonado,2137,121,0.05661,11.38,1378.26,8,3995.99,2.9,Thursday
2024-11-25,GG-DSP-001,Google,Display,Impresiones,Afinidad: bienestar y fitness,13175,124,0.00941,3.06,381.71,1,540.98,1.42,Monday
2024-03-14,GG-DSP-002,google,Display,Impresiones,Remarketing sitio web 7 días,20395,221,0.01084,2.83,628.87,2,977.7,1.55,Thursday
2024-01-20,GG-SRC-001,Google,Search,Clics,Intención: cursos de yoga online MX,577,76,0.13164,18.67,1421.3,4,3247.57,2.28,Saturday
2024-06-17,FB-AWA-002,Facebook,Awareness,Alcance,Lookalike 1% compradores anteriores,10107,189,0.0187,3.92,745.04,1,550.35,0.74,Monday
2024-11-24,FB-CVR-001,Facebook,Conversion,Compras,Retargeting carrito abandonado,1862,92,0.04939,8.7,807.98,5,3829.15,4.74,Sunday
2024-10-13,GG-YTB-001,G Ads,YouTube,Vistas,"Canal: wellness, yoga, fitness",5479,102,0.01861,5.68,579.32,1,769.43,1.33,Sunday
2024-10-22,FB-AWA-001,Facebook,Awareness,Alcance,Mujeres 25-40 CDMX interesadas en bienestar,12150,159,0.01309,4.56,729.03,1,447.95,0.61,Tuesday
2024-07-06,GG-DSP-001,Google,Display,,,21324,95,,2.94,279.31,0,0.0,0.0,Saturday
2024-01-29,GG-SRC-002,Google,Search,Clics,Intención: meditacion guiada online,640,71,0.11082,19.15,1360.08,4,2903.18,2.13,Monday
2024-07-07,FB-CVR-001,Facebook,Conversion,Compras,Retargeting carrito abandonado,1602,56,0.03496,10.32,587.09,2,1380.55,2.35,Sunday
2024-12-10,GG-SRC-002,Google,Search,Clics,Intención: meditacion guiada online,429,20,0.04657,17.48,352.31,0,0.0,0.0,Tuesday
2024-12-21,GG-SRC-001,GOOGLE,Search,Clics,Intención: cursos de yoga online MX,562,21,0.03732,16.94,359.78,0,0.0,0.0,Saturday
2024-02-07,GG-DSP-002,Google,Display,Impresiones,Remarketing sitio web 7 días,19492,238,0.01221,2.65,630.03,1,560.54,0.89,Wednesday
2024-04-01,GG-YTB-001,Google,YouTube,Vistas,"Canal: wellness, yoga, fitness",5873,166,0.02826,5.36,890.87,3,2108.72,2.37,Monday
2024-06-29,FB-AWA-001,Facebook,Awareness,Alcance,Mujeres 25-40 CDMX interesadas en bienestar,8343,156,0.0187,4.67,732.68,1,690.79,0.94,Saturday
2024-10-09,GG-YTB-001,Google,YouTube,Vistas,"Canal: wellness, yoga, fitness",5870,107,0.01823,5.89,632.48,1,420.02,0.66,Wednesday
2024-10-20,GG-SRC-003,Google Ads,Search,Clics,,305,21,0.06873,19.85,417.77,1,533.44,1.28,Sunday
2024-06-30,FB-CON-002,Facebook,Consideracion,Trafico,"Intereses: yoga, meditacion, fitness",5319,169,0.03177,5.26,892.05,5,2331.01,2.61,Sunday
2024-08-23,GG-SRC-003,Google,Search,Clics,Intención: como perder peso en casa,612,28,0.0457,18.2,515.01,1,623.53,1.21,Friday
2024-01-13,FB-CVR-002,Facebook,Conversion,Compras,Lookalike 3% suscriptores activos,2413,144,0.05966,11.24,1626.75,14,6319.66,3.88,Saturday
2024-03-08,GG-DSP-002,Google,Display,Impresiones,Remarketing sitio web 7 días,28656,261,0.00911,2.42,635.19,2,1557.78,2.45,Friday
2024-05-09,FB-AWA-001,Facebook,Awareness,Alcance,Mujeres 25-40 CDMX interesadas en bienestar,11760,242,0.02058,4.29,1041.3,1,726.45,0.7,Thursday
2024-04-09,GG-SRC-003,Google,Search,Clics,Intención: como perder peso en casa,304,40,0.13156,20.81,852.76,2,1133.93,1.33,Tuesday
2024-03-13,FB-CON-001,FACEBOOK,Consideracion,,,5262,179,,5.26,943.04,5,4298.65,4.56,Wednesday
2024-01-04,FB-CON-002,Facebook,Consideracion,Trafico,"Intereses: yoga, meditacion, fitness",3516,185,0.0526,7.99,1477.91,6,6552.16,4.43,Thursday
2024-01-03,FB-CVR-001,Facebook,Conversion,Compras,Retargeting carrito abandonado,3017,205,0.06794,11.18,2304.0,19,10795.52,4.69,Wednesday
2024-02-29,GG-DSP-001,Google,Display,Impresiones,Afinidad: bienestar y fitness,19351,206,0.01065,3.12,644.19,1,603.19,0.94,Thursday
2024-05-03,FB-AWA-001,Facebook,Awareness,Alcance,Mujeres 25-40 CDMX interesadas en bienestar,10293,211,0.0205,4.97,1049.72,2,1199.55,1.14,Friday
2024-02-10,GG-DSP-002,Google,Display,Impresiones,Remarketing sitio web 7 días,23047,201,0.00872,2.69,541.09,1,799.77,1.48,Saturday
2024-08-13,FB-AWA-001,Facebook,Awareness,Alcance,Mujeres 25-40 CDMX interesadas en bienestar,8880,126,0.01419,4.74,598.58,0,0.0,0.0,Tuesday
2024-10-19,FB-CON-001,Facebook,Consideracion,Trafico,Retargeting visitantes 30 días,3288,115,0.03497,6.96,803.62,2,1122.64,1.4,Saturday
2024-11-24,FB-CVR-002,Facebook,Conversion,Compras,Lookalike 3% suscriptores activos,1683,65,0.03861,12.79,837.79,3,1596.13,1.91,Sunday
2024-10-07,GG-DSP-002,Google,Display,Impresiones,Remarketing sitio web 7 días,14033,141,0.01005,3.26,460.18,1,527.46,1.15,Monday
2024-09-23,GG-SRC-001,Google,Search,Clics,Intención: cursos de yoga online MX,816,66,0.08083,18.25,1209.78,3,1855.58,1.53,Monday
2024-05-02,GG-YTB-001,Google,YouTube,Vistas,"Canal: wellness, yoga, fitness",4133,157,0.03798,6.39,1007.64,3,2653.79,2.63,Thursday
2024-10-06,GG-SRC-003,Google,Search,Clics,Intención: como perder peso en casa,346,24,0.0692,23.16,579.05,0,0.0,0.0,Sunday
2024-04-21,FB-AWA-001,Facebook,Awareness,Alcance,Mujeres 25-40 CDMX interesadas en bienestar,7874,166,0.02108,4.77,796.3,1,456.48,0.57,Sunday
2024-07-21,FB-AWA-001,Facebook,Awareness,Alcance,Mujeres 25-40 CDMX interesadas en bienestar,10236,108,0.01055,4.0,434.37,0,0.0,0.0,Sunday
2024-03-09,FB-CVR-001,FACEBOOK,Conversion,Compras,Retargeting carrito abandonado,1173,53,0.04515,14.94,798.69,3,1939.14,2.43,Saturday
2024-04-22,FB-AWA-001,Facebook,Awareness,Alcance,,20048,325,0.01621,3.77,1226.88,2,624.94,0.51,Monday
2024-02-09,GG-SRC-001,Google Ads,Search,Clics,Intención: cursos de yoga online MX,766,69,0.08996,17.79,1230.58,3,1542.87,1.25,Friday
2024-05-06,GG-YTB-001,Google,YouTube,Vistas,"Canal: wellness, yoga, fitness",5289,159,0.03006,5.51,876.18,1,410.94,0.47,Monday
07-26-2024,GG-YTB-001,Google,YouTube,Vistas,"Canal: wellness, yoga, fitness",3972,56,0.0141,6.83,388.63,0,0.0,0.0,Friday
2024-04-03,GG-DSP-002,Google,Display,Impresiones,Remarketing sitio web 7 días,21673,245,0.0113,3.3,810.18,2,1687.1,2.08,Wednesday
08-09-2024,FB-CON-002,Facebook,Consideracion,Trafico,"Intereses: yoga, meditacion, fitness",3715,92,0.02476,5.81,534.98,1,656.87,1.23,Friday
2024-08-29,GG-SRC-002,google,Search,Clics,Intención: meditacion guiada online,556,37,0.06643,15.47,584.6,1,328.36,0.56,Thursday
2024-07-28,FB-CON-002,Facebook,Consideracion,Trafico,"Intereses: yoga, meditacion, fitness",4239,81,0.0191,6.45,526.96,0,0.0,0.0,Sunday
2024-01-23,FB-CON-002,Facebook,Consideracion,Trafico,"Intereses: yoga, meditacion, fitness",2985,164,0.05494,7.32,1202.89,6,3719.34,3.09,Tuesday
2024-07-04,FB-CVR-002,Facebook,Conversion,Compras,Lookalike 3% suscriptores activos,1916,57,0.02974,11.82,679.76,2,1006.43,1.48,Thursday
2024-01-26,FB-CON-001,Facebook,Consideracion,Trafico,Retargeting visitantes 30 días,3760,183,0.04866,8.56,1569.66,6,4623.54,2.95,Friday
2024-07-28,GG-SRC-002,Google,Search,Clics,Intención: meditacion guiada online,417,22,0.05265,19.8,438.96,0,0.0,0.0,Sunday
2024-07-05,FB-AWA-001,Facebook,Awareness,Alcance,Mujeres 25-40 CDMX interesadas en bienestar,11593,103,0.00888,4.53,467.58,0,0.0,0.0,Friday
2024-02-23,GG-SRC-001,Google,Search,Clics,Intención: cursos de yoga online MX,720,61,0.08463,19.92,1231.62,3,2107.98,1.71,Friday
2024-07-09,FB-AWA-002,Facebook,Awareness,Alcance,Lookalike 1% compradores anteriores,8054,76,0.00944,4.73,360.6,0,0.0,0.0,Tuesday
2024-03-28,FB-AWA-001,Facebook,Awareness,Alcance,Mujeres 25-40 CDMX interesadas en bienestar,5564,120,0.02156,4.79,575.26,0,0.0,0.0,Thursday
2024-08-27,FB-AWA-002,Facebook,Awareness,Alcance,Lookalike 1% compradores anteriores,7581,103,0.01358,4.68,483.46,0,0.0,0.0,Tuesday
2024-12-07,FB-CON-002,Facebook,Consideracion,Trafico,"Intereses: yoga, meditacion, fitness",5289,75,0.01418,5.5,415.63,1,868.12,2.09,Saturday
2024-06-17,FB-CVR-002,Facebook,Conversion,Compras,Lookalike 3% suscriptores activos,1832,111,0.06058,11.28,1256.69,8,5727.92,4.56,Monday
2024-11-27,FB-CON-001,Facebook,Consideracion,Trafico,Retargeting visitantes 30 días,3753,106,0.02824,7.31,780.0,1,923.72,1.18,Wednesday
2024-09-28,GG-SRC-001,Google,Search,Clics,Intención: cursos de yoga online MX,585,44,0.07514,21.57,964.63,2,1684.09,1.75,Saturday
2024-12-10,GG-DSP-002,Google,Display,Impresiones,Remarketing sitio web 7 días,12867,111,0.00863,3.22,359.64,0,0.0,0.0,Tuesday
2024-08-19,GG-DSP-002,Google,Display,Impresiones,Remarketing sitio web 7 días,12379,105,0.00848,2.95,311.28,0,0.0,0.0,Monday
2024-12-04,FB-CVR-002,Facebook,Conversion,Compras,Lookalike 3% suscriptores activos,2141,52,0.02428,9.93,525.14,1,800.49,1.52,Wednesday
2024-07-24,FB-AWA-002,Facebook,Awareness,Alcance,Lookalike 1% compradores anteriores,9031,97,0.01074,4.19,410.45,0,0.0,0.0,Wednesday
2024-07-23,FB-CON-002,Facebook,Consideracion,Trafico,"Intereses: yoga, meditacion, fitness",4328,85,0.01964,6.51,559.58,1,533.87,0.95,Tuesday
2024-10-11,FB-AWA-001,Facebook,Awareness,Alcance,Mujeres 25-40 CDMX interesadas en bienestar,10125,129,0.01274,4.63,598.57,0,0.0,0.0,Friday
2024-06-01,GG-DSP-001,Google,Display,Impresiones,Afinidad: bienestar y fitness,11738,117,0.00997,3.54,417.4,1,843.0,2.02,Saturday
2024-11-24,GG-SRC-003,Google,Search,Clics,Intención: como perder peso en casa,448,26,0.05792,20.44,532.13,1,707.86,1.33,Sunday
2024-07-06,GG-YTB-001,Google,YouTube,Vistas,"Canal: wellness, yoga, fitness",4763,54,0.01134,5.72,310.23,0,0.0,0.0,Saturday
2024-08-17,GG-YTB-001,Google,YouTube,Vistas,"Canal: wellness, yoga, fitness",7693,106,0.01378,4.8,509.99,0,0.0,0.0,Saturday
2024-11-16,GG-SRC-001,Google,Search,Clics,Intención: cursos de yoga online MX,548,38,0.06926,22.19,853.58,1,505.84,0.59,Saturday
2024-04-26,FB-CVR-002,Facebook,Conversion,Compras,Lookalike 3% suscriptores activos,1244,88,0.07074,15.41,1359.77,4,2453.58,1.8,Friday
2024-01-16,FB-CON-002,Facebook,Consideracion,Trafico,"Intereses: yoga, meditacion, fitness",3600,233,0.06471,5.99,1396.97,10,6152.27,4.4,Tuesday
2024-07-14,GG-SRC-001,Google,Search,Clics,Intención: cursos de yoga online MX,867,37,0.04266,16.59,616.33,1,613.17,0.99,Sunday
2024-11-22,GG-SRC-003,GOOGLE,Search,Clics,Intención: como perder peso en casa,383,28,0.07299,16.92,476.39,1,674.93,1.42,Friday
2024-03-24,FB-CVR-002,FB,Conversion,Compras,Lookalike 3% suscriptores activos,1334,64,0.04795,10.24,665.53,2,379.49,0.57,Sunday
2024-09-05,GG-SRC-001,Google,Search,Clics,Intención: cursos de yoga online MX,565,62,0.10958,18.59,1156.55,3,2526.66,2.18,Thursday
2024-10-02,FB-AWA-001,Facebook,Awareness,Alcance,Mujeres 25-40 CDMX interesadas en bienestar,15550,185,0.0119,3.93,730.34,0,0.0,0.0,Wednesday
2024-09-18,GG-DSP-002,Google,Display,Impresiones,Remarketing sitio web 7 días,19923,200,0.01004,3.5,702.63,2,1151.91,1.64,Wednesday
2024-12-13,GG-SRC-001,Google,Search,Clics,Intención: cursos de yoga online MX,597,26,0.04353,20.33,543.9,0,0.0,0.0,Friday
2024-01-03,FB-CON-002,Facebook,Consideracion,Trafico,"Intereses: yoga, meditacion, fitness",4080,185,0.04534,7.94,1472.98,5,3726.82,2.53,Wednesday
2024-03-14,FB-CVR-001,Facebook,Conversion,Compras,Retargeting carrito abandonado,3135,122,0.03891,10.34,1270.88,3,1555.43,1.22,Thursday
2024-12-28,GG-SRC-002,Google,Search,Clics,Intención: meditacion guiada online,457,18,0.03934,17.55,332.56,0,0.0,0.0,Saturday
2024-02-10,FB-CVR-001,Facebook,Conversion,Compras,Retargeting carrito abandonado,2056,92,0.04474,11.9,1099.48,8,4878.87,4.44,Saturday
2024-06-03,FB-CVR-002,Facebook,Conversion,Compras,Lookalike 3% suscriptores activos,1998,123,0.06153,12.44,1535.82,6,4507.76,2.94,Monday
2024-11-21,FB-CON-001,Facebook,Consideracion,Trafico,Retargeting visitantes 30 días,6473,141,0.02178,6.13,867.7,2,1331.99,1.54,Thursday
2024-01-14,GG-SRC-003,Google,Search,Clics,Intención: como perder peso en casa,500,49,0.09794,16.33,810.1,4,1982.89,2.45,Sunday
2024-11-04,GG-SRC-001,Google,Search,Clics,Intención: cursos de yoga online MX,844,57,0.06752,16.41,948.22,2,1583.78,1.67,Monday
2024-12-22,FB-AWA-002,Facebook,Awareness,Alcance,Lookalike 1% compradores anteriores,5799,49,0.00845,4.99,247.26,0,0.0,0.0,Sunday
2024-07-03,GG-SRC-003,Google,Search,Clics,Intención: como perder peso en casa,423,29,0.0685,15.32,446.99,0,0.0,0.0,Wednesday
2024-03-09,GG-SRC-002,Google,Search,Clics,Intención: meditacion guiada online,611,43,0.07037,16.76,729.42,1,362.2,0.5,Saturday
2024-07-13,GG-YTB-001,Google,YouTube,Vistas,"Canal: wellness, yoga, fitness",5143,68,0.01322,5.95,408.17,0,0.0,0.0,Saturday
2024-11-12,GG-DSP-002,Google,Display,Impresiones,Remarketing sitio web 7 días,12921,150,0.01161,2.91,439.7,0,0.0,0.0,Tuesday
2024-07-27,GG-SRC-002,Google,Search,Clics,Intención: meditacion guiada online,386,21,0.05433,20.31,436.6,0,0.0,0.0,Saturday
2024-04-03,FB-CVR-002,Facebook,Conversion,Compras,Lookalike 3% suscriptores activos,2476,119,0.04805,13.73,1641.28,8,6289.18,3.83,Wednesday
2024-03-11,GG-YTB-001,Google,YouTube,Vistas,"Canal: wellness, yoga, fitness",4445,102,0.02294,6.6,675.24,1,912.4,1.35,Monday
2024-03-22,FB-CON-001,Facebook,Consideracion,Trafico,Retargeting visitantes 30 días,5751,149,0.02591,5.51,822.75,3,1845.64,2.24,Friday
2024-09-16,FB-AWA-002,Facebook,Awareness,Alcance,Lookalike 1% compradores anteriores,9055,155,0.01712,4.77,744.25,0,0.0,0.0,Monday
2024-03-19,FB-CON-001,Facebook,Consideracion,Trafico,Retargeting visitantes 30 días,3627,116,0.03198,7.8,908.19,2,1052.18,1.16,Tuesday
2024-06-17,GG-DSP-002,Google,Display,Impresiones,Remarketing sitio web 7 días,16831,176,0.01046,3.28,579.19,1,674.14,1.16,Monday
2024-07-20,FB-CON-001,Facebook,Consideracion,Trafico,Retargeting visitantes 30 días,4671,92,0.0197,5.44,504.74,1,733.46,1.45,Saturday
2024-08-24,FB-CON-001,Facebook,Consideracion,Trafico,Retargeting visitantes 30 días,4086,68,0.01664,8.79,601.61,1,771.29,1.28,Saturday
2024-04-15,GG-YTB-001,Google,YouTube,Vistas,"Canal: wellness, yoga, fitness",5915,150,0.02536,5.53,829.91,2,1171.95,1.41,Monday
2024-01-10,FB-CON-001,Facebook,Consideracion,Trafico,Retargeting visitantes 30 días,4190,283,0.06754,5.66,1606.15,11,5986.98,3.73,Wednesday
2024-04-03,GG-SRC-002,Google,Search,Clics,Intención: meditacion guiada online,665,63,0.09464,15.04,958.72,4,2875.53,3.0,Wednesday
2024-05-21,GG-DSP-001,Google,Display,Impresiones,Afinidad: bienestar y fitness,16600,195,0.01175,3.43,671.67,1,706.28,1.05,Tuesday
2024-12-24,FB-CON-002,Facebook,Consideracion,,,4173,74,,6.12,453.73,0,0.0,0.0,Tuesday
2024-08-30,FB-AWA-002,Facebook,Awareness,Alcance,Lookalike 1% compradores anteriores,6325,98,0.01549,4.9,482.58,0,0.0,0.0,Friday
2024-12-03,GG-DSP-002,Google,Display,Impresiones,Remarketing sitio web 7 días,18383,109,0.00593,2.82,309.69,0,0.0,0.0,Tuesday
2024-07-28,GG-DSP-001,Google,Display,Impresiones,Afinidad: bienestar y fitness,15074,82,0.00544,3.17,260.21,0,0.0,0.0,Sunday
2024-08-05,GG-SRC-002,Google,Search,Clics,Intención: meditacion guiada online,926,38,0.04101,18.19,695.21,1,634.85,0.91,Monday
2024-04-22,FB-AWA-002,Facebook,Awareness,Alcance,Lookalike 1% compradores anteriores,8392,213,0.02538,3.67,781.18,1,406.38,0.52,Monday
2024-06-01,GG-SRC-003,Google,Search,Clics,Intención: como perder peso en casa,316,26,0.08217,18.64,502.69,1,461.73,0.92,Saturday
2024-12-29,GG-DSP-001,Google,Display,Impresiones,Afinidad: bienestar y fitness,10358,57,0.0055,3.66,209.83,0,0.0,0.0,Sunday
2024-08-23,FB-CON-001,Facebook,Consideracion,Trafico,Retargeting visitantes 30 días,5262,112,0.02128,6.2,694.94,1,572.43,0.82,Friday
2024-05-01,FB-AWA-001,Facebook,Awareness,Alcance,,9391,293,0.0312,3.83,1123.11,2,1070.05,0.95,Wednesday
2024-03-10,GG-SRC-003,Google,Search,Clics,Intención: como perder peso en casa,371,26,0.07002,20.8,541.31,0,0.0,0.0,Sunday
2024-03-09,FB-CON-002,Facebook,Consideracion,Trafico,"Intereses: yoga, meditacion, fitness",2801,86,0.03069,7.82,676.17,1,537.51,0.79,Saturday
2024-03-27,FB-CVR-001,Facebook,Conversion,Compras,Retargeting carrito abandonado,2754,97,0.03522,12.95,1258.51,4,2799.77,2.22,Wednesday
2024-10-17,FB-CON-002,Facebook,Consideracion,Trafico,"Intereses: yoga, meditacion, fitness",3454,111,0.03213,6.31,704.49,2,1433.4,2.03,Thursday
2024-12-29,GG-SRC-002,Google,Search,Clics,Intención: meditacion guiada online,593,22,0.03706,17.33,381.65,0,0.0,0.0,Sunday
2024-11-07,GG-SRC-003,Google,Search,Clics,Intención: como perder peso en casa,579,36,0.06208,15.57,571.1,1,564.81,0.99,Thursday
2024-09-18,FB-CON-001,Facebook,Consideracion,Trafico,Retargeting visitantes 30 días,2505,102,0.04071,7.23,741.75,2,1482.88,2.0,Wednesday
2024-07-16,FB-AWA-001,Facebook,Awareness,Alcance,Mujeres 25-40 CDMX interesadas en bienestar,15296,128,0.00837,3.52,452.08,0,0.0,0.0,Tuesday
2024-01-16,FB-CVR-001,Facebook,Conversion,Compras,Retargeting carrito abandonado,2059,181,0.08788,10.38,1880.65,18,12186.87,6.48,Tuesday
2024-01-07,GG-SRC-003,Google,Search,Clics,Intención: como perder peso en casa,362,46,0.12698,18.53,856.69,3,1573.16,1.84,Sunday
2024-08-11,FB-CVR-002,Facebook,Conversion,Compras,Lookalike 3% suscriptores activos,1599,70,0.04376,11.09,784.23,3,2602.53,3.32,Sunday
2024-08-15,FB-CON-002,Facebook,Consideracion,Trafico,"Intereses: yoga, meditacion, fitness",4025,97,0.0241,7.43,723.21,1,655.5,0.91,Thursday
2024-04-18,GG-DSP-001,google,Display,Impresiones,Afinidad: bienestar y fitness,18726,234,0.0125,2.85,668.7,2,791.5,1.18,Thursday
2024-09-11,GG-YTB-001,Google,YouTube,,,4633,126,,5.9,748.12,1,664.43,0.89,Wednesday
2024-06-12,FB-AWA-002,Facebook,Awareness,Alcance,Lookalike 1% compradores anteriores,6392,145,0.02268,4.71,683.04,1,609.39,0.89,Wednesday
2024-07-05,GG-SRC-003,Google,Search,Clics,Intención: como perder peso en casa,479,26,0.05422,17.25,457.43,0,0.0,0.0,Friday
2024-11-25,FB-CVR-001,Facebook,Conversion,Compras,Retargeting carrito abandonado,1230,64,0.05199,13.25,857.71,4,2854.88,3.33,Monday
2024-04-11,FB-AWA-001,Facebook,Awareness,Alcance,Mujeres 25-40 CDMX interesadas en bienestar,14537,206,0.01417,4.68,966.56,1,928.04,0.96,Thursday
2024-08-08,FB-CON-001,Facebook,Consideracion,Trafico,Retargeting visitantes 30 días,4412,91,0.02062,7.03,640.98,1,1000.55,1.56,Thursday
2024-08-24,FB-CON-002,Facebook,Consideracion,Trafico,"Intereses: yoga, meditacion, fitness",4598,91,0.01979,6.05,550.55,2,1610.68,2.93,Saturday
2024-03-29,GG-DSP-002,Google,Display,Impresiones,Remarketing sitio web 7 días,20355,179,0.00879,3.15,566.35,1,543.45,0.96,Friday
2024-06-26,FB-CON-002,Facebook,Consideracion,Trafico,"Intereses: yoga, meditacion, fitness",4301,151,0.0351,6.7,1014.07,3,2196.31,2.17,Wednesday
2024-05-11,FB-AWA-002,Facebook,Awareness,Alcance,Lookalike 1% compradores anteriores,7143,121,0.01694,5.65,686.36,0,0.0,0.0,Saturday
2024-07-17,FB-AWA-001,Facebook,Awareness,Alcance,Mujeres 25-40 CDMX interesadas en bienestar,13045,127,0.00974,4.14,528.4,0,0.0,0.0,Wednesday
2024-10-01,FB-CON-001,Facebook,Consideracion,Trafico,Retargeting visitantes 30 días,4483,115,0.02565,7.12,822.33,3,1551.9,1.89,Tuesday
2024-06-13,GG-YTB-001,Google,YouTube,Vistas,"Canal: wellness, yoga, fitness",5859,130,0.02218,5.79,757.4,2,1250.62,1.65,Thursday
2024-04-07,FB-CON-002,Facebook,Consideracion,,,3325,125,,7.0,882.12,3,2010.82,2.28,Sunday
2024-09-20,FB-CVR-001,Facebook,Conversion,Compras,Retargeting carrito abandonado,1865,108,0.05788,10.89,1177.55,6,2734.31,2.32,Friday
2024-05-01,GG-SRC-001,Google,Search,Clics,Intención: cursos de yoga online MX,709,71,0.10004,19.46,1395.0,3,959.23,0.69,Wednesday
2024-07-27,GG-DSP-001,G Ads,Display,,,11962,70,,3.47,246.16,0,0.0,0.0,Saturday
2024-10-19,GG-YTB-001,Google,YouTube,Vistas,"Canal: wellness, yoga, fitness",3758,91,0.02421,6.04,554.04,0,0.0,0.0,Saturday
2024-09-25,GG-SRC-003,Google,Search,Clics,Intención: como perder peso en casa,419,39,0.09299,19.64,775.32,2,1260.52,1.63,Wednesday
2024-05-31,FB-AWA-001,Facebook,Awareness,Alcance,Mujeres 25-40 CDMX interesadas en bienestar,10610,223,0.02102,4.79,1072.07,1,644.38,0.6,Friday
2024-12-08,FB-AWA-001,Facebook,Awareness,Alcance,Mujeres 25-40 CDMX interesadas en bienestar,10255,85,0.00829,4.59,390.64,0,0.0,0.0,Sunday
2024-05-11,FB-CVR-002,Facebook,Conversion,Compras,Lookalike 3% suscriptores activos,1492,110,0.07369,11.64,1285.8,4,3035.53,2.36,Saturday
2024-08-07,GG-DSP-002,Google,Display,Impresiones,Remarketing sitio web 7 días,22011,157,0.00713,3.27,514.42,1,561.34,1.09,Wednesday
2024-05-22,FB-AWA-002,Facebook,Awareness,Alcance,Lookalike 1% compradores anteriores,9877,207,0.02096,3.94,817.19,1,526.18,0.64,Wednesday
2024-11-13,GG-SRC-001,Google,Search,Clics,Intención: cursos de yoga online MX,1139,81,0.0711,12.41,1013.08,3,1853.25,1.83,Wednesday
2024-06-30,FB-CVR-001,Facebook,Conversion,Compras,Retargeting carrito abandonado,1695,87,0.0513,11.86,1037.09,4,2707.57,2.61,Sunday
2024-08-03,GG-DSP-001,Google,Display,Impresiones,Afinidad: bienestar y fitness,10580,94,0.00888,3.18,302.19,0,0.0,0.0,Saturday
2024-01-25,FB-CON-002,Facebook,Consideracion,Trafico,"Intereses: yoga, meditacion, fitness",3816,237,0.0621,6.63,1573.95,11,7415.74,4.71,Thursday
2024-04-02,FB-CON-002,Facebook,Consideracion,Trafico,"Intereses: yoga, meditacion, fitness",4597,170,0.03698,6.68,1141.26,4,1866.76,1.64,Tuesday
2024-06-07,GG-SRC-002,Google,Search,Clics,Intención: meditacion guiada online,447,42,0.09387,17.43,746.57,2,1435.48,1.92,Friday
2024-08-13,FB-CVR-002,Facebook,Conversion,Compras,Lookalike 3% suscriptores activos,2013,62,0.03079,14.72,916.66,1,837.24,0.91,Tuesday
2024-08-28,GG-SRC-003,Google,Search,Clics,Intención: como perder peso en casa,476,30,0.06295,16.39,494.43,1,1017.67,2.06,Wednesday
2024-11-01,FB-AWA-001,Facebook,Awareness,Alcance,Mujeres 25-40 CDMX interesadas en bienestar,8913,116,0.01301,4.99,583.86,0,0.0,0.0,Friday
2024-08-09,GG-SRC-002,Google,Search,Clics,Intención: meditacion guiada online,383,30,0.07813,19.33,597.7,0,0.0,0.0,Friday
2024-06-08,GG-DSP-002,Google,Display,Impresiones,Remarketing sitio web 7 días,15722,165,0.01049,3.56,590.18,1,407.18,0.69,Saturday
2024-11-20,FB-CVR-002,Facebook,Conversion,Compras,Lookalike 3% suscriptores activos,2132,83,0.03891,11.51,959.79,3,2884.66,3.01,Wednesday
2024-12-30,FB-CON-001,Facebook,Consideracion,Trafico,Retargeting visitantes 30 días,3410,71,0.02082,7.98,571.46,0,0.0,0.0,Monday
2024-06-30,GG-DSP-001,Google,Display,Impresiones,Afinidad: bienestar y fitness,12879,162,0.01258,2.75,448.11,1,953.64,2.13,Sunday
2024-10-31,FB-AWA-002,Facebook,Awareness,Alcance,Lookalike 1% compradores anteriores,8366,115,0.01375,4.75,549.95,0,0.0,0.0,Thursday
2024-12-06,GG-DSP-002,Google,Display,Impresiones,Remarketing sitio web 7 días,17529,80,0.00456,3.3,265.39,0,0.0,0.0,Friday
2024-07-09,GG-SRC-003,Google,Search,Clics,Intención: como perder peso en casa,584,23,0.03937,16.02,372.1,0,0.0,0.0,Tuesday
2024-01-14,FB-CON-001,Facebook,Consideracion,Trafico,,6404,225,,5.7,1287.96,9,6099.89,4.74,Sunday
2024-09-01,GG-DSP-001,Google,Display,Impresiones,Afinidad: bienestar y fitness,12006,136,0.01133,3.42,468.93,1,875.52,1.87,Sunday
2024-01-31,FB-CON-001,Facebook,Consideracion,Trafico,Retargeting visitantes 30 días,3362,181,0.05383,7.88,1426.58,5,4176.15,2.93,Wednesday
2024-11-16,GG-DSP-002,Google,Display,Impresiones,Remarketing sitio web 7 días,10250,101,0.00985,3.63,366.71,0,0.0,0.0,Saturday
2024-10-30,GG-DSP-002,Google,Display,Impresiones,Remarketing sitio web 7 días,18705,173,0.00925,2.91,504.46,1,453.38,0.9,Wednesday
2024-06-19,GG-SRC-002,Google,Search,Clics,Intención: meditacion guiada online,459,47,0.1022,18.76,897.32,2,1198.77,1.34,Wednesday
2024-01-23,GG-SRC-001,Google,Search,Clics,Intención: cursos de yoga online MX,661,113,0.17085,17.27,1955.37,10,9146.14,4.68,Tuesday
2024-02-03,GG-YTB-001,Google,YouTube,Vistas,"Canal: wellness, yoga, fitness",3321,87,0.02619,6.24,545.69,0,0.0,0.0,Saturday
2024-02-04,GG-SRC-002,Google,Search,Clics,Intención: meditacion guiada online,462,36,0.0778,21.1,763.76,2,1265.13,1.66,Sunday
2024-10-28,GG-SRC-001,Google,Search,Clics,Intención: cursos de yoga online MX,526,51,0.09681,16.55,851.92,1,651.64,0.76,Monday
2024-08-06,FB-CVR-002,Facebook,Conversion,Compras,Lookalike 3% suscriptores activos,2231,75,0.03361,11.09,834.29,4,3211.24,3.85,Tuesday
2024-01-30,FB-CON-001,Facebook,Consideracion,Trafico,Retargeting visitantes 30 días,3631,230,0.06333,6.27,1443.11,7,4000.88,2.77,Tuesday
2024-07-11,GG-DSP-001,Google,Display,Impresiones,Afinidad: bienestar y fitness,19501,89,0.00456,3.88,347.19,0,0.0,0.0,Thursday
2024-02-27,GG-DSP-002,Google,Display,Impresiones,Remarketing sitio web 7 días,20617,249,0.01208,2.78,691.64,2,1046.44,1.51,Tuesday
2024-08-16,FB-CON-001,Facebook,Consideracion,Trafico,Retargeting visitantes 30 días,3698,81,0.0219,7.92,647.9,1,741.85,1.15,Friday
2024-05-18,FB-CVR-002,Facebook,Conversion,Compras,Lookalike 3% suscriptores activos,2216,86,0.03879,15.48,1332.6,8,4829.99,3.62,Saturday
2024-12-25,GG-DSP-002,Google,Display,Impresiones,Remarketing sitio web 7 días,22825,128,0.00561,2.91,375.22,0,0.0,0.0,Wednesday
2024-04-27,FB-AWA-002,Facebook,Awareness,Alcance,Lookalike 1% compradores anteriores,10721,150,0.01399,5.33,803.54,1,698.6,0.87,Saturday
2024-05-18,FB-CON-001,FACEBOOK,Consideracion,Trafico,Retargeting visitantes 30 días,4403,198,0.04497,5.77,1144.07,7,4188.09,3.66,Saturday
2024-12-06,FB-CVR-001,Facebook,Conversion,Compras,Retargeting carrito abandonado,2294,55,0.02397,13.17,729.45,1,487.09,0.67,Friday
2024-11-19,GG-SRC-003,Google,Search,Clics,Intención: como perder peso en casa,531,30,0.05643,17.73,539.72,0,0.0,0.0,Tuesday
2024-08-12,FB-AWA-001,Facebook,Awareness,Alcance,Mujeres 25-40 CDMX interesadas en bienestar,9827,126,0.01282,4.88,616.92,0,0.0,0.0,Monday
2024-10-30,GG-YTB-001,Google,YouTube,Vistas,"Canal: wellness, yoga, fitness",7232,121,0.01673,5.37,652.42,1,683.61,1.05,Wednesday
2024-11-11,FB-CON-002,Facebook,Consideracion,Trafico,"Intereses: yoga, meditacion, fitness",3440,107,0.0311,6.96,749.79,2,1271.92,1.7,Monday
2024-07-15,FB-CVR-001,Facebook,Conversion,Compras,Retargeting carrito abandonado,2504,53,0.02116,12.58,673.77,2,1311.18,1.95,Monday
2024-08-17,FB-AWA-001,Facebook,Awareness,Alcance,Mujeres 25-40 CDMX interesadas en bienestar,10936,107,0.00978,4.62,498.53,0,0.0,0.0,Saturday
2024-04-17,FB-CVR-001,Facebook,Conversion,Compras,Retargeting carrito abandonado,2635,124,0.04704,12.27,1523.01,9,8346.97,5.48,Wednesday
2024-02-09,FB-CON-001,Facebook,Consideracion,Trafico,Retargeting visitantes 30 días,3224,141,0.04372,6.82,962.77,3,1335.67,1.39,Friday
2024-03-31,FB-CVR-001,FB,Conversion,Compras,Retargeting carrito abandonado,1816,85,0.0468,12.49,1067.01,4,1809.22,1.7,Sunday
2024-11-30,GG-SRC-003,Google,Search,Clics,Intención: como perder peso en casa,479,28,0.05835,18.29,520.44,1,689.69,1.33,Saturday
2024-10-30,FB-CVR-002,Facebook,Conversion,Compras,Lookalike 3% suscriptores activos,1726,84,0.04864,12.4,1048.54,5,3104.3,2.96,Wednesday
2024-09-15,FB-CON-001,Facebook,Consideracion,Trafico,Retargeting visitantes 30 días,3168,102,0.03219,7.28,747.19,2,1280.95,1.71,Sunday
2024-01-18,FB-CVR-002,Facebook,Conversion,Compras,Lookalike 3% suscriptores activos,1859,156,0.0839,12.66,1984.44,16,11564.04,5.83,Thursday
2024-12-08,GG-SRC-003,Google,Search,Clics,Intención: como perder peso en casa,418,12,0.02867,21.96,278.04,0,0.0,0.0,Sunday
2024-04-14,FB-AWA-002,Facebook,Awareness,Alcance,Lookalike 1% compradores anteriores,9933,130,0.01309,4.71,613.36,0,0.0,0.0,Sunday
2024-11-17,FB-AWA-002,Facebook,Awareness,Alcance,,8455,124,,4.76,592.42,0,0.0,0.0,Sunday
2024-02-09,GG-SRC-002,Google,Search,Clics,Intención: meditacion guiada online,767,53,0.06906,18.91,1015.52,3,1953.31,1.92,Friday
2024-09-03,GG-SRC-001,Google,Search,Clics,Intención: cursos de yoga online MX,800,63,0.07868,17.92,1135.27,3,1741.43,1.53,Tuesday
2024-12-24,GG-SRC-002,Google,Search,Clics,Intención: meditacion guiada online,367,18,0.04898,22.59,415.57,0,0.0,0.0,Tuesday
2024-05-27,FB-AWA-001,Facebook,Awareness,Alcance,Mujeres 25-40 CDMX interesadas en bienestar,9592,209,0.02179,4.02,840.94,1,471.04,0.56,Monday
2024-06-17,FB-AWA-001,Facebook,Awareness,Alcance,Mujeres 25-40 CDMX interesadas en bienestar,10640,211,0.01983,3.81,805.78,1,723.89,0.9,Monday
2024-04-22,GG-DSP-002,Google,Display,Impresiones,Remarketing sitio web 7 días,21624,243,0.01124,3.06,743.77,2,1469.47,1.98,Monday
2024-06-13,FB-CVR-002,Facebook,Conversion,Compras,Lookalike 3% suscriptores activos,1256,85,0.06763,13.05,1120.8,5,4602.93,4.11,Thursday
2024-10-12,FB-CVR-001,Facebook,Conversion,Compras,Retargeting carrito abandonado,2082,100,0.04803,11.11,1121.0,4,3221.76,2.87,Saturday
2024-04-15,FB-AWA-001,Facebook,Awareness,Alcance,Mujeres 25-40 CDMX interesadas en bienestar,11237,190,0.01691,4.56,867.2,0,0.0,0.0,Monday
2024-03-31,GG-DSP-002,Google,Display,Impresiones,Remarketing sitio web 7 días,14448,138,0.00955,3.23,447.84,0,0.0,0.0,Sunday
2024-07-11,FB-CON-001,Facebook,Consideracion,Trafico,,7083,121,0.01708,5.21,634.2,2,2037.42,3.21,Thursday
2024-03-03,GG-SRC-001,Google,Search,Clics,Intención: cursos de yoga online MX,738,61,0.08259,15.67,962.59,2,1395.13,1.45,Sunday
2024-05-16,GG-SRC-002,Google,Search,Clics,Intención: meditacion guiada online,575,63,0.10952,18.01,1138.89,4,1852.69,1.63,Thursday
2024-02-28,FB-AWA-001,Facebook,Awareness,Alcance,Mujeres 25-40 CDMX interesadas en bienestar,7528,140,0.0186,5.73,805.59,0,0.0,0.0,Wednesday
21/02/2024,GG-DSP-001,Google,Display,Impresiones,Afinidad: bienestar y fitness,16943,173,0.01021,2.88,498.55,1,562.39,1.13,Wednesday
2024-11-07,FB-CON-001,Facebook,Consideracion,Trafico,Retargeting visitantes 30 días,3865,142,0.03674,5.31,754.23,2,1255.77,1.66,Thursday
2024-03-24,GG-YTB-001,google,YouTube,Vistas,"Canal: wellness, yoga, fitness",4728,90,0.01903,6.6,598.16,0,0.0,0.0,Sunday
2024-05-03,FB-CVR-002,Facebook,Conversion,Compras,Lookalike 3% suscriptores activos,3078,152,0.04937,10.66,1621.86,6,3136.97,1.93,Friday
2024-04-13,GG-SRC-002,GOOGLE,Search,Clics,Intención: meditacion guiada online,348,47,0.1347,16.29,771.51,2,1116.25,1.45,Saturday
2024-04-29,GG-SRC-001,Google,Search,Clics,Intención: cursos de yoga online MX,968,87,0.08985,13.28,1158.53,7,3567.22,3.08,Monday
2024-10-07,FB-CVR-001,Facebook,Conversion,Compras,Retargeting carrito abandonado,1617,95,0.05874,12.22,1162.3,4,2477.53,2.13,Monday
02-18-2024,GG-SRC-001,Google,Search,Clics,Intención: cursos de yoga online MX,563,52,0.09232,15.76,821.85,3,2255.0,2.74,Sunday
2024-10-07,FB-AWA-002,Facebook,Awareness,Alcance,Lookalike 1% compradores anteriores,10350,164,0.01584,3.72,610.82,0,0.0,0.0,Monday
2024-10-21,GG-SRC-003,Google,Search,Clics,Intención: como perder peso en casa,268,28,0.10444,20.1,572.96,1,871.58,1.52,Monday
2024-07-29,FB-AWA-001,Meta,Awareness,Alcance,Mujeres 25-40 CDMX interesadas en bienestar,11750,122,0.01038,4.04,494.86,0,0.0,0.0,Monday
2024-06-07,FB-AWA-001,Facebook,Awareness,Alcance,Mujeres 25-40 CDMX interesadas en bienestar,10792,210,0.01946,5.07,1066.33,1,652.32,0.61,Friday
2024-12-16,FB-CON-001,Facebook,Consideracion,Trafico,Retargeting visitantes 30 días,3657,69,0.01886,7.29,507.03,0,0.0,0.0,Monday
2024-08-26,GG-SRC-003,Google,Search,Clics,Intención: como perder peso en casa,292,20,0.06839,22.45,468.51,1,556.51,1.19,Monday
2024-01-18,GG-DSP-002,Google,Display,Impresiones,Remarketing sitio web 7 días,20143,360,0.01787,2.83,1019.26,5,3247.07,3.19,Thursday
2024-07-31,GG-YTB-001,Google,YouTube,Vistas,"Canal: wellness, yoga, fitness",5473,89,0.01626,4.95,444.57,0,0.0,0.0,Wednesday
2024-06-05,FB-CVR-001,Facebook,Conversion,Compras,Retargeting carrito abandonado,3616,166,0.0459,8.37,1396.14,11,6767.61,4.85,Wednesday
2024-02-15,FB-AWA-001,Facebook,Awareness,Alcance,Mujeres 25-40 CDMX interesadas en bienestar,10482,170,0.01622,5.28,900.61,0,0.0,0.0,Thursday
2024-08-14,FB-AWA-002,Facebook,Awareness,Alcance,Lookalike 1% compradores anteriores,6101,88,0.01442,4.83,425.88,0,0.0,0.0,Wednesday
2024-03-25,FB-CON-001,Facebook,Consideracion,Trafico,,3738,111,0.02969,8.0,888.95,2,962.95,1.08,Monday
2024-09-20,GG-SRC-002,Google,Search,Clics,Intención: meditacion guiada online,712,62,0.08701,14.08,879.53,3,2483.78,2.82,Friday
2024-11-19,FB-AWA-002,Facebook,Awareness,Alcance,Lookalike 1% compradores anteriores,11115,110,0.0099,4.26,472.8,0,0.0,0.0,Tuesday
2024-03-28,GG-DSP-001,Google,Display,Impresiones,Afinidad: bienestar y fitness,24079,187,0.00777,2.77,519.49,1,748.12,1.44,Thursday
2024-07-27,GG-SRC-001,G Ads,Search,Clics,Intención: cursos de yoga online MX,615,24,0.03902,19.32,481.11,0,0.0,0.0,Saturday
2024-06-28,FB-AWA-002,Facebook,Awareness,,,7769,160,,4.93,793.15,1,626.17,0.79,Friday
2024-04-24,GG-SRC-002,Google,Search,Clics,Intención: meditacion guiada online,379,47,0.12379,19.59,935.23,2,1763.0,1.89,Wednesday
2024-06-06,FB-CON-002,Facebook,Consideracion,Trafico,"Intereses: yoga, meditacion, fitness",3974,129,0.03246,7.27,939.21,4,3071.14,3.27,Thursday
2024-05-24,FB-AWA-002,Facebook,Awareness,Alcance,Lookalike 1% compradores anteriores,6409,179,0.02793,4.92,882.13,1,834.54,0.95,Friday
2024-02-05,GG-YTB-001,Google,YouTube,Vistas,"Canal: wellness, yoga, fitness",4074,120,0.02945,6.13,740.08,1,716.15,0.97,Monday
2024-12-03,FB-AWA-001,Facebook,Awareness,Alcance,Mujeres 25-40 CDMX interesadas en bienestar,10728,92,0.00858,4.73,439.21,0,0.0,0.0,Tuesday
2024-10-08,FB-CON-001,Facebook,Consideracion,Trafico,Retargeting visitantes 30 días,3567,122,0.0342,6.23,764.01,2,1472.94,1.93,Tuesday
2024-12-02,GG-SRC-002,Google,Search,Clics,Intención: meditacion guiada online,485,19,0.0391,18.73,357.75,0,0.0,0.0,Monday
2024-07-22,GG-SRC-001,Google,Search,Clics,Intención: cursos de yoga online MX,743,33,0.04439,20.2,678.28,0,0.0,0.0,Monday
2024-05-28,FB-CON-002,Facebook,Consideracion,Trafico,"Intereses: yoga, meditacion, fitness",3487,141,0.04044,6.97,988.39,5,2887.82,2.92,Tuesday
2024-01-14,FB-CVR-002,Facebook,Conversion,Compras,Lookalike 3% suscriptores activos,1582,118,0.07458,13.42,1588.95,14,11407.69,7.18,Sunday
2024-03-13,GG-SRC-001,Google,Search,Clics,Intención: cursos de yoga online MX,513,47,0.09151,17.28,823.46,3,1572.38,1.91,Wednesday
2024-06-01,FB-AWA-001,Facebook,Awareness,Alcance,Mujeres 25-40 CDMX interesadas en bienestar,9820,172,0.01751,4.83,832.4,1,543.38,0.65,Saturday
2024-02-26,GG-SRC-003,Google,Search,Clics,Intención: como perder peso en casa,475,42,0.08835,16.82,717.6,2,1838.01,2.56,Monday
2024-07-15,GG-SRC-003,Google,Search,Clics,Intención: como perder peso en casa,511,28,0.05471,13.66,389.25,0,0.0,0.0,Monday
2024-06-24,FB-CON-001,Facebook,Consideracion,Trafico,Retargeting visitantes 30 días,3905,163,0.04174,6.3,1031.24,3,2060.29,2.0,Monday
2024-03-31,FB-CON-002,Facebook,Consideracion,Trafico,"Intereses: yoga, meditacion, fitness",5806,117,0.02015,6.78,795.18,3,1858.99,2.34,Sunday
2024-05-12,GG-SRC-003,Google,Search,Clics,Intención: como perder peso en casa,359,39,0.10852,16.82,661.34,2,1770.26,2.68,Sunday
2024-03-23,FB-AWA-001,Facebook,Awareness,Alcance,Mujeres 25-40 CDMX interesadas en bienestar,9552,151,0.01581,4.97,755.37,0,0.0,0.0,Saturday
12-08-2024,GG-DSP-001,Google,Display,Impresiones,Afinidad: bienestar y fitness,15988,86,0.00538,2.97,257.11,0,0.0,0.0,Sunday
2024-05-21,FB-CVR-001,Facebook,Conversion,Compras,Retargeting carrito abandonado,3160,145,0.04588,9.47,1382.6,8,4044.48,2.93,Tuesday
2024-03-21,GG-DSP-001,Google,Display,Impresiones,Afinidad: bienestar y fitness,16114,156,0.00968,3.49,546.73,1,821.26,1.5,Thursday
2024-05-08,GG-YTB-001,Google,YouTube,Vistas,"Canal: wellness, yoga, fitness",5008,193,0.03853,5.19,1006.45,2,1135.72,1.13,Wednesday
2024-03-06,GG-SRC-003,Google Ads,Search,Clics,Intención: como perder peso en casa,419,36,0.08591,18.1,652.21,1,762.59,1.17,Wednesday
2024-04-29,GG-SRC-002,Google,Search,Clics,Intención: meditacion guiada online,523,47,0.0898,20.04,947.85,2,875.93,0.92,Monday
2024-01-10,GG-SRC-003,Google,Search,Clics,Intención: como perder peso en casa,585,60,0.10248,18.35,1117.05,3,1632.23,1.46,Wednesday
2024-02-01,GG-DSP-002,Google,Display,Impresiones,Remarketing sitio web 7 días,12561,155,0.01234,2.95,459.7,0,0.0,0.0,Thursday
2024-05-15,FB-AWA-002,Facebook,Awareness,Alcance,Lookalike 1% compradores anteriores,5157,148,0.02869,4.78,707.9,1,749.96,1.06,Wednesday
2024-02-29,FB-CON-001,Facebook,Consideracion,Trafico,Retargeting visitantes 30 días,3856,141,0.03657,7.32,1039.12,4,2838.95,2.73,Thursday
2024-02-05,FB-CVR-002,Facebook,Conversion,Compras,Lookalike 3% suscriptores activos,1690,95,0.05621,11.96,1146.02,7,4491.54,3.92,Monday
2024-09-17,GG-SRC-001,Google,Search,Clics,Intención: cursos de yoga online MX,455,48,0.10527,21.2,1038.59,2,1399.88,1.35,Tuesday
2024-05-08,GG-DSP-002,google,Display,Impresiones,Remarketing sitio web 7 días,13040,195,0.01495,3.61,706.89,2,1637.35,2.32,Wednesday
2024-04-09,FB-CON-002,Facebook,Consideracion,Trafico,"Intereses: yoga, meditacion, fitness",5839,211,0.03613,4.56,964.71,7,6302.12,6.53,Tuesday
2024-10-10,GG-DSP-001,Google,Display,Impresiones,Afinidad: bienestar y fitness,17194,150,0.00872,3.36,506.69,0,0.0,0.0,Thursday
2024-02-20,FB-CVR-002,Facebook,Conversion,Compras,Lookalike 3% suscriptores activos,2095,99,0.04724,11.75,1165.5,4,2280.75,1.96,Tuesday
2024-11-15,GG-SRC-002,google,Search,Clics,Intención: meditacion guiada online,610,46,0.0753,13.11,613.33,2,1314.18,2.14,Friday
2024-01-28,FB-CON-002,Facebook,Consideracion,Trafico,"Intereses: yoga, meditacion, fitness",2877,178,0.06186,7.79,1393.01,8,5970.29,4.29,Sunday
2024-01-16,GG-SRC-001,Google,Search,Clics,Intención: cursos de yoga online MX,735,92,0.12513,17.09,1575.31,9,7927.49,5.03,Tuesday
2024-10-10,FB-CVR-001,Facebook,Conversion,Compras,Retargeting carrito abandonado,1705,81,0.0475,13.6,1111.3,3,2285.54,2.06,Thursday
2024-11-20,GG-SRC-003,Google,Search,Clics,Intención: como perder peso en casa,480,36,0.07498,15.91,577.1,1,838.7,1.45,Wednesday
2024-09-09,FB-CVR-001,Facebook,Conversion,Compras,Retargeting carrito abandonado,1515,91,0.06005,13.26,1209.45,4,3248.67,2.69,Monday
2024-11-09,FB-AWA-001,Facebook,Awareness,Alcance,Mujeres 25-40 CDMX interesadas en bienestar,9257,99,0.01069,4.91,490.63,0,0.0,0.0,Saturday
2024-04-22,GG-SRC-001,Google,Search,Clics,Intención: cursos de yoga online MX,1078,88,0.08156,17.36,1543.4,5,3607.06,2.34,Monday
2024-07-21,FB-CVR-001,Facebook,Conversion,Compras,Retargeting carrito abandonado,1252,38,0.03034,12.83,494.17,1,861.73,1.74,Sunday
2024-11-04,FB-AWA-001,Facebook,Awareness,Alcance,Mujeres 25-40 CDMX interesadas en bienestar,13464,193,0.01433,3.89,754.13,0,0.0,0.0,Monday
2024-02-07,GG-DSP-001,Google,Display,Impresiones,Afinidad: bienestar y fitness,12096,148,0.01223,3.66,542.3,1,576.84,1.06,Wednesday
2024-04-02,FB-AWA-001,Facebook,Awareness,Alcance,Mujeres 25-40 CDMX interesadas en bienestar,14690,246,0.01675,4.78,1178.48,1,508.74,0.43,Tuesday
2024-03-10,GG-SRC-001,Google,Search,,,581,46,,18.4,848.65,2,1082.21,1.28,Sunday
2024-02-08,GG-YTB-001,Google,YouTube,Vistas,"Canal: wellness, yoga, fitness",5474,139,0.02539,5.61,782.69,2,1227.46,1.57,Thursday
2024-01-17,GG-YTB-001,Google,YouTube,Vistas,"Canal: wellness, yoga, fitness",4951,240,0.04847,4.54,1090.87,2,1443.0,1.32,Wednesday
2024-09-17,GG-SRC-002,Google,Search,Clics,Intención: meditacion guiada online,465,45,0.09667,21.66,994.09,2,1004.19,1.01,Tuesday
2024-12-01,GG-SRC-002,Google,Search,Clics,Intención: meditacion guiada online,585,25,0.0427,16.13,403.59,0,0.0,0.0,Sunday
2024-06-08,FB-CVR-002,Facebook,Conversion,Compras,Lookalike 3% suscriptores activos,1029,65,0.06313,14.04,917.96,2,1151.08,1.25,Saturday
2024-09-09,GG-SRC-001,Google,Search,Clics,Intención: cursos de yoga online MX,798,67,0.08386,18.41,1238.28,3,2215.81,1.79,Monday
2024-06-14,GG-SRC-003,Google,Search,Clics,Intención: como perder peso en casa,459,41,0.08929,17.41,721.8,1,715.82,0.99,Friday
2024-07-18,FB-CON-002,Facebook,Consideracion,Trafico,"Intereses: yoga, meditacion, fitness",5224,95,0.01818,6.03,576.33,1,492.74,0.85,Thursday
2024-09-06,FB-AWA-002,Facebook,Awareness,Alcance,Lookalike 1% compradores anteriores,9406,153,0.01626,4.64,712.78,1,461.84,0.65,Friday
2024-06-12,GG-SRC-002,Google,Search,Clics,Intención: meditacion guiada online,501,43,0.0858,17.27,743.45,2,1540.54,2.07,Wednesday
2024-11-17,GG-DSP-001,Google,Display,Impresiones,Afinidad: bienestar y fitness,20596,130,0.00631,3.44,450.58,0,0.0,0.0,Sunday
2024-02-27,FB-CVR-001,Facebook,Conversion,Compras,Retargeting carrito abandonado,3462,174,0.05025,7.81,1366.09,10,4812.37,3.52,Tuesday
2024-03-26,FB-CVR-001,Facebook,Conversion,Compras,Retargeting carrito abandonado,2336,111,0.0475,11.66,1299.16,5,2815.51,2.17,Tuesday
2024-01-15,GG-DSP-001,Google,Display,Impresiones,Afinidad: bienestar y fitness,13956,219,0.01569,3.76,824.3,3,2453.02,2.98,Monday
2024-02-07,GG-SRC-002,Google,Search,Clics,Intención: meditacion guiada online,745,43,0.05771,18.2,791.05,2,1601.02,2.02,Wednesday
2024-04-05,GG-SRC-002,Google,Search,Clics,Intención: meditacion guiada online,359,45,0.12527,17.83,816.25,2,1816.41,2.23,Friday
2024-07-03,GG-DSP-001,Google,Display,Impresiones,Afinidad: bienestar y fitness,11948,77,0.00644,3.49,271.41,0,0.0,0.0,Wednesday
04/07/2024,FB-AWA-001,Facebook,Awareness,Alcance,Mujeres 25-40 CDMX interesadas en bienestar,9420,95,0.01008,4.22,404.62,0,0.0,0.0,Thursday
2024-06-23,FB-CON-002,Facebook,Consideracion,Trafico,"Intereses: yoga, meditacion, fitness",5130,148,0.02885,5.67,843.31,4,3579.0,4.24,Sunday
2024-04-02,FB-AWA-001,Facebook,Awareness,Alcance,,14690,246,0.01675,4.78,1178.48,1,508.74,0.43,Tuesday
2024-03-20,FB-CON-001,Facebook,Consideracion,Trafico,Retargeting visitantes 30 días,4406,147,0.03336,6.26,924.3,3,1653.86,1.79,Wednesday
2024-03-15,FB-CON-002,Facebook,Consideracion,Trafico,"Intereses: yoga, meditacion, fitness",3270,120,0.03669,6.87,826.05,3,1761.16,2.13,Friday
2024-07-13,FB-AWA-002,Facebook,Awareness,Alcance,Lookalike 1% compradores anteriores,7304,81,0.01109,4.51,366.37,0,0.0,0.0,Saturday
2024-08-22,FB-AWA-001,Facebook,Awareness,Alcance,Mujeres 25-40 CDMX interesadas en bienestar,9972,121,0.01213,5.83,706.99,0,0.0,0.0,Thursday
2024-03-19,GG-DSP-002,Google,Display,Impresiones,Remarketing sitio web 7 días,19970,182,0.00911,3.31,602.98,2,1106.1,1.83,Tuesday
2024-11-09,GG-DSP-001,Google,Display,Impresiones,Afinidad: bienestar y fitness,9838,98,0.00996,3.45,339.42,1,574.01,1.69,Saturday
2024-01-21,GG-DSP-002,Google,Display,Impresiones,Remarketing sitio web 7 días,23983,303,0.01263,2.65,804.5,5,2561.84,3.18,Sunday
2024-03-22,GG-SRC-003,Google,Search,Clics,Intención: como perder peso en casa,342,33,0.09648,19.61,660.92,1,770.65,1.17,Friday
2024-06-26,GG-SRC-001,Google,Search,Clics,Intención: cursos de yoga online MX,610,59,0.09659,20.81,1241.47,3,2009.22,1.62,Wednesday
2024-03-21,GG-DSP-002,Google,Display,Impresiones,Remarketing sitio web 7 días,16504,179,0.01085,2.88,515.12,1,644.49,1.25,Thursday
2024-11-26,GG-DSP-002,Google,Display,Impresiones,Remarketing sitio web 7 días,16715,167,0.00999,3.03,507.04,1,651.06,1.28,Tuesday
2024-07-04,GG-SRC-002,Google,Search,Clics,Intención: meditacion guiada online,808,23,0.02846,22.01,524.78,0,0.0,0.0,Thursday
2024-03-12,GG-YTB-001,Google,YouTube,Vistas,"Canal: wellness, yoga, fitness",5417,125,0.02307,5.34,671.29,1,680.29,1.01,Tuesday
2024-06-14,FB-CVR-001,Facebook,Conversion,Compras,Retargeting carrito abandonado,1891,109,0.05762,12.8,1398.7,7,4060.39,2.9,Friday
2024-04-26,GG-DSP-001,Google,Display,Impresiones,Afinidad: bienestar y fitness,16846,228,0.01353,2.7,614.81,2,1286.52,2.09,Friday
2024-07-17,GG-SRC-001,Google,Search,Clics,Intención: cursos de yoga online MX,511,31,0.06066,19.11,598.95,1,680.24,1.14,Wednesday
2024-09-02,GG-DSP-002,Google,Display,Impresiones,Remarketing sitio web 7 días,15070,162,0.01075,3.84,623.35,1,885.85,1.42,Monday
2024-03-04,GG-SRC-001,Google,Search,Clics,Intención: cursos de yoga online MX,623,51,0.08179,19.6,1005.99,2,1466.24,1.46,Monday
2024-09-20,FB-AWA-002,Facebook,Awareness,Alcance,Lookalike 1% compradores anteriores,12313,181,0.0147,4.32,785.16,1,592.48,0.75,Friday
2024-09-19,GG-DSP-002,Google,Display,Impresiones,Remarketing sitio web 7 días,19012,237,0.01247,2.69,637.99,3,2100.48,3.29,Thursday
2024-05-29,FB-CON-002,Facebook,Consideracion,Trafico,"Intereses: yoga, meditacion, fitness",4229,230,0.05438,5.05,1166.53,6,3695.86,3.17,Wednesday
2024-08-09,FB-AWA-002,Facebook,Awareness,Alcance,Lookalike 1% compradores anteriores,10399,124,0.01192,4.4,549.7,0,0.0,0.0,Friday
2024-03-21,GG-SRC-003,Google,Search,Clics,Intención: como perder peso en casa,307,31,0.10077,21.37,671.01,1,787.44,1.17,Thursday
2024-09-14,GG-DSP-002,Google,Display,Impresiones,Remarketing sitio web 7 días,21682,172,0.00793,3.55,614.38,1,747.7,1.22,Saturday
2024-10-28,FB-CON-002,Facebook,Consideracion,Trafico,"Intereses: yoga, meditacion, fitness",4571,144,0.0315,5.8,836.19,3,2240.94,2.68,Monday
2024-06-20,FB-AWA-002,Facebook,Awareness,Alcance,Lookalike 1% compradores anteriores,9403,158,0.0168,4.35,691.63,1,803.83,1.16,Thursday
2024-04-04,FB-CON-002,Facebook,Consideracion,Trafico,"Intereses: yoga, meditacion, fitness",4159,136,0.0327,7.91,1083.25,3,2393.83,2.21,Thursday
2024-10-08,GG-YTB-001,Google,YouTube,Vistas,"Canal: wellness, yoga, fitness",8015,157,0.01959,4.88,770.42,2,1628.61,2.11,Tuesday
2024-10-26,FB-CVR-001,Facebook,Conversion,Compras,Retargeting carrito abandonado,2007,82,0.04084,12.42,1019.27,4,1123.11,1.1,Saturday
2024-07-19,FB-CVR-001,Facebook,Conversion,Compras,Retargeting carrito abandonado,2273,66,0.02903,12.38,827.36,3,914.54,1.11,Friday
2024-11-07,GG-SRC-001,Google,Search,Clics,Intención: cursos de yoga online MX,642,46,0.07155,20.03,925.83,2,1277.5,1.38,Thursday
2024-01-09,FB-CVR-002,Facebook,Conversion,Compras,Lookalike 3% suscriptores activos,2418,194,0.08022,10.99,2135.7,19,12003.19,5.62,Tuesday
2024-04-19,FB-AWA-001,Facebook,Awareness,Alcance,Mujeres 25-40 CDMX interesadas en bienestar,10366,203,0.01958,4.29,875.14,1,704.84,0.81,Friday
31/03/2024,GG-SRC-002,google,Search,Clics,Intención: meditacion guiada online,379,29,0.07641,22.07,649.42,1,696.99,1.07,Sunday
2024-11-26,FB-CON-001,Facebook,Consideracion,Trafico,Retargeting visitantes 30 días,3913,99,0.0253,7.72,768.35,2,1411.47,1.84,Tuesday
2024-03-26,FB-AWA-002,Facebook,Awareness,Alcance,Lookalike 1% compradores anteriores,11418,157,0.01375,4.52,712.26,0,0.0,0.0,Tuesday
2024-06-04,GG-SRC-002,Google Ads,Search,Clics,Intención: meditacion guiada online,423,39,0.09219,19.16,760.94,2,1785.21,2.35,Tuesday
2024-01-18,FB-CVR-001,Facebook,Conversion,Compras,Retargeting carrito abandonado,2142,180,0.08401,10.2,1844.41,21,13369.66,7.25,Thursday
2024-05-13,GG-DSP-001,Google,Display,Impresiones,Afinidad: bienestar y fitness,16526,276,0.0167,2.38,657.32,3,1540.73,2.34,Monday
2024-08-17,GG-SRC-003,Google,Search,Clics,Intención: como perder peso en casa,305,19,0.06217,19.76,393.27,0,0.0,0.0,Saturday
2024-08-28,GG-SRC-001,G Ads,Search,Clics,Intención: cursos de yoga online MX,914,53,0.05796,16.57,886.68,1,641.48,0.72,Wednesday
2024-11-29,FB-AWA-001,Facebook,Awareness,Alcance,Mujeres 25-40 CDMX interesadas en bienestar,12688,164,0.01292,3.61,592.2,0,0.0,0.0,Friday
2024-11-01,FB-CON-001,Facebook,Consideracion,Trafico,Retargeting visitantes 30 días,5439,130,0.0239,6.4,833.52,3,2710.37,3.25,Friday
2024-09-27,GG-DSP-002,Google,Display,Impresiones,Remarketing sitio web 7 días,19382,199,0.01027,2.93,584.62,2,1139.96,1.95,Friday
2024-07-01,FB-AWA-002,Facebook,Awareness,Alcance,Lookalike 1% compradores anteriores,7704,77,0.00999,4.36,339.42,0,0.0,0.0,Monday
2024-01-10,GG-SRC-002,Google,Search,Clics,Intención: meditacion guiada online,533,55,0.10318,18.61,1032.58,4,2012.19,1.95,Wednesday
2024-10-17,GG-SRC-002,Google,Search,Clics,Intención: meditacion guiada online,516,41,0.07941,18.98,791.03,1,412.18,0.52,Thursday
2024-08-27,GG-SRC-002,Google,Search,Clics,Intención: meditacion guiada online,560,36,0.06417,15.54,570.18,1,959.06,1.68,Tuesday
2024-06-18,GG-DSP-001,Google Ads,Display,Impresiones,Afinidad: bienestar y fitness,15648,191,0.01221,3.2,612.33,1,830.12,1.36,Tuesday
2024-07-16,GG-YTB-001,Google,YouTube,Vistas,"Canal: wellness, yoga, fitness",5007,84,0.01677,5.27,445.49,0,0.0,0.0,Tuesday
2024-03-11,FB-CVR-002,Facebook,Conversion,Compras,Lookalike 3% suscriptores activos,1799,91,0.05057,10.42,951.38,3,1589.56,1.67,Monday
2024-04-18,GG-DSP-002,GOOGLE,Display,Impresiones,Remarketing sitio web 7 días,18516,268,0.01447,2.72,730.33,2,1813.32,2.48,Thursday
2024-03-18,GG-SRC-003,Google,Search,Clics,Intención: como perder peso en casa,556,44,0.07905,15.21,683.06,2,1692.15,2.48,Monday
2024-09-26,FB-AWA-001,Facebook,Awareness,Alcance,,11075,180,,4.07,734.3,1,862.27,1.17,Thursday
2024-12-31,FB-CON-001,Facebook,Consideracion,Trafico,Retargeting visitantes 30 días,4137,65,0.01571,7.05,464.87,0,0.0,0.0,Tuesday
2024-10-19,FB-AWA-001,Facebook,Awareness,Alcance,Mujeres 25-40 CDMX interesadas en bienestar,9317,151,0.01621,3.75,568.53,1,812.72,1.43,Saturday
2024-03-06,GG-YTB-001,Google,YouTube,Vistas,"Canal: wellness, yoga, fitness",5226,107,0.02047,6.0,647.23,0,0.0,0.0,Wednesday
2024-05-26,FB-AWA-002,Facebook,Awareness,Alcance,Lookalike 1% compradores anteriores,8178,171,0.02091,4.59,787.22,1,643.88,0.82,Sunday
2024-07-08,GG-SRC-002,Google,Search,Clics,Intención: meditacion guiada online,558,27,0.04836,16.86,469.83,0,0.0,0.0,Monday
2024-12-03,FB-CVR-002,Facebook,Conversion,Compras,Lookalike 3% suscriptores activos,2047,52,0.02539,11.21,588.17,2,1415.24,2.41,Tuesday
2024-04-29,GG-DSP-001,Google,Display,Impresiones,Afinidad: bienestar y fitness,27359,247,0.00903,2.63,651.43,2,1123.33,1.72,Monday
2024-02-07,FB-CVR-001,Facebook,Conversion,Compras,Retargeting carrito abandonado,2657,123,0.04628,11.05,1363.96,7,3019.07,2.21,Wednesday
2024-03-16,FB-CVR-001,Facebook,Conversion,Compras,Retargeting carrito abandonado,1558,81,0.05198,12.12,988.49,4,3243.61,3.28,Saturday
2024-11-18,GG-SRC-003,Google,Search,Clics,Intención: como perder peso en casa,602,34,0.05647,14.97,516.5,1,802.52,1.55,Monday
2024-03-23,FB-CON-001,Facebook,Consideracion,Trafico,Retargeting visitantes 30 días,3071,113,0.03679,6.07,690.72,2,1557.35,2.25,Saturday
2024-06-29,GG-SRC-001,Google,Search,Clics,Intención: cursos de yoga online MX,695,52,0.07472,16.98,890.8,2,1212.93,1.36,Saturday
2024-02-05,GG-SRC-001,Google,Search,Clics,Intención: cursos de yoga online MX,508,55,0.10823,16.49,921.42,2,1106.41,1.2,Monday
2024-07-12,FB-AWA-002,Facebook,Awareness,Alcance,Lookalike 1% compradores anteriores,8936,100,0.01119,4.43,444.48,0,0.0,0.0,Friday
2024-09-23,FB-CVR-002,Facebook,Conversion,Compras,Lookalike 3% suscriptores activos,1895,95,0.05011,13.28,1267.16,9,5325.22,4.2,Monday
2024-09-23,FB-CON-002,Facebook,Consideracion,Trafico,"Intereses: yoga, meditacion, fitness",3279,119,0.03628,7.5,898.41,3,1450.36,1.61,Monday
2024-12-04,GG-SRC-003,Google,Search,Clics,Intención: como perder peso en casa,519,28,0.05388,15.23,429.05,0,0.0,0.0,Wednesday
2024-03-06,FB-CVR-001,Facebook,Conversion,Compras,Retargeting carrito abandonado,1559,84,0.05388,15.32,1295.0,3,2563.88,1.98,Wednesday
2024-10-20,GG-DSP-002,Google,Display,Impresiones,Remarketing sitio web 7 días,12951,132,0.01019,3.23,428.02,1,898.48,2.1,Sunday
2024-07-28,GG-SRC-001,Google,Search,Clics,Intención: cursos de yoga online MX,614,36,0.05859,15.59,562.0,1,890.7,1.58,Sunday
2024-10-04,GG-SRC-001,Google,Search,Clics,Intención: cursos de yoga online MX,571,41,0.07177,20.39,841.21,2,1286.53,1.53,Friday
2024-09-22,FB-CON-001,Facebook,Consideracion,Trafico,Retargeting visitantes 30 días,5391,111,0.02059,6.88,769.51,2,1045.25,1.36,Sunday
2024-10-17,FB-CVR-002,Facebook,Conversion,Compras,Lookalike 3% suscriptores activos,2058,105,0.051,11.57,1217.83,5,2573.51,2.11,Thursday
2024-09-17,FB-CON-001,Facebook,Consideracion,Trafico,Retargeting visitantes 30 días,3482,140,0.0402,7.28,1020.54,3,2211.13,2.17,Tuesday
2024-02-08,FB-CON-002,Facebook,Consideracion,,,5121,155,,6.09,944.25,4,1826.88,1.93,Thursday
2024-07-08,FB-CON-002,Facebook,Consideracion,Trafico,"Intereses: yoga, meditacion, fitness",3160,79,0.025,6.65,530.15,1,780.8,1.47,Monday
2024-12-18,FB-CON-001,Facebook,Consideracion,Trafico,Retargeting visitantes 30 días,2159,51,0.02362,8.21,424.48,0,0.0,0.0,Wednesday
2024-11-27,FB-CVR-002,Facebook,Conversion,Compras,Lookalike 3% suscriptores activos,1200,55,0.04583,12.04,662.77,2,1586.07,2.39,Wednesday
2024-11-30,GG-SRC-002,Google,Search,,,584,36,,14.38,518.05,1,443.11,0.86,Saturday
2024-09-22,GG-YTB-001,google,YouTube,Vistas,"Canal: wellness, yoga, fitness",5685,123,0.02164,5.89,725.37,1,410.61,0.57,Sunday
16/06/2024,GG-SRC-002,google,Search,Clics,Intención: meditacion guiada online,873,55,0.06297,15.12,840.88,3,2092.98,2.49,Sunday
2024-04-09,FB-CVR-002,Facebook,Conversion,Compras,Lookalike 3% suscriptores activos,1487,96,0.06453,11.6,1122.98,7,5072.11,4.52,Tuesday
2024-12-19,FB-AWA-002,Facebook,Awareness,Alcance,Lookalike 1% compradores anteriores,6953,72,0.01035,4.92,354.61,0,0.0,0.0,Thursday
2024-02-18,GG-SRC-002,Google,Search,Clics,Intención: meditacion guiada online,381,34,0.08905,19.08,664.25,1,486.11,0.73,Sunday
2024-02-19,GG-DSP-002,Google,Display,Impresiones,Remarketing sitio web 7 días,16947,203,0.01198,3.22,656.14,2,477.89,0.73,Monday
2024-01-28,FB-CON-001,FB,Consideracion,Trafico,Retargeting visitantes 30 días,2844,186,0.06538,6.34,1180.55,7,6304.15,5.34,Sunday
2024-10-13,FB-CVR-001,Facebook,Conversion,Compras,Retargeting carrito abandonado,1485,72,0.04848,12.85,936.86,3,1633.08,1.74,Sunday
2024-11-14,FB-AWA-001,Facebook,Awareness,Alcance,Mujeres 25-40 CDMX interesadas en bienestar,11786,153,0.01298,4.62,711.32,0,0.0,0.0,Thursday
2024-07-06,FB-AWA-001,Facebook,Awareness,Alcance,Mujeres 25-40 CDMX interesadas en bienestar,8807,84,0.00954,4.39,372.73,0,0.0,0.0,Saturday
2024-05-01,GG-SRC-002,Google,Search,Clics,Intención: meditacion guiada online,496,55,0.11085,15.99,885.2,3,1426.1,1.61,Wednesday
2024-09-30,FB-CVR-002,Facebook,Conversion,Compras,Lookalike 3% suscriptores activos,1912,109,0.05699,12.07,1323.53,5,3173.43,2.4,Monday
2024-09-24,FB-CVR-002,Facebook,Conversion,Compras,,2104,106,0.05037,10.62,1125.72,5,3241.06,2.88,Tuesday
2024-11-29,FB-CVR-002,Facebook,Conversion,Compras,Lookalike 3% suscriptores activos,1724,76,0.04407,11.24,860.03,4,3620.3,4.21,Friday
2024-12-27,FB-AWA-001,Facebook,Awareness,Alcance,Mujeres 25-40 CDMX interesadas en bienestar,13076,107,0.00818,3.99,429.43,0,0.0,0.0,Friday
2024-12-25,FB-CVR-001,Facebook,Conversion,Compras,Retargeting carrito abandonado,2151,63,0.02928,10.67,678.56,1,753.76,1.11,Wednesday
2024-09-26,FB-CVR-001,Facebook,Conversion,Compras,Retargeting carrito abandonado,3711,162,0.04365,8.66,1410.27,11,6606.84,4.68,Thursday
2024/01/09,GG-DSP-002,google,Display,Impresiones,Remarketing sitio web 7 días,19181,291,0.01517,2.78,810.6,5,3966.33,4.89,Tuesday
2024-06-30,FB-AWA-002,Facebook,Awareness,Alcance,Lookalike 1% compradores anteriores,10805,136,0.01259,4.55,620.89,1,672.02,1.08,Sunday
2024-07-13,FB-CVR-002,Facebook,Conversion,Compras,Lookalike 3% suscriptores activos,1828,44,0.02406,11.32,506.91,1,577.37,1.14,Saturday
2024-06-19,FB-CON-002,Facebook,Consideracion,Trafico,"Intereses: yoga, meditacion, fitness",3460,135,0.03901,7.0,951.74,3,2284.26,2.4,Wednesday
2024-08-27,FB-AWA-001,Facebook,Awareness,Alcance,Mujeres 25-40 CDMX interesadas en bienestar,9530,127,0.01333,4.58,584.74,0,0.0,0.0,Tuesday
2024-04-03,FB-CON-002,Facebook,Consideracion,Trafico,"Intereses: yoga, meditacion, fitness",3473,130,0.03743,7.14,928.37,4,3222.66,3.47,Wednesday
2024-03-25,FB-CVR-002,Facebook,Conversion,Compras,Lookalike 3% suscriptores activos,1466,78,0.05318,13.83,1083.1,4,2295.06,2.12,Monday
2024-02-25,FB-CON-002,Facebook,Consideracion,Trafico,"Intereses: yoga, meditacion, fitness",3882,116,0.02988,6.94,808.07,2,1232.85,1.53,Sunday
2024-08-04,GG-SRC-003,Google,Search,Clics,Intención: como perder peso en casa,468,27,0.0576,18.18,506.99,0,0.0,0.0,Sunday
2024-08-05,GG-DSP-001,Google,Display,Impresiones,Afinidad: bienestar y fitness,14524,141,0.00971,3.15,444.35,0,0.0,0.0,Monday
2024-04-05,FB-CVR-001,facebook,Conversion,Compras,Retargeting carrito abandonado,1930,124,0.06422,12.24,1528.38,11,6185.48,4.05,Friday
2024-01-27,GG-YTB-001,Google,YouTube,Vistas,"Canal: wellness, yoga, fitness",4919,158,0.03212,6.64,1052.67,3,2059.53,1.96,Saturday
2024-01-05,GG-SRC-001,Google,Search,Clics,Intención: cursos de yoga online MX,749,95,0.12678,17.05,1623.8,10,7158.1,4.41,Friday
2024-01-21,FB-CVR-002,Facebook,Conversion,Compras,Lookalike 3% suscriptores activos,1536,130,0.08461,12.92,1684.99,9,8238.89,4.89,Sunday
2024-06-03,FB-AWA-001,Facebook,Awareness,Alcance,Mujeres 25-40 CDMX interesadas en bienestar,15366,280,0.01822,3.55,995.22,1,725.29,0.73,Monday
2024-04-19,GG-DSP-001,Google,Display,Impresiones,Afinidad: bienestar y fitness,15206,195,0.01282,2.74,534.95,2,1745.28,3.26,Friday
2024-10-06,FB-CVR-002,Facebook,Conversion,Compras,Lookalike 3% suscriptores activos,1965,62,0.03154,13.39,839.12,3,2296.5,2.74,Sunday
2024-06-15,FB-CON-002,Facebook,Consideracion,Trafico,"Intereses: yoga, meditacion, fitness",6797,133,0.01957,7.15,955.1,2,1462.21,1.53,Saturday
2024-03-18,FB-AWA-001,Meta,Awareness,Alcance,Mujeres 25-40 CDMX interesadas en bienestar,11619,187,0.01609,4.61,863.88,0,0.0,0.0,Monday
2024-04-18,FB-CON-002,Facebook,Consideracion,Trafico,"Intereses: yoga, meditacion, fitness",2530,119,0.04703,8.02,959.08,2,827.11,0.86,Thursday
2024-08-31,GG-DSP-002,Google,Display,Impresiones,Remarketing sitio web 7 días,14763,105,0.00711,3.38,355.78,0,0.0,0.0,Saturday
2024-10-09,GG-SRC-002,Google,Search,Clics,Intención: meditacion guiada online,509,35,0.06875,15.27,536.9,2,1890.1,3.52,Wednesday
2024-02-10,FB-CON-002,Facebook,Consideracion,Trafico,"Intereses: yoga, meditacion, fitness",2590,89,0.03436,7.52,676.78,2,1147.24,1.7,Saturday
2024-07-31,FB-CON-001,Meta,Consideracion,Trafico,Retargeting visitantes 30 días,3885,89,0.02291,7.22,646.25,1,771.86,1.19,Wednesday
08-09-2024,GG-DSP-001,Google,Display,Impresiones,Afinidad: bienestar y fitness,10809,99,0.00916,3.48,347.01,0,0.0,0.0,Friday
2024-08-28,GG-DSP-001,Google,Display,,,14839,111,,3.41,379.81,0,0.0,0.0,Wednesday
2024-09-06,FB-CON-001,Facebook,Consideracion,Trafico,Retargeting visitantes 30 días,7933,139,0.01752,7.0,973.69,3,1470.57,1.51,Friday
2024-01-18,FB-AWA-001,Facebook,Awareness,Alcance,Mujeres 25-40 CDMX interesadas en bienestar,11480,245,0.02134,4.88,1196.74,2,1116.67,0.93,Thursday
2024-08-27,FB-CVR-002,Facebook,Conversion,Compras,Lookalike 3% suscriptores activos,1931,78,0.04037,11.44,902.55,3,2002.23,2.22,Tuesday
2024-11-29,GG-DSP-001,Google,Display,Impresiones,Afinidad: bienestar y fitness,16876,161,0.00954,2.83,457.36,0,0.0,0.0,Friday
2024-12-15,FB-CVR-002,FB,Conversion,Compras,Lookalike 3% suscriptores activos,2203,52,0.0236,9.61,509.1,2,1379.88,2.71,Sunday
2024-02-11,GG-YTB-001,Google,YouTube,Vistas,"Canal: wellness, yoga, fitness",6425,159,0.02474,5.38,858.04,2,1588.49,1.85,Sunday
2024-09-24,FB-AWA-002,Facebook,Awareness,Alcance,Lookalike 1% compradores anteriores,12668,168,0.01326,4.18,703.41,1,530.42,0.75,Tuesday
2024-03-05,GG-YTB-001,Google,YouTube,Vistas,"Canal: wellness, yoga, fitness",4320,121,0.02801,5.71,693.73,1,443.62,0.64,Tuesday
2024-02-27,GG-DSP-001,Google,Display,Impresiones,Afinidad: bienestar y fitness,19689,172,0.00874,3.01,517.86,2,1467.58,2.83,Tuesday
2024-12-16,FB-CVR-001,Facebook,Conversion,Compras,Retargeting carrito abandonado,2205,66,0.02993,11.77,777.35,1,616.03,0.79,Monday
2024-07-14,FB-AWA-001,Facebook,Awareness,Alcance,Mujeres 25-40 CDMX interesadas en bienestar,9688,88,0.00908,4.77,422.25,0,0.0,0.0,Sunday
2024-12-12,FB-CON-002,Facebook,Consideracion,Trafico,"Intereses: yoga, meditacion, fitness",3911,65,0.01662,6.66,437.39,1,759.44,1.74,Thursday
2024-12-12,FB-CVR-002,Facebook,Conversion,Compras,Lookalike 3% suscriptores activos,1945,52,0.02673,11.7,616.41,1,976.9,1.58,Thursday
2024-06-02,FB-CON-002,Facebook,Consideracion,Trafico,"Intereses: yoga, meditacion, fitness",3572,101,0.02828,7.07,715.53,3,1343.04,1.88,Sunday
2024-07-20,GG-DSP-001,Google,Display,Impresiones,Afinidad: bienestar y fitness,12439,68,0.00547,3.95,268.9,0,0.0,0.0,Saturday
2024-09-05,FB-AWA-002,Facebook,Awareness,Alcance,Lookalike 1% compradores anteriores,8909,171,0.01919,4.25,728.16,1,802.52,1.1,Thursday
2024-02-25,FB-CVR-002,Facebook,Conversion,Compras,,1227,69,,11.52,804.15,4,3378.21,4.2,Sunday
2024-02-14,FB-CON-001,Facebook,Consideracion,,,3999,152,,6.75,1030.4,4,2382.85,2.31,Wednesday
2024-04-06,GG-SRC-002,Google,Search,Clics,Intención: meditacion guiada online,438,47,0.10713,18.46,869.52,2,723.46,0.83,Saturday
2024-07-02,GG-SRC-002,Google,Search,Clics,Intención: meditacion guiada online,371,25,0.06732,19.24,490.86,0,0.0,0.0,Tuesday
2024-10-28,FB-AWA-001,Facebook,Awareness,Alcance,Mujeres 25-40 CDMX interesadas en bienestar,10855,155,0.01428,5.13,795.4,0,0.0,0.0,Monday
2024-09-23,GG-DSP-002,Google,Display,Impresiones,Remarketing sitio web 7 días,17825,214,0.01201,2.99,642.48,2,1451.25,2.26,Monday
2024-01-02,GG-DSP-001,Google,Display,Impresiones,Afinidad: bienestar y fitness,12367,217,0.01755,3.3,717.06,3,1835.64,2.56,Tuesday
2024-05-25,GG-SRC-002,Google,Search,Clics,Intención: meditacion guiada online,426,46,0.10793,19.35,897.49,3,2065.07,2.3,Saturday
2024-09-01,FB-CON-001,Facebook,Consideracion,Trafico,Retargeting visitantes 30 días,2641,101,0.03823,6.93,701.03,2,1177.15,1.68,Sunday
2024-06-04,FB-CVR-001,Facebook,Conversion,Compras,Retargeting carrito abandonado,2765,129,0.04665,10.65,1382.08,7,4228.95,3.06,Tuesday
2024-01-09,GG-DSP-001,Google,Display,Impresiones,Afinidad: bienestar y fitness,22303,321,0.01439,2.58,829.25,4,2108.37,2.54,Tuesday
2024-09-26,FB-AWA-002,Facebook,Awareness,Alcance,Lookalike 1% compradores anteriores,6535,138,0.02112,4.43,614.12,0,0.0,0.0,Thursday
2024-08-02,FB-AWA-001,Facebook,Awareness,Alcance,Mujeres 25-40 CDMX interesadas en bienestar,14531,147,0.01012,4.67,688.71,0,0.0,0.0,Friday
2024-02-03,FB-CVR-001,Facebook,Conversion,Compras,Retargeting carrito abandonado,1715,85,0.04955,13.37,1146.85,5,2752.39,2.4,Saturday
2024-05-29,GG-SRC-002,Google,Search,Clics,Intención: meditacion guiada online,575,50,0.08694,22.39,1136.05,1,525.08,0.46,Wednesday
2024-11-07,FB-CVR-002,Facebook,Conversion,Compras,Lookalike 3% suscriptores activos,1543,78,0.05052,11.54,904.05,3,2801.13,3.1,Thursday
2024-06-14,FB-CON-002,Facebook,Consideracion,Trafico,"Intereses: yoga, meditacion, fitness",3125,129,0.04128,7.41,962.74,3,948.93,0.99,Friday
2024-03-23,GG-SRC-003,Google,Search,Clics,Intención: como perder peso en casa,332,26,0.07829,19.71,518.6,0,0.0,0.0,Saturday
2024-05-04,GG-YTB-001,Google,YouTube,Vistas,"Canal: wellness, yoga, fitness",3908,108,0.02764,5.91,641.04,1,862.85,1.35,Saturday
2024-08-28,FB-AWA-002,Facebook,Awareness,Alcance,Lookalike 1% compradores anteriores,7392,105,0.0142,4.29,454.44,0,0.0,0.0,Wednesday
10-30-2024,FB-CON-002,Facebook,Consideracion,Trafico,"Intereses: yoga, meditacion, fitness",4071,112,0.02751,7.4,833.67,2,1247.78,1.5,Wednesday
2024-09-12,FB-CVR-001,Facebook,Conversion,Compras,Retargeting carrito abandonado,2144,114,0.05317,13.01,1495.37,6,4390.51,2.94,Thursday
2024-10-15,GG-DSP-001,Google,Display,Impresiones,Afinidad: bienestar y fitness,11997,149,0.01242,3.39,507.56,0,0.0,0.0,Tuesday
2024-11-09,FB-CON-002,Facebook,Consideracion,Trafico,"Intereses: yoga, meditacion, fitness",3152,79,0.02506,6.69,534.85,1,676.82,1.27,Saturday
2024-12-29,FB-CVR-001,Facebook,Conversion,Compras,Retargeting carrito abandonado,1622,41,0.02527,11.12,463.35,1,787.74,1.7,Sunday
2024-09-23,FB-CVR-001,Facebook,Conversion,Compras,Retargeting carrito abandonado,1580,84,0.05316,13.78,1169.59,5,2621.6,2.24,Monday
2024-10-09,FB-AWA-001,Facebook,Awareness,Alcance,Mujeres 25-40 CDMX interesadas en bienestar,17816,220,0.01235,3.68,811.73,1,704.46,0.87,Wednesday
2024-05-18,GG-SRC-001,Google,Search,Clics,Intención: cursos de yoga online MX,578,60,0.10375,15.29,928.03,4,2867.52,3.09,Saturday
2024-11-08,FB-AWA-002,Facebook,Awareness,Alcance,Lookalike 1% compradores anteriores,8370,125,0.01493,4.45,559.65,0,0.0,0.0,Friday
2024-08-02,FB-CVR-001,Facebook,Conversion,Compras,Retargeting carrito abandonado,2377,92,0.0387,10.43,963.05,2,1334.61,1.39,Friday
2024-01-03,GG-DSP-002,google,Display,Impresiones,Remarketing sitio web 7 días,12045,259,0.0215,3.38,877.49,2,1513.38,1.72,Wednesday
2024-10-06,GG-DSP-001,Google,Display,Impresiones,Afinidad: bienestar y fitness,19454,120,0.00617,3.12,375.42,0,0.0,0.0,Sunday
2024-04-30,GG-DSP-001,Google,Display,Impresiones,Afinidad: bienestar y fitness,14359,199,0.01386,2.92,582.48,2,771.12,1.32,Tuesday
2024-04-26,GG-SRC-003,Google,Search,Clics,Intención: como perder peso en casa,341,38,0.11113,17.63,674.55,1,526.44,0.78,Friday
2024-11-18,GG-SRC-002,Google,Search,Clics,Intención: meditacion guiada online,423,32,0.07547,19.73,641.86,1,525.51,0.82,Monday
2024-04-28,GG-SRC-002,Google,Search,Clics,Intención: meditacion guiada online,461,37,0.0802,19.65,740.75,2,1241.66,1.68,Sunday
2024-01-24,FB-CON-002,Facebook,Consideracion,Trafico,"Intereses: yoga, meditacion, fitness",2741,194,0.07076,7.12,1384.34,7,4198.38,3.03,Wednesday
2024-11-06,FB-AWA-002,Facebook,Awareness,Alcance,Lookalike 1% compradores anteriores,5383,83,0.01542,4.93,413.26,0,0.0,0.0,Wednesday
2024-11-04,FB-CON-002,Facebook,Consideracion,Trafico,"Intereses: yoga, meditacion, fitness",3827,102,0.02665,7.09,723.65,2,1565.68,2.16,Monday
2024-12-22,FB-AWA-001,Facebook,Awareness,Alcance,Mujeres 25-40 CDMX interesadas en bienestar,10636,91,0.00856,3.83,350.26,0,0.0,0.0,Sunday
2024-08-21,FB-CVR-002,FACEBOOK,Conversion,Compras,Lookalike 3% suscriptores activos,2547,89,0.03494,9.86,881.94,5,3337.17,3.78,Wednesday
2024-11-11,FB-CVR-001,Facebook,Conversion,Compras,Retargeting carrito abandonado,2773,100,0.03605,9.75,984.62,6,5003.02,5.08,Monday
2024-01-12,FB-CVR-001,Facebook,Conversion,Compras,Retargeting carrito abandonado,1381,118,0.08544,14.71,1740.6,14,12724.5,7.31,Friday
2024-08-25,GG-SRC-003,Google,Search,Clics,Intención: como perder peso en casa,358,24,0.06692,18.28,455.01,0,0.0,0.0,Sunday
2024-09-03,FB-AWA-002,Facebook,Awareness,Alcance,Lookalike 1% compradores anteriores,8261,169,0.02046,3.9,658.83,1,689.99,1.05,Tuesday
2024-08-25,FB-CON-002,Facebook,Consideracion,Trafico,"Intereses: yoga, meditacion, fitness",3610,90,0.02492,7.04,636.28,1,759.49,1.19,Sunday
2024-08-13,GG-DSP-001,GOOGLE,Display,Impresiones,Afinidad: bienestar y fitness,14433,112,0.00776,3.96,445.16,0,0.0,0.0,Tuesday
2024-02-09,FB-CVR-002,Facebook,Conversion,Compras,Lookalike 3% suscriptores activos,2225,104,0.04673,10.19,1069.2,6,4354.7,4.07,Friday
2024-10-11,FB-AWA-002,Facebook,Awareness,Alcance,Lookalike 1% compradores anteriores,10929,137,0.01253,4.23,580.6,0,0.0,0.0,Friday
2024-04-07,GG-DSP-001,Google,Display,Impresiones,Afinidad: bienestar y fitness,14161,160,0.0113,2.95,474.6,1,909.91,1.92,Sunday
2024-08-03,GG-SRC-003,Google,Search,Clics,Intención: como perder peso en casa,312,19,0.06084,19.21,379.52,0,0.0,0.0,Saturday
2024-11-02,GG-DSP-001,Google,Display,Impresiones,Afinidad: bienestar y fitness,19312,113,0.00585,3.57,405.64,0,0.0,0.0,Saturday
2024-08-08,GG-DSP-001,Google,Display,Impresiones,Afinidad: bienestar y fitness,18342,98,0.00534,3.51,347.29,0,0.0,0.0,Thursday
